seed,case,query,kind,tables,selectivity,complexity,method,declared_safe,equivalent,symmetric_difference_count,policy_violation_count,error
101,1,fz001,aggregate,tickets+customers+orders,0.025,4,post_join_filter,1,1,0,0,
101,1,fz001,aggregate,tickets+customers+orders,0.025,4,view_barrier,1,1,0,0,
101,1,fz001,aggregate,tickets+customers+orders,0.025,4,predicate_injection,1,1,0,0,
101,1,fz001,aggregate,tickets+customers+orders,0.025,4,pcqv_forced,1,1,0,0,
101,1,fz001,aggregate,tickets+customers+orders,0.025,4,pcqv,1,1,0,0,
101,1,fz001,aggregate,tickets+customers+orders,0.025,4,oracle_order,1,1,0,0,
101,1,fz001,aggregate,tickets+customers+orders,0.025,4,unsafe_late_aggregate,0,0,8,8,
101,1,fz001,aggregate,tickets+customers+orders,0.025,4,mut_no_mask,0,1,0,0,
101,1,fz001,aggregate,tickets+customers+orders,0.025,4,mut_drop_tenant,0,0,1,1,
101,1,fz001,aggregate,tickets+customers+orders,0.025,4,mut_drop_purpose,0,1,0,0,
101,1,fz001,aggregate,tickets+customers+orders,0.025,4,mut_drop_clearance,0,1,0,0,
101,1,fz001,aggregate,tickets+customers+orders,0.025,4,mut_drop_region,0,1,0,0,
101,1,fz001,aggregate,tickets+customers+orders,0.025,4,mut_drop_cross_guard,0,1,0,0,
101,1,fz001,aggregate,tickets+customers+orders,0.025,4,mut_drop_acl,0,1,0,0,
101,1,fz001,aggregate,tickets+customers+orders,0.025,4,mut_no_group_guard,0,1,0,0,
101,2,fz002,rows,lineitem+products+orders+customers,0.5,6,post_join_filter,1,1,0,0,
101,2,fz002,rows,lineitem+products+orders+customers,0.5,6,view_barrier,1,1,0,0,
101,2,fz002,rows,lineitem+products+orders+customers,0.5,6,predicate_injection,1,1,0,0,
101,2,fz002,rows,lineitem+products+orders+customers,0.5,6,pcqv_forced,1,1,0,0,
101,2,fz002,rows,lineitem+products+orders+customers,0.5,6,pcqv,1,1,0,0,
101,2,fz002,rows,lineitem+products+orders+customers,0.5,6,oracle_order,1,1,0,0,
101,2,fz002,rows,lineitem+products+orders+customers,0.5,6,unsafe_late_aggregate,0,1,0,0,
101,2,fz002,rows,lineitem+products+orders+customers,0.5,6,mut_no_mask,0,0,130,65,
101,2,fz002,rows,lineitem+products+orders+customers,0.5,6,mut_drop_tenant,0,0,206,103,
101,2,fz002,rows,lineitem+products+orders+customers,0.5,6,mut_drop_purpose,0,0,290,145,
101,2,fz002,rows,lineitem+products+orders+customers,0.5,6,mut_drop_clearance,0,0,34,17,
101,2,fz002,rows,lineitem+products+orders+customers,0.5,6,mut_drop_region,0,1,0,0,
101,2,fz002,rows,lineitem+products+orders+customers,0.5,6,mut_drop_cross_guard,0,1,0,0,
101,2,fz002,rows,lineitem+products+orders+customers,0.5,6,mut_drop_acl,0,1,0,0,
101,2,fz002,rows,lineitem+products+orders+customers,0.5,6,mut_no_group_guard,0,1,0,0,
101,3,fz003,rows,lineitem+products,0.025,4,post_join_filter,1,1,0,0,
101,3,fz003,rows,lineitem+products,0.025,4,view_barrier,1,1,0,0,
101,3,fz003,rows,lineitem+products,0.025,4,predicate_injection,1,1,0,0,
101,3,fz003,rows,lineitem+products,0.025,4,pcqv_forced,1,1,0,0,
101,3,fz003,rows,lineitem+products,0.025,4,pcqv,1,1,0,0,
101,3,fz003,rows,lineitem+products,0.025,4,oracle_order,1,1,0,0,
101,3,fz003,rows,lineitem+products,0.025,4,unsafe_late_aggregate,0,1,0,0,
101,3,fz003,rows,lineitem+products,0.025,4,mut_no_mask,0,1,0,0,
101,3,fz003,rows,lineitem+products,0.025,4,mut_drop_tenant,0,0,307,193,
101,3,fz003,rows,lineitem+products,0.025,4,mut_drop_purpose,0,1,0,0,
101,3,fz003,rows,lineitem+products,0.025,4,mut_drop_clearance,0,0,68,68,
101,3,fz003,rows,lineitem+products,0.025,4,mut_drop_region,0,1,0,0,
101,3,fz003,rows,lineitem+products,0.025,4,mut_drop_cross_guard,0,0,12,12,
101,3,fz003,rows,lineitem+products,0.025,4,mut_drop_acl,0,1,0,0,
101,3,fz003,rows,lineitem+products,0.025,4,mut_no_group_guard,0,1,0,0,
101,4,fz004,rows,tickets,0.1,1,post_join_filter,1,1,0,0,
101,4,fz004,rows,tickets,0.1,1,view_barrier,1,1,0,0,
101,4,fz004,rows,tickets,0.1,1,predicate_injection,1,1,0,0,
101,4,fz004,rows,tickets,0.1,1,pcqv_forced,1,1,0,0,
101,4,fz004,rows,tickets,0.1,1,pcqv,1,1,0,0,
101,4,fz004,rows,tickets,0.1,1,oracle_order,1,1,0,0,
101,4,fz004,rows,tickets,0.1,1,unsafe_late_aggregate,0,1,0,0,
101,4,fz004,rows,tickets,0.1,1,mut_no_mask,0,1,0,0,
101,4,fz004,rows,tickets,0.1,1,mut_drop_tenant,0,0,343,183,
101,4,fz004,rows,tickets,0.1,1,mut_drop_purpose,0,1,0,0,
101,4,fz004,rows,tickets,0.1,1,mut_drop_clearance,0,1,0,0,
101,4,fz004,rows,tickets,0.1,1,mut_drop_region,0,1,0,0,
101,4,fz004,rows,tickets,0.1,1,mut_drop_cross_guard,0,1,0,0,
101,4,fz004,rows,tickets,0.1,1,mut_drop_acl,0,1,0,0,
101,4,fz004,rows,tickets,0.1,1,mut_no_group_guard,0,1,0,0,
101,5,fz005,rows,tickets+customers+orders,0.1,6,post_join_filter,1,1,0,0,
101,5,fz005,rows,tickets+customers+orders,0.1,6,view_barrier,1,1,0,0,
101,5,fz005,rows,tickets+customers+orders,0.1,6,predicate_injection,1,1,0,0,
101,5,fz005,rows,tickets+customers+orders,0.1,6,pcqv_forced,1,1,0,0,
101,5,fz005,rows,tickets+customers+orders,0.1,6,pcqv,1,1,0,0,
101,5,fz005,rows,tickets+customers+orders,0.1,6,oracle_order,1,1,0,0,
101,5,fz005,rows,tickets+customers+orders,0.1,6,unsafe_late_aggregate,0,1,0,0,
101,5,fz005,rows,tickets+customers+orders,0.1,6,mut_no_mask,0,0,46,23,
101,5,fz005,rows,tickets+customers+orders,0.1,6,mut_drop_tenant,0,0,193,185,
101,5,fz005,rows,tickets+customers+orders,0.1,6,mut_drop_purpose,0,0,93,93,
101,5,fz005,rows,tickets+customers+orders,0.1,6,mut_drop_clearance,0,0,2,2,
101,5,fz005,rows,tickets+customers+orders,0.1,6,mut_drop_region,0,1,0,0,
101,5,fz005,rows,tickets+customers+orders,0.1,6,mut_drop_cross_guard,0,1,0,0,
101,5,fz005,rows,tickets+customers+orders,0.1,6,mut_drop_acl,0,1,0,0,
101,5,fz005,rows,tickets+customers+orders,0.1,6,mut_no_group_guard,0,1,0,0,
101,6,fz006,rows,products+lineitem+orders,0.5,6,post_join_filter,1,1,0,0,
101,6,fz006,rows,products+lineitem+orders,0.5,6,view_barrier,1,1,0,0,
101,6,fz006,rows,products+lineitem+orders,0.5,6,predicate_injection,1,1,0,0,
101,6,fz006,rows,products+lineitem+orders,0.5,6,pcqv_forced,1,1,0,0,
101,6,fz006,rows,products+lineitem+orders,0.5,6,pcqv,1,1,0,0,
101,6,fz006,rows,products+lineitem+orders,0.5,6,oracle_order,1,1,0,0,
101,6,fz006,rows,products+lineitem+orders,0.5,6,unsafe_late_aggregate,0,1,0,0,
101,6,fz006,rows,products+lineitem+orders,0.5,6,mut_no_mask,0,1,0,0,
101,6,fz006,rows,products+lineitem+orders,0.5,6,mut_drop_tenant,0,0,168,84,
101,6,fz006,rows,products+lineitem+orders,0.5,6,mut_drop_purpose,0,0,272,136,
101,6,fz006,rows,products+lineitem+orders,0.5,6,mut_drop_clearance,0,0,22,11,
101,6,fz006,rows,products+lineitem+orders,0.5,6,mut_drop_region,0,1,0,0,
101,6,fz006,rows,products+lineitem+orders,0.5,6,mut_drop_cross_guard,0,0,88,44,
101,6,fz006,rows,products+lineitem+orders,0.5,6,mut_drop_acl,0,1,0,0,
101,6,fz006,rows,products+lineitem+orders,0.5,6,mut_no_group_guard,0,1,0,0,
101,7,fz007,rows,customers+orders,0.05,1,post_join_filter,1,1,0,0,
101,7,fz007,rows,customers+orders,0.05,1,view_barrier,1,1,0,0,
101,7,fz007,rows,customers+orders,0.05,1,predicate_injection,1,1,0,0,
101,7,fz007,rows,customers+orders,0.05,1,pcqv_forced,1,1,0,0,
101,7,fz007,rows,customers+orders,0.05,1,pcqv,1,1,0,0,
101,7,fz007,rows,customers+orders,0.05,1,oracle_order,1,1,0,0,
101,7,fz007,rows,customers+orders,0.05,1,unsafe_late_aggregate,0,1,0,0,
101,7,fz007,rows,customers+orders,0.05,1,mut_no_mask,0,0,336,168,
101,7,fz007,rows,customers+orders,0.05,1,mut_drop_tenant,0,0,364,198,
101,7,fz007,rows,customers+orders,0.05,1,mut_drop_purpose,0,1,0,0,
101,7,fz007,rows,customers+orders,0.05,1,mut_drop_clearance,0,1,0,0,
101,7,fz007,rows,customers+orders,0.05,1,mut_drop_region,0,1,0,0,
101,7,fz007,rows,customers+orders,0.05,1,mut_drop_cross_guard,0,1,0,0,
101,7,fz007,rows,customers+orders,0.05,1,mut_drop_acl,0,1,0,0,
101,7,fz007,rows,customers+orders,0.05,1,mut_no_group_guard,0,1,0,0,
101,8,fz008,aggregate,lineitem+products,0.1,1,post_join_filter,1,1,0,0,
101,8,fz008,aggregate,lineitem+products,0.1,1,view_barrier,1,1,0,0,
101,8,fz008,aggregate,lineitem+products,0.1,1,predicate_injection,1,1,0,0,
101,8,fz008,aggregate,lineitem+products,0.1,1,pcqv_forced,1,1,0,0,
101,8,fz008,aggregate,lineitem+products,0.1,1,pcqv,1,1,0,0,
101,8,fz008,aggregate,lineitem+products,0.1,1,oracle_order,1,1,0,0,
101,8,fz008,aggregate,lineitem+products,0.1,1,unsafe_late_aggregate,0,0,10,5,
101,8,fz008,aggregate,lineitem+products,0.1,1,mut_no_mask,0,1,0,0,
101,8,fz008,aggregate,lineitem+products,0.1,1,mut_drop_tenant,0,0,10,5,
101,8,fz008,aggregate,lineitem+products,0.1,1,mut_drop_purpose,0,1,0,0,
101,8,fz008,aggregate,lineitem+products,0.1,1,mut_drop_clearance,0,1,0,0,
101,8,fz008,aggregate,lineitem+products,0.1,1,mut_drop_region,0,1,0,0,
101,8,fz008,aggregate,lineitem+products,0.1,1,mut_drop_cross_guard,0,1,0,0,
101,8,fz008,aggregate,lineitem+products,0.1,1,mut_drop_acl,0,1,0,0,
101,8,fz008,aggregate,lineitem+products,0.1,1,mut_no_group_guard,0,1,0,0,
101,9,fz009,aggregate,orders+lineitem,0.025,6,post_join_filter,1,1,0,0,
101,9,fz009,aggregate,orders+lineitem,0.025,6,view_barrier,1,1,0,0,
101,9,fz009,aggregate,orders+lineitem,0.025,6,predicate_injection,1,1,0,0,
101,9,fz009,aggregate,orders+lineitem,0.025,6,pcqv_forced,1,1,0,0,
101,9,fz009,aggregate,orders+lineitem,0.025,6,pcqv,1,1,0,0,
101,9,fz009,aggregate,orders+lineitem,0.025,6,oracle_order,1,1,0,0,
101,9,fz009,aggregate,orders+lineitem,0.025,6,unsafe_late_aggregate,0,0,40,40,
101,9,fz009,aggregate,orders+lineitem,0.025,6,mut_no_mask,0,1,0,0,
101,9,fz009,aggregate,orders+lineitem,0.025,6,mut_drop_tenant,0,0,8,8,
101,9,fz009,aggregate,orders+lineitem,0.025,6,mut_drop_purpose,0,1,0,0,
101,9,fz009,aggregate,orders+lineitem,0.025,6,mut_drop_clearance,0,1,0,0,
101,9,fz009,aggregate,orders+lineitem,0.025,6,mut_drop_region,0,1,0,0,
101,9,fz009,aggregate,orders+lineitem,0.025,6,mut_drop_cross_guard,0,0,1,1,
101,9,fz009,aggregate,orders+lineitem,0.025,6,mut_drop_acl,0,1,0,0,
101,9,fz009,aggregate,orders+lineitem,0.025,6,mut_no_group_guard,0,1,0,0,
101,10,fz010,aggregate,tickets+customers+orders,0.1,6,post_join_filter,1,1,0,0,
101,10,fz010,aggregate,tickets+customers+orders,0.1,6,view_barrier,1,1,0,0,
101,10,fz010,aggregate,tickets+customers+orders,0.1,6,predicate_injection,1,1,0,0,
101,10,fz010,aggregate,tickets+customers+orders,0.1,6,pcqv_forced,1,1,0,0,
101,10,fz010,aggregate,tickets+customers+orders,0.1,6,pcqv,1,1,0,0,
101,10,fz010,aggregate,tickets+customers+orders,0.1,6,oracle_order,1,1,0,0,
101,10,fz010,aggregate,tickets+customers+orders,0.1,6,unsafe_late_aggregate,0,0,7,5,
101,10,fz010,aggregate,tickets+customers+orders,0.1,6,mut_no_mask,0,1,0,0,
101,10,fz010,aggregate,tickets+customers+orders,0.1,6,mut_drop_tenant,0,0,7,5,
101,10,fz010,aggregate,tickets+customers+orders,0.1,6,mut_drop_purpose,0,0,6,4,
101,10,fz010,aggregate,tickets+customers+orders,0.1,6,mut_drop_clearance,0,1,0,0,
101,10,fz010,aggregate,tickets+customers+orders,0.1,6,mut_drop_region,0,1,0,0,
101,10,fz010,aggregate,tickets+customers+orders,0.1,6,mut_drop_cross_guard,0,0,2,1,
101,10,fz010,aggregate,tickets+customers+orders,0.1,6,mut_drop_acl,0,1,0,0,
101,10,fz010,aggregate,tickets+customers+orders,0.1,6,mut_no_group_guard,0,0,3,3,
101,11,fz011,rows,products+lineitem,0.05,3,post_join_filter,1,1,0,0,
101,11,fz011,rows,products+lineitem,0.05,3,view_barrier,1,1,0,0,
101,11,fz011,rows,products+lineitem,0.05,3,predicate_injection,1,1,0,0,
101,11,fz011,rows,products+lineitem,0.05,3,pcqv_forced,1,1,0,0,
101,11,fz011,rows,products+lineitem,0.05,3,pcqv,1,1,0,0,
101,11,fz011,rows,products+lineitem,0.05,3,oracle_order,1,1,0,0,
101,11,fz011,rows,products+lineitem,0.05,3,unsafe_late_aggregate,0,1,0,0,
101,11,fz011,rows,products+lineitem,0.05,3,mut_no_mask,0,1,0,0,
101,11,fz011,rows,products+lineitem,0.05,3,mut_drop_tenant,0,0,200,200,
101,11,fz011,rows,products+lineitem,0.05,3,mut_drop_purpose,0,1,0,0,
101,11,fz011,rows,products+lineitem,0.05,3,mut_drop_clearance,0,0,96,96,
101,11,fz011,rows,products+lineitem,0.05,3,mut_drop_region,0,1,0,0,
101,11,fz011,rows,products+lineitem,0.05,3,mut_drop_cross_guard,0,1,0,0,
101,11,fz011,rows,products+lineitem,0.05,3,mut_drop_acl,0,1,0,0,
101,11,fz011,rows,products+lineitem,0.05,3,mut_no_group_guard,0,1,0,0,
101,12,fz012,rows,lineitem,0.1,5,post_join_filter,1,1,0,0,
101,12,fz012,rows,lineitem,0.1,5,view_barrier,1,1,0,0,
101,12,fz012,rows,lineitem,0.1,5,predicate_injection,1,1,0,0,
101,12,fz012,rows,lineitem,0.1,5,pcqv_forced,1,1,0,0,
101,12,fz012,rows,lineitem,0.1,5,pcqv,1,1,0,0,
101,12,fz012,rows,lineitem,0.1,5,oracle_order,1,1,0,0,
101,12,fz012,rows,lineitem,0.1,5,unsafe_late_aggregate,0,1,0,0,
101,12,fz012,rows,lineitem,0.1,5,mut_no_mask,0,1,0,0,
101,12,fz012,rows,lineitem,0.1,5,mut_drop_tenant,0,0,346,173,
101,12,fz012,rows,lineitem,0.1,5,mut_drop_purpose,0,1,0,0,
101,12,fz012,rows,lineitem,0.1,5,mut_drop_clearance,0,1,0,0,
101,12,fz012,rows,lineitem,0.1,5,mut_drop_region,0,1,0,0,
101,12,fz012,rows,lineitem,0.1,5,mut_drop_cross_guard,0,0,46,23,
101,12,fz012,rows,lineitem,0.1,5,mut_drop_acl,0,1,0,0,
101,12,fz012,rows,lineitem,0.1,5,mut_no_group_guard,0,1,0,0,
101,13,fz013,aggregate,tickets+customers+orders,0.025,5,post_join_filter,1,1,0,0,
101,13,fz013,aggregate,tickets+customers+orders,0.025,5,view_barrier,1,1,0,0,
101,13,fz013,aggregate,tickets+customers+orders,0.025,5,predicate_injection,1,1,0,0,
101,13,fz013,aggregate,tickets+customers+orders,0.025,5,pcqv_forced,1,1,0,0,
101,13,fz013,aggregate,tickets+customers+orders,0.025,5,pcqv,1,1,0,0,
101,13,fz013,aggregate,tickets+customers+orders,0.025,5,oracle_order,1,1,0,0,
101,13,fz013,aggregate,tickets+customers+orders,0.025,5,unsafe_late_aggregate,0,0,32,32,
101,13,fz013,aggregate,tickets+customers+orders,0.025,5,mut_no_mask,0,1,0,0,
101,13,fz013,aggregate,tickets+customers+orders,0.025,5,mut_drop_tenant,0,0,4,4,
101,13,fz013,aggregate,tickets+customers+orders,0.025,5,mut_drop_purpose,0,1,0,0,
101,13,fz013,aggregate,tickets+customers+orders,0.025,5,mut_drop_clearance,0,1,0,0,
101,13,fz013,aggregate,tickets+customers+orders,0.025,5,mut_drop_region,0,1,0,0,
101,13,fz013,aggregate,tickets+customers+orders,0.025,5,mut_drop_cross_guard,0,1,0,0,
101,13,fz013,aggregate,tickets+customers+orders,0.025,5,mut_drop_acl,0,1,0,0,
101,13,fz013,aggregate,tickets+customers+orders,0.025,5,mut_no_group_guard,0,1,0,0,
101,14,fz014,aggregate,products+lineitem+orders,0.25,6,post_join_filter,1,1,0,0,
101,14,fz014,aggregate,products+lineitem+orders,0.25,6,view_barrier,1,1,0,0,
101,14,fz014,aggregate,products+lineitem+orders,0.25,6,predicate_injection,1,1,0,0,
101,14,fz014,aggregate,products+lineitem+orders,0.25,6,pcqv_forced,1,1,0,0,
101,14,fz014,aggregate,products+lineitem+orders,0.25,6,pcqv,1,1,0,0,
101,14,fz014,aggregate,products+lineitem+orders,0.25,6,oracle_order,1,1,0,0,
101,14,fz014,aggregate,products+lineitem+orders,0.25,6,unsafe_late_aggregate,0,0,67,53,
101,14,fz014,aggregate,products+lineitem+orders,0.25,6,mut_no_mask,0,1,0,0,
101,14,fz014,aggregate,products+lineitem+orders,0.25,6,mut_drop_tenant,0,0,40,26,
101,14,fz014,aggregate,products+lineitem+orders,0.25,6,mut_drop_purpose,0,0,36,22,
101,14,fz014,aggregate,products+lineitem+orders,0.25,6,mut_drop_clearance,0,0,6,6,
101,14,fz014,aggregate,products+lineitem+orders,0.25,6,mut_drop_region,0,1,0,0,
101,14,fz014,aggregate,products+lineitem+orders,0.25,6,mut_drop_cross_guard,0,0,33,19,
101,14,fz014,aggregate,products+lineitem+orders,0.25,6,mut_drop_acl,0,1,0,0,
101,14,fz014,aggregate,products+lineitem+orders,0.25,6,mut_no_group_guard,0,0,8,8,
101,15,fz015,rows,customers,0.025,5,post_join_filter,1,1,0,0,
101,15,fz015,rows,customers,0.025,5,view_barrier,1,1,0,0,
101,15,fz015,rows,customers,0.025,5,predicate_injection,1,1,0,0,
101,15,fz015,rows,customers,0.025,5,pcqv_forced,1,1,0,0,
101,15,fz015,rows,customers,0.025,5,pcqv,1,1,0,0,
101,15,fz015,rows,customers,0.025,5,oracle_order,1,1,0,0,
101,15,fz015,rows,customers,0.025,5,unsafe_late_aggregate,0,1,0,0,
101,15,fz015,rows,customers,0.025,5,mut_no_mask,0,1,0,0,
101,15,fz015,rows,customers,0.025,5,mut_drop_tenant,0,0,115,115,
101,15,fz015,rows,customers,0.025,5,mut_drop_purpose,0,1,0,0,
101,15,fz015,rows,customers,0.025,5,mut_drop_clearance,0,1,0,0,
101,15,fz015,rows,customers,0.025,5,mut_drop_region,0,1,0,0,
101,15,fz015,rows,customers,0.025,5,mut_drop_cross_guard,0,1,0,0,
101,15,fz015,rows,customers,0.025,5,mut_drop_acl,0,0,20,20,
101,15,fz015,rows,customers,0.025,5,mut_no_group_guard,0,1,0,0,
101,16,fz016,rows,lineitem,0.25,1,post_join_filter,1,1,0,0,
101,16,fz016,rows,lineitem,0.25,1,view_barrier,1,1,0,0,
101,16,fz016,rows,lineitem,0.25,1,predicate_injection,1,1,0,0,
101,16,fz016,rows,lineitem,0.25,1,pcqv_forced,1,1,0,0,
101,16,fz016,rows,lineitem,0.25,1,pcqv,1,1,0,0,
101,16,fz016,rows,lineitem,0.25,1,oracle_order,1,1,0,0,
101,16,fz016,rows,lineitem,0.25,1,unsafe_late_aggregate,0,1,0,0,
101,16,fz016,rows,lineitem,0.25,1,mut_no_mask,0,1,0,0,
101,16,fz016,rows,lineitem,0.25,1,mut_drop_tenant,0,0,300,150,
101,16,fz016,rows,lineitem,0.25,1,mut_drop_purpose,0,1,0,0,
101,16,fz016,rows,lineitem,0.25,1,mut_drop_clearance,0,1,0,0,
101,16,fz016,rows,lineitem,0.25,1,mut_drop_region,0,1,0,0,
101,16,fz016,rows,lineitem,0.25,1,mut_drop_cross_guard,0,1,0,0,
101,16,fz016,rows,lineitem,0.25,1,mut_drop_acl,0,1,0,0,
101,16,fz016,rows,lineitem,0.25,1,mut_no_group_guard,0,1,0,0,
101,17,fz017,aggregate,customers+tickets,0.05,1,post_join_filter,1,1,0,0,
101,17,fz017,aggregate,customers+tickets,0.05,1,view_barrier,1,1,0,0,
101,17,fz017,aggregate,customers+tickets,0.05,1,predicate_injection,1,1,0,0,
101,17,fz017,aggregate,customers+tickets,0.05,1,pcqv_forced,1,1,0,0,
101,17,fz017,aggregate,customers+tickets,0.05,1,pcqv,1,1,0,0,
101,17,fz017,aggregate,customers+tickets,0.05,1,oracle_order,1,1,0,0,
101,17,fz017,aggregate,customers+tickets,0.05,1,unsafe_late_aggregate,0,0,9,5,
101,17,fz017,aggregate,customers+tickets,0.05,1,mut_no_mask,0,1,0,0,
101,17,fz017,aggregate,customers+tickets,0.05,1,mut_drop_tenant,0,0,9,5,
101,17,fz017,aggregate,customers+tickets,0.05,1,mut_drop_purpose,0,1,0,0,
101,17,fz017,aggregate,customers+tickets,0.05,1,mut_drop_clearance,0,1,0,0,
101,17,fz017,aggregate,customers+tickets,0.05,1,mut_drop_region,0,1,0,0,
101,17,fz017,aggregate,customers+tickets,0.05,1,mut_drop_cross_guard,0,1,0,0,
101,17,fz017,aggregate,customers+tickets,0.05,1,mut_drop_acl,0,1,0,0,
101,17,fz017,aggregate,customers+tickets,0.05,1,mut_no_group_guard,0,1,0,0,
101,18,fz018,rows,tickets+customers,0.25,2,post_join_filter,1,1,0,0,
101,18,fz018,rows,tickets+customers,0.25,2,view_barrier,1,1,0,0,
101,18,fz018,rows,tickets+customers,0.25,2,predicate_injection,1,1,0,0,
101,18,fz018,rows,tickets+customers,0.25,2,pcqv_forced,1,1,0,0,
101,18,fz018,rows,tickets+customers,0.25,2,pcqv,1,1,0,0,
101,18,fz018,rows,tickets+customers,0.25,2,oracle_order,1,1,0,0,
101,18,fz018,rows,tickets+customers,0.25,2,unsafe_late_aggregate,0,1,0,0,
101,18,fz018,rows,tickets+customers,0.25,2,mut_no_mask,0,0,400,200,
101,18,fz018,rows,tickets+customers,0.25,2,mut_drop_tenant,0,0,292,146,
101,18,fz018,rows,tickets+customers,0.25,2,mut_drop_purpose,0,1,0,0,
101,18,fz018,rows,tickets+customers,0.25,2,mut_drop_clearance,0,0,8,4,
101,18,fz018,rows,tickets+customers,0.25,2,mut_drop_region,0,0,210,105,
101,18,fz018,rows,tickets+customers,0.25,2,mut_drop_cross_guard,0,1,0,0,
101,18,fz018,rows,tickets+customers,0.25,2,mut_drop_acl,0,1,0,0,
101,18,fz018,rows,tickets+customers,0.25,2,mut_no_group_guard,0,1,0,0,
101,19,fz019,rows,customers,0.25,2,post_join_filter,1,1,0,0,
101,19,fz019,rows,customers,0.25,2,view_barrier,1,1,0,0,
101,19,fz019,rows,customers,0.25,2,predicate_injection,1,1,0,0,
101,19,fz019,rows,customers,0.25,2,pcqv_forced,1,1,0,0,
101,19,fz019,rows,customers,0.25,2,pcqv,1,1,0,0,
101,19,fz019,rows,customers,0.25,2,oracle_order,1,1,0,0,
101,19,fz019,rows,customers,0.25,2,unsafe_late_aggregate,0,1,0,0,
101,19,fz019,rows,customers,0.25,2,mut_no_mask,0,0,180,90,
101,19,fz019,rows,customers,0.25,2,mut_drop_tenant,0,0,200,155,
101,19,fz019,rows,customers,0.25,2,mut_drop_purpose,0,1,0,0,
101,19,fz019,rows,customers,0.25,2,mut_drop_clearance,0,0,3,3,
101,19,fz019,rows,customers,0.25,2,mut_drop_region,0,1,0,0,
101,19,fz019,rows,customers,0.25,2,mut_drop_cross_guard,0,1,0,0,
101,19,fz019,rows,customers,0.25,2,mut_drop_acl,0,1,0,0,
101,19,fz019,rows,customers,0.25,2,mut_no_group_guard,0,1,0,0,
101,20,fz020,rows,customers,0.1,3,post_join_filter,1,1,0,0,
101,20,fz020,rows,customers,0.1,3,view_barrier,1,1,0,0,
101,20,fz020,rows,customers,0.1,3,predicate_injection,1,1,0,0,
101,20,fz020,rows,customers,0.1,3,pcqv_forced,1,1,0,0,
101,20,fz020,rows,customers,0.1,3,pcqv,1,1,0,0,
101,20,fz020,rows,customers,0.1,3,oracle_order,1,1,0,0,
101,20,fz020,rows,customers,0.1,3,unsafe_late_aggregate,0,1,0,0,
101,20,fz020,rows,customers,0.1,3,mut_no_mask,0,0,62,31,
101,20,fz020,rows,customers,0.1,3,mut_drop_tenant,0,0,205,187,
101,20,fz020,rows,customers,0.1,3,mut_drop_purpose,0,1,0,0,
101,20,fz020,rows,customers,0.1,3,mut_drop_clearance,0,0,1,1,
101,20,fz020,rows,customers,0.1,3,mut_drop_region,0,1,0,0,
101,20,fz020,rows,customers,0.1,3,mut_drop_cross_guard,0,1,0,0,
101,20,fz020,rows,customers,0.1,3,mut_drop_acl,0,1,0,0,
101,20,fz020,rows,customers,0.1,3,mut_no_group_guard,0,1,0,0,
101,21,fz021,aggregate,orders+lineitem,0.05,2,post_join_filter,1,1,0,0,
101,21,fz021,aggregate,orders+lineitem,0.05,2,view_barrier,1,1,0,0,
101,21,fz021,aggregate,orders+lineitem,0.05,2,predicate_injection,1,1,0,0,
101,21,fz021,aggregate,orders+lineitem,0.05,2,pcqv_forced,1,1,0,0,
101,21,fz021,aggregate,orders+lineitem,0.05,2,pcqv,1,1,0,0,
101,21,fz021,aggregate,orders+lineitem,0.05,2,oracle_order,1,1,0,0,
101,21,fz021,aggregate,orders+lineitem,0.05,2,unsafe_late_aggregate,0,0,38,38,
101,21,fz021,aggregate,orders+lineitem,0.05,2,mut_no_mask,0,1,0,0,
101,21,fz021,aggregate,orders+lineitem,0.05,2,mut_drop_tenant,0,0,38,38,
101,21,fz021,aggregate,orders+lineitem,0.05,2,mut_drop_purpose,0,1,0,0,
101,21,fz021,aggregate,orders+lineitem,0.05,2,mut_drop_clearance,0,1,0,0,
101,21,fz021,aggregate,orders+lineitem,0.05,2,mut_drop_region,0,1,0,0,
101,21,fz021,aggregate,orders+lineitem,0.05,2,mut_drop_cross_guard,0,1,0,0,
101,21,fz021,aggregate,orders+lineitem,0.05,2,mut_drop_acl,0,1,0,0,
101,21,fz021,aggregate,orders+lineitem,0.05,2,mut_no_group_guard,0,1,0,0,
101,22,fz022,aggregate,orders+lineitem+products,0.05,3,post_join_filter,1,1,0,0,
101,22,fz022,aggregate,orders+lineitem+products,0.05,3,view_barrier,1,1,0,0,
101,22,fz022,aggregate,orders+lineitem+products,0.05,3,predicate_injection,1,1,0,0,
101,22,fz022,aggregate,orders+lineitem+products,0.05,3,pcqv_forced,1,1,0,0,
101,22,fz022,aggregate,orders+lineitem+products,0.05,3,pcqv,1,1,0,0,
101,22,fz022,aggregate,orders+lineitem+products,0.05,3,oracle_order,1,1,0,0,
101,22,fz022,aggregate,orders+lineitem+products,0.05,3,unsafe_late_aggregate,0,0,24,24,
101,22,fz022,aggregate,orders+lineitem+products,0.05,3,mut_no_mask,0,1,0,0,
101,22,fz022,aggregate,orders+lineitem+products,0.05,3,mut_drop_tenant,0,0,8,8,
101,22,fz022,aggregate,orders+lineitem+products,0.05,3,mut_drop_purpose,0,1,0,0,
101,22,fz022,aggregate,orders+lineitem+products,0.05,3,mut_drop_clearance,0,0,2,2,
101,22,fz022,aggregate,orders+lineitem+products,0.05,3,mut_drop_region,0,1,0,0,
101,22,fz022,aggregate,orders+lineitem+products,0.05,3,mut_drop_cross_guard,0,1,0,0,
101,22,fz022,aggregate,orders+lineitem+products,0.05,3,mut_drop_acl,0,1,0,0,
101,22,fz022,aggregate,orders+lineitem+products,0.05,3,mut_no_group_guard,0,1,0,0,
101,23,fz023,aggregate,tickets+customers+orders+lineitem,0.25,2,post_join_filter,1,1,0,0,
101,23,fz023,aggregate,tickets+customers+orders+lineitem,0.25,2,view_barrier,1,1,0,0,
101,23,fz023,aggregate,tickets+customers+orders+lineitem,0.25,2,predicate_injection,1,1,0,0,
101,23,fz023,aggregate,tickets+customers+orders+lineitem,0.25,2,pcqv_forced,1,1,0,0,
101,23,fz023,aggregate,tickets+customers+orders+lineitem,0.25,2,pcqv,1,1,0,0,
101,23,fz023,aggregate,tickets+customers+orders+lineitem,0.25,2,oracle_order,1,1,0,0,
101,23,fz023,aggregate,tickets+customers+orders+lineitem,0.25,2,unsafe_late_aggregate,0,0,6,3,
101,23,fz023,aggregate,tickets+customers+orders+lineitem,0.25,2,mut_no_mask,0,1,0,0,
101,23,fz023,aggregate,tickets+customers+orders+lineitem,0.25,2,mut_drop_tenant,0,0,6,3,
101,23,fz023,aggregate,tickets+customers+orders+lineitem,0.25,2,mut_drop_purpose,0,1,0,0,
101,23,fz023,aggregate,tickets+customers+orders+lineitem,0.25,2,mut_drop_clearance,0,1,0,0,
101,23,fz023,aggregate,tickets+customers+orders+lineitem,0.25,2,mut_drop_region,0,1,0,0,
101,23,fz023,aggregate,tickets+customers+orders+lineitem,0.25,2,mut_drop_cross_guard,0,1,0,0,
101,23,fz023,aggregate,tickets+customers+orders+lineitem,0.25,2,mut_drop_acl,0,1,0,0,
101,23,fz023,aggregate,tickets+customers+orders+lineitem,0.25,2,mut_no_group_guard,0,1,0,0,
101,24,fz024,rows,products,0.25,3,post_join_filter,1,1,0,0,
101,24,fz024,rows,products,0.25,3,view_barrier,1,1,0,0,
101,24,fz024,rows,products,0.25,3,predicate_injection,1,1,0,0,
101,24,fz024,rows,products,0.25,3,pcqv_forced,1,1,0,0,
101,24,fz024,rows,products,0.25,3,pcqv,1,1,0,0,
101,24,fz024,rows,products,0.25,3,oracle_order,1,1,0,0,
101,24,fz024,rows,products,0.25,3,unsafe_late_aggregate,0,1,0,0,
101,24,fz024,rows,products,0.25,3,mut_no_mask,0,1,0,0,
101,24,fz024,rows,products,0.25,3,mut_drop_tenant,0,0,54,54,
101,24,fz024,rows,products,0.25,3,mut_drop_purpose,0,1,0,0,
101,24,fz024,rows,products,0.25,3,mut_drop_clearance,0,0,2,2,
101,24,fz024,rows,products,0.25,3,mut_drop_region,0,1,0,0,
101,24,fz024,rows,products,0.25,3,mut_drop_cross_guard,0,1,0,0,
101,24,fz024,rows,products,0.25,3,mut_drop_acl,0,1,0,0,
101,24,fz024,rows,products,0.25,3,mut_no_group_guard,0,1,0,0,
101,25,fz025,rows,orders+lineitem,0.25,5,post_join_filter,1,1,0,0,
101,25,fz025,rows,orders+lineitem,0.25,5,view_barrier,1,1,0,0,
101,25,fz025,rows,orders+lineitem,0.25,5,predicate_injection,1,1,0,0,
101,25,fz025,rows,orders+lineitem,0.25,5,pcqv_forced,1,1,0,0,
101,25,fz025,rows,orders+lineitem,0.25,5,pcqv,1,1,0,0,
101,25,fz025,rows,orders+lineitem,0.25,5,oracle_order,1,1,0,0,
101,25,fz025,rows,orders+lineitem,0.25,5,unsafe_late_aggregate,0,1,0,0,
101,25,fz025,rows,orders+lineitem,0.25,5,mut_no_mask,0,1,0,0,
101,25,fz025,rows,orders+lineitem,0.25,5,mut_drop_tenant,0,0,265,150,
101,25,fz025,rows,orders+lineitem,0.25,5,mut_drop_purpose,0,0,283,159,
101,25,fz025,rows,orders+lineitem,0.25,5,mut_drop_clearance,0,1,0,0,
101,25,fz025,rows,orders+lineitem,0.25,5,mut_drop_region,0,1,0,0,
101,25,fz025,rows,orders+lineitem,0.25,5,mut_drop_cross_guard,0,0,209,122,
101,25,fz025,rows,orders+lineitem,0.25,5,mut_drop_acl,0,1,0,0,
101,25,fz025,rows,orders+lineitem,0.25,5,mut_no_group_guard,0,1,0,0,
101,26,fz026,rows,customers,0.25,6,post_join_filter,1,1,0,0,
101,26,fz026,rows,customers,0.25,6,view_barrier,1,1,0,0,
101,26,fz026,rows,customers,0.25,6,predicate_injection,1,1,0,0,
101,26,fz026,rows,customers,0.25,6,pcqv_forced,1,1,0,0,
101,26,fz026,rows,customers,0.25,6,pcqv,1,1,0,0,
101,26,fz026,rows,customers,0.25,6,oracle_order,1,1,0,0,
101,26,fz026,rows,customers,0.25,6,unsafe_late_aggregate,0,1,0,0,
101,26,fz026,rows,customers,0.25,6,mut_no_mask,0,0,36,18,
101,26,fz026,rows,customers,0.25,6,mut_drop_tenant,0,0,175,163,
101,26,fz026,rows,customers,0.25,6,mut_drop_purpose,0,1,0,0,
101,26,fz026,rows,customers,0.25,6,mut_drop_clearance,0,0,2,2,
101,26,fz026,rows,customers,0.25,6,mut_drop_region,0,1,0,0,
101,26,fz026,rows,customers,0.25,6,mut_drop_cross_guard,0,1,0,0,
101,26,fz026,rows,customers,0.25,6,mut_drop_acl,0,1,0,0,
101,26,fz026,rows,customers,0.25,6,mut_no_group_guard,0,1,0,0,
101,27,fz027,rows,tickets+customers+orders,0.25,1,post_join_filter,1,1,0,0,
101,27,fz027,rows,tickets+customers+orders,0.25,1,view_barrier,1,1,0,0,
101,27,fz027,rows,tickets+customers+orders,0.25,1,predicate_injection,1,1,0,0,
101,27,fz027,rows,tickets+customers+orders,0.25,1,pcqv_forced,1,1,0,0,
101,27,fz027,rows,tickets+customers+orders,0.25,1,pcqv,1,1,0,0,
101,27,fz027,rows,tickets+customers+orders,0.25,1,oracle_order,1,1,0,0,
101,27,fz027,rows,tickets+customers+orders,0.25,1,unsafe_late_aggregate,0,1,0,0,
101,27,fz027,rows,tickets+customers+orders,0.25,1,mut_no_mask,0,0,400,200,
101,27,fz027,rows,tickets+customers+orders,0.25,1,mut_drop_tenant,0,0,316,158,
101,27,fz027,rows,tickets+customers+orders,0.25,1,mut_drop_purpose,0,1,0,0,
101,27,fz027,rows,tickets+customers+orders,0.25,1,mut_drop_clearance,0,1,0,0,
101,27,fz027,rows,tickets+customers+orders,0.25,1,mut_drop_region,0,1,0,0,
101,27,fz027,rows,tickets+customers+orders,0.25,1,mut_drop_cross_guard,0,1,0,0,
101,27,fz027,rows,tickets+customers+orders,0.25,1,mut_drop_acl,0,1,0,0,
101,27,fz027,rows,tickets+customers+orders,0.25,1,mut_no_group_guard,0,1,0,0,
101,28,fz028,rows,customers+tickets+orders,0.025,3,post_join_filter,1,1,0,0,
101,28,fz028,rows,customers+tickets+orders,0.025,3,view_barrier,1,1,0,0,
101,28,fz028,rows,customers+tickets+orders,0.025,3,predicate_injection,1,1,0,0,
101,28,fz028,rows,customers+tickets+orders,0.025,3,pcqv_forced,1,1,0,0,
101,28,fz028,rows,customers+tickets+orders,0.025,3,pcqv,1,1,0,0,
101,28,fz028,rows,customers+tickets+orders,0.025,3,oracle_order,1,1,0,0,
101,28,fz028,rows,customers+tickets+orders,0.025,3,unsafe_late_aggregate,0,1,0,0,
101,28,fz028,rows,customers+tickets+orders,0.025,3,mut_no_mask,0,1,0,0,
101,28,fz028,rows,customers+tickets+orders,0.025,3,mut_drop_tenant,0,0,73,73,
101,28,fz028,rows,customers+tickets+orders,0.025,3,mut_drop_purpose,0,1,0,0,
101,28,fz028,rows,customers+tickets+orders,0.025,3,mut_drop_clearance,0,1,0,0,
101,28,fz028,rows,customers+tickets+orders,0.025,3,mut_drop_region,0,0,3,3,
101,28,fz028,rows,customers+tickets+orders,0.025,3,mut_drop_cross_guard,0,1,0,0,
101,28,fz028,rows,customers+tickets+orders,0.025,3,mut_drop_acl,0,1,0,0,
101,28,fz028,rows,customers+tickets+orders,0.025,3,mut_no_group_guard,0,1,0,0,
101,29,fz029,rows,tickets,0.05,5,post_join_filter,1,1,0,0,
101,29,fz029,rows,tickets,0.05,5,view_barrier,1,1,0,0,
101,29,fz029,rows,tickets,0.05,5,predicate_injection,1,1,0,0,
101,29,fz029,rows,tickets,0.05,5,pcqv_forced,1,1,0,0,
101,29,fz029,rows,tickets,0.05,5,pcqv,1,1,0,0,
101,29,fz029,rows,tickets,0.05,5,oracle_order,1,1,0,0,
101,29,fz029,rows,tickets,0.05,5,unsafe_late_aggregate,0,1,0,0,
101,29,fz029,rows,tickets,0.05,5,mut_no_mask,0,1,0,0,
101,29,fz029,rows,tickets,0.05,5,mut_drop_tenant,0,0,255,191,
101,29,fz029,rows,tickets,0.05,5,mut_drop_purpose,0,0,19,19,
101,29,fz029,rows,tickets,0.05,5,mut_drop_clearance,0,1,0,0,
101,29,fz029,rows,tickets,0.05,5,mut_drop_region,0,1,0,0,
101,29,fz029,rows,tickets,0.05,5,mut_drop_cross_guard,0,1,0,0,
101,29,fz029,rows,tickets,0.05,5,mut_drop_acl,0,1,0,0,
101,29,fz029,rows,tickets,0.05,5,mut_no_group_guard,0,1,0,0,
101,30,fz030,aggregate,tickets+customers,0.025,5,post_join_filter,1,1,0,0,
101,30,fz030,aggregate,tickets+customers,0.025,5,view_barrier,1,1,0,0,
101,30,fz030,aggregate,tickets+customers,0.025,5,predicate_injection,1,1,0,0,
101,30,fz030,aggregate,tickets+customers,0.025,5,pcqv_forced,1,1,0,0,
101,30,fz030,aggregate,tickets+customers,0.025,5,pcqv,1,1,0,0,
101,30,fz030,aggregate,tickets+customers,0.025,5,oracle_order,1,1,0,0,
101,30,fz030,aggregate,tickets+customers,0.025,5,unsafe_late_aggregate,0,0,5,5,
101,30,fz030,aggregate,tickets+customers,0.025,5,mut_no_mask,0,1,0,0,
101,30,fz030,aggregate,tickets+customers,0.025,5,mut_drop_tenant,0,0,5,5,
101,30,fz030,aggregate,tickets+customers,0.025,5,mut_drop_purpose,0,0,1,1,
101,30,fz030,aggregate,tickets+customers,0.025,5,mut_drop_clearance,0,1,0,0,
101,30,fz030,aggregate,tickets+customers,0.025,5,mut_drop_region,0,1,0,0,
101,30,fz030,aggregate,tickets+customers,0.025,5,mut_drop_cross_guard,0,1,0,0,
101,30,fz030,aggregate,tickets+customers,0.025,5,mut_drop_acl,0,0,5,5,
101,30,fz030,aggregate,tickets+customers,0.025,5,mut_no_group_guard,0,1,0,0,
101,31,fz031,aggregate,products+lineitem,0.05,3,post_join_filter,1,1,0,0,
101,31,fz031,aggregate,products+lineitem,0.05,3,view_barrier,1,1,0,0,
101,31,fz031,aggregate,products+lineitem,0.05,3,predicate_injection,1,1,0,0,
101,31,fz031,aggregate,products+lineitem,0.05,3,pcqv_forced,1,1,0,0,
101,31,fz031,aggregate,products+lineitem,0.05,3,pcqv,1,1,0,0,
101,31,fz031,aggregate,products+lineitem,0.05,3,oracle_order,1,1,0,0,
101,31,fz031,aggregate,products+lineitem,0.05,3,unsafe_late_aggregate,0,0,58,54,
101,31,fz031,aggregate,products+lineitem,0.05,3,mut_no_mask,0,1,0,0,
101,31,fz031,aggregate,products+lineitem,0.05,3,mut_drop_tenant,0,0,22,18,
101,31,fz031,aggregate,products+lineitem,0.05,3,mut_drop_purpose,0,1,0,0,
101,31,fz031,aggregate,products+lineitem,0.05,3,mut_drop_clearance,0,0,3,3,
101,31,fz031,aggregate,products+lineitem,0.05,3,mut_drop_region,0,1,0,0,
101,31,fz031,aggregate,products+lineitem,0.05,3,mut_drop_cross_guard,0,1,0,0,
101,31,fz031,aggregate,products+lineitem,0.05,3,mut_drop_acl,0,1,0,0,
101,31,fz031,aggregate,products+lineitem,0.05,3,mut_no_group_guard,0,1,0,0,
101,32,fz032,aggregate,tickets+customers,0.05,6,post_join_filter,1,1,0,0,
101,32,fz032,aggregate,tickets+customers,0.05,6,view_barrier,1,1,0,0,
101,32,fz032,aggregate,tickets+customers,0.05,6,predicate_injection,1,1,0,0,
101,32,fz032,aggregate,tickets+customers,0.05,6,pcqv_forced,1,1,0,0,
101,32,fz032,aggregate,tickets+customers,0.05,6,pcqv,1,1,0,0,
101,32,fz032,aggregate,tickets+customers,0.05,6,oracle_order,1,1,0,0,
101,32,fz032,aggregate,tickets+customers,0.05,6,unsafe_late_aggregate,0,0,5,5,
101,32,fz032,aggregate,tickets+customers,0.05,6,mut_no_mask,0,1,0,0,
101,32,fz032,aggregate,tickets+customers,0.05,6,mut_drop_tenant,0,0,5,5,
101,32,fz032,aggregate,tickets+customers,0.05,6,mut_drop_purpose,0,1,0,0,
101,32,fz032,aggregate,tickets+customers,0.05,6,mut_drop_clearance,0,1,0,0,
101,32,fz032,aggregate,tickets+customers,0.05,6,mut_drop_region,0,1,0,0,
101,32,fz032,aggregate,tickets+customers,0.05,6,mut_drop_cross_guard,0,1,0,0,
101,32,fz032,aggregate,tickets+customers,0.05,6,mut_drop_acl,0,1,0,0,
101,32,fz032,aggregate,tickets+customers,0.05,6,mut_no_group_guard,0,0,4,4,
101,33,fz033,aggregate,orders+lineitem,0.1,5,post_join_filter,1,1,0,0,
101,33,fz033,aggregate,orders+lineitem,0.1,5,view_barrier,1,1,0,0,
101,33,fz033,aggregate,orders+lineitem,0.1,5,predicate_injection,1,1,0,0,
101,33,fz033,aggregate,orders+lineitem,0.1,5,pcqv_forced,1,1,0,0,
101,33,fz033,aggregate,orders+lineitem,0.1,5,pcqv,1,1,0,0,
101,33,fz033,aggregate,orders+lineitem,0.1,5,oracle_order,1,1,0,0,
101,33,fz033,aggregate,orders+lineitem,0.1,5,unsafe_late_aggregate,0,0,43,40,
101,33,fz033,aggregate,orders+lineitem,0.1,5,mut_no_mask,0,1,0,0,
101,33,fz033,aggregate,orders+lineitem,0.1,5,mut_drop_tenant,0,0,35,35,
101,33,fz033,aggregate,orders+lineitem,0.1,5,mut_drop_purpose,0,0,7,4,
101,33,fz033,aggregate,orders+lineitem,0.1,5,mut_drop_clearance,0,1,0,0,
101,33,fz033,aggregate,orders+lineitem,0.1,5,mut_drop_region,0,1,0,0,
101,33,fz033,aggregate,orders+lineitem,0.1,5,mut_drop_cross_guard,0,0,7,4,
101,33,fz033,aggregate,orders+lineitem,0.1,5,mut_drop_acl,0,1,0,0,
101,33,fz033,aggregate,orders+lineitem,0.1,5,mut_no_group_guard,0,1,0,0,
101,34,fz034,aggregate,orders+customers+lineitem+products,0.05,5,post_join_filter,1,1,0,0,
101,34,fz034,aggregate,orders+customers+lineitem+products,0.05,5,view_barrier,1,1,0,0,
101,34,fz034,aggregate,orders+customers+lineitem+products,0.05,5,predicate_injection,1,1,0,0,
101,34,fz034,aggregate,orders+customers+lineitem+products,0.05,5,pcqv_forced,1,1,0,0,
101,34,fz034,aggregate,orders+customers+lineitem+products,0.05,5,pcqv,1,1,0,0,
101,34,fz034,aggregate,orders+customers+lineitem+products,0.05,5,oracle_order,1,1,0,0,
101,34,fz034,aggregate,orders+customers+lineitem+products,0.05,5,unsafe_late_aggregate,0,0,41,40,
101,34,fz034,aggregate,orders+customers+lineitem+products,0.05,5,mut_no_mask,0,1,0,0,
101,34,fz034,aggregate,orders+customers+lineitem+products,0.05,5,mut_drop_tenant,0,0,11,10,
101,34,fz034,aggregate,orders+customers+lineitem+products,0.05,5,mut_drop_purpose,0,0,5,4,
101,34,fz034,aggregate,orders+customers+lineitem+products,0.05,5,mut_drop_clearance,0,1,0,0,
101,34,fz034,aggregate,orders+customers+lineitem+products,0.05,5,mut_drop_region,0,1,0,0,
101,34,fz034,aggregate,orders+customers+lineitem+products,0.05,5,mut_drop_cross_guard,0,0,1,1,
101,34,fz034,aggregate,orders+customers+lineitem+products,0.05,5,mut_drop_acl,0,1,0,0,
101,34,fz034,aggregate,orders+customers+lineitem+products,0.05,5,mut_no_group_guard,0,1,0,0,
101,35,fz035,rows,tickets+customers+orders,0.25,3,post_join_filter,1,1,0,0,
101,35,fz035,rows,tickets+customers+orders,0.25,3,view_barrier,1,1,0,0,
101,35,fz035,rows,tickets+customers+orders,0.25,3,predicate_injection,1,1,0,0,
101,35,fz035,rows,tickets+customers+orders,0.25,3,pcqv_forced,1,1,0,0,
101,35,fz035,rows,tickets+customers+orders,0.25,3,pcqv,1,1,0,0,
101,35,fz035,rows,tickets+customers+orders,0.25,3,oracle_order,1,1,0,0,
101,35,fz035,rows,tickets+customers+orders,0.25,3,unsafe_late_aggregate,0,1,0,0,
101,35,fz035,rows,tickets+customers+orders,0.25,3,mut_no_mask,0,0,144,72,
101,35,fz035,rows,tickets+customers+orders,0.25,3,mut_drop_tenant,0,0,188,158,
101,35,fz035,rows,tickets+customers+orders,0.25,3,mut_drop_purpose,0,0,200,164,
101,35,fz035,rows,tickets+customers+orders,0.25,3,mut_drop_clearance,0,0,3,3,
101,35,fz035,rows,tickets+customers+orders,0.25,3,mut_drop_region,0,1,0,0,
101,35,fz035,rows,tickets+customers+orders,0.25,3,mut_drop_cross_guard,0,1,0,0,
101,35,fz035,rows,tickets+customers+orders,0.25,3,mut_drop_acl,0,1,0,0,
101,35,fz035,rows,tickets+customers+orders,0.25,3,mut_no_group_guard,0,1,0,0,
101,36,fz036,aggregate,tickets+customers,0.1,4,post_join_filter,1,1,0,0,
101,36,fz036,aggregate,tickets+customers,0.1,4,view_barrier,1,1,0,0,
101,36,fz036,aggregate,tickets+customers,0.1,4,predicate_injection,1,1,0,0,
101,36,fz036,aggregate,tickets+customers,0.1,4,pcqv_forced,1,1,0,0,
101,36,fz036,aggregate,tickets+customers,0.1,4,pcqv,1,1,0,0,
101,36,fz036,aggregate,tickets+customers,0.1,4,oracle_order,1,1,0,0,
101,36,fz036,aggregate,tickets+customers,0.1,4,unsafe_late_aggregate,0,0,55,40,
101,36,fz036,aggregate,tickets+customers,0.1,4,mut_no_mask,0,1,0,0,
101,36,fz036,aggregate,tickets+customers,0.1,4,mut_drop_tenant,0,0,30,15,
101,36,fz036,aggregate,tickets+customers,0.1,4,mut_drop_purpose,0,0,14,7,
101,36,fz036,aggregate,tickets+customers,0.1,4,mut_drop_clearance,0,1,0,0,
101,36,fz036,aggregate,tickets+customers,0.1,4,mut_drop_region,0,0,25,25,
101,36,fz036,aggregate,tickets+customers,0.1,4,mut_drop_cross_guard,0,1,0,0,
101,36,fz036,aggregate,tickets+customers,0.1,4,mut_drop_acl,0,1,0,0,
101,36,fz036,aggregate,tickets+customers,0.1,4,mut_no_group_guard,0,1,0,0,
101,37,fz037,rows,customers+tickets+orders,0.025,1,post_join_filter,1,1,0,0,
101,37,fz037,rows,customers+tickets+orders,0.025,1,view_barrier,1,1,0,0,
101,37,fz037,rows,customers+tickets+orders,0.025,1,predicate_injection,1,1,0,0,
101,37,fz037,rows,customers+tickets+orders,0.025,1,pcqv_forced,1,1,0,0,
101,37,fz037,rows,customers+tickets+orders,0.025,1,pcqv,1,1,0,0,
101,37,fz037,rows,customers+tickets+orders,0.025,1,oracle_order,1,1,0,0,
101,37,fz037,rows,customers+tickets+orders,0.025,1,unsafe_late_aggregate,0,1,0,0,
101,37,fz037,rows,customers+tickets+orders,0.025,1,mut_no_mask,0,0,82,41,
101,37,fz037,rows,customers+tickets+orders,0.025,1,mut_drop_tenant,0,0,241,200,
101,37,fz037,rows,customers+tickets+orders,0.025,1,mut_drop_purpose,0,1,0,0,
101,37,fz037,rows,customers+tickets+orders,0.025,1,mut_drop_clearance,0,1,0,0,
101,37,fz037,rows,customers+tickets+orders,0.025,1,mut_drop_region,0,1,0,0,
101,37,fz037,rows,customers+tickets+orders,0.025,1,mut_drop_cross_guard,0,1,0,0,
101,37,fz037,rows,customers+tickets+orders,0.025,1,mut_drop_acl,0,1,0,0,
101,37,fz037,rows,customers+tickets+orders,0.025,1,mut_no_group_guard,0,1,0,0,
101,38,fz038,rows,products+lineitem,0.05,2,post_join_filter,1,1,0,0,
101,38,fz038,rows,products+lineitem,0.05,2,view_barrier,1,1,0,0,
101,38,fz038,rows,products+lineitem,0.05,2,predicate_injection,1,1,0,0,
101,38,fz038,rows,products+lineitem,0.05,2,pcqv_forced,1,1,0,0,
101,38,fz038,rows,products+lineitem,0.05,2,pcqv,1,1,0,0,
101,38,fz038,rows,products+lineitem,0.05,2,oracle_order,1,1,0,0,
101,38,fz038,rows,products+lineitem,0.05,2,unsafe_late_aggregate,0,1,0,0,
101,38,fz038,rows,products+lineitem,0.05,2,mut_no_mask,0,1,0,0,
101,38,fz038,rows,products+lineitem,0.05,2,mut_drop_tenant,0,0,206,155,
101,38,fz038,rows,products+lineitem,0.05,2,mut_drop_purpose,0,1,0,0,
101,38,fz038,rows,products+lineitem,0.05,2,mut_drop_clearance,0,1,0,0,
101,38,fz038,rows,products+lineitem,0.05,2,mut_drop_region,0,1,0,0,
101,38,fz038,rows,products+lineitem,0.05,2,mut_drop_cross_guard,0,1,0,0,
101,38,fz038,rows,products+lineitem,0.05,2,mut_drop_acl,0,1,0,0,
101,38,fz038,rows,products+lineitem,0.05,2,mut_no_group_guard,0,1,0,0,
101,39,fz039,rows,tickets+customers,0.1,5,post_join_filter,1,1,0,0,
101,39,fz039,rows,tickets+customers,0.1,5,view_barrier,1,1,0,0,
101,39,fz039,rows,tickets+customers,0.1,5,predicate_injection,1,1,0,0,
101,39,fz039,rows,tickets+customers,0.1,5,pcqv_forced,1,1,0,0,
101,39,fz039,rows,tickets+customers,0.1,5,pcqv,1,1,0,0,
101,39,fz039,rows,tickets+customers,0.1,5,oracle_order,1,1,0,0,
101,39,fz039,rows,tickets+customers,0.1,5,unsafe_late_aggregate,0,1,0,0,
101,39,fz039,rows,tickets+customers,0.1,5,mut_no_mask,0,0,2,1,
101,39,fz039,rows,tickets+customers,0.1,5,mut_drop_tenant,0,0,193,188,
101,39,fz039,rows,tickets+customers,0.1,5,mut_drop_purpose,0,0,7,7,
101,39,fz039,rows,tickets+customers,0.1,5,mut_drop_clearance,0,0,1,1,
101,39,fz039,rows,tickets+customers,0.1,5,mut_drop_region,0,1,0,0,
101,39,fz039,rows,tickets+customers,0.1,5,mut_drop_cross_guard,0,1,0,0,
101,39,fz039,rows,tickets+customers,0.1,5,mut_drop_acl,0,1,0,0,
101,39,fz039,rows,tickets+customers,0.1,5,mut_no_group_guard,0,1,0,0,
101,40,fz040,aggregate,lineitem+orders+customers+products,0.5,3,post_join_filter,1,1,0,0,
101,40,fz040,aggregate,lineitem+orders+customers+products,0.5,3,view_barrier,1,1,0,0,
101,40,fz040,aggregate,lineitem+orders+customers+products,0.5,3,predicate_injection,1,1,0,0,
101,40,fz040,aggregate,lineitem+orders+customers+products,0.5,3,pcqv_forced,1,1,0,0,
101,40,fz040,aggregate,lineitem+orders+customers+products,0.5,3,pcqv,1,1,0,0,
101,40,fz040,aggregate,lineitem+orders+customers+products,0.5,3,oracle_order,1,1,0,0,
101,40,fz040,aggregate,lineitem+orders+customers+products,0.5,3,unsafe_late_aggregate,0,0,70,40,
101,40,fz040,aggregate,lineitem+orders+customers+products,0.5,3,mut_no_mask,0,1,0,0,
101,40,fz040,aggregate,lineitem+orders+customers+products,0.5,3,mut_drop_tenant,0,0,60,30,
101,40,fz040,aggregate,lineitem+orders+customers+products,0.5,3,mut_drop_purpose,0,0,60,30,
101,40,fz040,aggregate,lineitem+orders+customers+products,0.5,3,mut_drop_clearance,0,0,24,12,
101,40,fz040,aggregate,lineitem+orders+customers+products,0.5,3,mut_drop_region,0,0,10,10,
101,40,fz040,aggregate,lineitem+orders+customers+products,0.5,3,mut_drop_cross_guard,0,1,0,0,
101,40,fz040,aggregate,lineitem+orders+customers+products,0.5,3,mut_drop_acl,0,1,0,0,
101,40,fz040,aggregate,lineitem+orders+customers+products,0.5,3,mut_no_group_guard,0,1,0,0,
202,1,fz001,aggregate,products+lineitem,0.05,2,post_join_filter,1,1,0,0,
202,1,fz001,aggregate,products+lineitem,0.05,2,view_barrier,1,1,0,0,
202,1,fz001,aggregate,products+lineitem,0.05,2,predicate_injection,1,1,0,0,
202,1,fz001,aggregate,products+lineitem,0.05,2,pcqv_forced,1,1,0,0,
202,1,fz001,aggregate,products+lineitem,0.05,2,pcqv,1,1,0,0,
202,1,fz001,aggregate,products+lineitem,0.05,2,oracle_order,1,1,0,0,
202,1,fz001,aggregate,products+lineitem,0.05,2,unsafe_late_aggregate,0,0,63,48,
202,1,fz001,aggregate,products+lineitem,0.05,2,mut_no_mask,0,1,0,0,
202,1,fz001,aggregate,products+lineitem,0.05,2,mut_drop_tenant,0,0,61,46,
202,1,fz001,aggregate,products+lineitem,0.05,2,mut_drop_purpose,0,1,0,0,
202,1,fz001,aggregate,products+lineitem,0.05,2,mut_drop_clearance,0,1,0,0,
202,1,fz001,aggregate,products+lineitem,0.05,2,mut_drop_region,0,1,0,0,
202,1,fz001,aggregate,products+lineitem,0.05,2,mut_drop_cross_guard,0,1,0,0,
202,1,fz001,aggregate,products+lineitem,0.05,2,mut_drop_acl,0,1,0,0,
202,1,fz001,aggregate,products+lineitem,0.05,2,mut_no_group_guard,0,1,0,0,
202,2,fz002,rows,tickets+customers+orders,0.25,4,post_join_filter,1,1,0,0,
202,2,fz002,rows,tickets+customers+orders,0.25,4,view_barrier,1,1,0,0,
202,2,fz002,rows,tickets+customers+orders,0.25,4,predicate_injection,1,1,0,0,
202,2,fz002,rows,tickets+customers+orders,0.25,4,pcqv_forced,1,1,0,0,
202,2,fz002,rows,tickets+customers+orders,0.25,4,pcqv,1,1,0,0,
202,2,fz002,rows,tickets+customers+orders,0.25,4,oracle_order,1,1,0,0,
202,2,fz002,rows,tickets+customers+orders,0.25,4,unsafe_late_aggregate,0,1,0,0,
202,2,fz002,rows,tickets+customers+orders,0.25,4,mut_no_mask,0,0,94,47,
202,2,fz002,rows,tickets+customers+orders,0.25,4,mut_drop_tenant,0,0,152,128,
202,2,fz002,rows,tickets+customers+orders,0.25,4,mut_drop_purpose,0,0,192,148,
202,2,fz002,rows,tickets+customers+orders,0.25,4,mut_drop_clearance,0,0,6,6,
202,2,fz002,rows,tickets+customers+orders,0.25,4,mut_drop_region,0,1,0,0,
202,2,fz002,rows,tickets+customers+orders,0.25,4,mut_drop_cross_guard,0,1,0,0,
202,2,fz002,rows,tickets+customers+orders,0.25,4,mut_drop_acl,0,1,0,0,
202,2,fz002,rows,tickets+customers+orders,0.25,4,mut_no_group_guard,0,1,0,0,
202,3,fz003,rows,lineitem,0.025,1,post_join_filter,1,1,0,0,
202,3,fz003,rows,lineitem,0.025,1,view_barrier,1,1,0,0,
202,3,fz003,rows,lineitem,0.025,1,predicate_injection,1,1,0,0,
202,3,fz003,rows,lineitem,0.025,1,pcqv_forced,1,1,0,0,
202,3,fz003,rows,lineitem,0.025,1,pcqv,1,1,0,0,
202,3,fz003,rows,lineitem,0.025,1,oracle_order,1,1,0,0,
202,3,fz003,rows,lineitem,0.025,1,unsafe_late_aggregate,0,1,0,0,
202,3,fz003,rows,lineitem,0.025,1,mut_no_mask,0,1,0,0,
202,3,fz003,rows,lineitem,0.025,1,mut_drop_tenant,0,0,394,197,
202,3,fz003,rows,lineitem,0.025,1,mut_drop_purpose,0,1,0,0,
202,3,fz003,rows,lineitem,0.025,1,mut_drop_clearance,0,1,0,0,
202,3,fz003,rows,lineitem,0.025,1,mut_drop_region,0,1,0,0,
202,3,fz003,rows,lineitem,0.025,1,mut_drop_cross_guard,0,1,0,0,
202,3,fz003,rows,lineitem,0.025,1,mut_drop_acl,0,1,0,0,
202,3,fz003,rows,lineitem,0.025,1,mut_no_group_guard,0,1,0,0,
202,4,fz004,rows,lineitem,0.05,1,post_join_filter,1,1,0,0,
202,4,fz004,rows,lineitem,0.05,1,view_barrier,1,1,0,0,
202,4,fz004,rows,lineitem,0.05,1,predicate_injection,1,1,0,0,
202,4,fz004,rows,lineitem,0.05,1,pcqv_forced,1,1,0,0,
202,4,fz004,rows,lineitem,0.05,1,pcqv,1,1,0,0,
202,4,fz004,rows,lineitem,0.05,1,oracle_order,1,1,0,0,
202,4,fz004,rows,lineitem,0.05,1,unsafe_late_aggregate,0,1,0,0,
202,4,fz004,rows,lineitem,0.05,1,mut_no_mask,0,1,0,0,
202,4,fz004,rows,lineitem,0.05,1,mut_drop_tenant,0,0,386,193,
202,4,fz004,rows,lineitem,0.05,1,mut_drop_purpose,0,1,0,0,
202,4,fz004,rows,lineitem,0.05,1,mut_drop_clearance,0,1,0,0,
202,4,fz004,rows,lineitem,0.05,1,mut_drop_region,0,1,0,0,
202,4,fz004,rows,lineitem,0.05,1,mut_drop_cross_guard,0,1,0,0,
202,4,fz004,rows,lineitem,0.05,1,mut_drop_acl,0,1,0,0,
202,4,fz004,rows,lineitem,0.05,1,mut_no_group_guard,0,1,0,0,
202,5,fz005,rows,orders+customers+lineitem,0.05,3,post_join_filter,1,1,0,0,
202,5,fz005,rows,orders+customers+lineitem,0.05,3,view_barrier,1,1,0,0,
202,5,fz005,rows,orders+customers+lineitem,0.05,3,predicate_injection,1,1,0,0,
202,5,fz005,rows,orders+customers+lineitem,0.05,3,pcqv_forced,1,1,0,0,
202,5,fz005,rows,orders+customers+lineitem,0.05,3,pcqv,1,1,0,0,
202,5,fz005,rows,orders+customers+lineitem,0.05,3,oracle_order,1,1,0,0,
202,5,fz005,rows,orders+customers+lineitem,0.05,3,unsafe_late_aggregate,0,1,0,0,
202,5,fz005,rows,orders+customers+lineitem,0.05,3,mut_no_mask,0,1,0,0,
202,5,fz005,rows,orders+customers+lineitem,0.05,3,mut_drop_tenant,0,0,200,200,
202,5,fz005,rows,orders+customers+lineitem,0.05,3,mut_drop_purpose,0,0,7,7,
202,5,fz005,rows,orders+customers+lineitem,0.05,3,mut_drop_clearance,0,1,0,0,
202,5,fz005,rows,orders+customers+lineitem,0.05,3,mut_drop_region,0,0,27,27,
202,5,fz005,rows,orders+customers+lineitem,0.05,3,mut_drop_cross_guard,0,1,0,0,
202,5,fz005,rows,orders+customers+lineitem,0.05,3,mut_drop_acl,0,1,0,0,
202,5,fz005,rows,orders+customers+lineitem,0.05,3,mut_no_group_guard,0,1,0,0,
202,6,fz006,aggregate,tickets+customers+orders,0.1,1,post_join_filter,1,1,0,0,
202,6,fz006,aggregate,tickets+customers+orders,0.1,1,view_barrier,1,1,0,0,
202,6,fz006,aggregate,tickets+customers+orders,0.1,1,predicate_injection,1,1,0,0,
202,6,fz006,aggregate,tickets+customers+orders,0.1,1,pcqv_forced,1,1,0,0,
202,6,fz006,aggregate,tickets+customers+orders,0.1,1,pcqv,1,1,0,0,
202,6,fz006,aggregate,tickets+customers+orders,0.1,1,oracle_order,1,1,0,0,
202,6,fz006,aggregate,tickets+customers+orders,0.1,1,unsafe_late_aggregate,0,0,10,5,
202,6,fz006,aggregate,tickets+customers+orders,0.1,1,mut_no_mask,0,1,0,0,
202,6,fz006,aggregate,tickets+customers+orders,0.1,1,mut_drop_tenant,0,0,10,5,
202,6,fz006,aggregate,tickets+customers+orders,0.1,1,mut_drop_purpose,0,1,0,0,
202,6,fz006,aggregate,tickets+customers+orders,0.1,1,mut_drop_clearance,0,1,0,0,
202,6,fz006,aggregate,tickets+customers+orders,0.1,1,mut_drop_region,0,1,0,0,
202,6,fz006,aggregate,tickets+customers+orders,0.1,1,mut_drop_cross_guard,0,1,0,0,
202,6,fz006,aggregate,tickets+customers+orders,0.1,1,mut_drop_acl,0,1,0,0,
202,6,fz006,aggregate,tickets+customers+orders,0.1,1,mut_no_group_guard,0,1,0,0,
202,7,fz007,aggregate,tickets+customers,0.05,5,post_join_filter,1,1,0,0,
202,7,fz007,aggregate,tickets+customers,0.05,5,view_barrier,1,1,0,0,
202,7,fz007,aggregate,tickets+customers,0.05,5,predicate_injection,1,1,0,0,
202,7,fz007,aggregate,tickets+customers,0.05,5,pcqv_forced,1,1,0,0,
202,7,fz007,aggregate,tickets+customers,0.05,5,pcqv,1,1,0,0,
202,7,fz007,aggregate,tickets+customers,0.05,5,oracle_order,1,1,0,0,
202,7,fz007,aggregate,tickets+customers,0.05,5,unsafe_late_aggregate,0,0,32,25,
202,7,fz007,aggregate,tickets+customers,0.05,5,mut_no_mask,0,1,0,0,
202,7,fz007,aggregate,tickets+customers,0.05,5,mut_drop_tenant,0,0,32,25,
202,7,fz007,aggregate,tickets+customers,0.05,5,mut_drop_purpose,0,0,4,3,
202,7,fz007,aggregate,tickets+customers,0.05,5,mut_drop_clearance,0,1,0,0,
202,7,fz007,aggregate,tickets+customers,0.05,5,mut_drop_region,0,1,0,0,
202,7,fz007,aggregate,tickets+customers,0.05,5,mut_drop_cross_guard,0,1,0,0,
202,7,fz007,aggregate,tickets+customers,0.05,5,mut_drop_acl,0,0,28,22,
202,7,fz007,aggregate,tickets+customers,0.05,5,mut_no_group_guard,0,1,0,0,
202,8,fz008,rows,tickets+customers+orders,0.025,4,post_join_filter,1,1,0,0,
202,8,fz008,rows,tickets+customers+orders,0.025,4,view_barrier,1,1,0,0,
202,8,fz008,rows,tickets+customers+orders,0.025,4,predicate_injection,1,1,0,0,
202,8,fz008,rows,tickets+customers+orders,0.025,4,pcqv_forced,1,1,0,0,
202,8,fz008,rows,tickets+customers+orders,0.025,4,pcqv,1,1,0,0,
202,8,fz008,rows,tickets+customers+orders,0.025,4,oracle_order,1,1,0,0,
202,8,fz008,rows,tickets+customers+orders,0.025,4,unsafe_late_aggregate,0,1,0,0,
202,8,fz008,rows,tickets+customers+orders,0.025,4,mut_no_mask,0,1,0,0,
202,8,fz008,rows,tickets+customers+orders,0.025,4,mut_drop_tenant,0,0,144,144,
202,8,fz008,rows,tickets+customers+orders,0.025,4,mut_drop_purpose,0,1,0,0,
202,8,fz008,rows,tickets+customers+orders,0.025,4,mut_drop_clearance,0,1,0,0,
202,8,fz008,rows,tickets+customers+orders,0.025,4,mut_drop_region,0,1,0,0,
202,8,fz008,rows,tickets+customers+orders,0.025,4,mut_drop_cross_guard,0,1,0,0,
202,8,fz008,rows,tickets+customers+orders,0.025,4,mut_drop_acl,0,1,0,0,
202,8,fz008,rows,tickets+customers+orders,0.025,4,mut_no_group_guard,0,1,0,0,
202,9,fz009,aggregate,orders+customers,0.25,4,post_join_filter,1,1,0,0,
202,9,fz009,aggregate,orders+customers,0.25,4,view_barrier,1,1,0,0,
202,9,fz009,aggregate,orders+customers,0.25,4,predicate_injection,1,1,0,0,
202,9,fz009,aggregate,orders+customers,0.25,4,pcqv_forced,1,1,0,0,
202,9,fz009,aggregate,orders+customers,0.25,4,pcqv,1,1,0,0,
202,9,fz009,aggregate,orders+customers,0.25,4,oracle_order,1,1,0,0,
202,9,fz009,aggregate,orders+customers,0.25,4,unsafe_late_aggregate,0,0,6,3,
202,9,fz009,aggregate,orders+customers,0.25,4,mut_no_mask,0,1,0,0,
202,9,fz009,aggregate,orders+customers,0.25,4,mut_drop_tenant,0,0,6,3,
202,9,fz009,aggregate,orders+customers,0.25,4,mut_drop_purpose,0,0,6,3,
202,9,fz009,aggregate,orders+customers,0.25,4,mut_drop_clearance,0,1,0,0,
202,9,fz009,aggregate,orders+customers,0.25,4,mut_drop_region,0,1,0,0,
202,9,fz009,aggregate,orders+customers,0.25,4,mut_drop_cross_guard,0,1,0,0,
202,9,fz009,aggregate,orders+customers,0.25,4,mut_drop_acl,0,1,0,0,
202,9,fz009,aggregate,orders+customers,0.25,4,mut_no_group_guard,0,1,0,0,
202,10,fz010,aggregate,tickets+customers+orders,0.5,2,post_join_filter,1,1,0,0,
202,10,fz010,aggregate,tickets+customers+orders,0.5,2,view_barrier,1,1,0,0,
202,10,fz010,aggregate,tickets+customers+orders,0.5,2,predicate_injection,1,1,0,0,
202,10,fz010,aggregate,tickets+customers+orders,0.5,2,pcqv_forced,1,1,0,0,
202,10,fz010,aggregate,tickets+customers+orders,0.5,2,pcqv,1,1,0,0,
202,10,fz010,aggregate,tickets+customers+orders,0.5,2,oracle_order,1,1,0,0,
202,10,fz010,aggregate,tickets+customers+orders,0.5,2,unsafe_late_aggregate,0,0,14,8,
202,10,fz010,aggregate,tickets+customers+orders,0.5,2,mut_no_mask,0,1,0,0,
202,10,fz010,aggregate,tickets+customers+orders,0.5,2,mut_drop_tenant,0,0,12,6,
202,10,fz010,aggregate,tickets+customers+orders,0.5,2,mut_drop_purpose,0,1,0,0,
202,10,fz010,aggregate,tickets+customers+orders,0.5,2,mut_drop_clearance,0,0,12,6,
202,10,fz010,aggregate,tickets+customers+orders,0.5,2,mut_drop_region,0,0,2,2,
202,10,fz010,aggregate,tickets+customers+orders,0.5,2,mut_drop_cross_guard,0,1,0,0,
202,10,fz010,aggregate,tickets+customers+orders,0.5,2,mut_drop_acl,0,1,0,0,
202,10,fz010,aggregate,tickets+customers+orders,0.5,2,mut_no_group_guard,0,1,0,0,
202,11,fz011,rows,customers+orders+tickets+lineitem,0.5,6,post_join_filter,1,1,0,0,
202,11,fz011,rows,customers+orders+tickets+lineitem,0.5,6,view_barrier,1,1,0,0,
202,11,fz011,rows,customers+orders+tickets+lineitem,0.5,6,predicate_injection,1,1,0,0,
202,11,fz011,rows,customers+orders+tickets+lineitem,0.5,6,pcqv_forced,1,1,0,0,
202,11,fz011,rows,customers+orders+tickets+lineitem,0.5,6,pcqv,1,1,0,0,
202,11,fz011,rows,customers+orders+tickets+lineitem,0.5,6,oracle_order,1,1,0,0,
202,11,fz011,rows,customers+orders+tickets+lineitem,0.5,6,unsafe_late_aggregate,0,1,0,0,
202,11,fz011,rows,customers+orders+tickets+lineitem,0.5,6,mut_no_mask,0,0,400,200,
202,11,fz011,rows,customers+orders+tickets+lineitem,0.5,6,mut_drop_tenant,0,0,202,101,
202,11,fz011,rows,customers+orders+tickets+lineitem,0.5,6,mut_drop_purpose,0,0,338,169,
202,11,fz011,rows,customers+orders+tickets+lineitem,0.5,6,mut_drop_clearance,0,1,0,0,
202,11,fz011,rows,customers+orders+tickets+lineitem,0.5,6,mut_drop_region,0,1,0,0,
202,11,fz011,rows,customers+orders+tickets+lineitem,0.5,6,mut_drop_cross_guard,0,1,0,0,
202,11,fz011,rows,customers+orders+tickets+lineitem,0.5,6,mut_drop_acl,0,1,0,0,
202,11,fz011,rows,customers+orders+tickets+lineitem,0.5,6,mut_no_group_guard,0,1,0,0,
202,12,fz012,aggregate,products+lineitem,0.05,3,post_join_filter,1,1,0,0,
202,12,fz012,aggregate,products+lineitem,0.05,3,view_barrier,1,1,0,0,
202,12,fz012,aggregate,products+lineitem,0.05,3,predicate_injection,1,1,0,0,
202,12,fz012,aggregate,products+lineitem,0.05,3,pcqv_forced,1,1,0,0,
202,12,fz012,aggregate,products+lineitem,0.05,3,pcqv,1,1,0,0,
202,12,fz012,aggregate,products+lineitem,0.05,3,oracle_order,1,1,0,0,
202,12,fz012,aggregate,products+lineitem,0.05,3,unsafe_late_aggregate,0,0,6,5,
202,12,fz012,aggregate,products+lineitem,0.05,3,mut_no_mask,0,1,0,0,
202,12,fz012,aggregate,products+lineitem,0.05,3,mut_drop_tenant,0,0,3,2,
202,12,fz012,aggregate,products+lineitem,0.05,3,mut_drop_purpose,0,1,0,0,
202,12,fz012,aggregate,products+lineitem,0.05,3,mut_drop_clearance,0,0,3,3,
202,12,fz012,aggregate,products+lineitem,0.05,3,mut_drop_region,0,1,0,0,
202,12,fz012,aggregate,products+lineitem,0.05,3,mut_drop_cross_guard,0,1,0,0,
202,12,fz012,aggregate,products+lineitem,0.05,3,mut_drop_acl,0,1,0,0,
202,12,fz012,aggregate,products+lineitem,0.05,3,mut_no_group_guard,0,1,0,0,
202,13,fz013,aggregate,products+lineitem,0.05,1,post_join_filter,1,1,0,0,
202,13,fz013,aggregate,products+lineitem,0.05,1,view_barrier,1,1,0,0,
202,13,fz013,aggregate,products+lineitem,0.05,1,predicate_injection,1,1,0,0,
202,13,fz013,aggregate,products+lineitem,0.05,1,pcqv_forced,1,1,0,0,
202,13,fz013,aggregate,products+lineitem,0.05,1,pcqv,1,1,0,0,
202,13,fz013,aggregate,products+lineitem,0.05,1,oracle_order,1,1,0,0,
202,13,fz013,aggregate,products+lineitem,0.05,1,unsafe_late_aggregate,0,0,7,4,
202,13,fz013,aggregate,products+lineitem,0.05,1,mut_no_mask,0,1,0,0,
202,13,fz013,aggregate,products+lineitem,0.05,1,mut_drop_tenant,0,0,7,4,
202,13,fz013,aggregate,products+lineitem,0.05,1,mut_drop_purpose,0,1,0,0,
202,13,fz013,aggregate,products+lineitem,0.05,1,mut_drop_clearance,0,1,0,0,
202,13,fz013,aggregate,products+lineitem,0.05,1,mut_drop_region,0,1,0,0,
202,13,fz013,aggregate,products+lineitem,0.05,1,mut_drop_cross_guard,0,1,0,0,
202,13,fz013,aggregate,products+lineitem,0.05,1,mut_drop_acl,0,1,0,0,
202,13,fz013,aggregate,products+lineitem,0.05,1,mut_no_group_guard,0,1,0,0,
202,14,fz014,aggregate,lineitem+orders+customers,0.025,1,post_join_filter,1,1,0,0,
202,14,fz014,aggregate,lineitem+orders+customers,0.025,1,view_barrier,1,1,0,0,
202,14,fz014,aggregate,lineitem+orders+customers,0.025,1,predicate_injection,1,1,0,0,
202,14,fz014,aggregate,lineitem+orders+customers,0.025,1,pcqv_forced,1,1,0,0,
202,14,fz014,aggregate,lineitem+orders+customers,0.025,1,pcqv,1,1,0,0,
202,14,fz014,aggregate,lineitem+orders+customers,0.025,1,oracle_order,1,1,0,0,
202,14,fz014,aggregate,lineitem+orders+customers,0.025,1,unsafe_late_aggregate,0,0,6,3,
202,14,fz014,aggregate,lineitem+orders+customers,0.025,1,mut_no_mask,0,1,0,0,
202,14,fz014,aggregate,lineitem+orders+customers,0.025,1,mut_drop_tenant,0,0,6,3,
202,14,fz014,aggregate,lineitem+orders+customers,0.025,1,mut_drop_purpose,0,1,0,0,
202,14,fz014,aggregate,lineitem+orders+customers,0.025,1,mut_drop_clearance,0,1,0,0,
202,14,fz014,aggregate,lineitem+orders+customers,0.025,1,mut_drop_region,0,1,0,0,
202,14,fz014,aggregate,lineitem+orders+customers,0.025,1,mut_drop_cross_guard,0,1,0,0,
202,14,fz014,aggregate,lineitem+orders+customers,0.025,1,mut_drop_acl,0,1,0,0,
202,14,fz014,aggregate,lineitem+orders+customers,0.025,1,mut_no_group_guard,0,1,0,0,
202,15,fz015,rows,lineitem+products,0.25,3,post_join_filter,1,1,0,0,
202,15,fz015,rows,lineitem+products,0.25,3,view_barrier,1,1,0,0,
202,15,fz015,rows,lineitem+products,0.25,3,predicate_injection,1,1,0,0,
202,15,fz015,rows,lineitem+products,0.25,3,pcqv_forced,1,1,0,0,
202,15,fz015,rows,lineitem+products,0.25,3,pcqv,1,1,0,0,
202,15,fz015,rows,lineitem+products,0.25,3,oracle_order,1,1,0,0,
202,15,fz015,rows,lineitem+products,0.25,3,unsafe_late_aggregate,0,1,0,0,
202,15,fz015,rows,lineitem+products,0.25,3,mut_no_mask,0,1,0,0,
202,15,fz015,rows,lineitem+products,0.25,3,mut_drop_tenant,0,0,298,149,
202,15,fz015,rows,lineitem+products,0.25,3,mut_drop_purpose,0,1,0,0,
202,15,fz015,rows,lineitem+products,0.25,3,mut_drop_clearance,0,0,164,82,
202,15,fz015,rows,lineitem+products,0.25,3,mut_drop_region,0,1,0,0,
202,15,fz015,rows,lineitem+products,0.25,3,mut_drop_cross_guard,0,1,0,0,
202,15,fz015,rows,lineitem+products,0.25,3,mut_drop_acl,0,1,0,0,
202,15,fz015,rows,lineitem+products,0.25,3,mut_no_group_guard,0,1,0,0,
202,16,fz016,aggregate,orders+lineitem+products,0.05,1,post_join_filter,1,1,0,0,
202,16,fz016,aggregate,orders+lineitem+products,0.05,1,view_barrier,1,1,0,0,
202,16,fz016,aggregate,orders+lineitem+products,0.05,1,predicate_injection,1,1,0,0,
202,16,fz016,aggregate,orders+lineitem+products,0.05,1,pcqv_forced,1,1,0,0,
202,16,fz016,aggregate,orders+lineitem+products,0.05,1,pcqv,1,1,0,0,
202,16,fz016,aggregate,orders+lineitem+products,0.05,1,oracle_order,1,1,0,0,
202,16,fz016,aggregate,orders+lineitem+products,0.05,1,unsafe_late_aggregate,0,0,10,5,
202,16,fz016,aggregate,orders+lineitem+products,0.05,1,mut_no_mask,0,1,0,0,
202,16,fz016,aggregate,orders+lineitem+products,0.05,1,mut_drop_tenant,0,0,10,5,
202,16,fz016,aggregate,orders+lineitem+products,0.05,1,mut_drop_purpose,0,1,0,0,
202,16,fz016,aggregate,orders+lineitem+products,0.05,1,mut_drop_clearance,0,1,0,0,
202,16,fz016,aggregate,orders+lineitem+products,0.05,1,mut_drop_region,0,1,0,0,
202,16,fz016,aggregate,orders+lineitem+products,0.05,1,mut_drop_cross_guard,0,1,0,0,
202,16,fz016,aggregate,orders+lineitem+products,0.05,1,mut_drop_acl,0,1,0,0,
202,16,fz016,aggregate,orders+lineitem+products,0.05,1,mut_no_group_guard,0,1,0,0,
202,17,fz017,rows,tickets+customers,0.5,6,post_join_filter,1,1,0,0,
202,17,fz017,rows,tickets+customers,0.5,6,view_barrier,1,1,0,0,
202,17,fz017,rows,tickets+customers,0.5,6,predicate_injection,1,1,0,0,
202,17,fz017,rows,tickets+customers,0.5,6,pcqv_forced,1,1,0,0,
202,17,fz017,rows,tickets+customers,0.5,6,pcqv,1,1,0,0,
202,17,fz017,rows,tickets+customers,0.5,6,oracle_order,1,1,0,0,
202,17,fz017,rows,tickets+customers,0.5,6,unsafe_late_aggregate,0,1,0,0,
202,17,fz017,rows,tickets+customers,0.5,6,mut_no_mask,0,0,400,200,
202,17,fz017,rows,tickets+customers,0.5,6,mut_drop_tenant,0,0,198,99,
202,17,fz017,rows,tickets+customers,0.5,6,mut_drop_purpose,0,0,84,42,
202,17,fz017,rows,tickets+customers,0.5,6,mut_drop_clearance,0,0,16,8,
202,17,fz017,rows,tickets+customers,0.5,6,mut_drop_region,0,1,0,0,
202,17,fz017,rows,tickets+customers,0.5,6,mut_drop_cross_guard,0,1,0,0,
202,17,fz017,rows,tickets+customers,0.5,6,mut_drop_acl,0,0,110,55,
202,17,fz017,rows,tickets+customers,0.5,6,mut_no_group_guard,0,1,0,0,
202,18,fz018,rows,tickets+customers+orders,0.25,5,post_join_filter,1,1,0,0,
202,18,fz018,rows,tickets+customers+orders,0.25,5,view_barrier,1,1,0,0,
202,18,fz018,rows,tickets+customers+orders,0.25,5,predicate_injection,1,1,0,0,
202,18,fz018,rows,tickets+customers+orders,0.25,5,pcqv_forced,1,1,0,0,
202,18,fz018,rows,tickets+customers+orders,0.25,5,pcqv,1,1,0,0,
202,18,fz018,rows,tickets+customers+orders,0.25,5,oracle_order,1,1,0,0,
202,18,fz018,rows,tickets+customers+orders,0.25,5,unsafe_late_aggregate,0,1,0,0,
202,18,fz018,rows,tickets+customers+orders,0.25,5,mut_no_mask,0,0,100,50,
202,18,fz018,rows,tickets+customers+orders,0.25,5,mut_drop_tenant,0,0,216,144,
202,18,fz018,rows,tickets+customers+orders,0.25,5,mut_drop_purpose,0,0,242,157,
202,18,fz018,rows,tickets+customers+orders,0.25,5,mut_drop_clearance,0,0,7,7,
202,18,fz018,rows,tickets+customers+orders,0.25,5,mut_drop_region,0,1,0,0,
202,18,fz018,rows,tickets+customers+orders,0.25,5,mut_drop_cross_guard,0,0,5,5,
202,18,fz018,rows,tickets+customers+orders,0.25,5,mut_drop_acl,0,1,0,0,
202,18,fz018,rows,tickets+customers+orders,0.25,5,mut_no_group_guard,0,1,0,0,
202,19,fz019,rows,tickets+customers,0.025,6,post_join_filter,1,1,0,0,
202,19,fz019,rows,tickets+customers,0.025,6,view_barrier,1,1,0,0,
202,19,fz019,rows,tickets+customers,0.025,6,predicate_injection,1,1,0,0,
202,19,fz019,rows,tickets+customers,0.025,6,pcqv_forced,1,1,0,0,
202,19,fz019,rows,tickets+customers,0.025,6,pcqv,1,1,0,0,
202,19,fz019,rows,tickets+customers,0.025,6,oracle_order,1,1,0,0,
202,19,fz019,rows,tickets+customers,0.025,6,unsafe_late_aggregate,0,1,0,0,
202,19,fz019,rows,tickets+customers,0.025,6,mut_no_mask,0,1,0,0,
202,19,fz019,rows,tickets+customers,0.025,6,mut_drop_tenant,0,0,125,125,
202,19,fz019,rows,tickets+customers,0.025,6,mut_drop_purpose,0,1,0,0,
202,19,fz019,rows,tickets+customers,0.025,6,mut_drop_clearance,0,1,0,0,
202,19,fz019,rows,tickets+customers,0.025,6,mut_drop_region,0,1,0,0,
202,19,fz019,rows,tickets+customers,0.025,6,mut_drop_cross_guard,0,1,0,0,
202,19,fz019,rows,tickets+customers,0.025,6,mut_drop_acl,0,0,13,13,
202,19,fz019,rows,tickets+customers,0.025,6,mut_no_group_guard,0,1,0,0,
202,20,fz020,rows,products+lineitem,0.025,4,post_join_filter,1,1,0,0,
202,20,fz020,rows,products+lineitem,0.025,4,view_barrier,1,1,0,0,
202,20,fz020,rows,products+lineitem,0.025,4,predicate_injection,1,1,0,0,
202,20,fz020,rows,products+lineitem,0.025,4,pcqv_forced,1,1,0,0,
202,20,fz020,rows,products+lineitem,0.025,4,pcqv,1,1,0,0,
202,20,fz020,rows,products+lineitem,0.025,4,oracle_order,1,1,0,0,
202,20,fz020,rows,products+lineitem,0.025,4,unsafe_late_aggregate,0,1,0,0,
202,20,fz020,rows,products+lineitem,0.025,4,mut_no_mask,0,1,0,0,
202,20,fz020,rows,products+lineitem,0.025,4,mut_drop_tenant,0,0,261,200,
202,20,fz020,rows,products+lineitem,0.025,4,mut_drop_purpose,0,1,0,0,
202,20,fz020,rows,products+lineitem,0.025,4,mut_drop_clearance,0,0,139,139,
202,20,fz020,rows,products+lineitem,0.025,4,mut_drop_region,0,1,0,0,
202,20,fz020,rows,products+lineitem,0.025,4,mut_drop_cross_guard,0,0,1,1,
202,20,fz020,rows,products+lineitem,0.025,4,mut_drop_acl,0,1,0,0,
202,20,fz020,rows,products+lineitem,0.025,4,mut_no_group_guard,0,1,0,0,
202,21,fz021,aggregate,customers+tickets+orders,0.5,3,post_join_filter,1,1,0,0,
202,21,fz021,aggregate,customers+tickets+orders,0.5,3,view_barrier,1,1,0,0,
202,21,fz021,aggregate,customers+tickets+orders,0.5,3,predicate_injection,1,1,0,0,
202,21,fz021,aggregate,customers+tickets+orders,0.5,3,pcqv_forced,1,1,0,0,
202,21,fz021,aggregate,customers+tickets+orders,0.5,3,pcqv,1,1,0,0,
202,21,fz021,aggregate,customers+tickets+orders,0.5,3,oracle_order,1,1,0,0,
202,21,fz021,aggregate,customers+tickets+orders,0.5,3,unsafe_late_aggregate,0,0,24,12,
202,21,fz021,aggregate,customers+tickets+orders,0.5,3,mut_no_mask,0,1,0,0,
202,21,fz021,aggregate,customers+tickets+orders,0.5,3,mut_drop_tenant,0,0,24,12,
202,21,fz021,aggregate,customers+tickets+orders,0.5,3,mut_drop_purpose,0,0,24,12,
202,21,fz021,aggregate,customers+tickets+orders,0.5,3,mut_drop_clearance,0,0,10,5,
202,21,fz021,aggregate,customers+tickets+orders,0.5,3,mut_drop_region,0,1,0,0,
202,21,fz021,aggregate,customers+tickets+orders,0.5,3,mut_drop_cross_guard,0,1,0,0,
202,21,fz021,aggregate,customers+tickets+orders,0.5,3,mut_drop_acl,0,1,0,0,
202,21,fz021,aggregate,customers+tickets+orders,0.5,3,mut_no_group_guard,0,1,0,0,
202,22,fz022,aggregate,orders+lineitem,0.25,5,post_join_filter,1,1,0,0,
202,22,fz022,aggregate,orders+lineitem,0.25,5,view_barrier,1,1,0,0,
202,22,fz022,aggregate,orders+lineitem,0.25,5,predicate_injection,1,1,0,0,
202,22,fz022,aggregate,orders+lineitem,0.25,5,pcqv_forced,1,1,0,0,
202,22,fz022,aggregate,orders+lineitem,0.25,5,pcqv,1,1,0,0,
202,22,fz022,aggregate,orders+lineitem,0.25,5,oracle_order,1,1,0,0,
202,22,fz022,aggregate,orders+lineitem,0.25,5,unsafe_late_aggregate,0,0,50,40,
202,22,fz022,aggregate,orders+lineitem,0.25,5,mut_no_mask,0,1,0,0,
202,22,fz022,aggregate,orders+lineitem,0.25,5,mut_drop_tenant,0,0,29,29,
202,22,fz022,aggregate,orders+lineitem,0.25,5,mut_drop_purpose,0,0,20,10,
202,22,fz022,aggregate,orders+lineitem,0.25,5,mut_drop_clearance,0,1,0,0,
202,22,fz022,aggregate,orders+lineitem,0.25,5,mut_drop_region,0,1,0,0,
202,22,fz022,aggregate,orders+lineitem,0.25,5,mut_drop_cross_guard,0,0,20,10,
202,22,fz022,aggregate,orders+lineitem,0.25,5,mut_drop_acl,0,1,0,0,
202,22,fz022,aggregate,orders+lineitem,0.25,5,mut_no_group_guard,0,1,0,0,
202,23,fz023,rows,tickets+customers+orders,0.5,2,post_join_filter,1,1,0,0,
202,23,fz023,rows,tickets+customers+orders,0.5,2,view_barrier,1,1,0,0,
202,23,fz023,rows,tickets+customers+orders,0.5,2,predicate_injection,1,1,0,0,
202,23,fz023,rows,tickets+customers+orders,0.5,2,pcqv_forced,1,1,0,0,
202,23,fz023,rows,tickets+customers+orders,0.5,2,pcqv,1,1,0,0,
202,23,fz023,rows,tickets+customers+orders,0.5,2,oracle_order,1,1,0,0,
202,23,fz023,rows,tickets+customers+orders,0.5,2,unsafe_late_aggregate,0,1,0,0,
202,23,fz023,rows,tickets+customers+orders,0.5,2,mut_no_mask,0,0,132,66,
202,23,fz023,rows,tickets+customers+orders,0.5,2,mut_drop_tenant,0,0,148,74,
202,23,fz023,rows,tickets+customers+orders,0.5,2,mut_drop_purpose,0,1,0,0,
202,23,fz023,rows,tickets+customers+orders,0.5,2,mut_drop_clearance,0,0,36,18,
202,23,fz023,rows,tickets+customers+orders,0.5,2,mut_drop_region,0,0,98,49,
202,23,fz023,rows,tickets+customers+orders,0.5,2,mut_drop_cross_guard,0,1,0,0,
202,23,fz023,rows,tickets+customers+orders,0.5,2,mut_drop_acl,0,1,0,0,
202,23,fz023,rows,tickets+customers+orders,0.5,2,mut_no_group_guard,0,1,0,0,
202,24,fz024,rows,products,0.5,5,post_join_filter,1,1,0,0,
202,24,fz024,rows,products,0.5,5,view_barrier,1,1,0,0,
202,24,fz024,rows,products,0.5,5,predicate_injection,1,1,0,0,
202,24,fz024,rows,products,0.5,5,pcqv_forced,1,1,0,0,
202,24,fz024,rows,products,0.5,5,pcqv,1,1,0,0,
202,24,fz024,rows,products,0.5,5,oracle_order,1,1,0,0,
202,24,fz024,rows,products,0.5,5,unsafe_late_aggregate,0,1,0,0,
202,24,fz024,rows,products,0.5,5,mut_no_mask,0,1,0,0,
202,24,fz024,rows,products,0.5,5,mut_drop_tenant,0,0,59,59,
202,24,fz024,rows,products,0.5,5,mut_drop_purpose,0,1,0,0,
202,24,fz024,rows,products,0.5,5,mut_drop_clearance,0,1,0,0,
202,24,fz024,rows,products,0.5,5,mut_drop_region,0,1,0,0,
202,24,fz024,rows,products,0.5,5,mut_drop_cross_guard,0,1,0,0,
202,24,fz024,rows,products,0.5,5,mut_drop_acl,0,1,0,0,
202,24,fz024,rows,products,0.5,5,mut_no_group_guard,0,1,0,0,
202,25,fz025,aggregate,products+lineitem,0.1,4,post_join_filter,1,1,0,0,
202,25,fz025,aggregate,products+lineitem,0.1,4,view_barrier,1,1,0,0,
202,25,fz025,aggregate,products+lineitem,0.1,4,predicate_injection,1,1,0,0,
202,25,fz025,aggregate,products+lineitem,0.1,4,pcqv_forced,1,1,0,0,
202,25,fz025,aggregate,products+lineitem,0.1,4,pcqv,1,1,0,0,
202,25,fz025,aggregate,products+lineitem,0.1,4,oracle_order,1,1,0,0,
202,25,fz025,aggregate,products+lineitem,0.1,4,unsafe_late_aggregate,0,0,61,48,
202,25,fz025,aggregate,products+lineitem,0.1,4,mut_no_mask,0,1,0,0,
202,25,fz025,aggregate,products+lineitem,0.1,4,mut_drop_tenant,0,0,38,25,
202,25,fz025,aggregate,products+lineitem,0.1,4,mut_drop_purpose,0,1,0,0,
202,25,fz025,aggregate,products+lineitem,0.1,4,mut_drop_clearance,0,0,9,9,
202,25,fz025,aggregate,products+lineitem,0.1,4,mut_drop_region,0,1,0,0,
202,25,fz025,aggregate,products+lineitem,0.1,4,mut_drop_cross_guard,0,0,24,12,
202,25,fz025,aggregate,products+lineitem,0.1,4,mut_drop_acl,0,1,0,0,
202,25,fz025,aggregate,products+lineitem,0.1,4,mut_no_group_guard,0,1,0,0,
202,26,fz026,aggregate,customers+orders,0.025,5,post_join_filter,1,1,0,0,
202,26,fz026,aggregate,customers+orders,0.025,5,view_barrier,1,1,0,0,
202,26,fz026,aggregate,customers+orders,0.025,5,predicate_injection,1,1,0,0,
202,26,fz026,aggregate,customers+orders,0.025,5,pcqv_forced,1,1,0,0,
202,26,fz026,aggregate,customers+orders,0.025,5,pcqv,1,1,0,0,
202,26,fz026,aggregate,customers+orders,0.025,5,oracle_order,1,1,0,0,
202,26,fz026,aggregate,customers+orders,0.025,5,unsafe_late_aggregate,0,0,40,40,
202,26,fz026,aggregate,customers+orders,0.025,5,mut_no_mask,0,1,0,0,
202,26,fz026,aggregate,customers+orders,0.025,5,mut_drop_tenant,0,0,5,5,
202,26,fz026,aggregate,customers+orders,0.025,5,mut_drop_purpose,0,1,0,0,
202,26,fz026,aggregate,customers+orders,0.025,5,mut_drop_clearance,0,1,0,0,
202,26,fz026,aggregate,customers+orders,0.025,5,mut_drop_region,0,1,0,0,
202,26,fz026,aggregate,customers+orders,0.025,5,mut_drop_cross_guard,0,1,0,0,
202,26,fz026,aggregate,customers+orders,0.025,5,mut_drop_acl,0,1,0,0,
202,26,fz026,aggregate,customers+orders,0.025,5,mut_no_group_guard,0,1,0,0,
202,27,fz027,aggregate,products+lineitem,0.05,1,post_join_filter,1,1,0,0,
202,27,fz027,aggregate,products+lineitem,0.05,1,view_barrier,1,1,0,0,
202,27,fz027,aggregate,products+lineitem,0.05,1,predicate_injection,1,1,0,0,
202,27,fz027,aggregate,products+lineitem,0.05,1,pcqv_forced,1,1,0,0,
202,27,fz027,aggregate,products+lineitem,0.05,1,pcqv,1,1,0,0,
202,27,fz027,aggregate,products+lineitem,0.05,1,oracle_order,1,1,0,0,
202,27,fz027,aggregate,products+lineitem,0.05,1,unsafe_late_aggregate,0,0,29,19,
202,27,fz027,aggregate,products+lineitem,0.05,1,mut_no_mask,0,1,0,0,
202,27,fz027,aggregate,products+lineitem,0.05,1,mut_drop_tenant,0,0,29,19,
202,27,fz027,aggregate,products+lineitem,0.05,1,mut_drop_purpose,0,1,0,0,
202,27,fz027,aggregate,products+lineitem,0.05,1,mut_drop_clearance,0,1,0,0,
202,27,fz027,aggregate,products+lineitem,0.05,1,mut_drop_region,0,1,0,0,
202,27,fz027,aggregate,products+lineitem,0.05,1,mut_drop_cross_guard,0,1,0,0,
202,27,fz027,aggregate,products+lineitem,0.05,1,mut_drop_acl,0,1,0,0,
202,27,fz027,aggregate,products+lineitem,0.05,1,mut_no_group_guard,0,1,0,0,
202,28,fz028,rows,orders,0.025,3,post_join_filter,1,1,0,0,
202,28,fz028,rows,orders,0.025,3,view_barrier,1,1,0,0,
202,28,fz028,rows,orders,0.025,3,predicate_injection,1,1,0,0,
202,28,fz028,rows,orders,0.025,3,pcqv_forced,1,1,0,0,
202,28,fz028,rows,orders,0.025,3,pcqv,1,1,0,0,
202,28,fz028,rows,orders,0.025,3,oracle_order,1,1,0,0,
202,28,fz028,rows,orders,0.025,3,unsafe_late_aggregate,0,1,0,0,
202,28,fz028,rows,orders,0.025,3,mut_no_mask,0,1,0,0,
202,28,fz028,rows,orders,0.025,3,mut_drop_tenant,0,0,214,195,
202,28,fz028,rows,orders,0.025,3,mut_drop_purpose,0,0,58,58,
202,28,fz028,rows,orders,0.025,3,mut_drop_clearance,0,1,0,0,
202,28,fz028,rows,orders,0.025,3,mut_drop_region,0,1,0,0,
202,28,fz028,rows,orders,0.025,3,mut_drop_cross_guard,0,1,0,0,
202,28,fz028,rows,orders,0.025,3,mut_drop_acl,0,1,0,0,
202,28,fz028,rows,orders,0.025,3,mut_no_group_guard,0,1,0,0,
202,29,fz029,rows,tickets+customers+orders,0.5,5,post_join_filter,1,1,0,0,
202,29,fz029,rows,tickets+customers+orders,0.5,5,view_barrier,1,1,0,0,
202,29,fz029,rows,tickets+customers+orders,0.5,5,predicate_injection,1,1,0,0,
202,29,fz029,rows,tickets+customers+orders,0.5,5,pcqv_forced,1,1,0,0,
202,29,fz029,rows,tickets+customers+orders,0.5,5,pcqv,1,1,0,0,
202,29,fz029,rows,tickets+customers+orders,0.5,5,oracle_order,1,1,0,0,
202,29,fz029,rows,tickets+customers+orders,0.5,5,unsafe_late_aggregate,0,1,0,0,
202,29,fz029,rows,tickets+customers+orders,0.5,5,mut_no_mask,0,0,146,73,
202,29,fz029,rows,tickets+customers+orders,0.5,5,mut_drop_tenant,0,0,165,92,
202,29,fz029,rows,tickets+customers+orders,0.5,5,mut_drop_purpose,0,0,291,155,
202,29,fz029,rows,tickets+customers+orders,0.5,5,mut_drop_clearance,0,0,8,8,
202,29,fz029,rows,tickets+customers+orders,0.5,5,mut_drop_region,0,1,0,0,
202,29,fz029,rows,tickets+customers+orders,0.5,5,mut_drop_cross_guard,0,1,0,0,
202,29,fz029,rows,tickets+customers+orders,0.5,5,mut_drop_acl,0,1,0,0,
202,29,fz029,rows,tickets+customers+orders,0.5,5,mut_no_group_guard,0,1,0,0,
202,30,fz030,rows,orders,0.025,4,post_join_filter,1,1,0,0,
202,30,fz030,rows,orders,0.025,4,view_barrier,1,1,0,0,
202,30,fz030,rows,orders,0.025,4,predicate_injection,1,1,0,0,
202,30,fz030,rows,orders,0.025,4,pcqv_forced,1,1,0,0,
202,30,fz030,rows,orders,0.025,4,pcqv,1,1,0,0,
202,30,fz030,rows,orders,0.025,4,oracle_order,1,1,0,0,
202,30,fz030,rows,orders,0.025,4,unsafe_late_aggregate,0,1,0,0,
202,30,fz030,rows,orders,0.025,4,mut_no_mask,0,1,0,0,
202,30,fz030,rows,orders,0.025,4,mut_drop_tenant,0,0,119,119,
202,30,fz030,rows,orders,0.025,4,mut_drop_purpose,0,1,0,0,
202,30,fz030,rows,orders,0.025,4,mut_drop_clearance,0,1,0,0,
202,30,fz030,rows,orders,0.025,4,mut_drop_region,0,1,0,0,
202,30,fz030,rows,orders,0.025,4,mut_drop_cross_guard,0,0,22,22,
202,30,fz030,rows,orders,0.025,4,mut_drop_acl,0,1,0,0,
202,30,fz030,rows,orders,0.025,4,mut_no_group_guard,0,1,0,0,
202,31,fz031,rows,products+lineitem+orders,0.25,5,post_join_filter,1,1,0,0,
202,31,fz031,rows,products+lineitem+orders,0.25,5,view_barrier,1,1,0,0,
202,31,fz031,rows,products+lineitem+orders,0.25,5,predicate_injection,1,1,0,0,
202,31,fz031,rows,products+lineitem+orders,0.25,5,pcqv_forced,1,1,0,0,
202,31,fz031,rows,products+lineitem+orders,0.25,5,pcqv,1,1,0,0,
202,31,fz031,rows,products+lineitem+orders,0.25,5,oracle_order,1,1,0,0,
202,31,fz031,rows,products+lineitem+orders,0.25,5,unsafe_late_aggregate,0,1,0,0,
202,31,fz031,rows,products+lineitem+orders,0.25,5,mut_no_mask,0,1,0,0,
202,31,fz031,rows,products+lineitem+orders,0.25,5,mut_drop_tenant,0,0,161,155,
202,31,fz031,rows,products+lineitem+orders,0.25,5,mut_drop_purpose,0,0,185,167,
202,31,fz031,rows,products+lineitem+orders,0.25,5,mut_drop_clearance,0,0,37,37,
202,31,fz031,rows,products+lineitem+orders,0.25,5,mut_drop_region,0,1,0,0,
202,31,fz031,rows,products+lineitem+orders,0.25,5,mut_drop_cross_guard,0,0,77,77,
202,31,fz031,rows,products+lineitem+orders,0.25,5,mut_drop_acl,0,1,0,0,
202,31,fz031,rows,products+lineitem+orders,0.25,5,mut_no_group_guard,0,1,0,0,
202,32,fz032,aggregate,lineitem+products+orders+customers,0.5,3,post_join_filter,1,1,0,0,
202,32,fz032,aggregate,lineitem+products+orders+customers,0.5,3,view_barrier,1,1,0,0,
202,32,fz032,aggregate,lineitem+products+orders+customers,0.5,3,predicate_injection,1,1,0,0,
202,32,fz032,aggregate,lineitem+products+orders+customers,0.5,3,pcqv_forced,1,1,0,0,
202,32,fz032,aggregate,lineitem+products+orders+customers,0.5,3,pcqv,1,1,0,0,
202,32,fz032,aggregate,lineitem+products+orders+customers,0.5,3,oracle_order,1,1,0,0,
202,32,fz032,aggregate,lineitem+products+orders+customers,0.5,3,unsafe_late_aggregate,0,0,46,25,
202,32,fz032,aggregate,lineitem+products+orders+customers,0.5,3,mut_no_mask,0,1,0,0,
202,32,fz032,aggregate,lineitem+products+orders+customers,0.5,3,mut_drop_tenant,0,0,45,24,
202,32,fz032,aggregate,lineitem+products+orders+customers,0.5,3,mut_drop_purpose,0,0,46,25,
202,32,fz032,aggregate,lineitem+products+orders+customers,0.5,3,mut_drop_clearance,0,0,10,5,
202,32,fz032,aggregate,lineitem+products+orders+customers,0.5,3,mut_drop_region,0,0,43,22,
202,32,fz032,aggregate,lineitem+products+orders+customers,0.5,3,mut_drop_cross_guard,0,1,0,0,
202,32,fz032,aggregate,lineitem+products+orders+customers,0.5,3,mut_drop_acl,0,1,0,0,
202,32,fz032,aggregate,lineitem+products+orders+customers,0.5,3,mut_no_group_guard,0,1,0,0,
202,33,fz033,rows,products,0.25,6,post_join_filter,1,1,0,0,
202,33,fz033,rows,products,0.25,6,view_barrier,1,1,0,0,
202,33,fz033,rows,products,0.25,6,predicate_injection,1,1,0,0,
202,33,fz033,rows,products,0.25,6,pcqv_forced,1,1,0,0,
202,33,fz033,rows,products,0.25,6,pcqv,1,1,0,0,
202,33,fz033,rows,products,0.25,6,oracle_order,1,1,0,0,
202,33,fz033,rows,products,0.25,6,unsafe_late_aggregate,0,1,0,0,
202,33,fz033,rows,products,0.25,6,mut_no_mask,0,1,0,0,
202,33,fz033,rows,products,0.25,6,mut_drop_tenant,0,0,114,114,
202,33,fz033,rows,products,0.25,6,mut_drop_purpose,0,1,0,0,
202,33,fz033,rows,products,0.25,6,mut_drop_clearance,0,0,26,26,
202,33,fz033,rows,products,0.25,6,mut_drop_region,0,1,0,0,
202,33,fz033,rows,products,0.25,6,mut_drop_cross_guard,0,1,0,0,
202,33,fz033,rows,products,0.25,6,mut_drop_acl,0,1,0,0,
202,33,fz033,rows,products,0.25,6,mut_no_group_guard,0,1,0,0,
202,34,fz034,rows,customers,0.025,6,post_join_filter,1,1,0,0,
202,34,fz034,rows,customers,0.025,6,view_barrier,1,1,0,0,
202,34,fz034,rows,customers,0.025,6,predicate_injection,1,1,0,0,
202,34,fz034,rows,customers,0.025,6,pcqv_forced,1,1,0,0,
202,34,fz034,rows,customers,0.025,6,pcqv,1,1,0,0,
202,34,fz034,rows,customers,0.025,6,oracle_order,1,1,0,0,
202,34,fz034,rows,customers,0.025,6,unsafe_late_aggregate,0,1,0,0,
202,34,fz034,rows,customers,0.025,6,mut_no_mask,0,1,0,0,
202,34,fz034,rows,customers,0.025,6,mut_drop_tenant,0,0,200,200,
202,34,fz034,rows,customers,0.025,6,mut_drop_purpose,0,1,0,0,
202,34,fz034,rows,customers,0.025,6,mut_drop_clearance,0,1,0,0,
202,34,fz034,rows,customers,0.025,6,mut_drop_region,0,1,0,0,
202,34,fz034,rows,customers,0.025,6,mut_drop_cross_guard,0,1,0,0,
202,34,fz034,rows,customers,0.025,6,mut_drop_acl,0,0,30,30,
202,34,fz034,rows,customers,0.025,6,mut_no_group_guard,0,1,0,0,
202,35,fz035,rows,lineitem+orders+customers,0.25,4,post_join_filter,1,1,0,0,
202,35,fz035,rows,lineitem+orders+customers,0.25,4,view_barrier,1,1,0,0,
202,35,fz035,rows,lineitem+orders+customers,0.25,4,predicate_injection,1,1,0,0,
202,35,fz035,rows,lineitem+orders+customers,0.25,4,pcqv_forced,1,1,0,0,
202,35,fz035,rows,lineitem+orders+customers,0.25,4,pcqv,1,1,0,0,
202,35,fz035,rows,lineitem+orders+customers,0.25,4,oracle_order,1,1,0,0,
202,35,fz035,rows,lineitem+orders+customers,0.25,4,unsafe_late_aggregate,0,1,0,0,
202,35,fz035,rows,lineitem+orders+customers,0.25,4,mut_no_mask,0,0,250,125,
202,35,fz035,rows,lineitem+orders+customers,0.25,4,mut_drop_tenant,0,0,205,140,
202,35,fz035,rows,lineitem+orders+customers,0.25,4,mut_drop_purpose,0,0,223,149,
202,35,fz035,rows,lineitem+orders+customers,0.25,4,mut_drop_clearance,0,1,0,0,
202,35,fz035,rows,lineitem+orders+customers,0.25,4,mut_drop_region,0,1,0,0,
202,35,fz035,rows,lineitem+orders+customers,0.25,4,mut_drop_cross_guard,0,1,0,0,
202,35,fz035,rows,lineitem+orders+customers,0.25,4,mut_drop_acl,0,1,0,0,
202,35,fz035,rows,lineitem+orders+customers,0.25,4,mut_no_group_guard,0,1,0,0,
202,36,fz036,aggregate,tickets+customers+orders,0.025,6,post_join_filter,1,1,0,0,
202,36,fz036,aggregate,tickets+customers+orders,0.025,6,view_barrier,1,1,0,0,
202,36,fz036,aggregate,tickets+customers+orders,0.025,6,predicate_injection,1,1,0,0,
202,36,fz036,aggregate,tickets+customers+orders,0.025,6,pcqv_forced,1,1,0,0,
202,36,fz036,aggregate,tickets+customers+orders,0.025,6,pcqv,1,1,0,0,
202,36,fz036,aggregate,tickets+customers+orders,0.025,6,oracle_order,1,1,0,0,
202,36,fz036,aggregate,tickets+customers+orders,0.025,6,unsafe_late_aggregate,0,0,15,15,
202,36,fz036,aggregate,tickets+customers+orders,0.025,6,mut_no_mask,0,1,0,0,
202,36,fz036,aggregate,tickets+customers+orders,0.025,6,mut_drop_tenant,0,0,5,5,
202,36,fz036,aggregate,tickets+customers+orders,0.025,6,mut_drop_purpose,0,1,0,0,
202,36,fz036,aggregate,tickets+customers+orders,0.025,6,mut_drop_clearance,0,1,0,0,
202,36,fz036,aggregate,tickets+customers+orders,0.025,6,mut_drop_region,0,1,0,0,
202,36,fz036,aggregate,tickets+customers+orders,0.025,6,mut_drop_cross_guard,0,1,0,0,
202,36,fz036,aggregate,tickets+customers+orders,0.025,6,mut_drop_acl,0,1,0,0,
202,36,fz036,aggregate,tickets+customers+orders,0.025,6,mut_no_group_guard,0,1,0,0,
202,37,fz037,aggregate,tickets+customers,0.25,1,post_join_filter,1,1,0,0,
202,37,fz037,aggregate,tickets+customers,0.25,1,view_barrier,1,1,0,0,
202,37,fz037,aggregate,tickets+customers,0.25,1,predicate_injection,1,1,0,0,
202,37,fz037,aggregate,tickets+customers,0.25,1,pcqv_forced,1,1,0,0,
202,37,fz037,aggregate,tickets+customers,0.25,1,pcqv,1,1,0,0,
202,37,fz037,aggregate,tickets+customers,0.25,1,oracle_order,1,1,0,0,
202,37,fz037,aggregate,tickets+customers,0.25,1,unsafe_late_aggregate,0,0,10,5,
202,37,fz037,aggregate,tickets+customers,0.25,1,mut_no_mask,0,1,0,0,
202,37,fz037,aggregate,tickets+customers,0.25,1,mut_drop_tenant,0,0,10,5,
202,37,fz037,aggregate,tickets+customers,0.25,1,mut_drop_purpose,0,1,0,0,
202,37,fz037,aggregate,tickets+customers,0.25,1,mut_drop_clearance,0,1,0,0,
202,37,fz037,aggregate,tickets+customers,0.25,1,mut_drop_region,0,1,0,0,
202,37,fz037,aggregate,tickets+customers,0.25,1,mut_drop_cross_guard,0,1,0,0,
202,37,fz037,aggregate,tickets+customers,0.25,1,mut_drop_acl,0,1,0,0,
202,37,fz037,aggregate,tickets+customers,0.25,1,mut_no_group_guard,0,1,0,0,
202,38,fz038,aggregate,customers+tickets+orders,0.25,2,post_join_filter,1,1,0,0,
202,38,fz038,aggregate,customers+tickets+orders,0.25,2,view_barrier,1,1,0,0,
202,38,fz038,aggregate,customers+tickets+orders,0.25,2,predicate_injection,1,1,0,0,
202,38,fz038,aggregate,customers+tickets+orders,0.25,2,pcqv_forced,1,1,0,0,
202,38,fz038,aggregate,customers+tickets+orders,0.25,2,pcqv,1,1,0,0,
202,38,fz038,aggregate,customers+tickets+orders,0.25,2,oracle_order,1,1,0,0,
202,38,fz038,aggregate,customers+tickets+orders,0.25,2,unsafe_late_aggregate,0,0,10,5,
202,38,fz038,aggregate,customers+tickets+orders,0.25,2,mut_no_mask,0,1,0,0,
202,38,fz038,aggregate,customers+tickets+orders,0.25,2,mut_drop_tenant,0,0,10,5,
202,38,fz038,aggregate,customers+tickets+orders,0.25,2,mut_drop_purpose,0,1,0,0,
202,38,fz038,aggregate,customers+tickets+orders,0.25,2,mut_drop_clearance,0,0,4,2,
202,38,fz038,aggregate,customers+tickets+orders,0.25,2,mut_drop_region,0,0,10,5,
202,38,fz038,aggregate,customers+tickets+orders,0.25,2,mut_drop_cross_guard,0,1,0,0,
202,38,fz038,aggregate,customers+tickets+orders,0.25,2,mut_drop_acl,0,1,0,0,
202,38,fz038,aggregate,customers+tickets+orders,0.25,2,mut_no_group_guard,0,1,0,0,
202,39,fz039,rows,customers+tickets,0.025,1,post_join_filter,1,1,0,0,
202,39,fz039,rows,customers+tickets,0.025,1,view_barrier,1,1,0,0,
202,39,fz039,rows,customers+tickets,0.025,1,predicate_injection,1,1,0,0,
202,39,fz039,rows,customers+tickets,0.025,1,pcqv_forced,1,1,0,0,
202,39,fz039,rows,customers+tickets,0.025,1,pcqv,1,1,0,0,
202,39,fz039,rows,customers+tickets,0.025,1,oracle_order,1,1,0,0,
202,39,fz039,rows,customers+tickets,0.025,1,unsafe_late_aggregate,0,1,0,0,
202,39,fz039,rows,customers+tickets,0.025,1,mut_no_mask,0,0,20,10,
202,39,fz039,rows,customers+tickets,0.025,1,mut_drop_tenant,0,0,238,198,
202,39,fz039,rows,customers+tickets,0.025,1,mut_drop_purpose,0,1,0,0,
202,39,fz039,rows,customers+tickets,0.025,1,mut_drop_clearance,0,1,0,0,
202,39,fz039,rows,customers+tickets,0.025,1,mut_drop_region,0,1,0,0,
202,39,fz039,rows,customers+tickets,0.025,1,mut_drop_cross_guard,0,1,0,0,
202,39,fz039,rows,customers+tickets,0.025,1,mut_drop_acl,0,1,0,0,
202,39,fz039,rows,customers+tickets,0.025,1,mut_no_group_guard,0,1,0,0,
202,40,fz040,rows,lineitem+orders,0.05,5,post_join_filter,1,1,0,0,
202,40,fz040,rows,lineitem+orders,0.05,5,view_barrier,1,1,0,0,
202,40,fz040,rows,lineitem+orders,0.05,5,predicate_injection,1,1,0,0,
202,40,fz040,rows,lineitem+orders,0.05,5,pcqv_forced,1,1,0,0,
202,40,fz040,rows,lineitem+orders,0.05,5,pcqv,1,1,0,0,
202,40,fz040,rows,lineitem+orders,0.05,5,oracle_order,1,1,0,0,
202,40,fz040,rows,lineitem+orders,0.05,5,unsafe_late_aggregate,0,1,0,0,
202,40,fz040,rows,lineitem+orders,0.05,5,mut_no_mask,0,1,0,0,
202,40,fz040,rows,lineitem+orders,0.05,5,mut_drop_tenant,0,0,201,198,
202,40,fz040,rows,lineitem+orders,0.05,5,mut_drop_purpose,0,0,27,27,
202,40,fz040,rows,lineitem+orders,0.05,5,mut_drop_clearance,0,1,0,0,
202,40,fz040,rows,lineitem+orders,0.05,5,mut_drop_region,0,1,0,0,
202,40,fz040,rows,lineitem+orders,0.05,5,mut_drop_cross_guard,0,0,110,110,
202,40,fz040,rows,lineitem+orders,0.05,5,mut_drop_acl,0,1,0,0,
202,40,fz040,rows,lineitem+orders,0.05,5,mut_no_group_guard,0,1,0,0,
303,1,fz001,aggregate,customers+orders,0.5,5,post_join_filter,1,1,0,0,
303,1,fz001,aggregate,customers+orders,0.5,5,view_barrier,1,1,0,0,
303,1,fz001,aggregate,customers+orders,0.5,5,predicate_injection,1,1,0,0,
303,1,fz001,aggregate,customers+orders,0.5,5,pcqv_forced,1,1,0,0,
303,1,fz001,aggregate,customers+orders,0.5,5,pcqv,1,1,0,0,
303,1,fz001,aggregate,customers+orders,0.5,5,oracle_order,1,1,0,0,
303,1,fz001,aggregate,customers+orders,0.5,5,unsafe_late_aggregate,0,0,6,3,
303,1,fz001,aggregate,customers+orders,0.5,5,mut_no_mask,0,1,0,0,
303,1,fz001,aggregate,customers+orders,0.5,5,mut_drop_tenant,0,0,6,3,
303,1,fz001,aggregate,customers+orders,0.5,5,mut_drop_purpose,0,0,6,3,
303,1,fz001,aggregate,customers+orders,0.5,5,mut_drop_clearance,0,0,6,3,
303,1,fz001,aggregate,customers+orders,0.5,5,mut_drop_region,0,1,0,0,
303,1,fz001,aggregate,customers+orders,0.5,5,mut_drop_cross_guard,0,0,4,2,
303,1,fz001,aggregate,customers+orders,0.5,5,mut_drop_acl,0,1,0,0,
303,1,fz001,aggregate,customers+orders,0.5,5,mut_no_group_guard,0,1,0,0,
303,2,fz002,rows,customers,0.025,5,post_join_filter,1,1,0,0,
303,2,fz002,rows,customers,0.025,5,view_barrier,1,1,0,0,
303,2,fz002,rows,customers,0.025,5,predicate_injection,1,1,0,0,
303,2,fz002,rows,customers,0.025,5,pcqv_forced,1,1,0,0,
303,2,fz002,rows,customers,0.025,5,pcqv,1,1,0,0,
303,2,fz002,rows,customers,0.025,5,oracle_order,1,1,0,0,
303,2,fz002,rows,customers,0.025,5,unsafe_late_aggregate,0,1,0,0,
303,2,fz002,rows,customers,0.025,5,mut_no_mask,0,1,0,0,
303,2,fz002,rows,customers,0.025,5,mut_drop_tenant,0,0,154,154,
303,2,fz002,rows,customers,0.025,5,mut_drop_purpose,0,1,0,0,
303,2,fz002,rows,customers,0.025,5,mut_drop_clearance,0,1,0,0,
303,2,fz002,rows,customers,0.025,5,mut_drop_region,0,1,0,0,
303,2,fz002,rows,customers,0.025,5,mut_drop_cross_guard,0,1,0,0,
303,2,fz002,rows,customers,0.025,5,mut_drop_acl,0,0,7,7,
303,2,fz002,rows,customers,0.025,5,mut_no_group_guard,0,1,0,0,
303,3,fz003,aggregate,products+lineitem,0.5,6,post_join_filter,1,1,0,0,
303,3,fz003,aggregate,products+lineitem,0.5,6,view_barrier,1,1,0,0,
303,3,fz003,aggregate,products+lineitem,0.5,6,predicate_injection,1,1,0,0,
303,3,fz003,aggregate,products+lineitem,0.5,6,pcqv_forced,1,1,0,0,
303,3,fz003,aggregate,products+lineitem,0.5,6,pcqv,1,1,0,0,
303,3,fz003,aggregate,products+lineitem,0.5,6,oracle_order,1,1,0,0,
303,3,fz003,aggregate,products+lineitem,0.5,6,unsafe_late_aggregate,0,0,89,52,
303,3,fz003,aggregate,products+lineitem,0.5,6,mut_no_mask,0,1,0,0,
303,3,fz003,aggregate,products+lineitem,0.5,6,mut_drop_tenant,0,0,73,40,
303,3,fz003,aggregate,products+lineitem,0.5,6,mut_drop_purpose,0,1,0,0,
303,3,fz003,aggregate,products+lineitem,0.5,6,mut_drop_clearance,0,0,5,5,
303,3,fz003,aggregate,products+lineitem,0.5,6,mut_drop_region,0,1,0,0,
303,3,fz003,aggregate,products+lineitem,0.5,6,mut_drop_cross_guard,0,0,74,37,
303,3,fz003,aggregate,products+lineitem,0.5,6,mut_drop_acl,0,1,0,0,
303,3,fz003,aggregate,products+lineitem,0.5,6,mut_no_group_guard,0,1,0,0,
303,4,fz004,aggregate,tickets+customers+orders,0.05,4,post_join_filter,1,1,0,0,
303,4,fz004,aggregate,tickets+customers+orders,0.05,4,view_barrier,1,1,0,0,
303,4,fz004,aggregate,tickets+customers+orders,0.05,4,predicate_injection,1,1,0,0,
303,4,fz004,aggregate,tickets+customers+orders,0.05,4,pcqv_forced,1,1,0,0,
303,4,fz004,aggregate,tickets+customers+orders,0.05,4,pcqv,1,1,0,0,
303,4,fz004,aggregate,tickets+customers+orders,0.05,4,oracle_order,1,1,0,0,
303,4,fz004,aggregate,tickets+customers+orders,0.05,4,unsafe_late_aggregate,0,0,6,4,
303,4,fz004,aggregate,tickets+customers+orders,0.05,4,mut_no_mask,0,1,0,0,
303,4,fz004,aggregate,tickets+customers+orders,0.05,4,mut_drop_tenant,0,0,6,4,
303,4,fz004,aggregate,tickets+customers+orders,0.05,4,mut_drop_purpose,0,0,4,2,
303,4,fz004,aggregate,tickets+customers+orders,0.05,4,mut_drop_clearance,0,1,0,0,
303,4,fz004,aggregate,tickets+customers+orders,0.05,4,mut_drop_region,0,1,0,0,
303,4,fz004,aggregate,tickets+customers+orders,0.05,4,mut_drop_cross_guard,0,1,0,0,
303,4,fz004,aggregate,tickets+customers+orders,0.05,4,mut_drop_acl,0,1,0,0,
303,4,fz004,aggregate,tickets+customers+orders,0.05,4,mut_no_group_guard,0,1,0,0,
303,5,fz005,aggregate,orders+customers+lineitem,0.05,6,post_join_filter,1,1,0,0,
303,5,fz005,aggregate,orders+customers+lineitem,0.05,6,view_barrier,1,1,0,0,
303,5,fz005,aggregate,orders+customers+lineitem,0.05,6,predicate_injection,1,1,0,0,
303,5,fz005,aggregate,orders+customers+lineitem,0.05,6,pcqv_forced,1,1,0,0,
303,5,fz005,aggregate,orders+customers+lineitem,0.05,6,pcqv,1,1,0,0,
303,5,fz005,aggregate,orders+customers+lineitem,0.05,6,oracle_order,1,1,0,0,
303,5,fz005,aggregate,orders+customers+lineitem,0.05,6,unsafe_late_aggregate,0,0,5,5,
303,5,fz005,aggregate,orders+customers+lineitem,0.05,6,mut_no_mask,0,1,0,0,
303,5,fz005,aggregate,orders+customers+lineitem,0.05,6,mut_drop_tenant,0,0,5,5,
303,5,fz005,aggregate,orders+customers+lineitem,0.05,6,mut_drop_purpose,0,0,3,3,
303,5,fz005,aggregate,orders+customers+lineitem,0.05,6,mut_drop_clearance,0,1,0,0,
303,5,fz005,aggregate,orders+customers+lineitem,0.05,6,mut_drop_region,0,1,0,0,
303,5,fz005,aggregate,orders+customers+lineitem,0.05,6,mut_drop_cross_guard,0,1,0,0,
303,5,fz005,aggregate,orders+customers+lineitem,0.05,6,mut_drop_acl,0,1,0,0,
303,5,fz005,aggregate,orders+customers+lineitem,0.05,6,mut_no_group_guard,0,0,1,1,
303,6,fz006,rows,customers,0.1,2,post_join_filter,1,1,0,0,
303,6,fz006,rows,customers,0.1,2,view_barrier,1,1,0,0,
303,6,fz006,rows,customers,0.1,2,predicate_injection,1,1,0,0,
303,6,fz006,rows,customers,0.1,2,pcqv_forced,1,1,0,0,
303,6,fz006,rows,customers,0.1,2,pcqv,1,1,0,0,
303,6,fz006,rows,customers,0.1,2,oracle_order,1,1,0,0,
303,6,fz006,rows,customers,0.1,2,unsafe_late_aggregate,0,1,0,0,
303,6,fz006,rows,customers,0.1,2,mut_no_mask,0,0,44,22,
303,6,fz006,rows,customers,0.1,2,mut_drop_tenant,0,0,202,190,
303,6,fz006,rows,customers,0.1,2,mut_drop_purpose,0,1,0,0,
303,6,fz006,rows,customers,0.1,2,mut_drop_clearance,0,0,3,3,
303,6,fz006,rows,customers,0.1,2,mut_drop_region,0,1,0,0,
303,6,fz006,rows,customers,0.1,2,mut_drop_cross_guard,0,1,0,0,
303,6,fz006,rows,customers,0.1,2,mut_drop_acl,0,1,0,0,
303,6,fz006,rows,customers,0.1,2,mut_no_group_guard,0,1,0,0,
303,7,fz007,aggregate,orders+customers+lineitem,0.1,1,post_join_filter,1,1,0,0,
303,7,fz007,aggregate,orders+customers+lineitem,0.1,1,view_barrier,1,1,0,0,
303,7,fz007,aggregate,orders+customers+lineitem,0.1,1,predicate_injection,1,1,0,0,
303,7,fz007,aggregate,orders+customers+lineitem,0.1,1,pcqv_forced,1,1,0,0,
303,7,fz007,aggregate,orders+customers+lineitem,0.1,1,pcqv,1,1,0,0,
303,7,fz007,aggregate,orders+customers+lineitem,0.1,1,oracle_order,1,1,0,0,
303,7,fz007,aggregate,orders+customers+lineitem,0.1,1,unsafe_late_aggregate,0,0,75,40,
303,7,fz007,aggregate,orders+customers+lineitem,0.1,1,mut_no_mask,0,1,0,0,
303,7,fz007,aggregate,orders+customers+lineitem,0.1,1,mut_drop_tenant,0,0,75,40,
303,7,fz007,aggregate,orders+customers+lineitem,0.1,1,mut_drop_purpose,0,1,0,0,
303,7,fz007,aggregate,orders+customers+lineitem,0.1,1,mut_drop_clearance,0,1,0,0,
303,7,fz007,aggregate,orders+customers+lineitem,0.1,1,mut_drop_region,0,1,0,0,
303,7,fz007,aggregate,orders+customers+lineitem,0.1,1,mut_drop_cross_guard,0,1,0,0,
303,7,fz007,aggregate,orders+customers+lineitem,0.1,1,mut_drop_acl,0,1,0,0,
303,7,fz007,aggregate,orders+customers+lineitem,0.1,1,mut_no_group_guard,0,1,0,0,
303,8,fz008,rows,products+lineitem+orders+customers,0.05,2,post_join_filter,1,1,0,0,
303,8,fz008,rows,products+lineitem+orders+customers,0.05,2,view_barrier,1,1,0,0,
303,8,fz008,rows,products+lineitem+orders+customers,0.05,2,predicate_injection,1,1,0,0,
303,8,fz008,rows,products+lineitem+orders+customers,0.05,2,pcqv_forced,1,1,0,0,
303,8,fz008,rows,products+lineitem+orders+customers,0.05,2,pcqv,1,1,0,0,
303,8,fz008,rows,products+lineitem+orders+customers,0.05,2,oracle_order,1,1,0,0,
303,8,fz008,rows,products+lineitem+orders+customers,0.05,2,unsafe_late_aggregate,0,1,0,0,
303,8,fz008,rows,products+lineitem+orders+customers,0.05,2,mut_no_mask,0,0,26,13,
303,8,fz008,rows,products+lineitem+orders+customers,0.05,2,mut_drop_tenant,0,0,228,198,
303,8,fz008,rows,products+lineitem+orders+customers,0.05,2,mut_drop_purpose,0,1,0,0,
303,8,fz008,rows,products+lineitem+orders+customers,0.05,2,mut_drop_clearance,0,1,0,0,
303,8,fz008,rows,products+lineitem+orders+customers,0.05,2,mut_drop_region,0,0,29,29,
303,8,fz008,rows,products+lineitem+orders+customers,0.05,2,mut_drop_cross_guard,0,1,0,0,
303,8,fz008,rows,products+lineitem+orders+customers,0.05,2,mut_drop_acl,0,1,0,0,
303,8,fz008,rows,products+lineitem+orders+customers,0.05,2,mut_no_group_guard,0,1,0,0,
303,9,fz009,aggregate,lineitem+orders+products,0.1,4,post_join_filter,1,1,0,0,
303,9,fz009,aggregate,lineitem+orders+products,0.1,4,view_barrier,1,1,0,0,
303,9,fz009,aggregate,lineitem+orders+products,0.1,4,predicate_injection,1,1,0,0,
303,9,fz009,aggregate,lineitem+orders+products,0.1,4,pcqv_forced,1,1,0,0,
303,9,fz009,aggregate,lineitem+orders+products,0.1,4,pcqv,1,1,0,0,
303,9,fz009,aggregate,lineitem+orders+products,0.1,4,oracle_order,1,1,0,0,
303,9,fz009,aggregate,lineitem+orders+products,0.1,4,unsafe_late_aggregate,0,0,9,6,
303,9,fz009,aggregate,lineitem+orders+products,0.1,4,mut_no_mask,0,1,0,0,
303,9,fz009,aggregate,lineitem+orders+products,0.1,4,mut_drop_tenant,0,0,6,3,
303,9,fz009,aggregate,lineitem+orders+products,0.1,4,mut_drop_purpose,0,0,6,3,
303,9,fz009,aggregate,lineitem+orders+products,0.1,4,mut_drop_clearance,0,0,3,3,
303,9,fz009,aggregate,lineitem+orders+products,0.1,4,mut_drop_region,0,1,0,0,
303,9,fz009,aggregate,lineitem+orders+products,0.1,4,mut_drop_cross_guard,0,0,6,3,
303,9,fz009,aggregate,lineitem+orders+products,0.1,4,mut_drop_acl,0,1,0,0,
303,9,fz009,aggregate,lineitem+orders+products,0.1,4,mut_no_group_guard,0,1,0,0,
303,10,fz010,aggregate,customers+orders,0.1,2,post_join_filter,1,1,0,0,
303,10,fz010,aggregate,customers+orders,0.1,2,view_barrier,1,1,0,0,
303,10,fz010,aggregate,customers+orders,0.1,2,predicate_injection,1,1,0,0,
303,10,fz010,aggregate,customers+orders,0.1,2,pcqv_forced,1,1,0,0,
303,10,fz010,aggregate,customers+orders,0.1,2,pcqv,1,1,0,0,
303,10,fz010,aggregate,customers+orders,0.1,2,oracle_order,1,1,0,0,
303,10,fz010,aggregate,customers+orders,0.1,2,unsafe_late_aggregate,0,0,11,8,
303,10,fz010,aggregate,customers+orders,0.1,2,mut_no_mask,0,1,0,0,
303,10,fz010,aggregate,customers+orders,0.1,2,mut_drop_tenant,0,0,6,3,
303,10,fz010,aggregate,customers+orders,0.1,2,mut_drop_purpose,0,1,0,0,
303,10,fz010,aggregate,customers+orders,0.1,2,mut_drop_clearance,0,0,2,1,
303,10,fz010,aggregate,customers+orders,0.1,2,mut_drop_region,0,0,5,5,
303,10,fz010,aggregate,customers+orders,0.1,2,mut_drop_cross_guard,0,1,0,0,
303,10,fz010,aggregate,customers+orders,0.1,2,mut_drop_acl,0,1,0,0,
303,10,fz010,aggregate,customers+orders,0.1,2,mut_no_group_guard,0,1,0,0,
303,11,fz011,aggregate,tickets+customers+orders,0.5,4,post_join_filter,1,1,0,0,
303,11,fz011,aggregate,tickets+customers+orders,0.5,4,view_barrier,1,1,0,0,
303,11,fz011,aggregate,tickets+customers+orders,0.5,4,predicate_injection,1,1,0,0,
303,11,fz011,aggregate,tickets+customers+orders,0.5,4,pcqv_forced,1,1,0,0,
303,11,fz011,aggregate,tickets+customers+orders,0.5,4,pcqv,1,1,0,0,
303,11,fz011,aggregate,tickets+customers+orders,0.5,4,oracle_order,1,1,0,0,
303,11,fz011,aggregate,tickets+customers+orders,0.5,4,unsafe_late_aggregate,0,0,42,24,
303,11,fz011,aggregate,tickets+customers+orders,0.5,4,mut_no_mask,0,1,0,0,
303,11,fz011,aggregate,tickets+customers+orders,0.5,4,mut_drop_tenant,0,0,36,18,
303,11,fz011,aggregate,tickets+customers+orders,0.5,4,mut_drop_purpose,0,0,36,18,
303,11,fz011,aggregate,tickets+customers+orders,0.5,4,mut_drop_clearance,0,0,10,5,
303,11,fz011,aggregate,tickets+customers+orders,0.5,4,mut_drop_region,0,1,0,0,
303,11,fz011,aggregate,tickets+customers+orders,0.5,4,mut_drop_cross_guard,0,1,0,0,
303,11,fz011,aggregate,tickets+customers+orders,0.5,4,mut_drop_acl,0,1,0,0,
303,11,fz011,aggregate,tickets+customers+orders,0.5,4,mut_no_group_guard,0,1,0,0,
303,12,fz012,rows,customers,0.1,6,post_join_filter,1,1,0,0,
303,12,fz012,rows,customers,0.1,6,view_barrier,1,1,0,0,
303,12,fz012,rows,customers,0.1,6,predicate_injection,1,1,0,0,
303,12,fz012,rows,customers,0.1,6,pcqv_forced,1,1,0,0,
303,12,fz012,rows,customers,0.1,6,pcqv,1,1,0,0,
303,12,fz012,rows,customers,0.1,6,oracle_order,1,1,0,0,
303,12,fz012,rows,customers,0.1,6,unsafe_late_aggregate,0,1,0,0,
303,12,fz012,rows,customers,0.1,6,mut_no_mask,0,0,18,9,
303,12,fz012,rows,customers,0.1,6,mut_drop_tenant,0,0,205,188,
303,12,fz012,rows,customers,0.1,6,mut_drop_purpose,0,1,0,0,
303,12,fz012,rows,customers,0.1,6,mut_drop_clearance,0,0,3,3,
303,12,fz012,rows,customers,0.1,6,mut_drop_region,0,1,0,0,
303,12,fz012,rows,customers,0.1,6,mut_drop_cross_guard,0,1,0,0,
303,12,fz012,rows,customers,0.1,6,mut_drop_acl,0,0,80,80,
303,12,fz012,rows,customers,0.1,6,mut_no_group_guard,0,1,0,0,
303,13,fz013,aggregate,tickets+customers,0.05,6,post_join_filter,1,1,0,0,
303,13,fz013,aggregate,tickets+customers,0.05,6,view_barrier,1,1,0,0,
303,13,fz013,aggregate,tickets+customers,0.05,6,predicate_injection,1,1,0,0,
303,13,fz013,aggregate,tickets+customers,0.05,6,pcqv_forced,1,1,0,0,
303,13,fz013,aggregate,tickets+customers,0.05,6,pcqv,1,1,0,0,
303,13,fz013,aggregate,tickets+customers,0.05,6,oracle_order,1,1,0,0,
303,13,fz013,aggregate,tickets+customers,0.05,6,unsafe_late_aggregate,0,0,40,40,
303,13,fz013,aggregate,tickets+customers,0.05,6,mut_no_mask,0,1,0,0,
303,13,fz013,aggregate,tickets+customers,0.05,6,mut_drop_tenant,0,0,10,10,
303,13,fz013,aggregate,tickets+customers,0.05,6,mut_drop_purpose,0,1,0,0,
303,13,fz013,aggregate,tickets+customers,0.05,6,mut_drop_clearance,0,1,0,0,
303,13,fz013,aggregate,tickets+customers,0.05,6,mut_drop_region,0,1,0,0,
303,13,fz013,aggregate,tickets+customers,0.05,6,mut_drop_cross_guard,0,1,0,0,
303,13,fz013,aggregate,tickets+customers,0.05,6,mut_drop_acl,0,0,1,1,
303,13,fz013,aggregate,tickets+customers,0.05,6,mut_no_group_guard,0,0,6,6,
303,14,fz014,rows,orders,0.025,1,post_join_filter,1,1,0,0,
303,14,fz014,rows,orders,0.025,1,view_barrier,1,1,0,0,
303,14,fz014,rows,orders,0.025,1,predicate_injection,1,1,0,0,
303,14,fz014,rows,orders,0.025,1,pcqv_forced,1,1,0,0,
303,14,fz014,rows,orders,0.025,1,pcqv,1,1,0,0,
303,14,fz014,rows,orders,0.025,1,oracle_order,1,1,0,0,
303,14,fz014,rows,orders,0.025,1,unsafe_late_aggregate,0,1,0,0,
303,14,fz014,rows,orders,0.025,1,mut_no_mask,0,1,0,0,
303,14,fz014,rows,orders,0.025,1,mut_drop_tenant,0,0,253,196,
303,14,fz014,rows,orders,0.025,1,mut_drop_purpose,0,1,0,0,
303,14,fz014,rows,orders,0.025,1,mut_drop_clearance,0,1,0,0,
303,14,fz014,rows,orders,0.025,1,mut_drop_region,0,1,0,0,
303,14,fz014,rows,orders,0.025,1,mut_drop_cross_guard,0,1,0,0,
303,14,fz014,rows,orders,0.025,1,mut_drop_acl,0,1,0,0,
303,14,fz014,rows,orders,0.025,1,mut_no_group_guard,0,1,0,0,
303,15,fz015,aggregate,lineitem+products,0.25,4,post_join_filter,1,1,0,0,
303,15,fz015,aggregate,lineitem+products,0.25,4,view_barrier,1,1,0,0,
303,15,fz015,aggregate,lineitem+products,0.25,4,predicate_injection,1,1,0,0,
303,15,fz015,aggregate,lineitem+products,0.25,4,pcqv_forced,1,1,0,0,
303,15,fz015,aggregate,lineitem+products,0.25,4,pcqv,1,1,0,0,
303,15,fz015,aggregate,lineitem+products,0.25,4,oracle_order,1,1,0,0,
303,15,fz015,aggregate,lineitem+products,0.25,4,unsafe_late_aggregate,0,0,18,9,
303,15,fz015,aggregate,lineitem+products,0.25,4,mut_no_mask,0,1,0,0,
303,15,fz015,aggregate,lineitem+products,0.25,4,mut_drop_tenant,0,0,18,9,
303,15,fz015,aggregate,lineitem+products,0.25,4,mut_drop_purpose,0,1,0,0,
303,15,fz015,aggregate,lineitem+products,0.25,4,mut_drop_clearance,0,0,14,7,
303,15,fz015,aggregate,lineitem+products,0.25,4,mut_drop_region,0,1,0,0,
303,15,fz015,aggregate,lineitem+products,0.25,4,mut_drop_cross_guard,0,0,18,9,
303,15,fz015,aggregate,lineitem+products,0.25,4,mut_drop_acl,0,1,0,0,
303,15,fz015,aggregate,lineitem+products,0.25,4,mut_no_group_guard,0,1,0,0,
303,16,fz016,rows,lineitem,0.25,3,post_join_filter,1,1,0,0,
303,16,fz016,rows,lineitem,0.25,3,view_barrier,1,1,0,0,
303,16,fz016,rows,lineitem,0.25,3,predicate_injection,1,1,0,0,
303,16,fz016,rows,lineitem,0.25,3,pcqv_forced,1,1,0,0,
303,16,fz016,rows,lineitem,0.25,3,pcqv,1,1,0,0,
303,16,fz016,rows,lineitem,0.25,3,oracle_order,1,1,0,0,
303,16,fz016,rows,lineitem,0.25,3,unsafe_late_aggregate,0,1,0,0,
303,16,fz016,rows,lineitem,0.25,3,mut_no_mask,0,1,0,0,
303,16,fz016,rows,lineitem,0.25,3,mut_drop_tenant,0,0,286,143,
303,16,fz016,rows,lineitem,0.25,3,mut_drop_purpose,0,1,0,0,
303,16,fz016,rows,lineitem,0.25,3,mut_drop_clearance,0,1,0,0,
303,16,fz016,rows,lineitem,0.25,3,mut_drop_region,0,1,0,0,
303,16,fz016,rows,lineitem,0.25,3,mut_drop_cross_guard,0,1,0,0,
303,16,fz016,rows,lineitem,0.25,3,mut_drop_acl,0,1,0,0,
303,16,fz016,rows,lineitem,0.25,3,mut_no_group_guard,0,1,0,0,
303,17,fz017,rows,customers,0.025,3,post_join_filter,1,1,0,0,
303,17,fz017,rows,customers,0.025,3,view_barrier,1,1,0,0,
303,17,fz017,rows,customers,0.025,3,predicate_injection,1,1,0,0,
303,17,fz017,rows,customers,0.025,3,pcqv_forced,1,1,0,0,
303,17,fz017,rows,customers,0.025,3,pcqv,1,1,0,0,
303,17,fz017,rows,customers,0.025,3,oracle_order,1,1,0,0,
303,17,fz017,rows,customers,0.025,3,unsafe_late_aggregate,0,1,0,0,
303,17,fz017,rows,customers,0.025,3,mut_no_mask,0,1,0,0,
303,17,fz017,rows,customers,0.025,3,mut_drop_tenant,0,0,139,139,
303,17,fz017,rows,customers,0.025,3,mut_drop_purpose,0,1,0,0,
303,17,fz017,rows,customers,0.025,3,mut_drop_clearance,0,1,0,0,
303,17,fz017,rows,customers,0.025,3,mut_drop_region,0,0,29,29,
303,17,fz017,rows,customers,0.025,3,mut_drop_cross_guard,0,1,0,0,
303,17,fz017,rows,customers,0.025,3,mut_drop_acl,0,1,0,0,
303,17,fz017,rows,customers,0.025,3,mut_no_group_guard,0,1,0,0,
303,18,fz018,rows,customers+orders,0.1,5,post_join_filter,1,1,0,0,
303,18,fz018,rows,customers+orders,0.1,5,view_barrier,1,1,0,0,
303,18,fz018,rows,customers+orders,0.1,5,predicate_injection,1,1,0,0,
303,18,fz018,rows,customers+orders,0.1,5,pcqv_forced,1,1,0,0,
303,18,fz018,rows,customers+orders,0.1,5,pcqv,1,1,0,0,
303,18,fz018,rows,customers+orders,0.1,5,oracle_order,1,1,0,0,
303,18,fz018,rows,customers+orders,0.1,5,unsafe_late_aggregate,0,1,0,0,
303,18,fz018,rows,customers+orders,0.1,5,mut_no_mask,0,0,52,26,
303,18,fz018,rows,customers+orders,0.1,5,mut_drop_tenant,0,0,212,193,
303,18,fz018,rows,customers+orders,0.1,5,mut_drop_purpose,0,0,70,70,
303,18,fz018,rows,customers+orders,0.1,5,mut_drop_clearance,0,0,2,2,
303,18,fz018,rows,customers+orders,0.1,5,mut_drop_region,0,1,0,0,
303,18,fz018,rows,customers+orders,0.1,5,mut_drop_cross_guard,0,0,6,6,
303,18,fz018,rows,customers+orders,0.1,5,mut_drop_acl,0,1,0,0,
303,18,fz018,rows,customers+orders,0.1,5,mut_no_group_guard,0,1,0,0,
303,19,fz019,aggregate,tickets+customers+orders,0.1,3,post_join_filter,1,1,0,0,
303,19,fz019,aggregate,tickets+customers+orders,0.1,3,view_barrier,1,1,0,0,
303,19,fz019,aggregate,tickets+customers+orders,0.1,3,predicate_injection,1,1,0,0,
303,19,fz019,aggregate,tickets+customers+orders,0.1,3,pcqv_forced,1,1,0,0,
303,19,fz019,aggregate,tickets+customers+orders,0.1,3,pcqv,1,1,0,0,
303,19,fz019,aggregate,tickets+customers+orders,0.1,3,oracle_order,1,1,0,0,
303,19,fz019,aggregate,tickets+customers+orders,0.1,3,unsafe_late_aggregate,0,0,50,40,
303,19,fz019,aggregate,tickets+customers+orders,0.1,3,mut_no_mask,0,1,0,0,
303,19,fz019,aggregate,tickets+customers+orders,0.1,3,mut_drop_tenant,0,0,25,15,
303,19,fz019,aggregate,tickets+customers+orders,0.1,3,mut_drop_purpose,0,0,21,11,
303,19,fz019,aggregate,tickets+customers+orders,0.1,3,mut_drop_clearance,0,0,4,2,
303,19,fz019,aggregate,tickets+customers+orders,0.1,3,mut_drop_region,0,0,20,20,
303,19,fz019,aggregate,tickets+customers+orders,0.1,3,mut_drop_cross_guard,0,1,0,0,
303,19,fz019,aggregate,tickets+customers+orders,0.1,3,mut_drop_acl,0,1,0,0,
303,19,fz019,aggregate,tickets+customers+orders,0.1,3,mut_no_group_guard,0,1,0,0,
303,20,fz020,rows,orders+lineitem+products,0.5,6,post_join_filter,1,1,0,0,
303,20,fz020,rows,orders+lineitem+products,0.5,6,view_barrier,1,1,0,0,
303,20,fz020,rows,orders+lineitem+products,0.5,6,predicate_injection,1,1,0,0,
303,20,fz020,rows,orders+lineitem+products,0.5,6,pcqv_forced,1,1,0,0,
303,20,fz020,rows,orders+lineitem+products,0.5,6,pcqv,1,1,0,0,
303,20,fz020,rows,orders+lineitem+products,0.5,6,oracle_order,1,1,0,0,
303,20,fz020,rows,orders+lineitem+products,0.5,6,unsafe_late_aggregate,0,1,0,0,
303,20,fz020,rows,orders+lineitem+products,0.5,6,mut_no_mask,0,1,0,0,
303,20,fz020,rows,orders+lineitem+products,0.5,6,mut_drop_tenant,0,0,194,97,
303,20,fz020,rows,orders+lineitem+products,0.5,6,mut_drop_purpose,0,0,284,142,
303,20,fz020,rows,orders+lineitem+products,0.5,6,mut_drop_clearance,0,1,0,0,
303,20,fz020,rows,orders+lineitem+products,0.5,6,mut_drop_region,0,1,0,0,
303,20,fz020,rows,orders+lineitem+products,0.5,6,mut_drop_cross_guard,0,0,78,39,
303,20,fz020,rows,orders+lineitem+products,0.5,6,mut_drop_acl,0,1,0,0,
303,20,fz020,rows,orders+lineitem+products,0.5,6,mut_no_group_guard,0,1,0,0,
303,21,fz021,rows,customers+orders,0.25,2,post_join_filter,1,1,0,0,
303,21,fz021,rows,customers+orders,0.25,2,view_barrier,1,1,0,0,
303,21,fz021,rows,customers+orders,0.25,2,predicate_injection,1,1,0,0,
303,21,fz021,rows,customers+orders,0.25,2,pcqv_forced,1,1,0,0,
303,21,fz021,rows,customers+orders,0.25,2,pcqv,1,1,0,0,
303,21,fz021,rows,customers+orders,0.25,2,oracle_order,1,1,0,0,
303,21,fz021,rows,customers+orders,0.25,2,unsafe_late_aggregate,0,1,0,0,
303,21,fz021,rows,customers+orders,0.25,2,mut_no_mask,0,0,400,200,
303,21,fz021,rows,customers+orders,0.25,2,mut_drop_tenant,0,0,252,126,
303,21,fz021,rows,customers+orders,0.25,2,mut_drop_purpose,0,1,0,0,
303,21,fz021,rows,customers+orders,0.25,2,mut_drop_clearance,0,0,42,21,
303,21,fz021,rows,customers+orders,0.25,2,mut_drop_region,0,0,182,91,
303,21,fz021,rows,customers+orders,0.25,2,mut_drop_cross_guard,0,1,0,0,
303,21,fz021,rows,customers+orders,0.25,2,mut_drop_acl,0,1,0,0,
303,21,fz021,rows,customers+orders,0.25,2,mut_no_group_guard,0,1,0,0,
303,22,fz022,rows,lineitem,0.5,1,post_join_filter,1,1,0,0,
303,22,fz022,rows,lineitem,0.5,1,view_barrier,1,1,0,0,
303,22,fz022,rows,lineitem,0.5,1,predicate_injection,1,1,0,0,
303,22,fz022,rows,lineitem,0.5,1,pcqv_forced,1,1,0,0,
303,22,fz022,rows,lineitem,0.5,1,pcqv,1,1,0,0,
303,22,fz022,rows,lineitem,0.5,1,oracle_order,1,1,0,0,
303,22,fz022,rows,lineitem,0.5,1,unsafe_late_aggregate,0,1,0,0,
303,22,fz022,rows,lineitem,0.5,1,mut_no_mask,0,1,0,0,
303,22,fz022,rows,lineitem,0.5,1,mut_drop_tenant,0,0,196,98,
303,22,fz022,rows,lineitem,0.5,1,mut_drop_purpose,0,1,0,0,
303,22,fz022,rows,lineitem,0.5,1,mut_drop_clearance,0,1,0,0,
303,22,fz022,rows,lineitem,0.5,1,mut_drop_region,0,1,0,0,
303,22,fz022,rows,lineitem,0.5,1,mut_drop_cross_guard,0,1,0,0,
303,22,fz022,rows,lineitem,0.5,1,mut_drop_acl,0,1,0,0,
303,22,fz022,rows,lineitem,0.5,1,mut_no_group_guard,0,1,0,0,
303,23,fz023,rows,lineitem+products+orders,0.25,3,post_join_filter,1,1,0,0,
303,23,fz023,rows,lineitem+products+orders,0.25,3,view_barrier,1,1,0,0,
303,23,fz023,rows,lineitem+products+orders,0.25,3,predicate_injection,1,1,0,0,
303,23,fz023,rows,lineitem+products+orders,0.25,3,pcqv_forced,1,1,0,0,
303,23,fz023,rows,lineitem+products+orders,0.25,3,pcqv,1,1,0,0,
303,23,fz023,rows,lineitem+products+orders,0.25,3,oracle_order,1,1,0,0,
303,23,fz023,rows,lineitem+products+orders,0.25,3,unsafe_late_aggregate,0,1,0,0,
303,23,fz023,rows,lineitem+products+orders,0.25,3,mut_no_mask,0,1,0,0,
303,23,fz023,rows,lineitem+products+orders,0.25,3,mut_drop_tenant,0,0,328,164,
303,23,fz023,rows,lineitem+products+orders,0.25,3,mut_drop_purpose,0,0,308,154,
303,23,fz023,rows,lineitem+products+orders,0.25,3,mut_drop_clearance,0,0,154,77,
303,23,fz023,rows,lineitem+products+orders,0.25,3,mut_drop_region,0,1,0,0,
303,23,fz023,rows,lineitem+products+orders,0.25,3,mut_drop_cross_guard,0,1,0,0,
303,23,fz023,rows,lineitem+products+orders,0.25,3,mut_drop_acl,0,1,0,0,
303,23,fz023,rows,lineitem+products+orders,0.25,3,mut_no_group_guard,0,1,0,0,
303,24,fz024,rows,orders,0.1,3,post_join_filter,1,1,0,0,
303,24,fz024,rows,orders,0.1,3,view_barrier,1,1,0,0,
303,24,fz024,rows,orders,0.1,3,predicate_injection,1,1,0,0,
303,24,fz024,rows,orders,0.1,3,pcqv_forced,1,1,0,0,
303,24,fz024,rows,orders,0.1,3,pcqv,1,1,0,0,
303,24,fz024,rows,orders,0.1,3,oracle_order,1,1,0,0,
303,24,fz024,rows,orders,0.1,3,unsafe_late_aggregate,0,1,0,0,
303,24,fz024,rows,orders,0.1,3,mut_no_mask,0,1,0,0,
303,24,fz024,rows,orders,0.1,3,mut_drop_tenant,0,0,258,174,
303,24,fz024,rows,orders,0.1,3,mut_drop_purpose,0,0,208,149,
303,24,fz024,rows,orders,0.1,3,mut_drop_clearance,0,1,0,0,
303,24,fz024,rows,orders,0.1,3,mut_drop_region,0,1,0,0,
303,24,fz024,rows,orders,0.1,3,mut_drop_cross_guard,0,1,0,0,
303,24,fz024,rows,orders,0.1,3,mut_drop_acl,0,1,0,0,
303,24,fz024,rows,orders,0.1,3,mut_no_group_guard,0,1,0,0,
303,25,fz025,aggregate,lineitem+orders,0.025,1,post_join_filter,1,1,0,0,
303,25,fz025,aggregate,lineitem+orders,0.025,1,view_barrier,1,1,0,0,
303,25,fz025,aggregate,lineitem+orders,0.025,1,predicate_injection,1,1,0,0,
303,25,fz025,aggregate,lineitem+orders,0.025,1,pcqv_forced,1,1,0,0,
303,25,fz025,aggregate,lineitem+orders,0.025,1,pcqv,1,1,0,0,
303,25,fz025,aggregate,lineitem+orders,0.025,1,oracle_order,1,1,0,0,
303,25,fz025,aggregate,lineitem+orders,0.025,1,unsafe_late_aggregate,0,0,39,39,
303,25,fz025,aggregate,lineitem+orders,0.025,1,mut_no_mask,0,1,0,0,
303,25,fz025,aggregate,lineitem+orders,0.025,1,mut_drop_tenant,0,0,39,39,
303,25,fz025,aggregate,lineitem+orders,0.025,1,mut_drop_purpose,0,1,0,0,
303,25,fz025,aggregate,lineitem+orders,0.025,1,mut_drop_clearance,0,1,0,0,
303,25,fz025,aggregate,lineitem+orders,0.025,1,mut_drop_region,0,1,0,0,
303,25,fz025,aggregate,lineitem+orders,0.025,1,mut_drop_cross_guard,0,1,0,0,
303,25,fz025,aggregate,lineitem+orders,0.025,1,mut_drop_acl,0,1,0,0,
303,25,fz025,aggregate,lineitem+orders,0.025,1,mut_no_group_guard,0,1,0,0,
303,26,fz026,aggregate,products+lineitem,0.5,5,post_join_filter,1,1,0,0,
303,26,fz026,aggregate,products+lineitem,0.5,5,view_barrier,1,1,0,0,
303,26,fz026,aggregate,products+lineitem,0.5,5,predicate_injection,1,1,0,0,
303,26,fz026,aggregate,products+lineitem,0.5,5,pcqv_forced,1,1,0,0,
303,26,fz026,aggregate,products+lineitem,0.5,5,pcqv,1,1,0,0,
303,26,fz026,aggregate,products+lineitem,0.5,5,oracle_order,1,1,0,0,
303,26,fz026,aggregate,products+lineitem,0.5,5,unsafe_late_aggregate,0,0,89,52,
303,26,fz026,aggregate,products+lineitem,0.5,5,mut_no_mask,0,1,0,0,
303,26,fz026,aggregate,products+lineitem,0.5,5,mut_drop_tenant,0,0,73,40,
303,26,fz026,aggregate,products+lineitem,0.5,5,mut_drop_purpose,0,1,0,0,
303,26,fz026,aggregate,products+lineitem,0.5,5,mut_drop_clearance,0,0,5,5,
303,26,fz026,aggregate,products+lineitem,0.5,5,mut_drop_region,0,1,0,0,
303,26,fz026,aggregate,products+lineitem,0.5,5,mut_drop_cross_guard,0,0,74,37,
303,26,fz026,aggregate,products+lineitem,0.5,5,mut_drop_acl,0,1,0,0,
303,26,fz026,aggregate,products+lineitem,0.5,5,mut_no_group_guard,0,1,0,0,
303,27,fz027,aggregate,tickets+customers,0.1,3,post_join_filter,1,1,0,0,
303,27,fz027,aggregate,tickets+customers,0.1,3,view_barrier,1,1,0,0,
303,27,fz027,aggregate,tickets+customers,0.1,3,predicate_injection,1,1,0,0,
303,27,fz027,aggregate,tickets+customers,0.1,3,pcqv_forced,1,1,0,0,
303,27,fz027,aggregate,tickets+customers,0.1,3,pcqv,1,1,0,0,
303,27,fz027,aggregate,tickets+customers,0.1,3,oracle_order,1,1,0,0,
303,27,fz027,aggregate,tickets+customers,0.1,3,unsafe_late_aggregate,0,0,10,5,
303,27,fz027,aggregate,tickets+customers,0.1,3,mut_no_mask,0,1,0,0,
303,27,fz027,aggregate,tickets+customers,0.1,3,mut_drop_tenant,0,0,10,5,
303,27,fz027,aggregate,tickets+customers,0.1,3,mut_drop_purpose,0,0,8,4,
303,27,fz027,aggregate,tickets+customers,0.1,3,mut_drop_clearance,0,0,2,1,
303,27,fz027,aggregate,tickets+customers,0.1,3,mut_drop_region,0,0,10,5,
303,27,fz027,aggregate,tickets+customers,0.1,3,mut_drop_cross_guard,0,1,0,0,
303,27,fz027,aggregate,tickets+customers,0.1,3,mut_drop_acl,0,1,0,0,
303,27,fz027,aggregate,tickets+customers,0.1,3,mut_no_group_guard,0,1,0,0,
303,28,fz028,aggregate,products+lineitem,0.25,1,post_join_filter,1,1,0,0,
303,28,fz028,aggregate,products+lineitem,0.25,1,view_barrier,1,1,0,0,
303,28,fz028,aggregate,products+lineitem,0.25,1,predicate_injection,1,1,0,0,
303,28,fz028,aggregate,products+lineitem,0.25,1,pcqv_forced,1,1,0,0,
303,28,fz028,aggregate,products+lineitem,0.25,1,pcqv,1,1,0,0,
303,28,fz028,aggregate,products+lineitem,0.25,1,oracle_order,1,1,0,0,
303,28,fz028,aggregate,products+lineitem,0.25,1,unsafe_late_aggregate,0,0,10,5,
303,28,fz028,aggregate,products+lineitem,0.25,1,mut_no_mask,0,1,0,0,
303,28,fz028,aggregate,products+lineitem,0.25,1,mut_drop_tenant,0,0,10,5,
303,28,fz028,aggregate,products+lineitem,0.25,1,mut_drop_purpose,0,1,0,0,
303,28,fz028,aggregate,products+lineitem,0.25,1,mut_drop_clearance,0,1,0,0,
303,28,fz028,aggregate,products+lineitem,0.25,1,mut_drop_region,0,1,0,0,
303,28,fz028,aggregate,products+lineitem,0.25,1,mut_drop_cross_guard,0,1,0,0,
303,28,fz028,aggregate,products+lineitem,0.25,1,mut_drop_acl,0,1,0,0,
303,28,fz028,aggregate,products+lineitem,0.25,1,mut_no_group_guard,0,1,0,0,
303,29,fz029,rows,tickets,0.1,4,post_join_filter,1,1,0,0,
303,29,fz029,rows,tickets,0.1,4,view_barrier,1,1,0,0,
303,29,fz029,rows,tickets,0.1,4,predicate_injection,1,1,0,0,
303,29,fz029,rows,tickets,0.1,4,pcqv_forced,1,1,0,0,
303,29,fz029,rows,tickets,0.1,4,pcqv,1,1,0,0,
303,29,fz029,rows,tickets,0.1,4,oracle_order,1,1,0,0,
303,29,fz029,rows,tickets,0.1,4,unsafe_late_aggregate,0,1,0,0,
303,29,fz029,rows,tickets,0.1,4,mut_no_mask,0,1,0,0,
303,29,fz029,rows,tickets,0.1,4,mut_drop_tenant,0,0,250,181,
303,29,fz029,rows,tickets,0.1,4,mut_drop_purpose,0,0,44,44,
303,29,fz029,rows,tickets,0.1,4,mut_drop_clearance,0,1,0,0,
303,29,fz029,rows,tickets,0.1,4,mut_drop_region,0,1,0,0,
303,29,fz029,rows,tickets,0.1,4,mut_drop_cross_guard,0,1,0,0,
303,29,fz029,rows,tickets,0.1,4,mut_drop_acl,0,1,0,0,
303,29,fz029,rows,tickets,0.1,4,mut_no_group_guard,0,1,0,0,
303,30,fz030,rows,tickets+customers,0.1,6,post_join_filter,1,1,0,0,
303,30,fz030,rows,tickets+customers,0.1,6,view_barrier,1,1,0,0,
303,30,fz030,rows,tickets+customers,0.1,6,predicate_injection,1,1,0,0,
303,30,fz030,rows,tickets+customers,0.1,6,pcqv_forced,1,1,0,0,
303,30,fz030,rows,tickets+customers,0.1,6,pcqv,1,1,0,0,
303,30,fz030,rows,tickets+customers,0.1,6,oracle_order,1,1,0,0,
303,30,fz030,rows,tickets+customers,0.1,6,unsafe_late_aggregate,0,1,0,0,
303,30,fz030,rows,tickets+customers,0.1,6,mut_no_mask,0,0,60,30,
303,30,fz030,rows,tickets+customers,0.1,6,mut_drop_tenant,0,0,198,184,
303,30,fz030,rows,tickets+customers,0.1,6,mut_drop_purpose,0,0,13,13,
303,30,fz030,rows,tickets+customers,0.1,6,mut_drop_clearance,0,0,4,4,
303,30,fz030,rows,tickets+customers,0.1,6,mut_drop_region,0,1,0,0,
303,30,fz030,rows,tickets+customers,0.1,6,mut_drop_cross_guard,0,1,0,0,
303,30,fz030,rows,tickets+customers,0.1,6,mut_drop_acl,0,0,77,77,
303,30,fz030,rows,tickets+customers,0.1,6,mut_no_group_guard,0,1,0,0,
303,31,fz031,rows,tickets,0.025,3,post_join_filter,1,1,0,0,
303,31,fz031,rows,tickets,0.025,3,view_barrier,1,1,0,0,
303,31,fz031,rows,tickets,0.025,3,predicate_injection,1,1,0,0,
303,31,fz031,rows,tickets,0.025,3,pcqv_forced,1,1,0,0,
303,31,fz031,rows,tickets,0.025,3,pcqv,1,1,0,0,
303,31,fz031,rows,tickets,0.025,3,oracle_order,1,1,0,0,
303,31,fz031,rows,tickets,0.025,3,unsafe_late_aggregate,0,1,0,0,
303,31,fz031,rows,tickets,0.025,3,mut_no_mask,0,1,0,0,
303,31,fz031,rows,tickets,0.025,3,mut_drop_tenant,0,0,231,193,
303,31,fz031,rows,tickets,0.025,3,mut_drop_purpose,0,0,4,4,
303,31,fz031,rows,tickets,0.025,3,mut_drop_clearance,0,1,0,0,
303,31,fz031,rows,tickets,0.025,3,mut_drop_region,0,1,0,0,
303,31,fz031,rows,tickets,0.025,3,mut_drop_cross_guard,0,1,0,0,
303,31,fz031,rows,tickets,0.025,3,mut_drop_acl,0,1,0,0,
303,31,fz031,rows,tickets,0.025,3,mut_no_group_guard,0,1,0,0,
303,32,fz032,aggregate,customers+orders+lineitem,0.5,6,post_join_filter,1,1,0,0,
303,32,fz032,aggregate,customers+orders+lineitem,0.5,6,view_barrier,1,1,0,0,
303,32,fz032,aggregate,customers+orders+lineitem,0.5,6,predicate_injection,1,1,0,0,
303,32,fz032,aggregate,customers+orders+lineitem,0.5,6,pcqv_forced,1,1,0,0,
303,32,fz032,aggregate,customers+orders+lineitem,0.5,6,pcqv,1,1,0,0,
303,32,fz032,aggregate,customers+orders+lineitem,0.5,6,oracle_order,1,1,0,0,
303,32,fz032,aggregate,customers+orders+lineitem,0.5,6,unsafe_late_aggregate,0,0,70,40,
303,32,fz032,aggregate,customers+orders+lineitem,0.5,6,mut_no_mask,0,1,0,0,
303,32,fz032,aggregate,customers+orders+lineitem,0.5,6,mut_drop_tenant,0,0,60,30,
303,32,fz032,aggregate,customers+orders+lineitem,0.5,6,mut_drop_purpose,0,0,60,30,
303,32,fz032,aggregate,customers+orders+lineitem,0.5,6,mut_drop_clearance,0,0,12,6,
303,32,fz032,aggregate,customers+orders+lineitem,0.5,6,mut_drop_region,0,1,0,0,
303,32,fz032,aggregate,customers+orders+lineitem,0.5,6,mut_drop_cross_guard,0,1,0,0,
303,32,fz032,aggregate,customers+orders+lineitem,0.5,6,mut_drop_acl,0,1,0,0,
303,32,fz032,aggregate,customers+orders+lineitem,0.5,6,mut_no_group_guard,0,1,0,0,
303,33,fz033,aggregate,orders+lineitem,0.025,2,post_join_filter,1,1,0,0,
303,33,fz033,aggregate,orders+lineitem,0.025,2,view_barrier,1,1,0,0,
303,33,fz033,aggregate,orders+lineitem,0.025,2,predicate_injection,1,1,0,0,
303,33,fz033,aggregate,orders+lineitem,0.025,2,pcqv_forced,1,1,0,0,
303,33,fz033,aggregate,orders+lineitem,0.025,2,pcqv,1,1,0,0,
303,33,fz033,aggregate,orders+lineitem,0.025,2,oracle_order,1,1,0,0,
303,33,fz033,aggregate,orders+lineitem,0.025,2,unsafe_late_aggregate,0,0,39,39,
303,33,fz033,aggregate,orders+lineitem,0.025,2,mut_no_mask,0,1,0,0,
303,33,fz033,aggregate,orders+lineitem,0.025,2,mut_drop_tenant,0,0,39,39,
303,33,fz033,aggregate,orders+lineitem,0.025,2,mut_drop_purpose,0,1,0,0,
303,33,fz033,aggregate,orders+lineitem,0.025,2,mut_drop_clearance,0,1,0,0,
303,33,fz033,aggregate,orders+lineitem,0.025,2,mut_drop_region,0,1,0,0,
303,33,fz033,aggregate,orders+lineitem,0.025,2,mut_drop_cross_guard,0,1,0,0,
303,33,fz033,aggregate,orders+lineitem,0.025,2,mut_drop_acl,0,1,0,0,
303,33,fz033,aggregate,orders+lineitem,0.025,2,mut_no_group_guard,0,1,0,0,
303,34,fz034,rows,products,0.1,5,post_join_filter,1,1,0,0,
303,34,fz034,rows,products,0.1,5,view_barrier,1,1,0,0,
303,34,fz034,rows,products,0.1,5,predicate_injection,1,1,0,0,
303,34,fz034,rows,products,0.1,5,pcqv_forced,1,1,0,0,
303,34,fz034,rows,products,0.1,5,pcqv,1,1,0,0,
303,34,fz034,rows,products,0.1,5,oracle_order,1,1,0,0,
303,34,fz034,rows,products,0.1,5,unsafe_late_aggregate,0,1,0,0,
303,34,fz034,rows,products,0.1,5,mut_no_mask,0,1,0,0,
303,34,fz034,rows,products,0.1,5,mut_drop_tenant,0,0,64,64,
303,34,fz034,rows,products,0.1,5,mut_drop_purpose,0,1,0,0,
303,34,fz034,rows,products,0.1,5,mut_drop_clearance,0,0,3,3,
303,34,fz034,rows,products,0.1,5,mut_drop_region,0,1,0,0,
303,34,fz034,rows,products,0.1,5,mut_drop_cross_guard,0,1,0,0,
303,34,fz034,rows,products,0.1,5,mut_drop_acl,0,1,0,0,
303,34,fz034,rows,products,0.1,5,mut_no_group_guard,0,1,0,0,
303,35,fz035,aggregate,lineitem+orders+products,0.05,5,post_join_filter,1,1,0,0,
303,35,fz035,aggregate,lineitem+orders+products,0.05,5,view_barrier,1,1,0,0,
303,35,fz035,aggregate,lineitem+orders+products,0.05,5,predicate_injection,1,1,0,0,
303,35,fz035,aggregate,lineitem+orders+products,0.05,5,pcqv_forced,1,1,0,0,
303,35,fz035,aggregate,lineitem+orders+products,0.05,5,pcqv,1,1,0,0,
303,35,fz035,aggregate,lineitem+orders+products,0.05,5,oracle_order,1,1,0,0,
303,35,fz035,aggregate,lineitem+orders+products,0.05,5,unsafe_late_aggregate,0,0,8,6,
303,35,fz035,aggregate,lineitem+orders+products,0.05,5,mut_no_mask,0,1,0,0,
303,35,fz035,aggregate,lineitem+orders+products,0.05,5,mut_drop_tenant,0,0,4,2,
303,35,fz035,aggregate,lineitem+orders+products,0.05,5,mut_drop_purpose,0,0,2,1,
303,35,fz035,aggregate,lineitem+orders+products,0.05,5,mut_drop_clearance,0,0,1,1,
303,35,fz035,aggregate,lineitem+orders+products,0.05,5,mut_drop_region,0,1,0,0,
303,35,fz035,aggregate,lineitem+orders+products,0.05,5,mut_drop_cross_guard,0,0,4,2,
303,35,fz035,aggregate,lineitem+orders+products,0.05,5,mut_drop_acl,0,1,0,0,
303,35,fz035,aggregate,lineitem+orders+products,0.05,5,mut_no_group_guard,0,1,0,0,
303,36,fz036,rows,lineitem+orders+customers,0.1,2,post_join_filter,1,1,0,0,
303,36,fz036,rows,lineitem+orders+customers,0.1,2,view_barrier,1,1,0,0,
303,36,fz036,rows,lineitem+orders+customers,0.1,2,predicate_injection,1,1,0,0,
303,36,fz036,rows,lineitem+orders+customers,0.1,2,pcqv_forced,1,1,0,0,
303,36,fz036,rows,lineitem+orders+customers,0.1,2,pcqv,1,1,0,0,
303,36,fz036,rows,lineitem+orders+customers,0.1,2,oracle_order,1,1,0,0,
303,36,fz036,rows,lineitem+orders+customers,0.1,2,unsafe_late_aggregate,0,1,0,0,
303,36,fz036,rows,lineitem+orders+customers,0.1,2,mut_no_mask,0,0,50,25,
303,36,fz036,rows,lineitem+orders+customers,0.1,2,mut_drop_tenant,0,0,244,187,
303,36,fz036,rows,lineitem+orders+customers,0.1,2,mut_drop_purpose,0,1,0,0,
303,36,fz036,rows,lineitem+orders+customers,0.1,2,mut_drop_clearance,0,0,7,7,
303,36,fz036,rows,lineitem+orders+customers,0.1,2,mut_drop_region,0,1,0,0,
303,36,fz036,rows,lineitem+orders+customers,0.1,2,mut_drop_cross_guard,0,1,0,0,
303,36,fz036,rows,lineitem+orders+customers,0.1,2,mut_drop_acl,0,1,0,0,
303,36,fz036,rows,lineitem+orders+customers,0.1,2,mut_no_group_guard,0,1,0,0,
303,37,fz037,aggregate,lineitem+products+orders,0.025,5,post_join_filter,1,1,0,0,
303,37,fz037,aggregate,lineitem+products+orders,0.025,5,view_barrier,1,1,0,0,
303,37,fz037,aggregate,lineitem+products+orders,0.025,5,predicate_injection,1,1,0,0,
303,37,fz037,aggregate,lineitem+products+orders,0.025,5,pcqv_forced,1,1,0,0,
303,37,fz037,aggregate,lineitem+products+orders,0.025,5,pcqv,1,1,0,0,
303,37,fz037,aggregate,lineitem+products+orders,0.025,5,oracle_order,1,1,0,0,
303,37,fz037,aggregate,lineitem+products+orders,0.025,5,unsafe_late_aggregate,0,0,44,44,
303,37,fz037,aggregate,lineitem+products+orders,0.025,5,mut_no_mask,0,1,0,0,
303,37,fz037,aggregate,lineitem+products+orders,0.025,5,mut_drop_tenant,0,0,14,14,
303,37,fz037,aggregate,lineitem+products+orders,0.025,5,mut_drop_purpose,0,1,0,0,
303,37,fz037,aggregate,lineitem+products+orders,0.025,5,mut_drop_clearance,0,1,0,0,
303,37,fz037,aggregate,lineitem+products+orders,0.025,5,mut_drop_region,0,1,0,0,
303,37,fz037,aggregate,lineitem+products+orders,0.025,5,mut_drop_cross_guard,0,0,2,2,
303,37,fz037,aggregate,lineitem+products+orders,0.025,5,mut_drop_acl,0,1,0,0,
303,37,fz037,aggregate,lineitem+products+orders,0.025,5,mut_no_group_guard,0,1,0,0,
303,38,fz038,aggregate,tickets+customers,0.05,3,post_join_filter,1,1,0,0,
303,38,fz038,aggregate,tickets+customers,0.05,3,view_barrier,1,1,0,0,
303,38,fz038,aggregate,tickets+customers,0.05,3,predicate_injection,1,1,0,0,
303,38,fz038,aggregate,tickets+customers,0.05,3,pcqv_forced,1,1,0,0,
303,38,fz038,aggregate,tickets+customers,0.05,3,pcqv,1,1,0,0,
303,38,fz038,aggregate,tickets+customers,0.05,3,oracle_order,1,1,0,0,
303,38,fz038,aggregate,tickets+customers,0.05,3,unsafe_late_aggregate,0,0,43,40,
303,38,fz038,aggregate,tickets+customers,0.05,3,mut_no_mask,0,1,0,0,
303,38,fz038,aggregate,tickets+customers,0.05,3,mut_drop_tenant,0,0,13,10,
303,38,fz038,aggregate,tickets+customers,0.05,3,mut_drop_purpose,0,0,4,2,
303,38,fz038,aggregate,tickets+customers,0.05,3,mut_drop_clearance,0,1,0,0,
303,38,fz038,aggregate,tickets+customers,0.05,3,mut_drop_region,0,0,26,26,
303,38,fz038,aggregate,tickets+customers,0.05,3,mut_drop_cross_guard,0,1,0,0,
303,38,fz038,aggregate,tickets+customers,0.05,3,mut_drop_acl,0,1,0,0,
303,38,fz038,aggregate,tickets+customers,0.05,3,mut_no_group_guard,0,1,0,0,
303,39,fz039,rows,products,0.05,4,post_join_filter,1,1,0,0,
303,39,fz039,rows,products,0.05,4,view_barrier,1,1,0,0,
303,39,fz039,rows,products,0.05,4,predicate_injection,1,1,0,0,
303,39,fz039,rows,products,0.05,4,pcqv_forced,1,1,0,0,
303,39,fz039,rows,products,0.05,4,pcqv,1,1,0,0,
303,39,fz039,rows,products,0.05,4,oracle_order,1,1,0,0,
303,39,fz039,rows,products,0.05,4,unsafe_late_aggregate,0,1,0,0,
303,39,fz039,rows,products,0.05,4,mut_no_mask,0,1,0,0,
303,39,fz039,rows,products,0.05,4,mut_drop_tenant,0,0,37,37,
303,39,fz039,rows,products,0.05,4,mut_drop_purpose,0,1,0,0,
303,39,fz039,rows,products,0.05,4,mut_drop_clearance,0,0,3,3,
303,39,fz039,rows,products,0.05,4,mut_drop_region,0,1,0,0,
303,39,fz039,rows,products,0.05,4,mut_drop_cross_guard,0,1,0,0,
303,39,fz039,rows,products,0.05,4,mut_drop_acl,0,1,0,0,
303,39,fz039,rows,products,0.05,4,mut_no_group_guard,0,1,0,0,
303,40,fz040,rows,tickets+customers+orders,0.05,3,post_join_filter,1,1,0,0,
303,40,fz040,rows,tickets+customers+orders,0.05,3,view_barrier,1,1,0,0,
303,40,fz040,rows,tickets+customers+orders,0.05,3,predicate_injection,1,1,0,0,
303,40,fz040,rows,tickets+customers+orders,0.05,3,pcqv_forced,1,1,0,0,
303,40,fz040,rows,tickets+customers+orders,0.05,3,pcqv,1,1,0,0,
303,40,fz040,rows,tickets+customers+orders,0.05,3,oracle_order,1,1,0,0,
303,40,fz040,rows,tickets+customers+orders,0.05,3,unsafe_late_aggregate,0,1,0,0,
303,40,fz040,rows,tickets+customers+orders,0.05,3,mut_no_mask,0,0,22,11,
303,40,fz040,rows,tickets+customers+orders,0.05,3,mut_drop_tenant,0,0,162,162,
303,40,fz040,rows,tickets+customers+orders,0.05,3,mut_drop_purpose,0,0,17,17,
303,40,fz040,rows,tickets+customers+orders,0.05,3,mut_drop_clearance,0,1,0,0,
303,40,fz040,rows,tickets+customers+orders,0.05,3,mut_drop_region,0,1,0,0,
303,40,fz040,rows,tickets+customers+orders,0.05,3,mut_drop_cross_guard,0,1,0,0,
303,40,fz040,rows,tickets+customers+orders,0.05,3,mut_drop_acl,0,1,0,0,
303,40,fz040,rows,tickets+customers+orders,0.05,3,mut_no_group_guard,0,1,0,0,
404,1,fz001,aggregate,customers+orders,0.25,1,post_join_filter,1,1,0,0,
404,1,fz001,aggregate,customers+orders,0.25,1,view_barrier,1,1,0,0,
404,1,fz001,aggregate,customers+orders,0.25,1,predicate_injection,1,1,0,0,
404,1,fz001,aggregate,customers+orders,0.25,1,pcqv_forced,1,1,0,0,
404,1,fz001,aggregate,customers+orders,0.25,1,pcqv,1,1,0,0,
404,1,fz001,aggregate,customers+orders,0.25,1,oracle_order,1,1,0,0,
404,1,fz001,aggregate,customers+orders,0.25,1,unsafe_late_aggregate,0,0,6,3,
404,1,fz001,aggregate,customers+orders,0.25,1,mut_no_mask,0,1,0,0,
404,1,fz001,aggregate,customers+orders,0.25,1,mut_drop_tenant,0,0,6,3,
404,1,fz001,aggregate,customers+orders,0.25,1,mut_drop_purpose,0,1,0,0,
404,1,fz001,aggregate,customers+orders,0.25,1,mut_drop_clearance,0,1,0,0,
404,1,fz001,aggregate,customers+orders,0.25,1,mut_drop_region,0,1,0,0,
404,1,fz001,aggregate,customers+orders,0.25,1,mut_drop_cross_guard,0,1,0,0,
404,1,fz001,aggregate,customers+orders,0.25,1,mut_drop_acl,0,1,0,0,
404,1,fz001,aggregate,customers+orders,0.25,1,mut_no_group_guard,0,1,0,0,
404,2,fz002,aggregate,customers+orders,0.1,5,post_join_filter,1,1,0,0,
404,2,fz002,aggregate,customers+orders,0.1,5,view_barrier,1,1,0,0,
404,2,fz002,aggregate,customers+orders,0.1,5,predicate_injection,1,1,0,0,
404,2,fz002,aggregate,customers+orders,0.1,5,pcqv_forced,1,1,0,0,
404,2,fz002,aggregate,customers+orders,0.1,5,pcqv,1,1,0,0,
404,2,fz002,aggregate,customers+orders,0.1,5,oracle_order,1,1,0,0,
404,2,fz002,aggregate,customers+orders,0.1,5,unsafe_late_aggregate,0,0,47,40,
404,2,fz002,aggregate,customers+orders,0.1,5,mut_no_mask,0,1,0,0,
404,2,fz002,aggregate,customers+orders,0.1,5,mut_drop_tenant,0,0,22,15,
404,2,fz002,aggregate,customers+orders,0.1,5,mut_drop_purpose,0,0,18,11,
404,2,fz002,aggregate,customers+orders,0.1,5,mut_drop_clearance,0,1,0,0,
404,2,fz002,aggregate,customers+orders,0.1,5,mut_drop_region,0,1,0,0,
404,2,fz002,aggregate,customers+orders,0.1,5,mut_drop_cross_guard,0,0,1,1,
404,2,fz002,aggregate,customers+orders,0.1,5,mut_drop_acl,0,1,0,0,
404,2,fz002,aggregate,customers+orders,0.1,5,mut_no_group_guard,0,1,0,0,
404,3,fz003,rows,orders,0.25,4,post_join_filter,1,1,0,0,
404,3,fz003,rows,orders,0.25,4,view_barrier,1,1,0,0,
404,3,fz003,rows,orders,0.25,4,predicate_injection,1,1,0,0,
404,3,fz003,rows,orders,0.25,4,pcqv_forced,1,1,0,0,
404,3,fz003,rows,orders,0.25,4,pcqv,1,1,0,0,
404,3,fz003,rows,orders,0.25,4,oracle_order,1,1,0,0,
404,3,fz003,rows,orders,0.25,4,unsafe_late_aggregate,0,1,0,0,
404,3,fz003,rows,orders,0.25,4,mut_no_mask,0,1,0,0,
404,3,fz003,rows,orders,0.25,4,mut_drop_tenant,0,0,248,151,
404,3,fz003,rows,orders,0.25,4,mut_drop_purpose,0,0,248,151,
404,3,fz003,rows,orders,0.25,4,mut_drop_clearance,0,1,0,0,
404,3,fz003,rows,orders,0.25,4,mut_drop_region,0,1,0,0,
404,3,fz003,rows,orders,0.25,4,mut_drop_cross_guard,0,0,124,89,
404,3,fz003,rows,orders,0.25,4,mut_drop_acl,0,1,0,0,
404,3,fz003,rows,orders,0.25,4,mut_no_group_guard,0,1,0,0,
404,4,fz004,rows,tickets+customers,0.1,3,post_join_filter,1,1,0,0,
404,4,fz004,rows,tickets+customers,0.1,3,view_barrier,1,1,0,0,
404,4,fz004,rows,tickets+customers,0.1,3,predicate_injection,1,1,0,0,
404,4,fz004,rows,tickets+customers,0.1,3,pcqv_forced,1,1,0,0,
404,4,fz004,rows,tickets+customers,0.1,3,pcqv,1,1,0,0,
404,4,fz004,rows,tickets+customers,0.1,3,oracle_order,1,1,0,0,
404,4,fz004,rows,tickets+customers,0.1,3,unsafe_late_aggregate,0,1,0,0,
404,4,fz004,rows,tickets+customers,0.1,3,mut_no_mask,0,0,52,26,
404,4,fz004,rows,tickets+customers,0.1,3,mut_drop_tenant,0,0,192,183,
404,4,fz004,rows,tickets+customers,0.1,3,mut_drop_purpose,0,0,7,7,
404,4,fz004,rows,tickets+customers,0.1,3,mut_drop_clearance,0,1,0,0,
404,4,fz004,rows,tickets+customers,0.1,3,mut_drop_region,0,0,53,53,
404,4,fz004,rows,tickets+customers,0.1,3,mut_drop_cross_guard,0,1,0,0,
404,4,fz004,rows,tickets+customers,0.1,3,mut_drop_acl,0,1,0,0,
404,4,fz004,rows,tickets+customers,0.1,3,mut_no_group_guard,0,1,0,0,
404,5,fz005,aggregate,lineitem+products,0.05,3,post_join_filter,1,1,0,0,
404,5,fz005,aggregate,lineitem+products,0.05,3,view_barrier,1,1,0,0,
404,5,fz005,aggregate,lineitem+products,0.05,3,predicate_injection,1,1,0,0,
404,5,fz005,aggregate,lineitem+products,0.05,3,pcqv_forced,1,1,0,0,
404,5,fz005,aggregate,lineitem+products,0.05,3,pcqv,1,1,0,0,
404,5,fz005,aggregate,lineitem+products,0.05,3,oracle_order,1,1,0,0,
404,5,fz005,aggregate,lineitem+products,0.05,3,unsafe_late_aggregate,0,0,48,45,
404,5,fz005,aggregate,lineitem+products,0.05,3,mut_no_mask,0,1,0,0,
404,5,fz005,aggregate,lineitem+products,0.05,3,mut_drop_tenant,0,0,21,18,
404,5,fz005,aggregate,lineitem+products,0.05,3,mut_drop_purpose,0,1,0,0,
404,5,fz005,aggregate,lineitem+products,0.05,3,mut_drop_clearance,0,0,10,10,
404,5,fz005,aggregate,lineitem+products,0.05,3,mut_drop_region,0,1,0,0,
404,5,fz005,aggregate,lineitem+products,0.05,3,mut_drop_cross_guard,0,1,0,0,
404,5,fz005,aggregate,lineitem+products,0.05,3,mut_drop_acl,0,1,0,0,
404,5,fz005,aggregate,lineitem+products,0.05,3,mut_no_group_guard,0,1,0,0,
404,6,fz006,rows,products,0.5,3,post_join_filter,1,1,0,0,
404,6,fz006,rows,products,0.5,3,view_barrier,1,1,0,0,
404,6,fz006,rows,products,0.5,3,predicate_injection,1,1,0,0,
404,6,fz006,rows,products,0.5,3,pcqv_forced,1,1,0,0,
404,6,fz006,rows,products,0.5,3,pcqv,1,1,0,0,
404,6,fz006,rows,products,0.5,3,oracle_order,1,1,0,0,
404,6,fz006,rows,products,0.5,3,unsafe_late_aggregate,0,1,0,0,
404,6,fz006,rows,products,0.5,3,mut_no_mask,0,1,0,0,
404,6,fz006,rows,products,0.5,3,mut_drop_tenant,0,0,116,90,
404,6,fz006,rows,products,0.5,3,mut_drop_purpose,0,1,0,0,
404,6,fz006,rows,products,0.5,3,mut_drop_clearance,0,1,0,0,
404,6,fz006,rows,products,0.5,3,mut_drop_region,0,1,0,0,
404,6,fz006,rows,products,0.5,3,mut_drop_cross_guard,0,1,0,0,
404,6,fz006,rows,products,0.5,3,mut_drop_acl,0,1,0,0,
404,6,fz006,rows,products,0.5,3,mut_no_group_guard,0,1,0,0,
404,7,fz007,rows,customers+tickets+orders,0.25,1,post_join_filter,1,1,0,0,
404,7,fz007,rows,customers+tickets+orders,0.25,1,view_barrier,1,1,0,0,
404,7,fz007,rows,customers+tickets+orders,0.25,1,predicate_injection,1,1,0,0,
404,7,fz007,rows,customers+tickets+orders,0.25,1,pcqv_forced,1,1,0,0,
404,7,fz007,rows,customers+tickets+orders,0.25,1,pcqv,1,1,0,0,
404,7,fz007,rows,customers+tickets+orders,0.25,1,oracle_order,1,1,0,0,
404,7,fz007,rows,customers+tickets+orders,0.25,1,unsafe_late_aggregate,0,1,0,0,
404,7,fz007,rows,customers+tickets+orders,0.25,1,mut_no_mask,0,0,82,41,
404,7,fz007,rows,customers+tickets+orders,0.25,1,mut_drop_tenant,0,0,294,147,
404,7,fz007,rows,customers+tickets+orders,0.25,1,mut_drop_purpose,0,1,0,0,
404,7,fz007,rows,customers+tickets+orders,0.25,1,mut_drop_clearance,0,1,0,0,
404,7,fz007,rows,customers+tickets+orders,0.25,1,mut_drop_region,0,1,0,0,
404,7,fz007,rows,customers+tickets+orders,0.25,1,mut_drop_cross_guard,0,1,0,0,
404,7,fz007,rows,customers+tickets+orders,0.25,1,mut_drop_acl,0,1,0,0,
404,7,fz007,rows,customers+tickets+orders,0.25,1,mut_no_group_guard,0,1,0,0,
404,8,fz008,aggregate,customers+orders,0.025,1,post_join_filter,1,1,0,0,
404,8,fz008,aggregate,customers+orders,0.025,1,view_barrier,1,1,0,0,
404,8,fz008,aggregate,customers+orders,0.025,1,predicate_injection,1,1,0,0,
404,8,fz008,aggregate,customers+orders,0.025,1,pcqv_forced,1,1,0,0,
404,8,fz008,aggregate,customers+orders,0.025,1,pcqv,1,1,0,0,
404,8,fz008,aggregate,customers+orders,0.025,1,oracle_order,1,1,0,0,
404,8,fz008,aggregate,customers+orders,0.025,1,unsafe_late_aggregate,0,0,59,40,
404,8,fz008,aggregate,customers+orders,0.025,1,mut_no_mask,0,1,0,0,
404,8,fz008,aggregate,customers+orders,0.025,1,mut_drop_tenant,0,0,59,40,
404,8,fz008,aggregate,customers+orders,0.025,1,mut_drop_purpose,0,1,0,0,
404,8,fz008,aggregate,customers+orders,0.025,1,mut_drop_clearance,0,1,0,0,
404,8,fz008,aggregate,customers+orders,0.025,1,mut_drop_region,0,1,0,0,
404,8,fz008,aggregate,customers+orders,0.025,1,mut_drop_cross_guard,0,1,0,0,
404,8,fz008,aggregate,customers+orders,0.025,1,mut_drop_acl,0,1,0,0,
404,8,fz008,aggregate,customers+orders,0.025,1,mut_no_group_guard,0,1,0,0,
404,9,fz009,aggregate,orders+customers+lineitem+products,0.25,3,post_join_filter,1,1,0,0,
404,9,fz009,aggregate,orders+customers+lineitem+products,0.25,3,view_barrier,1,1,0,0,
404,9,fz009,aggregate,orders+customers+lineitem+products,0.25,3,predicate_injection,1,1,0,0,
404,9,fz009,aggregate,orders+customers+lineitem+products,0.25,3,pcqv_forced,1,1,0,0,
404,9,fz009,aggregate,orders+customers+lineitem+products,0.25,3,pcqv,1,1,0,0,
404,9,fz009,aggregate,orders+customers+lineitem+products,0.25,3,oracle_order,1,1,0,0,
404,9,fz009,aggregate,orders+customers+lineitem+products,0.25,3,unsafe_late_aggregate,0,0,101,72,
404,9,fz009,aggregate,orders+customers+lineitem+products,0.25,3,mut_no_mask,0,1,0,0,
404,9,fz009,aggregate,orders+customers+lineitem+products,0.25,3,mut_drop_tenant,0,0,65,36,
404,9,fz009,aggregate,orders+customers+lineitem+products,0.25,3,mut_drop_purpose,0,0,64,35,
404,9,fz009,aggregate,orders+customers+lineitem+products,0.25,3,mut_drop_clearance,0,0,43,23,
404,9,fz009,aggregate,orders+customers+lineitem+products,0.25,3,mut_drop_region,0,0,30,30,
404,9,fz009,aggregate,orders+customers+lineitem+products,0.25,3,mut_drop_cross_guard,0,1,0,0,
404,9,fz009,aggregate,orders+customers+lineitem+products,0.25,3,mut_drop_acl,0,1,0,0,
404,9,fz009,aggregate,orders+customers+lineitem+products,0.25,3,mut_no_group_guard,0,1,0,0,
404,10,fz010,rows,tickets,0.5,3,post_join_filter,1,1,0,0,
404,10,fz010,rows,tickets,0.5,3,view_barrier,1,1,0,0,
404,10,fz010,rows,tickets,0.5,3,predicate_injection,1,1,0,0,
404,10,fz010,rows,tickets,0.5,3,pcqv_forced,1,1,0,0,
404,10,fz010,rows,tickets,0.5,3,pcqv,1,1,0,0,
404,10,fz010,rows,tickets,0.5,3,oracle_order,1,1,0,0,
404,10,fz010,rows,tickets,0.5,3,unsafe_late_aggregate,0,1,0,0,
404,10,fz010,rows,tickets,0.5,3,mut_no_mask,0,1,0,0,
404,10,fz010,rows,tickets,0.5,3,mut_drop_tenant,0,0,198,99,
404,10,fz010,rows,tickets,0.5,3,mut_drop_purpose,0,0,90,45,
404,10,fz010,rows,tickets,0.5,3,mut_drop_clearance,0,1,0,0,
404,10,fz010,rows,tickets,0.5,3,mut_drop_region,0,1,0,0,
404,10,fz010,rows,tickets,0.5,3,mut_drop_cross_guard,0,1,0,0,
404,10,fz010,rows,tickets,0.5,3,mut_drop_acl,0,1,0,0,
404,10,fz010,rows,tickets,0.5,3,mut_no_group_guard,0,1,0,0,
404,11,fz011,aggregate,customers+orders+lineitem,0.1,1,post_join_filter,1,1,0,0,
404,11,fz011,aggregate,customers+orders+lineitem,0.1,1,view_barrier,1,1,0,0,
404,11,fz011,aggregate,customers+orders+lineitem,0.1,1,predicate_injection,1,1,0,0,
404,11,fz011,aggregate,customers+orders+lineitem,0.1,1,pcqv_forced,1,1,0,0,
404,11,fz011,aggregate,customers+orders+lineitem,0.1,1,pcqv,1,1,0,0,
404,11,fz011,aggregate,customers+orders+lineitem,0.1,1,oracle_order,1,1,0,0,
404,11,fz011,aggregate,customers+orders+lineitem,0.1,1,unsafe_late_aggregate,0,0,6,3,
404,11,fz011,aggregate,customers+orders+lineitem,0.1,1,mut_no_mask,0,1,0,0,
404,11,fz011,aggregate,customers+orders+lineitem,0.1,1,mut_drop_tenant,0,0,6,3,
404,11,fz011,aggregate,customers+orders+lineitem,0.1,1,mut_drop_purpose,0,1,0,0,
404,11,fz011,aggregate,customers+orders+lineitem,0.1,1,mut_drop_clearance,0,1,0,0,
404,11,fz011,aggregate,customers+orders+lineitem,0.1,1,mut_drop_region,0,1,0,0,
404,11,fz011,aggregate,customers+orders+lineitem,0.1,1,mut_drop_cross_guard,0,1,0,0,
404,11,fz011,aggregate,customers+orders+lineitem,0.1,1,mut_drop_acl,0,1,0,0,
404,11,fz011,aggregate,customers+orders+lineitem,0.1,1,mut_no_group_guard,0,1,0,0,
404,12,fz012,rows,products+lineitem,0.25,6,post_join_filter,1,1,0,0,
404,12,fz012,rows,products+lineitem,0.25,6,view_barrier,1,1,0,0,
404,12,fz012,rows,products+lineitem,0.25,6,predicate_injection,1,1,0,0,
404,12,fz012,rows,products+lineitem,0.25,6,pcqv_forced,1,1,0,0,
404,12,fz012,rows,products+lineitem,0.25,6,pcqv,1,1,0,0,
404,12,fz012,rows,products+lineitem,0.25,6,oracle_order,1,1,0,0,
404,12,fz012,rows,products+lineitem,0.25,6,unsafe_late_aggregate,0,1,0,0,
404,12,fz012,rows,products+lineitem,0.25,6,mut_no_mask,0,1,0,0,
404,12,fz012,rows,products+lineitem,0.25,6,mut_drop_tenant,0,0,386,193,
404,12,fz012,rows,products+lineitem,0.25,6,mut_drop_purpose,0,1,0,0,
404,12,fz012,rows,products+lineitem,0.25,6,mut_drop_clearance,0,0,232,116,
404,12,fz012,rows,products+lineitem,0.25,6,mut_drop_region,0,1,0,0,
404,12,fz012,rows,products+lineitem,0.25,6,mut_drop_cross_guard,0,0,46,23,
404,12,fz012,rows,products+lineitem,0.25,6,mut_drop_acl,0,1,0,0,
404,12,fz012,rows,products+lineitem,0.25,6,mut_no_group_guard,0,1,0,0,
404,13,fz013,aggregate,orders+lineitem,0.1,4,post_join_filter,1,1,0,0,
404,13,fz013,aggregate,orders+lineitem,0.1,4,view_barrier,1,1,0,0,
404,13,fz013,aggregate,orders+lineitem,0.1,4,predicate_injection,1,1,0,0,
404,13,fz013,aggregate,orders+lineitem,0.1,4,pcqv_forced,1,1,0,0,
404,13,fz013,aggregate,orders+lineitem,0.1,4,pcqv,1,1,0,0,
404,13,fz013,aggregate,orders+lineitem,0.1,4,oracle_order,1,1,0,0,
404,13,fz013,aggregate,orders+lineitem,0.1,4,unsafe_late_aggregate,0,0,43,40,
404,13,fz013,aggregate,orders+lineitem,0.1,4,mut_no_mask,0,1,0,0,
404,13,fz013,aggregate,orders+lineitem,0.1,4,mut_drop_tenant,0,0,35,35,
404,13,fz013,aggregate,orders+lineitem,0.1,4,mut_drop_purpose,0,0,7,4,
404,13,fz013,aggregate,orders+lineitem,0.1,4,mut_drop_clearance,0,1,0,0,
404,13,fz013,aggregate,orders+lineitem,0.1,4,mut_drop_region,0,1,0,0,
404,13,fz013,aggregate,orders+lineitem,0.1,4,mut_drop_cross_guard,0,0,7,4,
404,13,fz013,aggregate,orders+lineitem,0.1,4,mut_drop_acl,0,1,0,0,
404,13,fz013,aggregate,orders+lineitem,0.1,4,mut_no_group_guard,0,1,0,0,
404,14,fz014,rows,products+lineitem,0.25,3,post_join_filter,1,1,0,0,
404,14,fz014,rows,products+lineitem,0.25,3,view_barrier,1,1,0,0,
404,14,fz014,rows,products+lineitem,0.25,3,predicate_injection,1,1,0,0,
404,14,fz014,rows,products+lineitem,0.25,3,pcqv_forced,1,1,0,0,
404,14,fz014,rows,products+lineitem,0.25,3,pcqv,1,1,0,0,
404,14,fz014,rows,products+lineitem,0.25,3,oracle_order,1,1,0,0,
404,14,fz014,rows,products+lineitem,0.25,3,unsafe_late_aggregate,0,1,0,0,
404,14,fz014,rows,products+lineitem,0.25,3,mut_no_mask,0,1,0,0,
404,14,fz014,rows,products+lineitem,0.25,3,mut_drop_tenant,0,0,400,200,
404,14,fz014,rows,products+lineitem,0.25,3,mut_drop_purpose,0,1,0,0,
404,14,fz014,rows,products+lineitem,0.25,3,mut_drop_clearance,0,0,132,66,
404,14,fz014,rows,products+lineitem,0.25,3,mut_drop_region,0,1,0,0,
404,14,fz014,rows,products+lineitem,0.25,3,mut_drop_cross_guard,0,1,0,0,
404,14,fz014,rows,products+lineitem,0.25,3,mut_drop_acl,0,1,0,0,
404,14,fz014,rows,products+lineitem,0.25,3,mut_no_group_guard,0,1,0,0,
404,15,fz015,rows,products+lineitem+orders,0.1,1,post_join_filter,1,1,0,0,
404,15,fz015,rows,products+lineitem+orders,0.1,1,view_barrier,1,1,0,0,
404,15,fz015,rows,products+lineitem+orders,0.1,1,predicate_injection,1,1,0,0,
404,15,fz015,rows,products+lineitem+orders,0.1,1,pcqv_forced,1,1,0,0,
404,15,fz015,rows,products+lineitem+orders,0.1,1,pcqv,1,1,0,0,
404,15,fz015,rows,products+lineitem+orders,0.1,1,oracle_order,1,1,0,0,
404,15,fz015,rows,products+lineitem+orders,0.1,1,unsafe_late_aggregate,0,1,0,0,
404,15,fz015,rows,products+lineitem+orders,0.1,1,mut_no_mask,0,1,0,0,
404,15,fz015,rows,products+lineitem+orders,0.1,1,mut_drop_tenant,0,0,364,182,
404,15,fz015,rows,products+lineitem+orders,0.1,1,mut_drop_purpose,0,1,0,0,
404,15,fz015,rows,products+lineitem+orders,0.1,1,mut_drop_clearance,0,1,0,0,
404,15,fz015,rows,products+lineitem+orders,0.1,1,mut_drop_region,0,1,0,0,
404,15,fz015,rows,products+lineitem+orders,0.1,1,mut_drop_cross_guard,0,1,0,0,
404,15,fz015,rows,products+lineitem+orders,0.1,1,mut_drop_acl,0,1,0,0,
404,15,fz015,rows,products+lineitem+orders,0.1,1,mut_no_group_guard,0,1,0,0,
404,16,fz016,rows,products+lineitem,0.05,5,post_join_filter,1,1,0,0,
404,16,fz016,rows,products+lineitem,0.05,5,view_barrier,1,1,0,0,
404,16,fz016,rows,products+lineitem,0.05,5,predicate_injection,1,1,0,0,
404,16,fz016,rows,products+lineitem,0.05,5,pcqv_forced,1,1,0,0,
404,16,fz016,rows,products+lineitem,0.05,5,pcqv,1,1,0,0,
404,16,fz016,rows,products+lineitem,0.05,5,oracle_order,1,1,0,0,
404,16,fz016,rows,products+lineitem,0.05,5,unsafe_late_aggregate,0,1,0,0,
404,16,fz016,rows,products+lineitem,0.05,5,mut_no_mask,0,1,0,0,
404,16,fz016,rows,products+lineitem,0.05,5,mut_drop_tenant,0,0,217,200,
404,16,fz016,rows,products+lineitem,0.05,5,mut_drop_purpose,0,1,0,0,
404,16,fz016,rows,products+lineitem,0.05,5,mut_drop_clearance,0,0,142,142,
404,16,fz016,rows,products+lineitem,0.05,5,mut_drop_region,0,1,0,0,
404,16,fz016,rows,products+lineitem,0.05,5,mut_drop_cross_guard,0,0,4,4,
404,16,fz016,rows,products+lineitem,0.05,5,mut_drop_acl,0,1,0,0,
404,16,fz016,rows,products+lineitem,0.05,5,mut_no_group_guard,0,1,0,0,
404,17,fz017,aggregate,orders+customers,0.5,2,post_join_filter,1,1,0,0,
404,17,fz017,aggregate,orders+customers,0.5,2,view_barrier,1,1,0,0,
404,17,fz017,aggregate,orders+customers,0.5,2,predicate_injection,1,1,0,0,
404,17,fz017,aggregate,orders+customers,0.5,2,pcqv_forced,1,1,0,0,
404,17,fz017,aggregate,orders+customers,0.5,2,pcqv,1,1,0,0,
404,17,fz017,aggregate,orders+customers,0.5,2,oracle_order,1,1,0,0,
404,17,fz017,aggregate,orders+customers,0.5,2,unsafe_late_aggregate,0,0,6,3,
404,17,fz017,aggregate,orders+customers,0.5,2,mut_no_mask,0,1,0,0,
404,17,fz017,aggregate,orders+customers,0.5,2,mut_drop_tenant,0,0,6,3,
404,17,fz017,aggregate,orders+customers,0.5,2,mut_drop_purpose,0,1,0,0,
404,17,fz017,aggregate,orders+customers,0.5,2,mut_drop_clearance,0,0,6,3,
404,17,fz017,aggregate,orders+customers,0.5,2,mut_drop_region,0,1,0,0,
404,17,fz017,aggregate,orders+customers,0.5,2,mut_drop_cross_guard,0,1,0,0,
404,17,fz017,aggregate,orders+customers,0.5,2,mut_drop_acl,0,1,0,0,
404,17,fz017,aggregate,orders+customers,0.5,2,mut_no_group_guard,0,1,0,0,
404,18,fz018,aggregate,customers+tickets+orders,0.25,2,post_join_filter,1,1,0,0,
404,18,fz018,aggregate,customers+tickets+orders,0.25,2,view_barrier,1,1,0,0,
404,18,fz018,aggregate,customers+tickets+orders,0.25,2,predicate_injection,1,1,0,0,
404,18,fz018,aggregate,customers+tickets+orders,0.25,2,pcqv_forced,1,1,0,0,
404,18,fz018,aggregate,customers+tickets+orders,0.25,2,pcqv,1,1,0,0,
404,18,fz018,aggregate,customers+tickets+orders,0.25,2,oracle_order,1,1,0,0,
404,18,fz018,aggregate,customers+tickets+orders,0.25,2,unsafe_late_aggregate,0,0,30,15,
404,18,fz018,aggregate,customers+tickets+orders,0.25,2,mut_no_mask,0,1,0,0,
404,18,fz018,aggregate,customers+tickets+orders,0.25,2,mut_drop_tenant,0,0,30,15,
404,18,fz018,aggregate,customers+tickets+orders,0.25,2,mut_drop_purpose,0,1,0,0,
404,18,fz018,aggregate,customers+tickets+orders,0.25,2,mut_drop_clearance,0,0,6,3,
404,18,fz018,aggregate,customers+tickets+orders,0.25,2,mut_drop_region,0,0,28,14,
404,18,fz018,aggregate,customers+tickets+orders,0.25,2,mut_drop_cross_guard,0,1,0,0,
404,18,fz018,aggregate,customers+tickets+orders,0.25,2,mut_drop_acl,0,1,0,0,
404,18,fz018,aggregate,customers+tickets+orders,0.25,2,mut_no_group_guard,0,1,0,0,
404,19,fz019,aggregate,products+lineitem,0.1,2,post_join_filter,1,1,0,0,
404,19,fz019,aggregate,products+lineitem,0.1,2,view_barrier,1,1,0,0,
404,19,fz019,aggregate,products+lineitem,0.1,2,predicate_injection,1,1,0,0,
404,19,fz019,aggregate,products+lineitem,0.1,2,pcqv_forced,1,1,0,0,
404,19,fz019,aggregate,products+lineitem,0.1,2,pcqv,1,1,0,0,
404,19,fz019,aggregate,products+lineitem,0.1,2,oracle_order,1,1,0,0,
404,19,fz019,aggregate,products+lineitem,0.1,2,unsafe_late_aggregate,0,0,30,21,
404,19,fz019,aggregate,products+lineitem,0.1,2,mut_no_mask,0,1,0,0,
404,19,fz019,aggregate,products+lineitem,0.1,2,mut_drop_tenant,0,0,30,21,
404,19,fz019,aggregate,products+lineitem,0.1,2,mut_drop_purpose,0,1,0,0,
404,19,fz019,aggregate,products+lineitem,0.1,2,mut_drop_clearance,0,1,0,0,
404,19,fz019,aggregate,products+lineitem,0.1,2,mut_drop_region,0,1,0,0,
404,19,fz019,aggregate,products+lineitem,0.1,2,mut_drop_cross_guard,0,1,0,0,
404,19,fz019,aggregate,products+lineitem,0.1,2,mut_drop_acl,0,1,0,0,
404,19,fz019,aggregate,products+lineitem,0.1,2,mut_no_group_guard,0,1,0,0,
404,20,fz020,rows,orders,0.25,2,post_join_filter,1,1,0,0,
404,20,fz020,rows,orders,0.25,2,view_barrier,1,1,0,0,
404,20,fz020,rows,orders,0.25,2,predicate_injection,1,1,0,0,
404,20,fz020,rows,orders,0.25,2,pcqv_forced,1,1,0,0,
404,20,fz020,rows,orders,0.25,2,pcqv,1,1,0,0,
404,20,fz020,rows,orders,0.25,2,oracle_order,1,1,0,0,
404,20,fz020,rows,orders,0.25,2,unsafe_late_aggregate,0,1,0,0,
404,20,fz020,rows,orders,0.25,2,mut_no_mask,0,1,0,0,
404,20,fz020,rows,orders,0.25,2,mut_drop_tenant,0,0,304,152,
404,20,fz020,rows,orders,0.25,2,mut_drop_purpose,0,1,0,0,
404,20,fz020,rows,orders,0.25,2,mut_drop_clearance,0,1,0,0,
404,20,fz020,rows,orders,0.25,2,mut_drop_region,0,1,0,0,
404,20,fz020,rows,orders,0.25,2,mut_drop_cross_guard,0,1,0,0,
404,20,fz020,rows,orders,0.25,2,mut_drop_acl,0,1,0,0,
404,20,fz020,rows,orders,0.25,2,mut_no_group_guard,0,1,0,0,
404,21,fz021,rows,customers,0.1,1,post_join_filter,1,1,0,0,
404,21,fz021,rows,customers,0.1,1,view_barrier,1,1,0,0,
404,21,fz021,rows,customers,0.1,1,predicate_injection,1,1,0,0,
404,21,fz021,rows,customers,0.1,1,pcqv_forced,1,1,0,0,
404,21,fz021,rows,customers,0.1,1,pcqv,1,1,0,0,
404,21,fz021,rows,customers,0.1,1,oracle_order,1,1,0,0,
404,21,fz021,rows,customers,0.1,1,unsafe_late_aggregate,0,1,0,0,
404,21,fz021,rows,customers,0.1,1,mut_no_mask,0,0,264,132,
404,21,fz021,rows,customers,0.1,1,mut_drop_tenant,0,0,294,181,
404,21,fz021,rows,customers,0.1,1,mut_drop_purpose,0,1,0,0,
404,21,fz021,rows,customers,0.1,1,mut_drop_clearance,0,1,0,0,
404,21,fz021,rows,customers,0.1,1,mut_drop_region,0,1,0,0,
404,21,fz021,rows,customers,0.1,1,mut_drop_cross_guard,0,1,0,0,
404,21,fz021,rows,customers,0.1,1,mut_drop_acl,0,1,0,0,
404,21,fz021,rows,customers,0.1,1,mut_no_group_guard,0,1,0,0,
404,22,fz022,rows,products+lineitem+orders,0.025,3,post_join_filter,1,1,0,0,
404,22,fz022,rows,products+lineitem+orders,0.025,3,view_barrier,1,1,0,0,
404,22,fz022,rows,products+lineitem+orders,0.025,3,predicate_injection,1,1,0,0,
404,22,fz022,rows,products+lineitem+orders,0.025,3,pcqv_forced,1,1,0,0,
404,22,fz022,rows,products+lineitem+orders,0.025,3,pcqv,1,1,0,0,
404,22,fz022,rows,products+lineitem+orders,0.025,3,oracle_order,1,1,0,0,
404,22,fz022,rows,products+lineitem+orders,0.025,3,unsafe_late_aggregate,0,1,0,0,
404,22,fz022,rows,products+lineitem+orders,0.025,3,mut_no_mask,0,1,0,0,
404,22,fz022,rows,products+lineitem+orders,0.025,3,mut_drop_tenant,0,0,195,195,
404,22,fz022,rows,products+lineitem+orders,0.025,3,mut_drop_purpose,0,0,13,13,
404,22,fz022,rows,products+lineitem+orders,0.025,3,mut_drop_clearance,0,0,30,30,
404,22,fz022,rows,products+lineitem+orders,0.025,3,mut_drop_region,0,1,0,0,
404,22,fz022,rows,products+lineitem+orders,0.025,3,mut_drop_cross_guard,0,1,0,0,
404,22,fz022,rows,products+lineitem+orders,0.025,3,mut_drop_acl,0,1,0,0,
404,22,fz022,rows,products+lineitem+orders,0.025,3,mut_no_group_guard,0,1,0,0,
404,23,fz023,rows,lineitem+products,0.025,5,post_join_filter,1,1,0,0,
404,23,fz023,rows,lineitem+products,0.025,5,view_barrier,1,1,0,0,
404,23,fz023,rows,lineitem+products,0.025,5,predicate_injection,1,1,0,0,
404,23,fz023,rows,lineitem+products,0.025,5,pcqv_forced,1,1,0,0,
404,23,fz023,rows,lineitem+products,0.025,5,pcqv,1,1,0,0,
404,23,fz023,rows,lineitem+products,0.025,5,oracle_order,1,1,0,0,
404,23,fz023,rows,lineitem+products,0.025,5,unsafe_late_aggregate,0,1,0,0,
404,23,fz023,rows,lineitem+products,0.025,5,mut_no_mask,0,1,0,0,
404,23,fz023,rows,lineitem+products,0.025,5,mut_drop_tenant,0,0,200,200,
404,23,fz023,rows,lineitem+products,0.025,5,mut_drop_purpose,0,1,0,0,
404,23,fz023,rows,lineitem+products,0.025,5,mut_drop_clearance,0,0,54,54,
404,23,fz023,rows,lineitem+products,0.025,5,mut_drop_region,0,1,0,0,
404,23,fz023,rows,lineitem+products,0.025,5,mut_drop_cross_guard,0,1,0,0,
404,23,fz023,rows,lineitem+products,0.025,5,mut_drop_acl,0,1,0,0,
404,23,fz023,rows,lineitem+products,0.025,5,mut_no_group_guard,0,1,0,0,
404,24,fz024,rows,tickets+customers+orders,0.25,3,post_join_filter,1,1,0,0,
404,24,fz024,rows,tickets+customers+orders,0.25,3,view_barrier,1,1,0,0,
404,24,fz024,rows,tickets+customers+orders,0.25,3,predicate_injection,1,1,0,0,
404,24,fz024,rows,tickets+customers+orders,0.25,3,pcqv_forced,1,1,0,0,
404,24,fz024,rows,tickets+customers+orders,0.25,3,pcqv,1,1,0,0,
404,24,fz024,rows,tickets+customers+orders,0.25,3,oracle_order,1,1,0,0,
404,24,fz024,rows,tickets+customers+orders,0.25,3,unsafe_late_aggregate,0,1,0,0,
404,24,fz024,rows,tickets+customers+orders,0.25,3,mut_no_mask,0,0,222,111,
404,24,fz024,rows,tickets+customers+orders,0.25,3,mut_drop_tenant,0,0,191,140,
404,24,fz024,rows,tickets+customers+orders,0.25,3,mut_drop_purpose,0,0,219,154,
404,24,fz024,rows,tickets+customers+orders,0.25,3,mut_drop_clearance,0,0,7,7,
404,24,fz024,rows,tickets+customers+orders,0.25,3,mut_drop_region,0,0,76,76,
404,24,fz024,rows,tickets+customers+orders,0.25,3,mut_drop_cross_guard,0,1,0,0,
404,24,fz024,rows,tickets+customers+orders,0.25,3,mut_drop_acl,0,1,0,0,
404,24,fz024,rows,tickets+customers+orders,0.25,3,mut_no_group_guard,0,1,0,0,
404,25,fz025,rows,customers+orders,0.025,4,post_join_filter,1,1,0,0,
404,25,fz025,rows,customers+orders,0.025,4,view_barrier,1,1,0,0,
404,25,fz025,rows,customers+orders,0.025,4,predicate_injection,1,1,0,0,
404,25,fz025,rows,customers+orders,0.025,4,pcqv_forced,1,1,0,0,
404,25,fz025,rows,customers+orders,0.025,4,pcqv,1,1,0,0,
404,25,fz025,rows,customers+orders,0.025,4,oracle_order,1,1,0,0,
404,25,fz025,rows,customers+orders,0.025,4,unsafe_late_aggregate,0,1,0,0,
404,25,fz025,rows,customers+orders,0.025,4,mut_no_mask,0,1,0,0,
404,25,fz025,rows,customers+orders,0.025,4,mut_drop_tenant,0,0,90,90,
404,25,fz025,rows,customers+orders,0.025,4,mut_drop_purpose,0,1,0,0,
404,25,fz025,rows,customers+orders,0.025,4,mut_drop_clearance,0,1,0,0,
404,25,fz025,rows,customers+orders,0.025,4,mut_drop_region,0,1,0,0,
404,25,fz025,rows,customers+orders,0.025,4,mut_drop_cross_guard,0,1,0,0,
404,25,fz025,rows,customers+orders,0.025,4,mut_drop_acl,0,1,0,0,
404,25,fz025,rows,customers+orders,0.025,4,mut_no_group_guard,0,1,0,0,
404,26,fz026,rows,tickets,0.05,3,post_join_filter,1,1,0,0,
404,26,fz026,rows,tickets,0.05,3,view_barrier,1,1,0,0,
404,26,fz026,rows,tickets,0.05,3,predicate_injection,1,1,0,0,
404,26,fz026,rows,tickets,0.05,3,pcqv_forced,1,1,0,0,
404,26,fz026,rows,tickets,0.05,3,pcqv,1,1,0,0,
404,26,fz026,rows,tickets,0.05,3,oracle_order,1,1,0,0,
404,26,fz026,rows,tickets,0.05,3,unsafe_late_aggregate,0,1,0,0,
404,26,fz026,rows,tickets,0.05,3,mut_no_mask,0,1,0,0,
404,26,fz026,rows,tickets,0.05,3,mut_drop_tenant,0,0,225,191,
404,26,fz026,rows,tickets,0.05,3,mut_drop_purpose,0,0,15,15,
404,26,fz026,rows,tickets,0.05,3,mut_drop_clearance,0,1,0,0,
404,26,fz026,rows,tickets,0.05,3,mut_drop_region,0,1,0,0,
404,26,fz026,rows,tickets,0.05,3,mut_drop_cross_guard,0,1,0,0,
404,26,fz026,rows,tickets,0.05,3,mut_drop_acl,0,1,0,0,
404,26,fz026,rows,tickets,0.05,3,mut_no_group_guard,0,1,0,0,
404,27,fz027,aggregate,products+lineitem+orders+customers,0.05,4,post_join_filter,1,1,0,0,
404,27,fz027,aggregate,products+lineitem+orders+customers,0.05,4,view_barrier,1,1,0,0,
404,27,fz027,aggregate,products+lineitem+orders+customers,0.05,4,predicate_injection,1,1,0,0,
404,27,fz027,aggregate,products+lineitem+orders+customers,0.05,4,pcqv_forced,1,1,0,0,
404,27,fz027,aggregate,products+lineitem+orders+customers,0.05,4,pcqv,1,1,0,0,
404,27,fz027,aggregate,products+lineitem+orders+customers,0.05,4,oracle_order,1,1,0,0,
404,27,fz027,aggregate,products+lineitem+orders+customers,0.05,4,unsafe_late_aggregate,0,0,8,8,
404,27,fz027,aggregate,products+lineitem+orders+customers,0.05,4,mut_no_mask,0,1,0,0,
404,27,fz027,aggregate,products+lineitem+orders+customers,0.05,4,mut_drop_tenant,0,0,2,2,
404,27,fz027,aggregate,products+lineitem+orders+customers,0.05,4,mut_drop_purpose,0,1,0,0,
404,27,fz027,aggregate,products+lineitem+orders+customers,0.05,4,mut_drop_clearance,0,0,1,1,
404,27,fz027,aggregate,products+lineitem+orders+customers,0.05,4,mut_drop_region,0,1,0,0,
404,27,fz027,aggregate,products+lineitem+orders+customers,0.05,4,mut_drop_cross_guard,0,1,0,0,
404,27,fz027,aggregate,products+lineitem+orders+customers,0.05,4,mut_drop_acl,0,1,0,0,
404,27,fz027,aggregate,products+lineitem+orders+customers,0.05,4,mut_no_group_guard,0,1,0,0,
404,28,fz028,aggregate,products+lineitem+orders,0.05,4,post_join_filter,1,1,0,0,
404,28,fz028,aggregate,products+lineitem+orders,0.05,4,view_barrier,1,1,0,0,
404,28,fz028,aggregate,products+lineitem+orders,0.05,4,predicate_injection,1,1,0,0,
404,28,fz028,aggregate,products+lineitem+orders,0.05,4,pcqv_forced,1,1,0,0,
404,28,fz028,aggregate,products+lineitem+orders,0.05,4,pcqv,1,1,0,0,
404,28,fz028,aggregate,products+lineitem+orders,0.05,4,oracle_order,1,1,0,0,
404,28,fz028,aggregate,products+lineitem+orders,0.05,4,unsafe_late_aggregate,0,0,44,43,
404,28,fz028,aggregate,products+lineitem+orders,0.05,4,mut_no_mask,0,1,0,0,
404,28,fz028,aggregate,products+lineitem+orders,0.05,4,mut_drop_tenant,0,0,19,18,
404,28,fz028,aggregate,products+lineitem+orders,0.05,4,mut_drop_purpose,0,0,2,1,
404,28,fz028,aggregate,products+lineitem+orders,0.05,4,mut_drop_clearance,0,0,3,3,
404,28,fz028,aggregate,products+lineitem+orders,0.05,4,mut_drop_region,0,1,0,0,
404,28,fz028,aggregate,products+lineitem+orders,0.05,4,mut_drop_cross_guard,0,0,4,3,
404,28,fz028,aggregate,products+lineitem+orders,0.05,4,mut_drop_acl,0,1,0,0,
404,28,fz028,aggregate,products+lineitem+orders,0.05,4,mut_no_group_guard,0,1,0,0,
404,29,fz029,aggregate,orders+customers+tickets,0.1,2,post_join_filter,1,1,0,0,
404,29,fz029,aggregate,orders+customers+tickets,0.1,2,view_barrier,1,1,0,0,
404,29,fz029,aggregate,orders+customers+tickets,0.1,2,predicate_injection,1,1,0,0,
404,29,fz029,aggregate,orders+customers+tickets,0.1,2,pcqv_forced,1,1,0,0,
404,29,fz029,aggregate,orders+customers+tickets,0.1,2,pcqv,1,1,0,0,
404,29,fz029,aggregate,orders+customers+tickets,0.1,2,oracle_order,1,1,0,0,
404,29,fz029,aggregate,orders+customers+tickets,0.1,2,unsafe_late_aggregate,0,0,33,20,
404,29,fz029,aggregate,orders+customers+tickets,0.1,2,mut_no_mask,0,1,0,0,
404,29,fz029,aggregate,orders+customers+tickets,0.1,2,mut_drop_tenant,0,0,33,20,
404,29,fz029,aggregate,orders+customers+tickets,0.1,2,mut_drop_purpose,0,1,0,0,
404,29,fz029,aggregate,orders+customers+tickets,0.1,2,mut_drop_clearance,0,1,0,0,
404,29,fz029,aggregate,orders+customers+tickets,0.1,2,mut_drop_region,0,0,29,18,
404,29,fz029,aggregate,orders+customers+tickets,0.1,2,mut_drop_cross_guard,0,1,0,0,
404,29,fz029,aggregate,orders+customers+tickets,0.1,2,mut_drop_acl,0,1,0,0,
404,29,fz029,aggregate,orders+customers+tickets,0.1,2,mut_no_group_guard,0,1,0,0,
404,30,fz030,aggregate,tickets+customers,0.1,4,post_join_filter,1,1,0,0,
404,30,fz030,aggregate,tickets+customers,0.1,4,view_barrier,1,1,0,0,
404,30,fz030,aggregate,tickets+customers,0.1,4,predicate_injection,1,1,0,0,
404,30,fz030,aggregate,tickets+customers,0.1,4,pcqv_forced,1,1,0,0,
404,30,fz030,aggregate,tickets+customers,0.1,4,pcqv,1,1,0,0,
404,30,fz030,aggregate,tickets+customers,0.1,4,oracle_order,1,1,0,0,
404,30,fz030,aggregate,tickets+customers,0.1,4,unsafe_late_aggregate,0,0,28,15,
404,30,fz030,aggregate,tickets+customers,0.1,4,mut_no_mask,0,1,0,0,
404,30,fz030,aggregate,tickets+customers,0.1,4,mut_drop_tenant,0,0,28,15,
404,30,fz030,aggregate,tickets+customers,0.1,4,mut_drop_purpose,0,0,9,5,
404,30,fz030,aggregate,tickets+customers,0.1,4,mut_drop_clearance,0,1,0,0,
404,30,fz030,aggregate,tickets+customers,0.1,4,mut_drop_region,0,1,0,0,
404,30,fz030,aggregate,tickets+customers,0.1,4,mut_drop_cross_guard,0,1,0,0,
404,30,fz030,aggregate,tickets+customers,0.1,4,mut_drop_acl,0,1,0,0,
404,30,fz030,aggregate,tickets+customers,0.1,4,mut_no_group_guard,0,1,0,0,
404,31,fz031,aggregate,products+lineitem+orders,0.25,3,post_join_filter,1,1,0,0,
404,31,fz031,aggregate,products+lineitem+orders,0.25,3,view_barrier,1,1,0,0,
404,31,fz031,aggregate,products+lineitem+orders,0.25,3,predicate_injection,1,1,0,0,
404,31,fz031,aggregate,products+lineitem+orders,0.25,3,pcqv_forced,1,1,0,0,
404,31,fz031,aggregate,products+lineitem+orders,0.25,3,pcqv,1,1,0,0,
404,31,fz031,aggregate,products+lineitem+orders,0.25,3,oracle_order,1,1,0,0,
404,31,fz031,aggregate,products+lineitem+orders,0.25,3,unsafe_late_aggregate,0,0,69,51,
404,31,fz031,aggregate,products+lineitem+orders,0.25,3,mut_no_mask,0,1,0,0,
404,31,fz031,aggregate,products+lineitem+orders,0.25,3,mut_drop_tenant,0,0,45,27,
404,31,fz031,aggregate,products+lineitem+orders,0.25,3,mut_drop_purpose,0,0,36,18,
404,31,fz031,aggregate,products+lineitem+orders,0.25,3,mut_drop_clearance,0,0,14,14,
404,31,fz031,aggregate,products+lineitem+orders,0.25,3,mut_drop_region,0,1,0,0,
404,31,fz031,aggregate,products+lineitem+orders,0.25,3,mut_drop_cross_guard,0,1,0,0,
404,31,fz031,aggregate,products+lineitem+orders,0.25,3,mut_drop_acl,0,1,0,0,
404,31,fz031,aggregate,products+lineitem+orders,0.25,3,mut_no_group_guard,0,1,0,0,
404,32,fz032,rows,orders,0.1,6,post_join_filter,1,1,0,0,
404,32,fz032,rows,orders,0.1,6,view_barrier,1,1,0,0,
404,32,fz032,rows,orders,0.1,6,predicate_injection,1,1,0,0,
404,32,fz032,rows,orders,0.1,6,pcqv_forced,1,1,0,0,
404,32,fz032,rows,orders,0.1,6,pcqv,1,1,0,0,
404,32,fz032,rows,orders,0.1,6,oracle_order,1,1,0,0,
404,32,fz032,rows,orders,0.1,6,unsafe_late_aggregate,0,1,0,0,
404,32,fz032,rows,orders,0.1,6,mut_no_mask,0,1,0,0,
404,32,fz032,rows,orders,0.1,6,mut_drop_tenant,0,0,188,188,
404,32,fz032,rows,orders,0.1,6,mut_drop_purpose,0,0,50,50,
404,32,fz032,rows,orders,0.1,6,mut_drop_clearance,0,1,0,0,
404,32,fz032,rows,orders,0.1,6,mut_drop_region,0,1,0,0,
404,32,fz032,rows,orders,0.1,6,mut_drop_cross_guard,0,0,26,26,
404,32,fz032,rows,orders,0.1,6,mut_drop_acl,0,1,0,0,
404,32,fz032,rows,orders,0.1,6,mut_no_group_guard,0,1,0,0,
404,33,fz033,rows,products,0.25,2,post_join_filter,1,1,0,0,
404,33,fz033,rows,products,0.25,2,view_barrier,1,1,0,0,
404,33,fz033,rows,products,0.25,2,predicate_injection,1,1,0,0,
404,33,fz033,rows,products,0.25,2,pcqv_forced,1,1,0,0,
404,33,fz033,rows,products,0.25,2,pcqv,1,1,0,0,
404,33,fz033,rows,products,0.25,2,oracle_order,1,1,0,0,
404,33,fz033,rows,products,0.25,2,unsafe_late_aggregate,0,1,0,0,
404,33,fz033,rows,products,0.25,2,mut_no_mask,0,1,0,0,
404,33,fz033,rows,products,0.25,2,mut_drop_tenant,0,0,166,153,
404,33,fz033,rows,products,0.25,2,mut_drop_purpose,0,1,0,0,
404,33,fz033,rows,products,0.25,2,mut_drop_clearance,0,1,0,0,
404,33,fz033,rows,products,0.25,2,mut_drop_region,0,1,0,0,
404,33,fz033,rows,products,0.25,2,mut_drop_cross_guard,0,1,0,0,
404,33,fz033,rows,products,0.25,2,mut_drop_acl,0,1,0,0,
404,33,fz033,rows,products,0.25,2,mut_no_group_guard,0,1,0,0,
404,34,fz034,aggregate,products+lineitem,0.025,1,post_join_filter,1,1,0,0,
404,34,fz034,aggregate,products+lineitem,0.025,1,view_barrier,1,1,0,0,
404,34,fz034,aggregate,products+lineitem,0.025,1,predicate_injection,1,1,0,0,
404,34,fz034,aggregate,products+lineitem,0.025,1,pcqv_forced,1,1,0,0,
404,34,fz034,aggregate,products+lineitem,0.025,1,pcqv,1,1,0,0,
404,34,fz034,aggregate,products+lineitem,0.025,1,oracle_order,1,1,0,0,
404,34,fz034,aggregate,products+lineitem,0.025,1,unsafe_late_aggregate,0,0,13,9,
404,34,fz034,aggregate,products+lineitem,0.025,1,mut_no_mask,0,1,0,0,
404,34,fz034,aggregate,products+lineitem,0.025,1,mut_drop_tenant,0,0,13,9,
404,34,fz034,aggregate,products+lineitem,0.025,1,mut_drop_purpose,0,1,0,0,
404,34,fz034,aggregate,products+lineitem,0.025,1,mut_drop_clearance,0,1,0,0,
404,34,fz034,aggregate,products+lineitem,0.025,1,mut_drop_region,0,1,0,0,
404,34,fz034,aggregate,products+lineitem,0.025,1,mut_drop_cross_guard,0,1,0,0,
404,34,fz034,aggregate,products+lineitem,0.025,1,mut_drop_acl,0,1,0,0,
404,34,fz034,aggregate,products+lineitem,0.025,1,mut_no_group_guard,0,1,0,0,
404,35,fz035,aggregate,tickets+customers,0.05,4,post_join_filter,1,1,0,0,
404,35,fz035,aggregate,tickets+customers,0.05,4,view_barrier,1,1,0,0,
404,35,fz035,aggregate,tickets+customers,0.05,4,predicate_injection,1,1,0,0,
404,35,fz035,aggregate,tickets+customers,0.05,4,pcqv_forced,1,1,0,0,
404,35,fz035,aggregate,tickets+customers,0.05,4,pcqv,1,1,0,0,
404,35,fz035,aggregate,tickets+customers,0.05,4,oracle_order,1,1,0,0,
404,35,fz035,aggregate,tickets+customers,0.05,4,unsafe_late_aggregate,0,0,17,15,
404,35,fz035,aggregate,tickets+customers,0.05,4,mut_no_mask,0,1,0,0,
404,35,fz035,aggregate,tickets+customers,0.05,4,mut_drop_tenant,0,0,12,10,
404,35,fz035,aggregate,tickets+customers,0.05,4,mut_drop_purpose,0,0,3,2,
404,35,fz035,aggregate,tickets+customers,0.05,4,mut_drop_clearance,0,1,0,0,
404,35,fz035,aggregate,tickets+customers,0.05,4,mut_drop_region,0,0,5,5,
404,35,fz035,aggregate,tickets+customers,0.05,4,mut_drop_cross_guard,0,1,0,0,
404,35,fz035,aggregate,tickets+customers,0.05,4,mut_drop_acl,0,1,0,0,
404,35,fz035,aggregate,tickets+customers,0.05,4,mut_no_group_guard,0,1,0,0,
404,36,fz036,aggregate,products+lineitem,0.05,5,post_join_filter,1,1,0,0,
404,36,fz036,aggregate,products+lineitem,0.05,5,view_barrier,1,1,0,0,
404,36,fz036,aggregate,products+lineitem,0.05,5,predicate_injection,1,1,0,0,
404,36,fz036,aggregate,products+lineitem,0.05,5,pcqv_forced,1,1,0,0,
404,36,fz036,aggregate,products+lineitem,0.05,5,pcqv,1,1,0,0,
404,36,fz036,aggregate,products+lineitem,0.05,5,oracle_order,1,1,0,0,
404,36,fz036,aggregate,products+lineitem,0.05,5,unsafe_late_aggregate,0,0,12,9,
404,36,fz036,aggregate,products+lineitem,0.05,5,mut_no_mask,0,1,0,0,
404,36,fz036,aggregate,products+lineitem,0.05,5,mut_drop_tenant,0,0,12,9,
404,36,fz036,aggregate,products+lineitem,0.05,5,mut_drop_purpose,0,1,0,0,
404,36,fz036,aggregate,products+lineitem,0.05,5,mut_drop_clearance,0,0,7,6,
404,36,fz036,aggregate,products+lineitem,0.05,5,mut_drop_region,0,1,0,0,
404,36,fz036,aggregate,products+lineitem,0.05,5,mut_drop_cross_guard,0,0,6,3,
404,36,fz036,aggregate,products+lineitem,0.05,5,mut_drop_acl,0,1,0,0,
404,36,fz036,aggregate,products+lineitem,0.05,5,mut_no_group_guard,0,1,0,0,
404,37,fz037,rows,customers+orders+tickets,0.1,2,post_join_filter,1,1,0,0,
404,37,fz037,rows,customers+orders+tickets,0.1,2,view_barrier,1,1,0,0,
404,37,fz037,rows,customers+orders+tickets,0.1,2,predicate_injection,1,1,0,0,
404,37,fz037,rows,customers+orders+tickets,0.1,2,pcqv_forced,1,1,0,0,
404,37,fz037,rows,customers+orders+tickets,0.1,2,pcqv,1,1,0,0,
404,37,fz037,rows,customers+orders+tickets,0.1,2,oracle_order,1,1,0,0,
404,37,fz037,rows,customers+orders+tickets,0.1,2,unsafe_late_aggregate,0,1,0,0,
404,37,fz037,rows,customers+orders+tickets,0.1,2,mut_no_mask,0,0,104,52,
404,37,fz037,rows,customers+orders+tickets,0.1,2,mut_drop_tenant,0,0,224,186,
404,37,fz037,rows,customers+orders+tickets,0.1,2,mut_drop_purpose,0,1,0,0,
404,37,fz037,rows,customers+orders+tickets,0.1,2,mut_drop_clearance,0,1,0,0,
404,37,fz037,rows,customers+orders+tickets,0.1,2,mut_drop_region,0,1,0,0,
404,37,fz037,rows,customers+orders+tickets,0.1,2,mut_drop_cross_guard,0,1,0,0,
404,37,fz037,rows,customers+orders+tickets,0.1,2,mut_drop_acl,0,1,0,0,
404,37,fz037,rows,customers+orders+tickets,0.1,2,mut_no_group_guard,0,1,0,0,
404,38,fz038,rows,orders,0.5,1,post_join_filter,1,1,0,0,
404,38,fz038,rows,orders,0.5,1,view_barrier,1,1,0,0,
404,38,fz038,rows,orders,0.5,1,predicate_injection,1,1,0,0,
404,38,fz038,rows,orders,0.5,1,pcqv_forced,1,1,0,0,
404,38,fz038,rows,orders,0.5,1,pcqv,1,1,0,0,
404,38,fz038,rows,orders,0.5,1,oracle_order,1,1,0,0,
404,38,fz038,rows,orders,0.5,1,unsafe_late_aggregate,0,1,0,0,
404,38,fz038,rows,orders,0.5,1,mut_no_mask,0,1,0,0,
404,38,fz038,rows,orders,0.5,1,mut_drop_tenant,0,0,212,106,
404,38,fz038,rows,orders,0.5,1,mut_drop_purpose,0,1,0,0,
404,38,fz038,rows,orders,0.5,1,mut_drop_clearance,0,1,0,0,
404,38,fz038,rows,orders,0.5,1,mut_drop_region,0,1,0,0,
404,38,fz038,rows,orders,0.5,1,mut_drop_cross_guard,0,1,0,0,
404,38,fz038,rows,orders,0.5,1,mut_drop_acl,0,1,0,0,
404,38,fz038,rows,orders,0.5,1,mut_no_group_guard,0,1,0,0,
404,39,fz039,rows,customers+tickets+orders,0.25,4,post_join_filter,1,1,0,0,
404,39,fz039,rows,customers+tickets+orders,0.25,4,view_barrier,1,1,0,0,
404,39,fz039,rows,customers+tickets+orders,0.25,4,predicate_injection,1,1,0,0,
404,39,fz039,rows,customers+tickets+orders,0.25,4,pcqv_forced,1,1,0,0,
404,39,fz039,rows,customers+tickets+orders,0.25,4,pcqv,1,1,0,0,
404,39,fz039,rows,customers+tickets+orders,0.25,4,oracle_order,1,1,0,0,
404,39,fz039,rows,customers+tickets+orders,0.25,4,unsafe_late_aggregate,0,1,0,0,
404,39,fz039,rows,customers+tickets+orders,0.25,4,mut_no_mask,0,0,330,165,
404,39,fz039,rows,customers+tickets+orders,0.25,4,mut_drop_tenant,0,0,293,164,
404,39,fz039,rows,customers+tickets+orders,0.25,4,mut_drop_purpose,0,0,303,169,
404,39,fz039,rows,customers+tickets+orders,0.25,4,mut_drop_clearance,0,0,15,15,
404,39,fz039,rows,customers+tickets+orders,0.25,4,mut_drop_region,0,1,0,0,
404,39,fz039,rows,customers+tickets+orders,0.25,4,mut_drop_cross_guard,0,1,0,0,
404,39,fz039,rows,customers+tickets+orders,0.25,4,mut_drop_acl,0,1,0,0,
404,39,fz039,rows,customers+tickets+orders,0.25,4,mut_no_group_guard,0,1,0,0,
404,40,fz040,aggregate,lineitem+orders+customers,0.1,4,post_join_filter,1,1,0,0,
404,40,fz040,aggregate,lineitem+orders+customers,0.1,4,view_barrier,1,1,0,0,
404,40,fz040,aggregate,lineitem+orders+customers,0.1,4,predicate_injection,1,1,0,0,
404,40,fz040,aggregate,lineitem+orders+customers,0.1,4,pcqv_forced,1,1,0,0,
404,40,fz040,aggregate,lineitem+orders+customers,0.1,4,pcqv,1,1,0,0,
404,40,fz040,aggregate,lineitem+orders+customers,0.1,4,oracle_order,1,1,0,0,
404,40,fz040,aggregate,lineitem+orders+customers,0.1,4,unsafe_late_aggregate,0,0,20,15,
404,40,fz040,aggregate,lineitem+orders+customers,0.1,4,mut_no_mask,0,1,0,0,
404,40,fz040,aggregate,lineitem+orders+customers,0.1,4,mut_drop_tenant,0,0,20,15,
404,40,fz040,aggregate,lineitem+orders+customers,0.1,4,mut_drop_purpose,0,0,16,11,
404,40,fz040,aggregate,lineitem+orders+customers,0.1,4,mut_drop_clearance,0,1,0,0,
404,40,fz040,aggregate,lineitem+orders+customers,0.1,4,mut_drop_region,0,1,0,0,
404,40,fz040,aggregate,lineitem+orders+customers,0.1,4,mut_drop_cross_guard,0,1,0,0,
404,40,fz040,aggregate,lineitem+orders+customers,0.1,4,mut_drop_acl,0,1,0,0,
404,40,fz040,aggregate,lineitem+orders+customers,0.1,4,mut_no_group_guard,0,1,0,0,
