scale,selectivity,complexity,query,method,latency_ms,rows,safe_by_rule,error
0.06,0.025,1,q1_customer_orders,no_policy,2.9469,250,0,
0.06,0.025,1,q1_customer_orders,post_join_filter,0.2429,69,1,
0.06,0.025,1,q1_customer_orders,view_barrier,0.6575,69,1,
0.06,0.025,1,q1_customer_orders,oblivious_forced,0.278,69,1,
0.06,0.025,1,q1_customer_orders,predicate_injection,0.1827,69,1,
0.06,0.025,1,q1_customer_orders,pcqv_no_stats,0.1836,69,1,
0.06,0.025,1,q1_customer_orders,pcqv_forced,0.1958,69,1,
0.06,0.025,1,q1_customer_orders,pcqv,0.1838,69,1,
0.06,0.025,1,q1_customer_orders,oracle_order,0.2605,69,1,
0.06,0.025,1,q2_revenue_by_product,no_policy,3.6184,16,0,
0.06,0.025,1,q2_revenue_by_product,post_join_filter,0.3033,2,1,
0.06,0.025,1,q2_revenue_by_product,view_barrier,0.6746,2,1,
0.06,0.025,1,q2_revenue_by_product,oblivious_forced,0.3048,2,1,
0.06,0.025,1,q2_revenue_by_product,predicate_injection,0.1419,2,1,
0.06,0.025,1,q2_revenue_by_product,pcqv_no_stats,0.1133,2,1,
0.06,0.025,1,q2_revenue_by_product,pcqv_forced,0.119,2,1,
0.06,0.025,1,q2_revenue_by_product,pcqv,0.1187,2,1,
0.06,0.025,1,q2_revenue_by_product,oracle_order,0.1832,2,1,
0.06,0.025,1,q3_support_tickets,no_policy,1.7871,250,0,
0.06,0.025,1,q3_support_tickets,post_join_filter,0.0818,16,1,
0.06,0.025,1,q3_support_tickets,view_barrier,0.1897,16,1,
0.06,0.025,1,q3_support_tickets,oblivious_forced,0.0771,16,1,
0.06,0.025,1,q3_support_tickets,predicate_injection,0.0642,16,1,
0.06,0.025,1,q3_support_tickets,pcqv_no_stats,0.3082,16,1,
0.06,0.025,1,q3_support_tickets,pcqv_forced,0.0946,16,1,
0.06,0.025,1,q3_support_tickets,pcqv,0.1228,16,1,
0.06,0.025,1,q3_support_tickets,oracle_order,0.0839,16,1,
0.06,0.025,1,q4_revenue_by_region,no_policy,14.7477,8,0,
0.06,0.025,1,q4_revenue_by_region,post_join_filter,0.541,6,1,
0.06,0.025,1,q4_revenue_by_region,view_barrier,1.0306,6,1,
0.06,0.025,1,q4_revenue_by_region,oblivious_forced,0.5404,6,1,
0.06,0.025,1,q4_revenue_by_region,predicate_injection,0.5382,6,1,
0.06,0.025,1,q4_revenue_by_region,pcqv_no_stats,0.403,6,1,
0.06,0.025,1,q4_revenue_by_region,pcqv_forced,0.3661,6,1,
0.06,0.025,1,q4_revenue_by_region,pcqv,0.3772,6,1,
0.06,0.025,1,q4_revenue_by_region,oracle_order,0.3614,6,1,
0.06,0.025,1,q5_high_value_segments,no_policy,4.295,5,0,
0.06,0.025,1,q5_high_value_segments,post_join_filter,1.5144,5,1,
0.06,0.025,1,q5_high_value_segments,view_barrier,0.2725,5,1,
0.06,0.025,1,q5_high_value_segments,oblivious_forced,1.475,5,1,
0.06,0.025,1,q5_high_value_segments,predicate_injection,1.3003,5,1,
0.06,0.025,1,q5_high_value_segments,pcqv_no_stats,0.2256,5,1,
0.06,0.025,1,q5_high_value_segments,pcqv_forced,0.1462,5,1,
0.06,0.025,1,q5_high_value_segments,pcqv,1.5782,5,1,
0.06,0.025,1,q5_high_value_segments,oracle_order,0.2838,5,1,
0.06,0.025,1,q6_lineitem_product_count,no_policy,11.1898,8,0,
0.06,0.025,1,q6_lineitem_product_count,post_join_filter,0.5448,5,1,
0.06,0.025,1,q6_lineitem_product_count,view_barrier,1.1374,5,1,
0.06,0.025,1,q6_lineitem_product_count,oblivious_forced,0.7982,5,1,
0.06,0.025,1,q6_lineitem_product_count,predicate_injection,0.559,5,1,
0.06,0.025,1,q6_lineitem_product_count,pcqv_no_stats,1.0379,5,1,
0.06,0.025,1,q6_lineitem_product_count,pcqv_forced,0.407,5,1,
0.06,0.025,1,q6_lineitem_product_count,pcqv,0.528,5,1,
0.06,0.025,1,q6_lineitem_product_count,oracle_order,0.2823,5,1,
0.06,0.025,1,q7_customer_summary,no_policy,1.2797,198,0,
0.06,0.025,1,q7_customer_summary,post_join_filter,0.2165,6,1,
0.06,0.025,1,q7_customer_summary,view_barrier,0.4854,6,1,
0.06,0.025,1,q7_customer_summary,oblivious_forced,0.1179,6,1,
0.06,0.025,1,q7_customer_summary,predicate_injection,0.1673,6,1,
0.06,0.025,1,q7_customer_summary,pcqv_no_stats,0.1136,6,1,
0.06,0.025,1,q7_customer_summary,pcqv_forced,0.0987,6,1,
0.06,0.025,1,q7_customer_summary,pcqv,0.2368,6,1,
0.06,0.025,1,q7_customer_summary,oracle_order,0.0919,6,1,
0.06,0.025,1,q8_sensitive_product_scan,no_policy,1.4644,43,0,
0.06,0.025,1,q8_sensitive_product_scan,post_join_filter,0.3845,8,1,
0.06,0.025,1,q8_sensitive_product_scan,view_barrier,1.0463,8,1,
0.06,0.025,1,q8_sensitive_product_scan,oblivious_forced,0.5942,8,1,
0.06,0.025,1,q8_sensitive_product_scan,predicate_injection,0.2873,8,1,
0.06,0.025,1,q8_sensitive_product_scan,pcqv_no_stats,0.1952,8,1,
0.06,0.025,1,q8_sensitive_product_scan,pcqv_forced,0.2,8,1,
0.06,0.025,1,q8_sensitive_product_scan,pcqv,0.1704,8,1,
0.06,0.025,1,q8_sensitive_product_scan,oracle_order,0.3059,8,1,
0.06,0.025,1,q9_ticket_topic_segments,no_policy,4.0331,25,0,
0.06,0.025,1,q9_ticket_topic_segments,post_join_filter,0.2461,22,1,
0.06,0.025,1,q9_ticket_topic_segments,view_barrier,0.2113,22,1,
0.06,0.025,1,q9_ticket_topic_segments,oblivious_forced,0.1269,22,1,
0.06,0.025,1,q9_ticket_topic_segments,predicate_injection,0.1671,22,1,
0.06,0.025,1,q9_ticket_topic_segments,pcqv_no_stats,0.1493,22,1,
0.06,0.025,1,q9_ticket_topic_segments,pcqv_forced,0.129,22,1,
0.06,0.025,1,q9_ticket_topic_segments,pcqv,0.1182,22,1,
0.06,0.025,1,q9_ticket_topic_segments,oracle_order,0.1428,22,1,
0.06,0.025,1,q10_acl_customer_rows,no_policy,0.4177,300,0,
0.06,0.025,1,q10_acl_customer_rows,post_join_filter,0.1923,16,1,
0.06,0.025,1,q10_acl_customer_rows,view_barrier,0.1051,16,1,
0.06,0.025,1,q10_acl_customer_rows,oblivious_forced,0.1559,16,1,
0.06,0.025,1,q10_acl_customer_rows,predicate_injection,0.0846,16,1,
0.06,0.025,1,q10_acl_customer_rows,pcqv_no_stats,0.0742,16,1,
0.06,0.025,1,q10_acl_customer_rows,pcqv_forced,0.0935,16,1,
0.06,0.025,1,q10_acl_customer_rows,pcqv,0.0683,16,1,
0.06,0.025,1,q10_acl_customer_rows,oracle_order,0.0654,16,1,
0.06,0.025,1,q11_order_ticket_bridge,no_policy,9.2277,40,0,
0.06,0.025,1,q11_order_ticket_bridge,post_join_filter,0.3609,21,1,
0.06,0.025,1,q11_order_ticket_bridge,view_barrier,0.5318,21,1,
0.06,0.025,1,q11_order_ticket_bridge,oblivious_forced,0.5197,21,1,
0.06,0.025,1,q11_order_ticket_bridge,predicate_injection,0.3542,21,1,
0.06,0.025,1,q11_order_ticket_bridge,pcqv_no_stats,0.2846,21,1,
0.06,0.025,1,q11_order_ticket_bridge,pcqv_forced,0.533,21,1,
0.06,0.025,1,q11_order_ticket_bridge,pcqv,0.6,21,1,
0.06,0.025,1,q11_order_ticket_bridge,oracle_order,0.4259,21,1,
0.06,0.025,1,q12_product_segment_revenue,no_policy,21.5691,27,0,
0.06,0.025,1,q12_product_segment_revenue,post_join_filter,0.5762,15,1,
0.06,0.025,1,q12_product_segment_revenue,view_barrier,0.9526,15,1,
0.06,0.025,1,q12_product_segment_revenue,oblivious_forced,0.452,15,1,
0.06,0.025,1,q12_product_segment_revenue,predicate_injection,0.4334,15,1,
0.06,0.025,1,q12_product_segment_revenue,pcqv_no_stats,0.4615,15,1,
0.06,0.025,1,q12_product_segment_revenue,pcqv_forced,0.4578,15,1,
0.06,0.025,1,q12_product_segment_revenue,pcqv,0.4261,15,1,
0.06,0.025,1,q12_product_segment_revenue,oracle_order,0.7027,15,1,
0.06,0.025,1,q13_order_lineitem_rows,no_policy,0.7942,300,0,
0.06,0.025,1,q13_order_lineitem_rows,post_join_filter,0.4063,145,1,
0.06,0.025,1,q13_order_lineitem_rows,view_barrier,0.965,145,1,
0.06,0.025,1,q13_order_lineitem_rows,oblivious_forced,0.4406,145,1,
0.06,0.025,1,q13_order_lineitem_rows,predicate_injection,0.4966,145,1,
0.06,0.025,1,q13_order_lineitem_rows,pcqv_no_stats,0.5066,145,1,
0.06,0.025,1,q13_order_lineitem_rows,pcqv_forced,0.5068,145,1,
0.06,0.025,1,q13_order_lineitem_rows,pcqv,0.5996,145,1,
0.06,0.025,1,q13_order_lineitem_rows,oracle_order,0.4103,145,1,
0.06,0.025,1,q14_support_owner_rows,no_policy,0.6216,300,0,
0.06,0.025,1,q14_support_owner_rows,post_join_filter,0.1772,46,1,
0.06,0.025,1,q14_support_owner_rows,view_barrier,0.2304,46,1,
0.06,0.025,1,q14_support_owner_rows,oblivious_forced,0.1171,46,1,
0.06,0.025,1,q14_support_owner_rows,predicate_injection,0.1455,46,1,
0.06,0.025,1,q14_support_owner_rows,pcqv_no_stats,0.1925,46,1,
0.06,0.025,1,q14_support_owner_rows,pcqv_forced,0.178,46,1,
0.06,0.025,1,q14_support_owner_rows,pcqv,0.1267,46,1,
0.06,0.025,1,q14_support_owner_rows,oracle_order,0.148,46,1,
0.06,0.025,1,q15_clearance_product_rows,no_policy,3.4979,102,0,
0.06,0.025,1,q15_clearance_product_rows,post_join_filter,6.1782,4,1,
0.06,0.025,1,q15_clearance_product_rows,view_barrier,0.5896,4,1,
0.06,0.025,1,q15_clearance_product_rows,oblivious_forced,0.1503,4,1,
0.06,0.025,1,q15_clearance_product_rows,predicate_injection,0.2928,4,1,
0.06,0.025,1,q15_clearance_product_rows,pcqv_no_stats,0.2802,4,1,
0.06,0.025,1,q15_clearance_product_rows,pcqv_forced,0.2478,4,1,
0.06,0.025,1,q15_clearance_product_rows,pcqv,0.4221,4,1,
0.06,0.025,1,q15_clearance_product_rows,oracle_order,0.2099,4,1,
0.06,0.025,1,q16_region_product_mix,no_policy,21.4556,72,0,
0.06,0.025,1,q16_region_product_mix,post_join_filter,0.6081,36,1,
0.06,0.025,1,q16_region_product_mix,view_barrier,1.3659,36,1,
0.06,0.025,1,q16_region_product_mix,oblivious_forced,0.6141,36,1,
0.06,0.025,1,q16_region_product_mix,predicate_injection,0.6141,36,1,
0.06,0.025,1,q16_region_product_mix,pcqv_no_stats,0.6225,36,1,
0.06,0.025,1,q16_region_product_mix,pcqv_forced,0.6085,36,1,
0.06,0.025,1,q16_region_product_mix,pcqv,0.9937,36,1,
0.06,0.025,1,q16_region_product_mix,oracle_order,0.6132,36,1,
0.06,0.025,2,q1_customer_orders,no_policy,2.9469,250,0,
0.06,0.025,2,q1_customer_orders,post_join_filter,0.1274,0,1,
0.06,0.025,2,q1_customer_orders,view_barrier,0.0176,0,1,
0.06,0.025,2,q1_customer_orders,oblivious_forced,0.1506,0,1,
0.06,0.025,2,q1_customer_orders,predicate_injection,0.0153,0,1,
0.06,0.025,2,q1_customer_orders,pcqv_no_stats,0.0147,0,1,
0.06,0.025,2,q1_customer_orders,pcqv_forced,0.0142,0,1,
0.06,0.025,2,q1_customer_orders,pcqv,0.015,0,1,
0.06,0.025,2,q1_customer_orders,oracle_order,0.0203,0,1,
0.06,0.025,2,q2_revenue_by_product,no_policy,3.6184,16,0,
0.06,0.025,2,q2_revenue_by_product,post_join_filter,0.2249,0,1,
0.06,0.025,2,q2_revenue_by_product,view_barrier,0.0263,0,1,
0.06,0.025,2,q2_revenue_by_product,oblivious_forced,0.2748,0,1,
0.06,0.025,2,q2_revenue_by_product,predicate_injection,0.0244,0,1,
0.06,0.025,2,q2_revenue_by_product,pcqv_no_stats,0.017,0,1,
0.06,0.025,2,q2_revenue_by_product,pcqv_forced,0.0261,0,1,
0.06,0.025,2,q2_revenue_by_product,pcqv,0.0192,0,1,
0.06,0.025,2,q2_revenue_by_product,oracle_order,0.0225,0,1,
0.06,0.025,2,q3_support_tickets,no_policy,1.7871,250,0,
0.06,0.025,2,q3_support_tickets,post_join_filter,0.0674,0,1,
0.06,0.025,2,q3_support_tickets,view_barrier,0.0287,0,1,
0.06,0.025,2,q3_support_tickets,oblivious_forced,0.1355,0,1,
0.06,0.025,2,q3_support_tickets,predicate_injection,0.0258,0,1,
0.06,0.025,2,q3_support_tickets,pcqv_no_stats,0.0824,0,1,
0.06,0.025,2,q3_support_tickets,pcqv_forced,0.023,0,1,
0.06,0.025,2,q3_support_tickets,pcqv,0.0147,0,1,
0.06,0.025,2,q3_support_tickets,oracle_order,0.0137,0,1,
0.06,0.025,2,q4_revenue_by_region,no_policy,14.7477,8,0,
0.06,0.025,2,q4_revenue_by_region,post_join_filter,0.1603,0,1,
0.06,0.025,2,q4_revenue_by_region,view_barrier,0.02,0,1,
0.06,0.025,2,q4_revenue_by_region,oblivious_forced,0.1805,0,1,
0.06,0.025,2,q4_revenue_by_region,predicate_injection,0.0181,0,1,
0.06,0.025,2,q4_revenue_by_region,pcqv_no_stats,0.0157,0,1,
0.06,0.025,2,q4_revenue_by_region,pcqv_forced,0.044,0,1,
0.06,0.025,2,q4_revenue_by_region,pcqv,0.0439,0,1,
0.06,0.025,2,q4_revenue_by_region,oracle_order,0.1491,0,1,
0.06,0.025,2,q5_high_value_segments,no_policy,4.295,5,0,
0.06,0.025,2,q5_high_value_segments,post_join_filter,1.6455,0,1,
0.06,0.025,2,q5_high_value_segments,view_barrier,0.0624,0,1,
0.06,0.025,2,q5_high_value_segments,oblivious_forced,1.3671,0,1,
0.06,0.025,2,q5_high_value_segments,predicate_injection,0.0239,0,1,
0.06,0.025,2,q5_high_value_segments,pcqv_no_stats,0.0309,0,1,
0.06,0.025,2,q5_high_value_segments,pcqv_forced,0.0171,0,1,
0.06,0.025,2,q5_high_value_segments,pcqv,0.016,0,1,
0.06,0.025,2,q5_high_value_segments,oracle_order,0.0116,0,1,
0.06,0.025,2,q6_lineitem_product_count,no_policy,11.1898,8,0,
0.06,0.025,2,q6_lineitem_product_count,post_join_filter,0.3045,0,1,
0.06,0.025,2,q6_lineitem_product_count,view_barrier,0.0164,0,1,
0.06,0.025,2,q6_lineitem_product_count,oblivious_forced,0.2792,0,1,
0.06,0.025,2,q6_lineitem_product_count,predicate_injection,0.0174,0,1,
0.06,0.025,2,q6_lineitem_product_count,pcqv_no_stats,0.0513,0,1,
0.06,0.025,2,q6_lineitem_product_count,pcqv_forced,0.013,0,1,
0.06,0.025,2,q6_lineitem_product_count,pcqv,0.036,0,1,
0.06,0.025,2,q6_lineitem_product_count,oracle_order,0.032,0,1,
0.06,0.025,2,q7_customer_summary,no_policy,1.2797,198,0,
0.06,0.025,2,q7_customer_summary,post_join_filter,0.1395,0,1,
0.06,0.025,2,q7_customer_summary,view_barrier,0.0383,0,1,
0.06,0.025,2,q7_customer_summary,oblivious_forced,0.124,0,1,
0.06,0.025,2,q7_customer_summary,predicate_injection,0.021,0,1,
0.06,0.025,2,q7_customer_summary,pcqv_no_stats,0.1506,0,1,
0.06,0.025,2,q7_customer_summary,pcqv_forced,0.0181,0,1,
0.06,0.025,2,q7_customer_summary,pcqv,0.0228,0,1,
0.06,0.025,2,q7_customer_summary,oracle_order,0.0191,0,1,
0.06,0.025,2,q8_sensitive_product_scan,no_policy,1.4644,43,0,
0.06,0.025,2,q8_sensitive_product_scan,post_join_filter,0.4517,6,1,
0.06,0.025,2,q8_sensitive_product_scan,view_barrier,0.4803,6,1,
0.06,0.025,2,q8_sensitive_product_scan,oblivious_forced,0.6947,6,1,
0.06,0.025,2,q8_sensitive_product_scan,predicate_injection,0.1687,6,1,
0.06,0.025,2,q8_sensitive_product_scan,pcqv_no_stats,0.1636,6,1,
0.06,0.025,2,q8_sensitive_product_scan,pcqv_forced,0.1828,6,1,
0.06,0.025,2,q8_sensitive_product_scan,pcqv,0.4874,6,1,
0.06,0.025,2,q8_sensitive_product_scan,oracle_order,0.1863,6,1,
0.06,0.025,2,q9_ticket_topic_segments,no_policy,4.0331,25,0,
0.06,0.025,2,q9_ticket_topic_segments,post_join_filter,0.0757,0,1,
0.06,0.025,2,q9_ticket_topic_segments,view_barrier,0.0159,0,1,
0.06,0.025,2,q9_ticket_topic_segments,oblivious_forced,0.0721,0,1,
0.06,0.025,2,q9_ticket_topic_segments,predicate_injection,0.012,0,1,
0.06,0.025,2,q9_ticket_topic_segments,pcqv_no_stats,0.0117,0,1,
0.06,0.025,2,q9_ticket_topic_segments,pcqv_forced,0.0408,0,1,
0.06,0.025,2,q9_ticket_topic_segments,pcqv,0.0118,0,1,
0.06,0.025,2,q9_ticket_topic_segments,oracle_order,0.0153,0,1,
0.06,0.025,2,q10_acl_customer_rows,no_policy,0.4177,300,0,
0.06,0.025,2,q10_acl_customer_rows,post_join_filter,0.0156,0,1,
0.06,0.025,2,q10_acl_customer_rows,view_barrier,0.0301,0,1,
0.06,0.025,2,q10_acl_customer_rows,oblivious_forced,0.0144,0,1,
0.06,0.025,2,q10_acl_customer_rows,predicate_injection,0.0132,0,1,
0.06,0.025,2,q10_acl_customer_rows,pcqv_no_stats,0.0137,0,1,
0.06,0.025,2,q10_acl_customer_rows,pcqv_forced,0.1349,0,1,
0.06,0.025,2,q10_acl_customer_rows,pcqv,0.0164,0,1,
0.06,0.025,2,q10_acl_customer_rows,oracle_order,0.0292,0,1,
0.06,0.025,2,q11_order_ticket_bridge,no_policy,9.2277,40,0,
0.06,0.025,2,q11_order_ticket_bridge,post_join_filter,0.0927,0,1,
0.06,0.025,2,q11_order_ticket_bridge,view_barrier,0.0194,0,1,
0.06,0.025,2,q11_order_ticket_bridge,oblivious_forced,0.1764,0,1,
0.06,0.025,2,q11_order_ticket_bridge,predicate_injection,0.0185,0,1,
0.06,0.025,2,q11_order_ticket_bridge,pcqv_no_stats,0.0164,0,1,
0.06,0.025,2,q11_order_ticket_bridge,pcqv_forced,0.0207,0,1,
0.06,0.025,2,q11_order_ticket_bridge,pcqv,0.0187,0,1,
0.06,0.025,2,q11_order_ticket_bridge,oracle_order,0.0167,0,1,
0.06,0.025,2,q12_product_segment_revenue,no_policy,21.5691,27,0,
0.06,0.025,2,q12_product_segment_revenue,post_join_filter,0.1152,0,1,
0.06,0.025,2,q12_product_segment_revenue,view_barrier,0.0161,0,1,
0.06,0.025,2,q12_product_segment_revenue,oblivious_forced,0.1183,0,1,
0.06,0.025,2,q12_product_segment_revenue,predicate_injection,0.038,0,1,
0.06,0.025,2,q12_product_segment_revenue,pcqv_no_stats,0.0176,0,1,
0.06,0.025,2,q12_product_segment_revenue,pcqv_forced,0.0129,0,1,
0.06,0.025,2,q12_product_segment_revenue,pcqv,0.0122,0,1,
0.06,0.025,2,q12_product_segment_revenue,oracle_order,0.2519,0,1,
0.06,0.025,2,q13_order_lineitem_rows,no_policy,0.7942,300,0,
0.06,0.025,2,q13_order_lineitem_rows,post_join_filter,0.3991,145,1,
0.06,0.025,2,q13_order_lineitem_rows,view_barrier,0.7323,145,1,
0.06,0.025,2,q13_order_lineitem_rows,oblivious_forced,0.4879,145,1,
0.06,0.025,2,q13_order_lineitem_rows,predicate_injection,0.4133,145,1,
0.06,0.025,2,q13_order_lineitem_rows,pcqv_no_stats,0.3848,145,1,
0.06,0.025,2,q13_order_lineitem_rows,pcqv_forced,0.3951,145,1,
0.06,0.025,2,q13_order_lineitem_rows,pcqv,0.4252,145,1,
0.06,0.025,2,q13_order_lineitem_rows,oracle_order,0.4036,145,1,
0.06,0.025,2,q14_support_owner_rows,no_policy,0.6216,300,0,
0.06,0.025,2,q14_support_owner_rows,post_join_filter,0.0984,0,1,
0.06,0.025,2,q14_support_owner_rows,view_barrier,0.0265,0,1,
0.06,0.025,2,q14_support_owner_rows,oblivious_forced,0.0748,0,1,
0.06,0.025,2,q14_support_owner_rows,predicate_injection,0.0202,0,1,
0.06,0.025,2,q14_support_owner_rows,pcqv_no_stats,0.0153,0,1,
0.06,0.025,2,q14_support_owner_rows,pcqv_forced,0.014,0,1,
0.06,0.025,2,q14_support_owner_rows,pcqv,0.0183,0,1,
0.06,0.025,2,q14_support_owner_rows,oracle_order,0.024,0,1,
0.06,0.025,2,q15_clearance_product_rows,no_policy,3.4979,102,0,
0.06,0.025,2,q15_clearance_product_rows,post_join_filter,0.1431,4,1,
0.06,0.025,2,q15_clearance_product_rows,view_barrier,0.6802,4,1,
0.06,0.025,2,q15_clearance_product_rows,oblivious_forced,0.1789,4,1,
0.06,0.025,2,q15_clearance_product_rows,predicate_injection,0.3016,4,1,
0.06,0.025,2,q15_clearance_product_rows,pcqv_no_stats,0.1819,4,1,
0.06,0.025,2,q15_clearance_product_rows,pcqv_forced,0.1232,4,1,
0.06,0.025,2,q15_clearance_product_rows,pcqv,0.3371,4,1,
0.06,0.025,2,q15_clearance_product_rows,oracle_order,0.1361,4,1,
0.06,0.025,2,q16_region_product_mix,no_policy,21.4556,72,0,
0.06,0.025,2,q16_region_product_mix,post_join_filter,0.0438,0,1,
0.06,0.025,2,q16_region_product_mix,view_barrier,0.0251,0,1,
0.06,0.025,2,q16_region_product_mix,oblivious_forced,0.016,0,1,
0.06,0.025,2,q16_region_product_mix,predicate_injection,0.033,0,1,
0.06,0.025,2,q16_region_product_mix,pcqv_no_stats,0.0149,0,1,
0.06,0.025,2,q16_region_product_mix,pcqv_forced,0.0227,0,1,
0.06,0.025,2,q16_region_product_mix,pcqv,0.0176,0,1,
0.06,0.025,2,q16_region_product_mix,oracle_order,0.0185,0,1,
0.06,0.025,3,q1_customer_orders,no_policy,2.9469,250,0,
0.06,0.025,3,q1_customer_orders,post_join_filter,0.1145,0,1,
0.06,0.025,3,q1_customer_orders,view_barrier,0.0188,0,1,
0.06,0.025,3,q1_customer_orders,oblivious_forced,0.1056,0,1,
0.06,0.025,3,q1_customer_orders,predicate_injection,0.0204,0,1,
0.06,0.025,3,q1_customer_orders,pcqv_no_stats,0.0519,0,1,
0.06,0.025,3,q1_customer_orders,pcqv_forced,0.0186,0,1,
0.06,0.025,3,q1_customer_orders,pcqv,0.02,0,1,
0.06,0.025,3,q1_customer_orders,oracle_order,0.0178,0,1,
0.06,0.025,3,q2_revenue_by_product,no_policy,3.6184,16,0,
0.06,0.025,3,q2_revenue_by_product,post_join_filter,0.4288,0,1,
0.06,0.025,3,q2_revenue_by_product,view_barrier,0.0297,0,1,
0.06,0.025,3,q2_revenue_by_product,oblivious_forced,0.2195,0,1,
0.06,0.025,3,q2_revenue_by_product,predicate_injection,0.0179,0,1,
0.06,0.025,3,q2_revenue_by_product,pcqv_no_stats,0.0173,0,1,
0.06,0.025,3,q2_revenue_by_product,pcqv_forced,0.0237,0,1,
0.06,0.025,3,q2_revenue_by_product,pcqv,0.0479,0,1,
0.06,0.025,3,q2_revenue_by_product,oracle_order,0.0225,0,1,
0.06,0.025,3,q3_support_tickets,no_policy,1.7871,250,0,
0.06,0.025,3,q3_support_tickets,post_join_filter,0.0577,0,1,
0.06,0.025,3,q3_support_tickets,view_barrier,0.0773,0,1,
0.06,0.025,3,q3_support_tickets,oblivious_forced,0.3073,0,1,
0.06,0.025,3,q3_support_tickets,predicate_injection,0.0414,0,1,
0.06,0.025,3,q3_support_tickets,pcqv_no_stats,0.0478,0,1,
0.06,0.025,3,q3_support_tickets,pcqv_forced,0.1926,0,1,
0.06,0.025,3,q3_support_tickets,pcqv,0.0776,0,1,
0.06,0.025,3,q3_support_tickets,oracle_order,0.0245,0,1,
0.06,0.025,3,q4_revenue_by_region,no_policy,14.7477,8,0,
0.06,0.025,3,q4_revenue_by_region,post_join_filter,0.3318,0,1,
0.06,0.025,3,q4_revenue_by_region,view_barrier,0.0291,0,1,
0.06,0.025,3,q4_revenue_by_region,oblivious_forced,0.3251,0,1,
0.06,0.025,3,q4_revenue_by_region,predicate_injection,0.0275,0,1,
0.06,0.025,3,q4_revenue_by_region,pcqv_no_stats,0.0304,0,1,
0.06,0.025,3,q4_revenue_by_region,pcqv_forced,0.0226,0,1,
0.06,0.025,3,q4_revenue_by_region,pcqv,0.0165,0,1,
0.06,0.025,3,q4_revenue_by_region,oracle_order,0.0405,0,1,
0.06,0.025,3,q5_high_value_segments,no_policy,4.295,5,0,
0.06,0.025,3,q5_high_value_segments,post_join_filter,2.0021,0,1,
0.06,0.025,3,q5_high_value_segments,view_barrier,0.0605,0,1,
0.06,0.025,3,q5_high_value_segments,oblivious_forced,2.1078,0,1,
0.06,0.025,3,q5_high_value_segments,predicate_injection,0.2911,0,1,
0.06,0.025,3,q5_high_value_segments,pcqv_no_stats,0.0438,0,1,
0.06,0.025,3,q5_high_value_segments,pcqv_forced,0.0442,0,1,
0.06,0.025,3,q5_high_value_segments,pcqv,0.0184,0,1,
0.06,0.025,3,q5_high_value_segments,oracle_order,0.0204,0,1,
0.06,0.025,3,q6_lineitem_product_count,no_policy,11.1898,8,0,
0.06,0.025,3,q6_lineitem_product_count,post_join_filter,0.4447,0,1,
0.06,0.025,3,q6_lineitem_product_count,view_barrier,0.0543,0,1,
0.06,0.025,3,q6_lineitem_product_count,oblivious_forced,0.2537,0,1,
0.06,0.025,3,q6_lineitem_product_count,predicate_injection,0.0158,0,1,
0.06,0.025,3,q6_lineitem_product_count,pcqv_no_stats,0.35,0,1,
0.06,0.025,3,q6_lineitem_product_count,pcqv_forced,0.0249,0,1,
0.06,0.025,3,q6_lineitem_product_count,pcqv,0.0246,0,1,
0.06,0.025,3,q6_lineitem_product_count,oracle_order,0.0282,0,1,
0.06,0.025,3,q7_customer_summary,no_policy,1.2797,198,0,
0.06,0.025,3,q7_customer_summary,post_join_filter,0.0697,0,1,
0.06,0.025,3,q7_customer_summary,view_barrier,0.0263,0,1,
0.06,0.025,3,q7_customer_summary,oblivious_forced,0.0675,0,1,
0.06,0.025,3,q7_customer_summary,predicate_injection,0.0173,0,1,
0.06,0.025,3,q7_customer_summary,pcqv_no_stats,0.0126,0,1,
0.06,0.025,3,q7_customer_summary,pcqv_forced,0.0153,0,1,
0.06,0.025,3,q7_customer_summary,pcqv,0.0113,0,1,
0.06,0.025,3,q7_customer_summary,oracle_order,0.0116,0,1,
0.06,0.025,3,q8_sensitive_product_scan,no_policy,1.4644,43,0,
0.06,0.025,3,q8_sensitive_product_scan,post_join_filter,0.3135,1,1,
0.06,0.025,3,q8_sensitive_product_scan,view_barrier,0.4361,1,1,
0.06,0.025,3,q8_sensitive_product_scan,oblivious_forced,0.2214,1,1,
0.06,0.025,3,q8_sensitive_product_scan,predicate_injection,0.3044,1,1,
0.06,0.025,3,q8_sensitive_product_scan,pcqv_no_stats,0.0251,1,1,
0.06,0.025,3,q8_sensitive_product_scan,pcqv_forced,0.0333,1,1,
0.06,0.025,3,q8_sensitive_product_scan,pcqv,0.0309,1,1,
0.06,0.025,3,q8_sensitive_product_scan,oracle_order,0.022,1,1,
0.06,0.025,3,q9_ticket_topic_segments,no_policy,4.0331,25,0,
0.06,0.025,3,q9_ticket_topic_segments,post_join_filter,0.0529,0,1,
0.06,0.025,3,q9_ticket_topic_segments,view_barrier,0.0157,0,1,
0.06,0.025,3,q9_ticket_topic_segments,oblivious_forced,0.0737,0,1,
0.06,0.025,3,q9_ticket_topic_segments,predicate_injection,0.015,0,1,
0.06,0.025,3,q9_ticket_topic_segments,pcqv_no_stats,0.0185,0,1,
0.06,0.025,3,q9_ticket_topic_segments,pcqv_forced,0.0166,0,1,
0.06,0.025,3,q9_ticket_topic_segments,pcqv,0.012,0,1,
0.06,0.025,3,q9_ticket_topic_segments,oracle_order,0.0113,0,1,
0.06,0.025,3,q10_acl_customer_rows,no_policy,0.4177,300,0,
0.06,0.025,3,q10_acl_customer_rows,post_join_filter,0.015,0,1,
0.06,0.025,3,q10_acl_customer_rows,view_barrier,0.0149,0,1,
0.06,0.025,3,q10_acl_customer_rows,oblivious_forced,0.0179,0,1,
0.06,0.025,3,q10_acl_customer_rows,predicate_injection,0.0219,0,1,
0.06,0.025,3,q10_acl_customer_rows,pcqv_no_stats,0.013,0,1,
0.06,0.025,3,q10_acl_customer_rows,pcqv_forced,0.013,0,1,
0.06,0.025,3,q10_acl_customer_rows,pcqv,0.0138,0,1,
0.06,0.025,3,q10_acl_customer_rows,oracle_order,0.0154,0,1,
0.06,0.025,3,q11_order_ticket_bridge,no_policy,9.2277,40,0,
0.06,0.025,3,q11_order_ticket_bridge,post_join_filter,0.0824,0,1,
0.06,0.025,3,q11_order_ticket_bridge,view_barrier,0.0456,0,1,
0.06,0.025,3,q11_order_ticket_bridge,oblivious_forced,0.0648,0,1,
0.06,0.025,3,q11_order_ticket_bridge,predicate_injection,0.0165,0,1,
0.06,0.025,3,q11_order_ticket_bridge,pcqv_no_stats,0.0159,0,1,
0.06,0.025,3,q11_order_ticket_bridge,pcqv_forced,0.0169,0,1,
0.06,0.025,3,q11_order_ticket_bridge,pcqv,0.0232,0,1,
0.06,0.025,3,q11_order_ticket_bridge,oracle_order,0.0187,0,1,
0.06,0.025,3,q12_product_segment_revenue,no_policy,21.5691,27,0,
0.06,0.025,3,q12_product_segment_revenue,post_join_filter,0.0688,0,1,
0.06,0.025,3,q12_product_segment_revenue,view_barrier,0.028,0,1,
0.06,0.025,3,q12_product_segment_revenue,oblivious_forced,0.1842,0,1,
0.06,0.025,3,q12_product_segment_revenue,predicate_injection,0.0181,0,1,
0.06,0.025,3,q12_product_segment_revenue,pcqv_no_stats,0.0187,0,1,
0.06,0.025,3,q12_product_segment_revenue,pcqv_forced,0.0167,0,1,
0.06,0.025,3,q12_product_segment_revenue,pcqv,0.0171,0,1,
0.06,0.025,3,q12_product_segment_revenue,oracle_order,0.0143,0,1,
0.06,0.025,3,q13_order_lineitem_rows,no_policy,0.7942,300,0,
0.06,0.025,3,q13_order_lineitem_rows,post_join_filter,0.096,23,1,
0.06,0.025,3,q13_order_lineitem_rows,view_barrier,0.43,23,1,
0.06,0.025,3,q13_order_lineitem_rows,oblivious_forced,0.0812,23,1,
0.06,0.025,3,q13_order_lineitem_rows,predicate_injection,0.111,23,1,
0.06,0.025,3,q13_order_lineitem_rows,pcqv_no_stats,0.1309,23,1,
0.06,0.025,3,q13_order_lineitem_rows,pcqv_forced,0.1111,23,1,
0.06,0.025,3,q13_order_lineitem_rows,pcqv,0.0847,23,1,
0.06,0.025,3,q13_order_lineitem_rows,oracle_order,0.0989,23,1,
0.06,0.025,3,q14_support_owner_rows,no_policy,0.6216,300,0,
0.06,0.025,3,q14_support_owner_rows,post_join_filter,0.0681,0,1,
0.06,0.025,3,q14_support_owner_rows,view_barrier,0.0249,0,1,
0.06,0.025,3,q14_support_owner_rows,oblivious_forced,0.0691,0,1,
0.06,0.025,3,q14_support_owner_rows,predicate_injection,0.0155,0,1,
0.06,0.025,3,q14_support_owner_rows,pcqv_no_stats,0.0166,0,1,
0.06,0.025,3,q14_support_owner_rows,pcqv_forced,0.0226,0,1,
0.06,0.025,3,q14_support_owner_rows,pcqv,0.1352,0,1,
0.06,0.025,3,q14_support_owner_rows,oracle_order,0.0238,0,1,
0.06,0.025,3,q15_clearance_product_rows,no_policy,3.4979,102,0,
0.06,0.025,3,q15_clearance_product_rows,post_join_filter,0.0815,1,1,
0.06,0.025,3,q15_clearance_product_rows,view_barrier,0.4085,1,1,
0.06,0.025,3,q15_clearance_product_rows,oblivious_forced,0.0708,1,1,
0.06,0.025,3,q15_clearance_product_rows,predicate_injection,0.0601,1,1,
0.06,0.025,3,q15_clearance_product_rows,pcqv_no_stats,0.0568,1,1,
0.06,0.025,3,q15_clearance_product_rows,pcqv_forced,0.0936,1,1,
0.06,0.025,3,q15_clearance_product_rows,pcqv,0.0682,1,1,
0.06,0.025,3,q15_clearance_product_rows,oracle_order,0.058,1,1,
0.06,0.025,3,q16_region_product_mix,no_policy,21.4556,72,0,
0.06,0.025,3,q16_region_product_mix,post_join_filter,0.0224,0,1,
0.06,0.025,3,q16_region_product_mix,view_barrier,0.0442,0,1,
0.06,0.025,3,q16_region_product_mix,oblivious_forced,0.2627,0,1,
0.06,0.025,3,q16_region_product_mix,predicate_injection,0.0183,0,1,
0.06,0.025,3,q16_region_product_mix,pcqv_no_stats,0.0159,0,1,
0.06,0.025,3,q16_region_product_mix,pcqv_forced,0.0145,0,1,
0.06,0.025,3,q16_region_product_mix,pcqv,0.0461,0,1,
0.06,0.025,3,q16_region_product_mix,oracle_order,0.0247,0,1,
0.06,0.025,4,q1_customer_orders,no_policy,2.9469,250,0,
0.06,0.025,4,q1_customer_orders,post_join_filter,0.1497,0,1,
0.06,0.025,4,q1_customer_orders,view_barrier,0.0226,0,1,
0.06,0.025,4,q1_customer_orders,oblivious_forced,0.2653,0,1,
0.06,0.025,4,q1_customer_orders,predicate_injection,0.0163,0,1,
0.06,0.025,4,q1_customer_orders,pcqv_no_stats,0.0154,0,1,
0.06,0.025,4,q1_customer_orders,pcqv_forced,0.0151,0,1,
0.06,0.025,4,q1_customer_orders,pcqv,0.0229,0,1,
0.06,0.025,4,q1_customer_orders,oracle_order,0.0189,0,1,
0.06,0.025,4,q2_revenue_by_product,no_policy,3.6184,16,0,
0.06,0.025,4,q2_revenue_by_product,post_join_filter,0.2206,0,1,
0.06,0.025,4,q2_revenue_by_product,view_barrier,0.038,0,1,
0.06,0.025,4,q2_revenue_by_product,oblivious_forced,0.4439,0,1,
0.06,0.025,4,q2_revenue_by_product,predicate_injection,0.0189,0,1,
0.06,0.025,4,q2_revenue_by_product,pcqv_no_stats,0.0433,0,1,
0.06,0.025,4,q2_revenue_by_product,pcqv_forced,0.0181,0,1,
0.06,0.025,4,q2_revenue_by_product,pcqv,0.0263,0,1,
0.06,0.025,4,q2_revenue_by_product,oracle_order,0.157,0,1,
0.06,0.025,4,q3_support_tickets,no_policy,1.7871,250,0,
0.06,0.025,4,q3_support_tickets,post_join_filter,0.1732,0,1,
0.06,0.025,4,q3_support_tickets,view_barrier,0.0494,0,1,
0.06,0.025,4,q3_support_tickets,oblivious_forced,0.1827,0,1,
0.06,0.025,4,q3_support_tickets,predicate_injection,0.059,0,1,
0.06,0.025,4,q3_support_tickets,pcqv_no_stats,0.0787,0,1,
0.06,0.025,4,q3_support_tickets,pcqv_forced,0.0253,0,1,
0.06,0.025,4,q3_support_tickets,pcqv,0.0425,0,1,
0.06,0.025,4,q3_support_tickets,oracle_order,0.0445,0,1,
0.06,0.025,4,q4_revenue_by_region,no_policy,14.7477,8,0,
0.06,0.025,4,q4_revenue_by_region,post_join_filter,0.7489,0,1,
0.06,0.025,4,q4_revenue_by_region,view_barrier,0.0394,0,1,
0.06,0.025,4,q4_revenue_by_region,oblivious_forced,0.4076,0,1,
0.06,0.025,4,q4_revenue_by_region,predicate_injection,0.0203,0,1,
0.06,0.025,4,q4_revenue_by_region,pcqv_no_stats,0.1399,0,1,
0.06,0.025,4,q4_revenue_by_region,pcqv_forced,0.0189,0,1,
0.06,0.025,4,q4_revenue_by_region,pcqv,0.0539,0,1,
0.06,0.025,4,q4_revenue_by_region,oracle_order,0.0288,0,1,
0.06,0.025,4,q5_high_value_segments,no_policy,4.295,5,0,
0.06,0.025,4,q5_high_value_segments,post_join_filter,1.396,0,1,
0.06,0.025,4,q5_high_value_segments,view_barrier,0.0159,0,1,
0.06,0.025,4,q5_high_value_segments,oblivious_forced,1.4627,0,1,
0.06,0.025,4,q5_high_value_segments,predicate_injection,0.0167,0,1,
0.06,0.025,4,q5_high_value_segments,pcqv_no_stats,0.012,0,1,
0.06,0.025,4,q5_high_value_segments,pcqv_forced,0.0583,0,1,
0.06,0.025,4,q5_high_value_segments,pcqv,0.0121,0,1,
0.06,0.025,4,q5_high_value_segments,oracle_order,1.359,0,1,
0.06,0.025,4,q6_lineitem_product_count,no_policy,11.1898,8,0,
0.06,0.025,4,q6_lineitem_product_count,post_join_filter,0.334,0,1,
0.06,0.025,4,q6_lineitem_product_count,view_barrier,0.0187,0,1,
0.06,0.025,4,q6_lineitem_product_count,oblivious_forced,0.4275,0,1,
0.06,0.025,4,q6_lineitem_product_count,predicate_injection,0.013,0,1,
0.06,0.025,4,q6_lineitem_product_count,pcqv_no_stats,0.0385,0,1,
0.06,0.025,4,q6_lineitem_product_count,pcqv_forced,0.0615,0,1,
0.06,0.025,4,q6_lineitem_product_count,pcqv,0.1025,0,1,
0.06,0.025,4,q6_lineitem_product_count,oracle_order,0.0898,0,1,
0.06,0.025,4,q7_customer_summary,no_policy,1.2797,198,0,
0.06,0.025,4,q7_customer_summary,post_join_filter,0.0664,0,1,
0.06,0.025,4,q7_customer_summary,view_barrier,0.0186,0,1,
0.06,0.025,4,q7_customer_summary,oblivious_forced,0.0629,0,1,
0.06,0.025,4,q7_customer_summary,predicate_injection,0.0127,0,1,
0.06,0.025,4,q7_customer_summary,pcqv_no_stats,0.0152,0,1,
0.06,0.025,4,q7_customer_summary,pcqv_forced,0.0153,0,1,
0.06,0.025,4,q7_customer_summary,pcqv,0.0107,0,1,
0.06,0.025,4,q7_customer_summary,oracle_order,0.1415,0,1,
0.06,0.025,4,q8_sensitive_product_scan,no_policy,1.4644,43,0,
0.06,0.025,4,q8_sensitive_product_scan,post_join_filter,0.3948,1,1,
0.06,0.025,4,q8_sensitive_product_scan,view_barrier,0.4578,1,1,
0.06,0.025,4,q8_sensitive_product_scan,oblivious_forced,0.3428,1,1,
0.06,0.025,4,q8_sensitive_product_scan,predicate_injection,0.055,1,1,
0.06,0.025,4,q8_sensitive_product_scan,pcqv_no_stats,0.043,1,1,
0.06,0.025,4,q8_sensitive_product_scan,pcqv_forced,0.0462,1,1,
0.06,0.025,4,q8_sensitive_product_scan,pcqv,0.0499,1,1,
0.06,0.025,4,q8_sensitive_product_scan,oracle_order,0.0576,1,1,
0.06,0.025,4,q9_ticket_topic_segments,no_policy,4.0331,25,0,
0.06,0.025,4,q9_ticket_topic_segments,post_join_filter,0.0501,0,1,
0.06,0.025,4,q9_ticket_topic_segments,view_barrier,0.0155,0,1,
0.06,0.025,4,q9_ticket_topic_segments,oblivious_forced,0.0599,0,1,
0.06,0.025,4,q9_ticket_topic_segments,predicate_injection,0.0111,0,1,
0.06,0.025,4,q9_ticket_topic_segments,pcqv_no_stats,0.0109,0,1,
0.06,0.025,4,q9_ticket_topic_segments,pcqv_forced,0.0118,0,1,
0.06,0.025,4,q9_ticket_topic_segments,pcqv,0.0136,0,1,
0.06,0.025,4,q9_ticket_topic_segments,oracle_order,0.0123,0,1,
0.06,0.025,4,q10_acl_customer_rows,no_policy,0.4177,300,0,
0.06,0.025,4,q10_acl_customer_rows,post_join_filter,0.0153,0,1,
0.06,0.025,4,q10_acl_customer_rows,view_barrier,0.016,0,1,
0.06,0.025,4,q10_acl_customer_rows,oblivious_forced,0.0136,0,1,
0.06,0.025,4,q10_acl_customer_rows,predicate_injection,0.0135,0,1,
0.06,0.025,4,q10_acl_customer_rows,pcqv_no_stats,0.0127,0,1,
0.06,0.025,4,q10_acl_customer_rows,pcqv_forced,0.0141,0,1,
0.06,0.025,4,q10_acl_customer_rows,pcqv,0.0138,0,1,
0.06,0.025,4,q10_acl_customer_rows,oracle_order,0.0138,0,1,
0.06,0.025,4,q11_order_ticket_bridge,no_policy,9.2277,40,0,
0.06,0.025,4,q11_order_ticket_bridge,post_join_filter,0.0613,0,1,
0.06,0.025,4,q11_order_ticket_bridge,view_barrier,0.026,0,1,
0.06,0.025,4,q11_order_ticket_bridge,oblivious_forced,0.2183,0,1,
0.06,0.025,4,q11_order_ticket_bridge,predicate_injection,0.0162,0,1,
0.06,0.025,4,q11_order_ticket_bridge,pcqv_no_stats,0.0196,0,1,
0.06,0.025,4,q11_order_ticket_bridge,pcqv_forced,0.0585,0,1,
0.06,0.025,4,q11_order_ticket_bridge,pcqv,0.0616,0,1,
0.06,0.025,4,q11_order_ticket_bridge,oracle_order,0.0991,0,1,
0.06,0.025,4,q12_product_segment_revenue,no_policy,21.5691,27,0,
0.06,0.025,4,q12_product_segment_revenue,post_join_filter,0.0753,0,1,
0.06,0.025,4,q12_product_segment_revenue,view_barrier,0.0175,0,1,
0.06,0.025,4,q12_product_segment_revenue,oblivious_forced,0.135,0,1,
0.06,0.025,4,q12_product_segment_revenue,predicate_injection,0.0143,0,1,
0.06,0.025,4,q12_product_segment_revenue,pcqv_no_stats,0.0134,0,1,
0.06,0.025,4,q12_product_segment_revenue,pcqv_forced,0.0166,0,1,
0.06,0.025,4,q12_product_segment_revenue,pcqv,0.0186,0,1,
0.06,0.025,4,q12_product_segment_revenue,oracle_order,0.1298,0,1,
0.06,0.025,4,q13_order_lineitem_rows,no_policy,0.7942,300,0,
0.06,0.025,4,q13_order_lineitem_rows,post_join_filter,0.0524,0,1,
0.06,0.025,4,q13_order_lineitem_rows,view_barrier,0.315,0,1,
0.06,0.025,4,q13_order_lineitem_rows,oblivious_forced,0.0863,0,1,
0.06,0.025,4,q13_order_lineitem_rows,predicate_injection,0.0502,0,1,
0.06,0.025,4,q13_order_lineitem_rows,pcqv_no_stats,0.0645,0,1,
0.06,0.025,4,q13_order_lineitem_rows,pcqv_forced,0.0345,0,1,
0.06,0.025,4,q13_order_lineitem_rows,pcqv,0.0557,0,1,
0.06,0.025,4,q13_order_lineitem_rows,oracle_order,0.0612,0,1,
0.06,0.025,4,q14_support_owner_rows,no_policy,0.6216,300,0,
0.06,0.025,4,q14_support_owner_rows,post_join_filter,0.2103,0,1,
0.06,0.025,4,q14_support_owner_rows,view_barrier,0.024,0,1,
0.06,0.025,4,q14_support_owner_rows,oblivious_forced,0.0843,0,1,
0.06,0.025,4,q14_support_owner_rows,predicate_injection,0.021,0,1,
0.06,0.025,4,q14_support_owner_rows,pcqv_no_stats,0.0224,0,1,
0.06,0.025,4,q14_support_owner_rows,pcqv_forced,0.0185,0,1,
0.06,0.025,4,q14_support_owner_rows,pcqv,0.1709,0,1,
0.06,0.025,4,q14_support_owner_rows,oracle_order,0.0224,0,1,
0.06,0.025,4,q15_clearance_product_rows,no_policy,3.4979,102,0,
0.06,0.025,4,q15_clearance_product_rows,post_join_filter,0.0946,1,1,
0.06,0.025,4,q15_clearance_product_rows,view_barrier,0.7347,1,1,
0.06,0.025,4,q15_clearance_product_rows,oblivious_forced,0.1423,1,1,
0.06,0.025,4,q15_clearance_product_rows,predicate_injection,0.0636,1,1,
0.06,0.025,4,q15_clearance_product_rows,pcqv_no_stats,0.0658,1,1,
0.06,0.025,4,q15_clearance_product_rows,pcqv_forced,0.0658,1,1,
0.06,0.025,4,q15_clearance_product_rows,pcqv,0.0691,1,1,
0.06,0.025,4,q15_clearance_product_rows,oracle_order,0.1235,1,1,
0.06,0.025,4,q16_region_product_mix,no_policy,21.4556,72,0,
0.06,0.025,4,q16_region_product_mix,post_join_filter,0.0389,0,1,
0.06,0.025,4,q16_region_product_mix,view_barrier,0.0262,0,1,
0.06,0.025,4,q16_region_product_mix,oblivious_forced,0.0391,0,1,
0.06,0.025,4,q16_region_product_mix,predicate_injection,0.0275,0,1,
0.06,0.025,4,q16_region_product_mix,pcqv_no_stats,0.0245,0,1,
0.06,0.025,4,q16_region_product_mix,pcqv_forced,0.0247,0,1,
0.06,0.025,4,q16_region_product_mix,pcqv,0.0253,0,1,
0.06,0.025,4,q16_region_product_mix,oracle_order,0.2563,0,1,
0.06,0.025,5,q1_customer_orders,no_policy,2.9469,250,0,
0.06,0.025,5,q1_customer_orders,post_join_filter,0.2214,0,1,
0.06,0.025,5,q1_customer_orders,view_barrier,0.1858,0,1,
0.06,0.025,5,q1_customer_orders,oblivious_forced,0.3009,0,1,
0.06,0.025,5,q1_customer_orders,predicate_injection,0.1296,0,1,
0.06,0.025,5,q1_customer_orders,pcqv_no_stats,0.0881,0,1,
0.06,0.025,5,q1_customer_orders,pcqv_forced,0.077,0,1,
0.06,0.025,5,q1_customer_orders,pcqv,0.0865,0,1,
0.06,0.025,5,q1_customer_orders,oracle_order,0.0627,0,1,
0.06,0.025,5,q2_revenue_by_product,no_policy,3.6184,16,0,
0.06,0.025,5,q2_revenue_by_product,post_join_filter,0.2127,0,1,
0.06,0.025,5,q2_revenue_by_product,view_barrier,0.0201,0,1,
0.06,0.025,5,q2_revenue_by_product,oblivious_forced,0.3614,0,1,
0.06,0.025,5,q2_revenue_by_product,predicate_injection,0.0159,0,1,
0.06,0.025,5,q2_revenue_by_product,pcqv_no_stats,0.0156,0,1,
0.06,0.025,5,q2_revenue_by_product,pcqv_forced,0.0164,0,1,
0.06,0.025,5,q2_revenue_by_product,pcqv,0.0157,0,1,
0.06,0.025,5,q2_revenue_by_product,oracle_order,0.017,0,1,
0.06,0.025,5,q3_support_tickets,no_policy,1.7871,250,0,
0.06,0.025,5,q3_support_tickets,post_join_filter,0.0507,0,1,
0.06,0.025,5,q3_support_tickets,view_barrier,0.0467,0,1,
0.06,0.025,5,q3_support_tickets,oblivious_forced,0.0499,0,1,
0.06,0.025,5,q3_support_tickets,predicate_injection,0.0428,0,1,
0.06,0.025,5,q3_support_tickets,pcqv_no_stats,0.0547,0,1,
0.06,0.025,5,q3_support_tickets,pcqv_forced,0.0387,0,1,
0.06,0.025,5,q3_support_tickets,pcqv,0.0549,0,1,
0.06,0.025,5,q3_support_tickets,oracle_order,0.0425,0,1,
0.06,0.025,5,q4_revenue_by_region,no_policy,14.7477,8,0,
0.06,0.025,5,q4_revenue_by_region,post_join_filter,0.1985,0,1,
0.06,0.025,5,q4_revenue_by_region,view_barrier,0.0492,0,1,
0.06,0.025,5,q4_revenue_by_region,oblivious_forced,0.2796,0,1,
0.06,0.025,5,q4_revenue_by_region,predicate_injection,0.0532,0,1,
0.06,0.025,5,q4_revenue_by_region,pcqv_no_stats,0.067,0,1,
0.06,0.025,5,q4_revenue_by_region,pcqv_forced,0.0636,0,1,
0.06,0.025,5,q4_revenue_by_region,pcqv,0.0635,0,1,
0.06,0.025,5,q4_revenue_by_region,oracle_order,0.0498,0,1,
0.06,0.025,5,q5_high_value_segments,no_policy,4.295,5,0,
0.06,0.025,5,q5_high_value_segments,post_join_filter,1.4618,0,1,
0.06,0.025,5,q5_high_value_segments,view_barrier,0.0449,0,1,
0.06,0.025,5,q5_high_value_segments,oblivious_forced,1.3419,0,1,
0.06,0.025,5,q5_high_value_segments,predicate_injection,1.438,0,1,
0.06,0.025,5,q5_high_value_segments,pcqv_no_stats,0.0916,0,1,
0.06,0.025,5,q5_high_value_segments,pcqv_forced,1.3326,0,1,
0.06,0.025,5,q5_high_value_segments,pcqv,1.3057,0,1,
0.06,0.025,5,q5_high_value_segments,oracle_order,1.3862,0,1,
0.06,0.025,5,q6_lineitem_product_count,no_policy,11.1898,8,0,
0.06,0.025,5,q6_lineitem_product_count,post_join_filter,0.2995,0,1,
0.06,0.025,5,q6_lineitem_product_count,view_barrier,0.8542,0,1,
0.06,0.025,5,q6_lineitem_product_count,oblivious_forced,0.4073,0,1,
0.06,0.025,5,q6_lineitem_product_count,predicate_injection,0.0569,0,1,
0.06,0.025,5,q6_lineitem_product_count,pcqv_no_stats,0.0496,0,1,
0.06,0.025,5,q6_lineitem_product_count,pcqv_forced,0.1613,0,1,
0.06,0.025,5,q6_lineitem_product_count,pcqv,0.0646,0,1,
0.06,0.025,5,q6_lineitem_product_count,oracle_order,0.1389,0,1,
0.06,0.025,5,q7_customer_summary,no_policy,1.2797,198,0,
0.06,0.025,5,q7_customer_summary,post_join_filter,0.1228,0,1,
0.06,0.025,5,q7_customer_summary,view_barrier,0.1308,0,1,
0.06,0.025,5,q7_customer_summary,oblivious_forced,0.0839,0,1,
0.06,0.025,5,q7_customer_summary,predicate_injection,0.2493,0,1,
0.06,0.025,5,q7_customer_summary,pcqv_no_stats,0.045,0,1,
0.06,0.025,5,q7_customer_summary,pcqv_forced,0.0339,0,1,
0.06,0.025,5,q7_customer_summary,pcqv,0.0457,0,1,
0.06,0.025,5,q7_customer_summary,oracle_order,0.0546,0,1,
0.06,0.025,5,q8_sensitive_product_scan,no_policy,1.4644,43,0,
0.06,0.025,5,q8_sensitive_product_scan,post_join_filter,0.303,1,1,
0.06,0.025,5,q8_sensitive_product_scan,view_barrier,0.4809,1,1,
0.06,0.025,5,q8_sensitive_product_scan,oblivious_forced,0.3132,1,1,
0.06,0.025,5,q8_sensitive_product_scan,predicate_injection,0.0424,1,1,
0.06,0.025,5,q8_sensitive_product_scan,pcqv_no_stats,0.0755,1,1,
0.06,0.025,5,q8_sensitive_product_scan,pcqv_forced,0.1209,1,1,
0.06,0.025,5,q8_sensitive_product_scan,pcqv,0.0686,1,1,
0.06,0.025,5,q8_sensitive_product_scan,oracle_order,0.1619,1,1,
0.06,0.025,5,q9_ticket_topic_segments,no_policy,4.0331,25,0,
0.06,0.025,5,q9_ticket_topic_segments,post_join_filter,0.1188,0,1,
0.06,0.025,5,q9_ticket_topic_segments,view_barrier,0.1423,0,1,
0.06,0.025,5,q9_ticket_topic_segments,oblivious_forced,0.128,0,1,
0.06,0.025,5,q9_ticket_topic_segments,predicate_injection,0.1891,0,1,
0.06,0.025,5,q9_ticket_topic_segments,pcqv_no_stats,0.0442,0,1,
0.06,0.025,5,q9_ticket_topic_segments,pcqv_forced,0.0532,0,1,
0.06,0.025,5,q9_ticket_topic_segments,pcqv,0.1025,0,1,
0.06,0.025,5,q9_ticket_topic_segments,oracle_order,0.0737,0,1,
0.06,0.025,5,q10_acl_customer_rows,no_policy,0.4177,300,0,
0.06,0.025,5,q10_acl_customer_rows,post_join_filter,0.2307,0,1,
0.06,0.025,5,q10_acl_customer_rows,view_barrier,0.2344,0,1,
0.06,0.025,5,q10_acl_customer_rows,oblivious_forced,0.0661,0,1,
0.06,0.025,5,q10_acl_customer_rows,predicate_injection,0.0682,0,1,
0.06,0.025,5,q10_acl_customer_rows,pcqv_no_stats,0.098,0,1,
0.06,0.025,5,q10_acl_customer_rows,pcqv_forced,0.0696,0,1,
0.06,0.025,5,q10_acl_customer_rows,pcqv,0.0658,0,1,
0.06,0.025,5,q10_acl_customer_rows,oracle_order,0.0599,0,1,
0.06,0.025,5,q11_order_ticket_bridge,no_policy,9.2277,40,0,
0.06,0.025,5,q11_order_ticket_bridge,post_join_filter,0.1474,0,1,
0.06,0.025,5,q11_order_ticket_bridge,view_barrier,0.1319,0,1,
0.06,0.025,5,q11_order_ticket_bridge,oblivious_forced,0.1228,0,1,
0.06,0.025,5,q11_order_ticket_bridge,predicate_injection,0.0784,0,1,
0.06,0.025,5,q11_order_ticket_bridge,pcqv_no_stats,0.2344,0,1,
0.06,0.025,5,q11_order_ticket_bridge,pcqv_forced,0.0646,0,1,
0.06,0.025,5,q11_order_ticket_bridge,pcqv,0.0533,0,1,
0.06,0.025,5,q11_order_ticket_bridge,oracle_order,0.0583,0,1,
0.06,0.025,5,q12_product_segment_revenue,no_policy,21.5691,27,0,
0.06,0.025,5,q12_product_segment_revenue,post_join_filter,0.0652,0,1,
0.06,0.025,5,q12_product_segment_revenue,view_barrier,0.6567,0,1,
0.06,0.025,5,q12_product_segment_revenue,oblivious_forced,0.06,0,1,
0.06,0.025,5,q12_product_segment_revenue,predicate_injection,0.0564,0,1,
0.06,0.025,5,q12_product_segment_revenue,pcqv_no_stats,0.0946,0,1,
0.06,0.025,5,q12_product_segment_revenue,pcqv_forced,0.0557,0,1,
0.06,0.025,5,q12_product_segment_revenue,pcqv,0.0513,0,1,
0.06,0.025,5,q12_product_segment_revenue,oracle_order,0.0933,0,1,
0.06,0.025,5,q13_order_lineitem_rows,no_policy,0.7942,300,0,
0.06,0.025,5,q13_order_lineitem_rows,post_join_filter,0.0625,0,1,
0.06,0.025,5,q13_order_lineitem_rows,view_barrier,0.0888,0,1,
0.06,0.025,5,q13_order_lineitem_rows,oblivious_forced,0.0319,0,1,
0.06,0.025,5,q13_order_lineitem_rows,predicate_injection,0.0268,0,1,
0.06,0.025,5,q13_order_lineitem_rows,pcqv_no_stats,0.0662,0,1,
0.06,0.025,5,q13_order_lineitem_rows,pcqv_forced,0.051,0,1,
0.06,0.025,5,q13_order_lineitem_rows,pcqv,0.0264,0,1,
0.06,0.025,5,q13_order_lineitem_rows,oracle_order,0.1355,0,1,
0.06,0.025,5,q14_support_owner_rows,no_policy,0.6216,300,0,
0.06,0.025,5,q14_support_owner_rows,post_join_filter,0.1647,0,1,
0.06,0.025,5,q14_support_owner_rows,view_barrier,0.0587,0,1,
0.06,0.025,5,q14_support_owner_rows,oblivious_forced,0.071,0,1,
0.06,0.025,5,q14_support_owner_rows,predicate_injection,0.0644,0,1,
0.06,0.025,5,q14_support_owner_rows,pcqv_no_stats,0.0722,0,1,
0.06,0.025,5,q14_support_owner_rows,pcqv_forced,0.051,0,1,
0.06,0.025,5,q14_support_owner_rows,pcqv,0.0542,0,1,
0.06,0.025,5,q14_support_owner_rows,oracle_order,0.0535,0,1,
0.06,0.025,5,q15_clearance_product_rows,no_policy,3.4979,102,0,
0.06,0.025,5,q15_clearance_product_rows,post_join_filter,0.1693,1,1,
0.06,0.025,5,q15_clearance_product_rows,view_barrier,0.5087,1,1,
0.06,0.025,5,q15_clearance_product_rows,oblivious_forced,0.0581,1,1,
0.06,0.025,5,q15_clearance_product_rows,predicate_injection,0.079,1,1,
0.06,0.025,5,q15_clearance_product_rows,pcqv_no_stats,0.0545,1,1,
0.06,0.025,5,q15_clearance_product_rows,pcqv_forced,0.2769,1,1,
0.06,0.025,5,q15_clearance_product_rows,pcqv,0.0591,1,1,
0.06,0.025,5,q15_clearance_product_rows,oracle_order,0.056,1,1,
0.06,0.025,5,q16_region_product_mix,no_policy,21.4556,72,0,
0.06,0.025,5,q16_region_product_mix,post_join_filter,0.0304,0,1,
0.06,0.025,5,q16_region_product_mix,view_barrier,0.5976,0,1,
0.06,0.025,5,q16_region_product_mix,oblivious_forced,0.0582,0,1,
0.06,0.025,5,q16_region_product_mix,predicate_injection,0.0457,0,1,
0.06,0.025,5,q16_region_product_mix,pcqv_no_stats,0.0439,0,1,
0.06,0.025,5,q16_region_product_mix,pcqv_forced,0.0741,0,1,
0.06,0.025,5,q16_region_product_mix,pcqv,0.0557,0,1,
0.06,0.025,5,q16_region_product_mix,oracle_order,0.1237,0,1,
0.06,0.025,6,q1_customer_orders,no_policy,2.9469,250,0,
0.06,0.025,6,q1_customer_orders,post_join_filter,0.353,0,1,
0.06,0.025,6,q1_customer_orders,view_barrier,0.1625,0,1,
0.06,0.025,6,q1_customer_orders,oblivious_forced,0.2632,0,1,
0.06,0.025,6,q1_customer_orders,predicate_injection,0.0618,0,1,
0.06,0.025,6,q1_customer_orders,pcqv_no_stats,0.0499,0,1,
0.06,0.025,6,q1_customer_orders,pcqv_forced,0.0746,0,1,
0.06,0.025,6,q1_customer_orders,pcqv,0.0804,0,1,
0.06,0.025,6,q1_customer_orders,oracle_order,0.0752,0,1,
0.06,0.025,6,q2_revenue_by_product,no_policy,3.6184,16,0,
0.06,0.025,6,q2_revenue_by_product,post_join_filter,0.3161,0,1,
0.06,0.025,6,q2_revenue_by_product,view_barrier,0.0402,0,1,
0.06,0.025,6,q2_revenue_by_product,oblivious_forced,0.4039,0,1,
0.06,0.025,6,q2_revenue_by_product,predicate_injection,0.0199,0,1,
0.06,0.025,6,q2_revenue_by_product,pcqv_no_stats,0.0174,0,1,
0.06,0.025,6,q2_revenue_by_product,pcqv_forced,0.0342,0,1,
0.06,0.025,6,q2_revenue_by_product,pcqv,0.0169,0,1,
0.06,0.025,6,q2_revenue_by_product,oracle_order,0.1223,0,1,
0.06,0.025,6,q3_support_tickets,no_policy,1.7871,250,0,
0.06,0.025,6,q3_support_tickets,post_join_filter,0.1847,0,1,
0.06,0.025,6,q3_support_tickets,view_barrier,0.1382,0,1,
0.06,0.025,6,q3_support_tickets,oblivious_forced,0.0625,0,1,
0.06,0.025,6,q3_support_tickets,predicate_injection,0.0773,0,1,
0.06,0.025,6,q3_support_tickets,pcqv_no_stats,0.0373,0,1,
0.06,0.025,6,q3_support_tickets,pcqv_forced,0.1518,0,1,
0.06,0.025,6,q3_support_tickets,pcqv,0.0874,0,1,
0.06,0.025,6,q3_support_tickets,oracle_order,0.0911,0,1,
0.06,0.025,6,q4_revenue_by_region,no_policy,14.7477,8,0,
0.06,0.025,6,q4_revenue_by_region,post_join_filter,0.2895,0,1,
0.06,0.025,6,q4_revenue_by_region,view_barrier,0.0937,0,1,
0.06,0.025,6,q4_revenue_by_region,oblivious_forced,0.6149,0,1,
0.06,0.025,6,q4_revenue_by_region,predicate_injection,0.2748,0,1,
0.06,0.025,6,q4_revenue_by_region,pcqv_no_stats,0.0961,0,1,
0.06,0.025,6,q4_revenue_by_region,pcqv_forced,0.089,0,1,
0.06,0.025,6,q4_revenue_by_region,pcqv,0.063,0,1,
0.06,0.025,6,q4_revenue_by_region,oracle_order,0.1,0,1,
0.06,0.025,6,q5_high_value_segments,no_policy,4.295,5,0,
0.06,0.025,6,q5_high_value_segments,post_join_filter,2.0085,0,1,
0.06,0.025,6,q5_high_value_segments,view_barrier,0.0662,0,1,
0.06,0.025,6,q5_high_value_segments,oblivious_forced,1.3753,0,1,
0.06,0.025,6,q5_high_value_segments,predicate_injection,1.3988,0,1,
0.06,0.025,6,q5_high_value_segments,pcqv_no_stats,0.0672,0,1,
0.06,0.025,6,q5_high_value_segments,pcqv_forced,1.4375,0,1,
0.06,0.025,6,q5_high_value_segments,pcqv,1.2567,0,1,
0.06,0.025,6,q5_high_value_segments,oracle_order,1.3791,0,1,
0.06,0.025,6,q6_lineitem_product_count,no_policy,11.1898,8,0,
0.06,0.025,6,q6_lineitem_product_count,post_join_filter,0.2646,0,1,
0.06,0.025,6,q6_lineitem_product_count,view_barrier,0.6146,0,1,
0.06,0.025,6,q6_lineitem_product_count,oblivious_forced,0.3456,0,1,
0.06,0.025,6,q6_lineitem_product_count,predicate_injection,0.0808,0,1,
0.06,0.025,6,q6_lineitem_product_count,pcqv_no_stats,0.0615,0,1,
0.06,0.025,6,q6_lineitem_product_count,pcqv_forced,0.0615,0,1,
0.06,0.025,6,q6_lineitem_product_count,pcqv,0.0605,0,1,
0.06,0.025,6,q6_lineitem_product_count,oracle_order,0.1877,0,1,
0.06,0.025,6,q7_customer_summary,no_policy,1.2797,198,0,
0.06,0.025,6,q7_customer_summary,post_join_filter,0.2502,0,1,
0.06,0.025,6,q7_customer_summary,view_barrier,0.0865,0,1,
0.06,0.025,6,q7_customer_summary,oblivious_forced,0.0922,0,1,
0.06,0.025,6,q7_customer_summary,predicate_injection,0.0315,0,1,
0.06,0.025,6,q7_customer_summary,pcqv_no_stats,0.0269,0,1,
0.06,0.025,6,q7_customer_summary,pcqv_forced,0.0412,0,1,
0.06,0.025,6,q7_customer_summary,pcqv,0.2247,0,1,
0.06,0.025,6,q7_customer_summary,oracle_order,0.0813,0,1,
0.06,0.025,6,q8_sensitive_product_scan,no_policy,1.4644,43,0,
0.06,0.025,6,q8_sensitive_product_scan,post_join_filter,0.4451,1,1,
0.06,0.025,6,q8_sensitive_product_scan,view_barrier,0.5761,1,1,
0.06,0.025,6,q8_sensitive_product_scan,oblivious_forced,0.3105,1,1,
0.06,0.025,6,q8_sensitive_product_scan,predicate_injection,0.0507,1,1,
0.06,0.025,6,q8_sensitive_product_scan,pcqv_no_stats,0.0524,1,1,
0.06,0.025,6,q8_sensitive_product_scan,pcqv_forced,0.0398,1,1,
0.06,0.025,6,q8_sensitive_product_scan,pcqv,0.0492,1,1,
0.06,0.025,6,q8_sensitive_product_scan,oracle_order,0.046,1,1,
0.06,0.025,6,q9_ticket_topic_segments,no_policy,4.0331,25,0,
0.06,0.025,6,q9_ticket_topic_segments,post_join_filter,0.0861,0,1,
0.06,0.025,6,q9_ticket_topic_segments,view_barrier,0.0582,0,1,
0.06,0.025,6,q9_ticket_topic_segments,oblivious_forced,0.1787,0,1,
0.06,0.025,6,q9_ticket_topic_segments,predicate_injection,0.072,0,1,
0.06,0.025,6,q9_ticket_topic_segments,pcqv_no_stats,0.0417,0,1,
0.06,0.025,6,q9_ticket_topic_segments,pcqv_forced,0.0419,0,1,
0.06,0.025,6,q9_ticket_topic_segments,pcqv,0.0551,0,1,
0.06,0.025,6,q9_ticket_topic_segments,oracle_order,0.0634,0,1,
0.06,0.025,6,q10_acl_customer_rows,no_policy,0.4177,300,0,
0.06,0.025,6,q10_acl_customer_rows,post_join_filter,0.0245,0,1,
0.06,0.025,6,q10_acl_customer_rows,view_barrier,0.0427,0,1,
0.06,0.025,6,q10_acl_customer_rows,oblivious_forced,0.0226,0,1,
0.06,0.025,6,q10_acl_customer_rows,predicate_injection,0.0516,0,1,
0.06,0.025,6,q10_acl_customer_rows,pcqv_no_stats,0.0227,0,1,
0.06,0.025,6,q10_acl_customer_rows,pcqv_forced,0.0357,0,1,
0.06,0.025,6,q10_acl_customer_rows,pcqv,0.0246,0,1,
0.06,0.025,6,q10_acl_customer_rows,oracle_order,0.0231,0,1,
0.06,0.025,6,q11_order_ticket_bridge,no_policy,9.2277,40,0,
0.06,0.025,6,q11_order_ticket_bridge,post_join_filter,0.0645,0,1,
0.06,0.025,6,q11_order_ticket_bridge,view_barrier,0.0594,0,1,
0.06,0.025,6,q11_order_ticket_bridge,oblivious_forced,0.3578,0,1,
0.06,0.025,6,q11_order_ticket_bridge,predicate_injection,0.1268,0,1,
0.06,0.025,6,q11_order_ticket_bridge,pcqv_no_stats,0.2315,0,1,
0.06,0.025,6,q11_order_ticket_bridge,pcqv_forced,0.119,0,1,
0.06,0.025,6,q11_order_ticket_bridge,pcqv,0.0891,0,1,
0.06,0.025,6,q11_order_ticket_bridge,oracle_order,0.5943,0,1,
0.06,0.025,6,q12_product_segment_revenue,no_policy,21.5691,27,0,
0.06,0.025,6,q12_product_segment_revenue,post_join_filter,0.1481,0,1,
0.06,0.025,6,q12_product_segment_revenue,view_barrier,0.9517,0,1,
0.06,0.025,6,q12_product_segment_revenue,oblivious_forced,0.1284,0,1,
0.06,0.025,6,q12_product_segment_revenue,predicate_injection,0.1448,0,1,
0.06,0.025,6,q12_product_segment_revenue,pcqv_no_stats,0.1072,0,1,
0.06,0.025,6,q12_product_segment_revenue,pcqv_forced,0.0993,0,1,
0.06,0.025,6,q12_product_segment_revenue,pcqv,0.2326,0,1,
0.06,0.025,6,q12_product_segment_revenue,oracle_order,0.135,0,1,
0.06,0.025,6,q13_order_lineitem_rows,no_policy,0.7942,300,0,
0.06,0.025,6,q13_order_lineitem_rows,post_join_filter,0.0517,0,1,
0.06,0.025,6,q13_order_lineitem_rows,view_barrier,0.0618,0,1,
0.06,0.025,6,q13_order_lineitem_rows,oblivious_forced,0.0385,0,1,
0.06,0.025,6,q13_order_lineitem_rows,predicate_injection,0.0523,0,1,
0.06,0.025,6,q13_order_lineitem_rows,pcqv_no_stats,0.0342,0,1,
0.06,0.025,6,q13_order_lineitem_rows,pcqv_forced,0.029,0,1,
0.06,0.025,6,q13_order_lineitem_rows,pcqv,0.031,0,1,
0.06,0.025,6,q13_order_lineitem_rows,oracle_order,0.0534,0,1,
0.06,0.025,6,q14_support_owner_rows,no_policy,0.6216,300,0,
0.06,0.025,6,q14_support_owner_rows,post_join_filter,0.0815,0,1,
0.06,0.025,6,q14_support_owner_rows,view_barrier,0.0551,0,1,
0.06,0.025,6,q14_support_owner_rows,oblivious_forced,0.0617,0,1,
0.06,0.025,6,q14_support_owner_rows,predicate_injection,0.0541,0,1,
0.06,0.025,6,q14_support_owner_rows,pcqv_no_stats,0.0559,0,1,
0.06,0.025,6,q14_support_owner_rows,pcqv_forced,0.0555,0,1,
0.06,0.025,6,q14_support_owner_rows,pcqv,0.054,0,1,
0.06,0.025,6,q14_support_owner_rows,oracle_order,0.0757,0,1,
0.06,0.025,6,q15_clearance_product_rows,no_policy,3.4979,102,0,
0.06,0.025,6,q15_clearance_product_rows,post_join_filter,0.0969,1,1,
0.06,0.025,6,q15_clearance_product_rows,view_barrier,0.5277,1,1,
0.06,0.025,6,q15_clearance_product_rows,oblivious_forced,0.2304,1,1,
0.06,0.025,6,q15_clearance_product_rows,predicate_injection,0.0893,1,1,
0.06,0.025,6,q15_clearance_product_rows,pcqv_no_stats,0.0961,1,1,
0.06,0.025,6,q15_clearance_product_rows,pcqv_forced,0.0569,1,1,
0.06,0.025,6,q15_clearance_product_rows,pcqv,0.08,1,1,
0.06,0.025,6,q15_clearance_product_rows,oracle_order,0.3903,1,1,
0.06,0.025,6,q16_region_product_mix,no_policy,21.4556,72,0,
0.06,0.025,6,q16_region_product_mix,post_join_filter,0.0341,0,1,
0.06,0.025,6,q16_region_product_mix,view_barrier,0.6345,0,1,
0.06,0.025,6,q16_region_product_mix,oblivious_forced,0.1732,0,1,
0.06,0.025,6,q16_region_product_mix,predicate_injection,0.0615,0,1,
0.06,0.025,6,q16_region_product_mix,pcqv_no_stats,0.0902,0,1,
0.06,0.025,6,q16_region_product_mix,pcqv_forced,0.1852,0,1,
0.06,0.025,6,q16_region_product_mix,pcqv,0.0463,0,1,
0.06,0.025,6,q16_region_product_mix,oracle_order,0.0733,0,1,
0.06,0.05,1,q1_customer_orders,no_policy,2.9469,250,0,
0.06,0.05,1,q1_customer_orders,post_join_filter,0.4162,109,1,
0.06,0.05,1,q1_customer_orders,view_barrier,1.3024,109,1,
0.06,0.05,1,q1_customer_orders,oblivious_forced,0.4368,109,1,
0.06,0.05,1,q1_customer_orders,predicate_injection,0.3095,109,1,
0.06,0.05,1,q1_customer_orders,pcqv_no_stats,0.2964,109,1,
0.06,0.05,1,q1_customer_orders,pcqv_forced,0.3025,109,1,
0.06,0.05,1,q1_customer_orders,pcqv,0.316,109,1,
0.06,0.05,1,q1_customer_orders,oracle_order,0.3594,109,1,
0.06,0.05,1,q2_revenue_by_product,no_policy,3.6184,16,0,
0.06,0.05,1,q2_revenue_by_product,post_join_filter,0.4933,5,1,
0.06,0.05,1,q2_revenue_by_product,view_barrier,1.3495,5,1,
0.06,0.05,1,q2_revenue_by_product,oblivious_forced,0.4579,5,1,
0.06,0.05,1,q2_revenue_by_product,predicate_injection,0.4836,5,1,
0.06,0.05,1,q2_revenue_by_product,pcqv_no_stats,0.168,5,1,
0.06,0.05,1,q2_revenue_by_product,pcqv_forced,0.1979,5,1,
0.06,0.05,1,q2_revenue_by_product,pcqv,0.185,5,1,
0.06,0.05,1,q2_revenue_by_product,oracle_order,0.1969,5,1,
0.06,0.05,1,q3_support_tickets,no_policy,1.7871,250,0,
0.06,0.05,1,q3_support_tickets,post_join_filter,0.1129,38,1,
0.06,0.05,1,q3_support_tickets,view_barrier,0.2583,38,1,
0.06,0.05,1,q3_support_tickets,oblivious_forced,0.1078,38,1,
0.06,0.05,1,q3_support_tickets,predicate_injection,0.1476,38,1,
0.06,0.05,1,q3_support_tickets,pcqv_no_stats,0.1173,38,1,
0.06,0.05,1,q3_support_tickets,pcqv_forced,0.1067,38,1,
0.06,0.05,1,q3_support_tickets,pcqv,0.1262,38,1,
0.06,0.05,1,q3_support_tickets,oracle_order,0.1027,38,1,
0.06,0.05,1,q4_revenue_by_region,no_policy,14.7477,8,0,
0.06,0.05,1,q4_revenue_by_region,post_join_filter,0.8951,7,1,
0.06,0.05,1,q4_revenue_by_region,view_barrier,4.3413,7,1,
0.06,0.05,1,q4_revenue_by_region,oblivious_forced,2.3933,7,1,
0.06,0.05,1,q4_revenue_by_region,predicate_injection,1.809,7,1,
0.06,0.05,1,q4_revenue_by_region,pcqv_no_stats,1.3559,7,1,
0.06,0.05,1,q4_revenue_by_region,pcqv_forced,1.3753,7,1,
0.06,0.05,1,q4_revenue_by_region,pcqv,1.0939,7,1,
0.06,0.05,1,q4_revenue_by_region,oracle_order,1.5478,7,1,
0.06,0.05,1,q5_high_value_segments,no_policy,4.295,5,0,
0.06,0.05,1,q5_high_value_segments,post_join_filter,2.117,5,1,
0.06,0.05,1,q5_high_value_segments,view_barrier,0.6087,5,1,
0.06,0.05,1,q5_high_value_segments,oblivious_forced,1.6267,5,1,
0.06,0.05,1,q5_high_value_segments,predicate_injection,1.5227,5,1,
0.06,0.05,1,q5_high_value_segments,pcqv_no_stats,0.3476,5,1,
0.06,0.05,1,q5_high_value_segments,pcqv_forced,0.2878,5,1,
0.06,0.05,1,q5_high_value_segments,pcqv,1.6328,5,1,
0.06,0.05,1,q5_high_value_segments,oracle_order,0.3187,5,1,
0.06,0.05,1,q6_lineitem_product_count,no_policy,11.1898,8,0,
0.06,0.05,1,q6_lineitem_product_count,post_join_filter,0.8537,7,1,
0.06,0.05,1,q6_lineitem_product_count,view_barrier,1.7725,7,1,
0.06,0.05,1,q6_lineitem_product_count,oblivious_forced,1.0574,7,1,
0.06,0.05,1,q6_lineitem_product_count,predicate_injection,0.8552,7,1,
0.06,0.05,1,q6_lineitem_product_count,pcqv_no_stats,0.9877,7,1,
0.06,0.05,1,q6_lineitem_product_count,pcqv_forced,0.7448,7,1,
0.06,0.05,1,q6_lineitem_product_count,pcqv,0.7167,7,1,
0.06,0.05,1,q6_lineitem_product_count,oracle_order,0.8041,7,1,
0.06,0.05,1,q7_customer_summary,no_policy,1.2797,198,0,
0.06,0.05,1,q7_customer_summary,post_join_filter,0.2326,10,1,
0.06,0.05,1,q7_customer_summary,view_barrier,0.6349,10,1,
0.06,0.05,1,q7_customer_summary,oblivious_forced,0.2565,10,1,
0.06,0.05,1,q7_customer_summary,predicate_injection,0.1301,10,1,
0.06,0.05,1,q7_customer_summary,pcqv_no_stats,0.1147,10,1,
0.06,0.05,1,q7_customer_summary,pcqv_forced,0.1256,10,1,
0.06,0.05,1,q7_customer_summary,pcqv,0.0918,10,1,
0.06,0.05,1,q7_customer_summary,oracle_order,0.1042,10,1,
0.06,0.05,1,q8_sensitive_product_scan,no_policy,1.4644,43,0,
0.06,0.05,1,q8_sensitive_product_scan,post_join_filter,0.7812,17,1,
0.06,0.05,1,q8_sensitive_product_scan,view_barrier,1.8033,17,1,
0.06,0.05,1,q8_sensitive_product_scan,oblivious_forced,1.0465,17,1,
0.06,0.05,1,q8_sensitive_product_scan,predicate_injection,0.5768,17,1,
0.06,0.05,1,q8_sensitive_product_scan,pcqv_no_stats,0.563,17,1,
0.06,0.05,1,q8_sensitive_product_scan,pcqv_forced,0.5498,17,1,
0.06,0.05,1,q8_sensitive_product_scan,pcqv,0.5284,17,1,
0.06,0.05,1,q8_sensitive_product_scan,oracle_order,0.5392,17,1,
0.06,0.05,1,q9_ticket_topic_segments,no_policy,4.0331,25,0,
0.06,0.05,1,q9_ticket_topic_segments,post_join_filter,0.4947,24,1,
0.06,0.05,1,q9_ticket_topic_segments,view_barrier,0.5528,24,1,
0.06,0.05,1,q9_ticket_topic_segments,oblivious_forced,0.6746,24,1,
0.06,0.05,1,q9_ticket_topic_segments,predicate_injection,0.5323,24,1,
0.06,0.05,1,q9_ticket_topic_segments,pcqv_no_stats,0.4932,24,1,
0.06,0.05,1,q9_ticket_topic_segments,pcqv_forced,0.4071,24,1,
0.06,0.05,1,q9_ticket_topic_segments,pcqv,0.3836,24,1,
0.06,0.05,1,q9_ticket_topic_segments,oracle_order,0.5543,24,1,
0.06,0.05,1,q10_acl_customer_rows,no_policy,0.4177,300,0,
0.06,0.05,1,q10_acl_customer_rows,post_join_filter,0.1622,29,1,
0.06,0.05,1,q10_acl_customer_rows,view_barrier,0.2736,29,1,
0.06,0.05,1,q10_acl_customer_rows,oblivious_forced,0.2939,29,1,
0.06,0.05,1,q10_acl_customer_rows,predicate_injection,0.2248,29,1,
0.06,0.05,1,q10_acl_customer_rows,pcqv_no_stats,0.1318,29,1,
0.06,0.05,1,q10_acl_customer_rows,pcqv_forced,0.1222,29,1,
0.06,0.05,1,q10_acl_customer_rows,pcqv,0.2121,29,1,
0.06,0.05,1,q10_acl_customer_rows,oracle_order,0.0792,29,1,
0.06,0.05,1,q11_order_ticket_bridge,no_policy,9.2277,40,0,
0.06,0.05,1,q11_order_ticket_bridge,post_join_filter,0.4971,30,1,
0.06,0.05,1,q11_order_ticket_bridge,view_barrier,0.7127,30,1,
0.06,0.05,1,q11_order_ticket_bridge,oblivious_forced,0.4666,30,1,
0.06,0.05,1,q11_order_ticket_bridge,predicate_injection,0.406,30,1,
0.06,0.05,1,q11_order_ticket_bridge,pcqv_no_stats,1.1779,30,1,
0.06,0.05,1,q11_order_ticket_bridge,pcqv_forced,0.4791,30,1,
0.06,0.05,1,q11_order_ticket_bridge,pcqv,0.534,30,1,
0.06,0.05,1,q11_order_ticket_bridge,oracle_order,0.6516,30,1,
0.06,0.05,1,q12_product_segment_revenue,no_policy,21.5691,27,0,
0.06,0.05,1,q12_product_segment_revenue,post_join_filter,1.0154,23,1,
0.06,0.05,1,q12_product_segment_revenue,view_barrier,2.205,23,1,
0.06,0.05,1,q12_product_segment_revenue,oblivious_forced,1.4691,23,1,
0.06,0.05,1,q12_product_segment_revenue,predicate_injection,0.9615,23,1,
0.06,0.05,1,q12_product_segment_revenue,pcqv_no_stats,1.2198,23,1,
0.06,0.05,1,q12_product_segment_revenue,pcqv_forced,1.2698,23,1,
0.06,0.05,1,q12_product_segment_revenue,pcqv,0.9085,23,1,
0.06,0.05,1,q12_product_segment_revenue,oracle_order,0.9787,23,1,
0.06,0.05,1,q13_order_lineitem_rows,no_policy,0.7942,300,0,
0.06,0.05,1,q13_order_lineitem_rows,post_join_filter,0.8223,268,1,
0.06,0.05,1,q13_order_lineitem_rows,view_barrier,1.3951,268,1,
0.06,0.05,1,q13_order_lineitem_rows,oblivious_forced,0.8084,268,1,
0.06,0.05,1,q13_order_lineitem_rows,predicate_injection,0.8462,268,1,
0.06,0.05,1,q13_order_lineitem_rows,pcqv_no_stats,0.8584,268,1,
0.06,0.05,1,q13_order_lineitem_rows,pcqv_forced,0.8457,268,1,
0.06,0.05,1,q13_order_lineitem_rows,pcqv,1.0916,268,1,
0.06,0.05,1,q13_order_lineitem_rows,oracle_order,0.9572,268,1,
0.06,0.05,1,q14_support_owner_rows,no_policy,0.6216,300,0,
0.06,0.05,1,q14_support_owner_rows,post_join_filter,0.235,85,1,
0.06,0.05,1,q14_support_owner_rows,view_barrier,0.3778,85,1,
0.06,0.05,1,q14_support_owner_rows,oblivious_forced,0.2254,85,1,
0.06,0.05,1,q14_support_owner_rows,predicate_injection,0.2706,85,1,
0.06,0.05,1,q14_support_owner_rows,pcqv_no_stats,0.2283,85,1,
0.06,0.05,1,q14_support_owner_rows,pcqv_forced,0.2192,85,1,
0.06,0.05,1,q14_support_owner_rows,pcqv,0.2258,85,1,
0.06,0.05,1,q14_support_owner_rows,oracle_order,0.5612,85,1,
0.06,0.05,1,q15_clearance_product_rows,no_policy,3.4979,102,0,
0.06,0.05,1,q15_clearance_product_rows,post_join_filter,1.0885,6,1,
0.06,0.05,1,q15_clearance_product_rows,view_barrier,1.6178,6,1,
0.06,0.05,1,q15_clearance_product_rows,oblivious_forced,0.4356,6,1,
0.06,0.05,1,q15_clearance_product_rows,predicate_injection,0.2766,6,1,
0.06,0.05,1,q15_clearance_product_rows,pcqv_no_stats,0.4325,6,1,
0.06,0.05,1,q15_clearance_product_rows,pcqv_forced,0.3979,6,1,
0.06,0.05,1,q15_clearance_product_rows,pcqv,0.2782,6,1,
0.06,0.05,1,q15_clearance_product_rows,oracle_order,0.469,6,1,
0.06,0.05,1,q16_region_product_mix,no_policy,21.4556,72,0,
0.06,0.05,1,q16_region_product_mix,post_join_filter,1.9027,52,1,
0.06,0.05,1,q16_region_product_mix,view_barrier,3.6593,52,1,
0.06,0.05,1,q16_region_product_mix,oblivious_forced,2.6397,52,1,
0.06,0.05,1,q16_region_product_mix,predicate_injection,1.2152,52,1,
0.06,0.05,1,q16_region_product_mix,pcqv_no_stats,1.4162,52,1,
0.06,0.05,1,q16_region_product_mix,pcqv_forced,1.2251,52,1,
0.06,0.05,1,q16_region_product_mix,pcqv,1.1261,52,1,
0.06,0.05,1,q16_region_product_mix,oracle_order,1.0984,52,1,
0.06,0.05,2,q1_customer_orders,no_policy,2.9469,250,0,
0.06,0.05,2,q1_customer_orders,post_join_filter,0.2266,3,1,
0.06,0.05,2,q1_customer_orders,view_barrier,1.1036,3,1,
0.06,0.05,2,q1_customer_orders,oblivious_forced,0.2151,3,1,
0.06,0.05,2,q1_customer_orders,predicate_injection,0.0655,3,1,
0.06,0.05,2,q1_customer_orders,pcqv_no_stats,0.0546,3,1,
0.06,0.05,2,q1_customer_orders,pcqv_forced,0.0574,3,1,
0.06,0.05,2,q1_customer_orders,pcqv,0.0516,3,1,
0.06,0.05,2,q1_customer_orders,oracle_order,0.079,3,1,
0.06,0.05,2,q2_revenue_by_product,no_policy,3.6184,16,0,
0.06,0.05,2,q2_revenue_by_product,post_join_filter,0.5926,3,1,
0.06,0.05,2,q2_revenue_by_product,view_barrier,1.6598,3,1,
0.06,0.05,2,q2_revenue_by_product,oblivious_forced,0.4408,3,1,
0.06,0.05,2,q2_revenue_by_product,predicate_injection,0.4388,3,1,
0.06,0.05,2,q2_revenue_by_product,pcqv_no_stats,0.1445,3,1,
0.06,0.05,2,q2_revenue_by_product,pcqv_forced,0.1456,3,1,
0.06,0.05,2,q2_revenue_by_product,pcqv,0.2745,3,1,
0.06,0.05,2,q2_revenue_by_product,oracle_order,0.1515,3,1,
0.06,0.05,2,q3_support_tickets,no_policy,1.7871,250,0,
0.06,0.05,2,q3_support_tickets,post_join_filter,0.0607,1,1,
0.06,0.05,2,q3_support_tickets,view_barrier,0.1646,1,1,
0.06,0.05,2,q3_support_tickets,oblivious_forced,0.2131,1,1,
0.06,0.05,2,q3_support_tickets,predicate_injection,0.0724,1,1,
0.06,0.05,2,q3_support_tickets,pcqv_no_stats,0.0852,1,1,
0.06,0.05,2,q3_support_tickets,pcqv_forced,0.1353,1,1,
0.06,0.05,2,q3_support_tickets,pcqv,0.0612,1,1,
0.06,0.05,2,q3_support_tickets,oracle_order,0.0519,1,1,
0.06,0.05,2,q4_revenue_by_region,no_policy,14.7477,8,0,
0.06,0.05,2,q4_revenue_by_region,post_join_filter,0.3891,1,1,
0.06,0.05,2,q4_revenue_by_region,view_barrier,1.3235,1,1,
0.06,0.05,2,q4_revenue_by_region,oblivious_forced,0.3928,1,1,
0.06,0.05,2,q4_revenue_by_region,predicate_injection,0.1204,1,1,
0.06,0.05,2,q4_revenue_by_region,pcqv_no_stats,0.0945,1,1,
0.06,0.05,2,q4_revenue_by_region,pcqv_forced,0.0928,1,1,
0.06,0.05,2,q4_revenue_by_region,pcqv,0.0878,1,1,
0.06,0.05,2,q4_revenue_by_region,oracle_order,0.0952,1,1,
0.06,0.05,2,q5_high_value_segments,no_policy,4.295,5,0,
0.06,0.05,2,q5_high_value_segments,post_join_filter,1.3969,2,1,
0.06,0.05,2,q5_high_value_segments,view_barrier,0.3599,2,1,
0.06,0.05,2,q5_high_value_segments,oblivious_forced,1.4233,2,1,
0.06,0.05,2,q5_high_value_segments,predicate_injection,0.0839,2,1,
0.06,0.05,2,q5_high_value_segments,pcqv_no_stats,0.0555,2,1,
0.06,0.05,2,q5_high_value_segments,pcqv_forced,0.0599,2,1,
0.06,0.05,2,q5_high_value_segments,pcqv,0.0496,2,1,
0.06,0.05,2,q5_high_value_segments,oracle_order,0.0702,2,1,
0.06,0.05,2,q6_lineitem_product_count,no_policy,11.1898,8,0,
0.06,0.05,2,q6_lineitem_product_count,post_join_filter,0.8482,4,1,
0.06,0.05,2,q6_lineitem_product_count,view_barrier,2.0758,4,1,
0.06,0.05,2,q6_lineitem_product_count,oblivious_forced,0.9287,4,1,
0.06,0.05,2,q6_lineitem_product_count,predicate_injection,0.1692,4,1,
0.06,0.05,2,q6_lineitem_product_count,pcqv_no_stats,0.11,4,1,
0.06,0.05,2,q6_lineitem_product_count,pcqv_forced,0.2112,4,1,
0.06,0.05,2,q6_lineitem_product_count,pcqv,0.3604,4,1,
0.06,0.05,2,q6_lineitem_product_count,oracle_order,0.9735,4,1,
0.06,0.05,2,q7_customer_summary,no_policy,1.2797,198,0,
0.06,0.05,2,q7_customer_summary,post_join_filter,0.2921,1,1,
0.06,0.05,2,q7_customer_summary,view_barrier,0.5892,1,1,
0.06,0.05,2,q7_customer_summary,oblivious_forced,0.3944,1,1,
0.06,0.05,2,q7_customer_summary,predicate_injection,0.0749,1,1,
0.06,0.05,2,q7_customer_summary,pcqv_no_stats,0.0811,1,1,
0.06,0.05,2,q7_customer_summary,pcqv_forced,0.1922,1,1,
0.06,0.05,2,q7_customer_summary,pcqv,0.1534,1,1,
0.06,0.05,2,q7_customer_summary,oracle_order,0.0615,1,1,
0.06,0.05,2,q8_sensitive_product_scan,no_policy,1.4644,43,0,
0.06,0.05,2,q8_sensitive_product_scan,post_join_filter,0.7349,15,1,
0.06,0.05,2,q8_sensitive_product_scan,view_barrier,1.3101,15,1,
0.06,0.05,2,q8_sensitive_product_scan,oblivious_forced,0.7631,15,1,
0.06,0.05,2,q8_sensitive_product_scan,predicate_injection,0.3978,15,1,
0.06,0.05,2,q8_sensitive_product_scan,pcqv_no_stats,0.4398,15,1,
0.06,0.05,2,q8_sensitive_product_scan,pcqv_forced,0.4626,15,1,
0.06,0.05,2,q8_sensitive_product_scan,pcqv,3.7002,15,1,
0.06,0.05,2,q8_sensitive_product_scan,oracle_order,0.5604,15,1,
0.06,0.05,2,q9_ticket_topic_segments,no_policy,4.0331,25,0,
0.06,0.05,2,q9_ticket_topic_segments,post_join_filter,0.1411,5,1,
0.06,0.05,2,q9_ticket_topic_segments,view_barrier,0.3027,5,1,
0.06,0.05,2,q9_ticket_topic_segments,oblivious_forced,0.134,5,1,
0.06,0.05,2,q9_ticket_topic_segments,predicate_injection,0.2225,5,1,
0.06,0.05,2,q9_ticket_topic_segments,pcqv_no_stats,0.1114,5,1,
0.06,0.05,2,q9_ticket_topic_segments,pcqv_forced,0.0853,5,1,
0.06,0.05,2,q9_ticket_topic_segments,pcqv,0.1511,5,1,
0.06,0.05,2,q9_ticket_topic_segments,oracle_order,0.0652,5,1,
0.06,0.05,2,q10_acl_customer_rows,no_policy,0.4177,300,0,
0.06,0.05,2,q10_acl_customer_rows,post_join_filter,0.0561,1,1,
0.06,0.05,2,q10_acl_customer_rows,view_barrier,0.0569,1,1,
0.06,0.05,2,q10_acl_customer_rows,oblivious_forced,0.028,1,1,
0.06,0.05,2,q10_acl_customer_rows,predicate_injection,0.0273,1,1,
0.06,0.05,2,q10_acl_customer_rows,pcqv_no_stats,0.0243,1,1,
0.06,0.05,2,q10_acl_customer_rows,pcqv_forced,0.0245,1,1,
0.06,0.05,2,q10_acl_customer_rows,pcqv,0.0523,1,1,
0.06,0.05,2,q10_acl_customer_rows,oracle_order,0.0251,1,1,
0.06,0.05,2,q11_order_ticket_bridge,no_policy,9.2277,40,0,
0.06,0.05,2,q11_order_ticket_bridge,post_join_filter,0.2473,1,1,
0.06,0.05,2,q11_order_ticket_bridge,view_barrier,0.5265,1,1,
0.06,0.05,2,q11_order_ticket_bridge,oblivious_forced,0.2644,1,1,
0.06,0.05,2,q11_order_ticket_bridge,predicate_injection,0.1801,1,1,
0.06,0.05,2,q11_order_ticket_bridge,pcqv_no_stats,0.0607,1,1,
0.06,0.05,2,q11_order_ticket_bridge,pcqv_forced,0.0623,1,1,
0.06,0.05,2,q11_order_ticket_bridge,pcqv,0.0601,1,1,
0.06,0.05,2,q11_order_ticket_bridge,oracle_order,0.08,1,1,
0.06,0.05,2,q12_product_segment_revenue,no_policy,21.5691,27,0,
0.06,0.05,2,q12_product_segment_revenue,post_join_filter,0.356,10,1,
0.06,0.05,2,q12_product_segment_revenue,view_barrier,1.9729,10,1,
0.06,0.05,2,q12_product_segment_revenue,oblivious_forced,0.3656,10,1,
0.06,0.05,2,q12_product_segment_revenue,predicate_injection,0.6517,10,1,
0.06,0.05,2,q12_product_segment_revenue,pcqv_no_stats,0.1277,10,1,
0.06,0.05,2,q12_product_segment_revenue,pcqv_forced,0.1551,10,1,
0.06,0.05,2,q12_product_segment_revenue,pcqv,0.1167,10,1,
0.06,0.05,2,q12_product_segment_revenue,oracle_order,0.1157,10,1,
0.06,0.05,2,q13_order_lineitem_rows,no_policy,0.7942,300,0,
0.06,0.05,2,q13_order_lineitem_rows,post_join_filter,0.8866,268,1,
0.06,0.05,2,q13_order_lineitem_rows,view_barrier,1.8448,268,1,
0.06,0.05,2,q13_order_lineitem_rows,oblivious_forced,1.0488,268,1,
0.06,0.05,2,q13_order_lineitem_rows,predicate_injection,0.9363,268,1,
0.06,0.05,2,q13_order_lineitem_rows,pcqv_no_stats,0.9025,268,1,
0.06,0.05,2,q13_order_lineitem_rows,pcqv_forced,1.8547,268,1,
0.06,0.05,2,q13_order_lineitem_rows,pcqv,1.403,268,1,
0.06,0.05,2,q13_order_lineitem_rows,oracle_order,1.503,268,1,
0.06,0.05,2,q14_support_owner_rows,no_policy,0.6216,300,0,
0.06,0.05,2,q14_support_owner_rows,post_join_filter,0.3371,5,1,
0.06,0.05,2,q14_support_owner_rows,view_barrier,0.2844,5,1,
0.06,0.05,2,q14_support_owner_rows,oblivious_forced,0.1247,5,1,
0.06,0.05,2,q14_support_owner_rows,predicate_injection,0.248,5,1,
0.06,0.05,2,q14_support_owner_rows,pcqv_no_stats,0.0758,5,1,
0.06,0.05,2,q14_support_owner_rows,pcqv_forced,0.0752,5,1,
0.06,0.05,2,q14_support_owner_rows,pcqv,0.1722,5,1,
0.06,0.05,2,q14_support_owner_rows,oracle_order,0.0946,5,1,
0.06,0.05,2,q15_clearance_product_rows,no_policy,3.4979,102,0,
0.06,0.05,2,q15_clearance_product_rows,post_join_filter,0.2075,6,1,
0.06,0.05,2,q15_clearance_product_rows,view_barrier,1.5135,6,1,
0.06,0.05,2,q15_clearance_product_rows,oblivious_forced,0.3395,6,1,
0.06,0.05,2,q15_clearance_product_rows,predicate_injection,0.3305,6,1,
0.06,0.05,2,q15_clearance_product_rows,pcqv_no_stats,0.3266,6,1,
0.06,0.05,2,q15_clearance_product_rows,pcqv_forced,0.3792,6,1,
0.06,0.05,2,q15_clearance_product_rows,pcqv,0.1838,6,1,
0.06,0.05,2,q15_clearance_product_rows,oracle_order,0.4047,6,1,
0.06,0.05,2,q16_region_product_mix,no_policy,21.4556,72,0,
0.06,0.05,2,q16_region_product_mix,post_join_filter,0.1907,5,1,
0.06,0.05,2,q16_region_product_mix,view_barrier,1.8704,5,1,
0.06,0.05,2,q16_region_product_mix,oblivious_forced,0.2182,5,1,
0.06,0.05,2,q16_region_product_mix,predicate_injection,0.3482,5,1,
0.06,0.05,2,q16_region_product_mix,pcqv_no_stats,0.231,5,1,
0.06,0.05,2,q16_region_product_mix,pcqv_forced,0.4111,5,1,
0.06,0.05,2,q16_region_product_mix,pcqv,0.1163,5,1,
0.06,0.05,2,q16_region_product_mix,oracle_order,0.1358,5,1,
0.06,0.05,3,q1_customer_orders,no_policy,2.9469,250,0,
0.06,0.05,3,q1_customer_orders,post_join_filter,0.2191,0,1,
0.06,0.05,3,q1_customer_orders,view_barrier,0.2549,0,1,
0.06,0.05,3,q1_customer_orders,oblivious_forced,0.2709,0,1,
0.06,0.05,3,q1_customer_orders,predicate_injection,0.073,0,1,
0.06,0.05,3,q1_customer_orders,pcqv_no_stats,0.0449,0,1,
0.06,0.05,3,q1_customer_orders,pcqv_forced,0.0722,0,1,
0.06,0.05,3,q1_customer_orders,pcqv,0.0548,0,1,
0.06,0.05,3,q1_customer_orders,oracle_order,0.0731,0,1,
0.06,0.05,3,q2_revenue_by_product,no_policy,3.6184,16,0,
0.06,0.05,3,q2_revenue_by_product,post_join_filter,0.3688,2,1,
0.06,0.05,3,q2_revenue_by_product,view_barrier,1.0939,2,1,
0.06,0.05,3,q2_revenue_by_product,oblivious_forced,0.3582,2,1,
0.06,0.05,3,q2_revenue_by_product,predicate_injection,0.084,2,1,
0.06,0.05,3,q2_revenue_by_product,pcqv_no_stats,0.0729,2,1,
0.06,0.05,3,q2_revenue_by_product,pcqv_forced,0.0737,2,1,
0.06,0.05,3,q2_revenue_by_product,pcqv,0.1148,2,1,
0.06,0.05,3,q2_revenue_by_product,oracle_order,0.1406,2,1,
0.06,0.05,3,q3_support_tickets,no_policy,1.7871,250,0,
0.06,0.05,3,q3_support_tickets,post_join_filter,0.0974,0,1,
0.06,0.05,3,q3_support_tickets,view_barrier,0.1836,0,1,
0.06,0.05,3,q3_support_tickets,oblivious_forced,0.0689,0,1,
0.06,0.05,3,q3_support_tickets,predicate_injection,0.057,0,1,
0.06,0.05,3,q3_support_tickets,pcqv_no_stats,0.0639,0,1,
0.06,0.05,3,q3_support_tickets,pcqv_forced,0.0522,0,1,
0.06,0.05,3,q3_support_tickets,pcqv,0.0493,0,1,
0.06,0.05,3,q3_support_tickets,oracle_order,0.0554,0,1,
0.06,0.05,3,q4_revenue_by_region,no_policy,14.7477,8,0,
0.06,0.05,3,q4_revenue_by_region,post_join_filter,0.28,0,1,
0.06,0.05,3,q4_revenue_by_region,view_barrier,1.0334,0,1,
0.06,0.05,3,q4_revenue_by_region,oblivious_forced,0.2841,0,1,
0.06,0.05,3,q4_revenue_by_region,predicate_injection,0.0501,0,1,
0.06,0.05,3,q4_revenue_by_region,pcqv_no_stats,0.0601,0,1,
0.06,0.05,3,q4_revenue_by_region,pcqv_forced,0.0693,0,1,
0.06,0.05,3,q4_revenue_by_region,pcqv,0.0648,0,1,
0.06,0.05,3,q4_revenue_by_region,oracle_order,0.0491,0,1,
0.06,0.05,3,q5_high_value_segments,no_policy,4.295,5,0,
0.06,0.05,3,q5_high_value_segments,post_join_filter,1.7447,0,1,
0.06,0.05,3,q5_high_value_segments,view_barrier,0.1931,0,1,
0.06,0.05,3,q5_high_value_segments,oblivious_forced,1.4455,0,1,
0.06,0.05,3,q5_high_value_segments,predicate_injection,0.083,0,1,
0.06,0.05,3,q5_high_value_segments,pcqv_no_stats,0.0669,0,1,
0.06,0.05,3,q5_high_value_segments,pcqv_forced,0.0831,0,1,
0.06,0.05,3,q5_high_value_segments,pcqv,0.056,0,1,
0.06,0.05,3,q5_high_value_segments,oracle_order,0.0501,0,1,
0.06,0.05,3,q6_lineitem_product_count,no_policy,11.1898,8,0,
0.06,0.05,3,q6_lineitem_product_count,post_join_filter,0.3795,0,1,
0.06,0.05,3,q6_lineitem_product_count,view_barrier,0.9844,0,1,
0.06,0.05,3,q6_lineitem_product_count,oblivious_forced,0.4406,0,1,
0.06,0.05,3,q6_lineitem_product_count,predicate_injection,0.0559,0,1,
0.06,0.05,3,q6_lineitem_product_count,pcqv_no_stats,0.0524,0,1,
0.06,0.05,3,q6_lineitem_product_count,pcqv_forced,0.2081,0,1,
0.06,0.05,3,q6_lineitem_product_count,pcqv,0.2409,0,1,
0.06,0.05,3,q6_lineitem_product_count,oracle_order,0.1378,0,1,
0.06,0.05,3,q7_customer_summary,no_policy,1.2797,198,0,
0.06,0.05,3,q7_customer_summary,post_join_filter,0.2588,0,1,
0.06,0.05,3,q7_customer_summary,view_barrier,0.2643,0,1,
0.06,0.05,3,q7_customer_summary,oblivious_forced,0.4402,0,1,
0.06,0.05,3,q7_customer_summary,predicate_injection,0.054,0,1,
0.06,0.05,3,q7_customer_summary,pcqv_no_stats,0.0374,0,1,
0.06,0.05,3,q7_customer_summary,pcqv_forced,0.1848,0,1,
0.06,0.05,3,q7_customer_summary,pcqv,0.0657,0,1,
0.06,0.05,3,q7_customer_summary,oracle_order,0.0244,0,1,
0.06,0.05,3,q8_sensitive_product_scan,no_policy,1.4644,43,0,
0.06,0.05,3,q8_sensitive_product_scan,post_join_filter,0.5478,4,1,
0.06,0.05,3,q8_sensitive_product_scan,view_barrier,1.0293,4,1,
0.06,0.05,3,q8_sensitive_product_scan,oblivious_forced,0.4039,4,1,
0.06,0.05,3,q8_sensitive_product_scan,predicate_injection,0.0967,4,1,
0.06,0.05,3,q8_sensitive_product_scan,pcqv_no_stats,0.1632,4,1,
0.06,0.05,3,q8_sensitive_product_scan,pcqv_forced,0.1024,4,1,
0.06,0.05,3,q8_sensitive_product_scan,pcqv,0.1003,4,1,
0.06,0.05,3,q8_sensitive_product_scan,oracle_order,0.0994,4,1,
0.06,0.05,3,q9_ticket_topic_segments,no_policy,4.0331,25,0,
0.06,0.05,3,q9_ticket_topic_segments,post_join_filter,0.0955,2,1,
0.06,0.05,3,q9_ticket_topic_segments,view_barrier,0.1931,2,1,
0.06,0.05,3,q9_ticket_topic_segments,oblivious_forced,0.0887,2,1,
0.06,0.05,3,q9_ticket_topic_segments,predicate_injection,0.0696,2,1,
0.06,0.05,3,q9_ticket_topic_segments,pcqv_no_stats,0.0504,2,1,
0.06,0.05,3,q9_ticket_topic_segments,pcqv_forced,0.0677,2,1,
0.06,0.05,3,q9_ticket_topic_segments,pcqv,0.0662,2,1,
0.06,0.05,3,q9_ticket_topic_segments,oracle_order,0.0482,2,1,
0.06,0.05,3,q10_acl_customer_rows,no_policy,0.4177,300,0,
0.06,0.05,3,q10_acl_customer_rows,post_join_filter,0.0452,1,1,
0.06,0.05,3,q10_acl_customer_rows,view_barrier,0.0808,1,1,
0.06,0.05,3,q10_acl_customer_rows,oblivious_forced,0.0247,1,1,
0.06,0.05,3,q10_acl_customer_rows,predicate_injection,0.0243,1,1,
0.06,0.05,3,q10_acl_customer_rows,pcqv_no_stats,0.0233,1,1,
0.06,0.05,3,q10_acl_customer_rows,pcqv_forced,0.023,1,1,
0.06,0.05,3,q10_acl_customer_rows,pcqv,0.041,1,1,
0.06,0.05,3,q10_acl_customer_rows,oracle_order,0.0275,1,1,
0.06,0.05,3,q11_order_ticket_bridge,no_policy,9.2277,40,0,
0.06,0.05,3,q11_order_ticket_bridge,post_join_filter,0.1096,0,1,
0.06,0.05,3,q11_order_ticket_bridge,view_barrier,0.2497,0,1,
0.06,0.05,3,q11_order_ticket_bridge,oblivious_forced,0.1751,0,1,
0.06,0.05,3,q11_order_ticket_bridge,predicate_injection,0.1088,0,1,
0.06,0.05,3,q11_order_ticket_bridge,pcqv_no_stats,0.0454,0,1,
0.06,0.05,3,q11_order_ticket_bridge,pcqv_forced,0.0406,0,1,
0.06,0.05,3,q11_order_ticket_bridge,pcqv,0.0465,0,1,
0.06,0.05,3,q11_order_ticket_bridge,oracle_order,0.0336,0,1,
0.06,0.05,3,q12_product_segment_revenue,no_policy,21.5691,27,0,
0.06,0.05,3,q12_product_segment_revenue,post_join_filter,0.2516,0,1,
0.06,0.05,3,q12_product_segment_revenue,view_barrier,1.4366,0,1,
0.06,0.05,3,q12_product_segment_revenue,oblivious_forced,0.1821,0,1,
0.06,0.05,3,q12_product_segment_revenue,predicate_injection,0.0817,0,1,
0.06,0.05,3,q12_product_segment_revenue,pcqv_no_stats,0.0661,0,1,
0.06,0.05,3,q12_product_segment_revenue,pcqv_forced,0.0773,0,1,
0.06,0.05,3,q12_product_segment_revenue,pcqv,0.0794,0,1,
0.06,0.05,3,q12_product_segment_revenue,oracle_order,0.1501,0,1,
0.06,0.05,3,q13_order_lineitem_rows,no_policy,0.7942,300,0,
0.06,0.05,3,q13_order_lineitem_rows,post_join_filter,0.4936,56,1,
0.06,0.05,3,q13_order_lineitem_rows,view_barrier,1.3534,56,1,
0.06,0.05,3,q13_order_lineitem_rows,oblivious_forced,0.2242,56,1,
0.06,0.05,3,q13_order_lineitem_rows,predicate_injection,0.2626,56,1,
0.06,0.05,3,q13_order_lineitem_rows,pcqv_no_stats,0.1711,56,1,
0.06,0.05,3,q13_order_lineitem_rows,pcqv_forced,0.2588,56,1,
0.06,0.05,3,q13_order_lineitem_rows,pcqv,0.2869,56,1,
0.06,0.05,3,q13_order_lineitem_rows,oracle_order,0.3429,56,1,
0.06,0.05,3,q14_support_owner_rows,no_policy,0.6216,300,0,
0.06,0.05,3,q14_support_owner_rows,post_join_filter,0.1341,2,1,
0.06,0.05,3,q14_support_owner_rows,view_barrier,0.24,2,1,
0.06,0.05,3,q14_support_owner_rows,oblivious_forced,0.1087,2,1,
0.06,0.05,3,q14_support_owner_rows,predicate_injection,0.2,2,1,
0.06,0.05,3,q14_support_owner_rows,pcqv_no_stats,0.0572,2,1,
0.06,0.05,3,q14_support_owner_rows,pcqv_forced,0.046,2,1,
0.06,0.05,3,q14_support_owner_rows,pcqv,0.0472,2,1,
0.06,0.05,3,q14_support_owner_rows,oracle_order,0.0461,2,1,
0.06,0.05,3,q15_clearance_product_rows,no_policy,3.4979,102,0,
0.06,0.05,3,q15_clearance_product_rows,post_join_filter,0.0566,1,1,
0.06,0.05,3,q15_clearance_product_rows,view_barrier,0.8466,1,1,
0.06,0.05,3,q15_clearance_product_rows,oblivious_forced,0.0705,1,1,
0.06,0.05,3,q15_clearance_product_rows,predicate_injection,0.0612,1,1,
0.06,0.05,3,q15_clearance_product_rows,pcqv_no_stats,0.0973,1,1,
0.06,0.05,3,q15_clearance_product_rows,pcqv_forced,0.1696,1,1,
0.06,0.05,3,q15_clearance_product_rows,pcqv,0.0562,1,1,
0.06,0.05,3,q15_clearance_product_rows,oracle_order,0.0711,1,1,
0.06,0.05,3,q16_region_product_mix,no_policy,21.4556,72,0,
0.06,0.05,3,q16_region_product_mix,post_join_filter,0.0862,0,1,
0.06,0.05,3,q16_region_product_mix,view_barrier,1.2398,0,1,
0.06,0.05,3,q16_region_product_mix,oblivious_forced,0.1465,0,1,
0.06,0.05,3,q16_region_product_mix,predicate_injection,0.094,0,1,
0.06,0.05,3,q16_region_product_mix,pcqv_no_stats,0.0538,0,1,
0.06,0.05,3,q16_region_product_mix,pcqv_forced,0.1806,0,1,
0.06,0.05,3,q16_region_product_mix,pcqv,0.1297,0,1,
0.06,0.05,3,q16_region_product_mix,oracle_order,0.1482,0,1,
0.06,0.05,4,q1_customer_orders,no_policy,2.9469,250,0,
0.06,0.05,4,q1_customer_orders,post_join_filter,0.3369,0,1,
0.06,0.05,4,q1_customer_orders,view_barrier,0.1663,0,1,
0.06,0.05,4,q1_customer_orders,oblivious_forced,0.572,0,1,
0.06,0.05,4,q1_customer_orders,predicate_injection,0.0508,0,1,
0.06,0.05,4,q1_customer_orders,pcqv_no_stats,0.0503,0,1,
0.06,0.05,4,q1_customer_orders,pcqv_forced,0.2449,0,1,
0.06,0.05,4,q1_customer_orders,pcqv,0.1448,0,1,
0.06,0.05,4,q1_customer_orders,oracle_order,0.2424,0,1,
0.06,0.05,4,q2_revenue_by_product,no_policy,3.6184,16,0,
0.06,0.05,4,q2_revenue_by_product,post_join_filter,0.6843,0,1,
0.06,0.05,4,q2_revenue_by_product,view_barrier,1.8483,0,1,
0.06,0.05,4,q2_revenue_by_product,oblivious_forced,0.9983,0,1,
0.06,0.05,4,q2_revenue_by_product,predicate_injection,0.2898,0,1,
0.06,0.05,4,q2_revenue_by_product,pcqv_no_stats,0.1278,0,1,
0.06,0.05,4,q2_revenue_by_product,pcqv_forced,0.1108,0,1,
0.06,0.05,4,q2_revenue_by_product,pcqv,0.1459,0,1,
0.06,0.05,4,q2_revenue_by_product,oracle_order,0.208,0,1,
0.06,0.05,4,q3_support_tickets,no_policy,1.7871,250,0,
0.06,0.05,4,q3_support_tickets,post_join_filter,0.0929,0,1,
0.06,0.05,4,q3_support_tickets,view_barrier,0.1784,0,1,
0.06,0.05,4,q3_support_tickets,oblivious_forced,0.1596,0,1,
0.06,0.05,4,q3_support_tickets,predicate_injection,0.0845,0,1,
0.06,0.05,4,q3_support_tickets,pcqv_no_stats,0.0944,0,1,
0.06,0.05,4,q3_support_tickets,pcqv_forced,0.058,0,1,
0.06,0.05,4,q3_support_tickets,pcqv,0.0988,0,1,
0.06,0.05,4,q3_support_tickets,oracle_order,0.1449,0,1,
0.06,0.05,4,q4_revenue_by_region,no_policy,14.7477,8,0,
0.06,0.05,4,q4_revenue_by_region,post_join_filter,0.3407,0,1,
0.06,0.05,4,q4_revenue_by_region,view_barrier,1.3243,0,1,
0.06,0.05,4,q4_revenue_by_region,oblivious_forced,0.9031,0,1,
0.06,0.05,4,q4_revenue_by_region,predicate_injection,0.0802,0,1,
0.06,0.05,4,q4_revenue_by_region,pcqv_no_stats,0.0741,0,1,
0.06,0.05,4,q4_revenue_by_region,pcqv_forced,0.1315,0,1,
0.06,0.05,4,q4_revenue_by_region,pcqv,0.0528,0,1,
0.06,0.05,4,q4_revenue_by_region,oracle_order,0.1454,0,1,
0.06,0.05,4,q5_high_value_segments,no_policy,4.295,5,0,
0.06,0.05,4,q5_high_value_segments,post_join_filter,1.4456,0,1,
0.06,0.05,4,q5_high_value_segments,view_barrier,0.1266,0,1,
0.06,0.05,4,q5_high_value_segments,oblivious_forced,1.4798,0,1,
0.06,0.05,4,q5_high_value_segments,predicate_injection,0.1198,0,1,
0.06,0.05,4,q5_high_value_segments,pcqv_no_stats,0.0562,0,1,
0.06,0.05,4,q5_high_value_segments,pcqv_forced,0.0336,0,1,
0.06,0.05,4,q5_high_value_segments,pcqv,0.0226,0,1,
0.06,0.05,4,q5_high_value_segments,oracle_order,1.4784,0,1,
0.06,0.05,4,q6_lineitem_product_count,no_policy,11.1898,8,0,
0.06,0.05,4,q6_lineitem_product_count,post_join_filter,0.6071,0,1,
0.06,0.05,4,q6_lineitem_product_count,view_barrier,1.6209,0,1,
0.06,0.05,4,q6_lineitem_product_count,oblivious_forced,0.6364,0,1,
0.06,0.05,4,q6_lineitem_product_count,predicate_injection,0.0813,0,1,
0.06,0.05,4,q6_lineitem_product_count,pcqv_no_stats,0.0492,0,1,
0.06,0.05,4,q6_lineitem_product_count,pcqv_forced,0.1839,0,1,
0.06,0.05,4,q6_lineitem_product_count,pcqv,0.1837,0,1,
0.06,0.05,4,q6_lineitem_product_count,oracle_order,0.3127,0,1,
0.06,0.05,4,q7_customer_summary,no_policy,1.2797,198,0,
0.06,0.05,4,q7_customer_summary,post_join_filter,0.2187,0,1,
0.06,0.05,4,q7_customer_summary,view_barrier,0.4805,0,1,
0.06,0.05,4,q7_customer_summary,oblivious_forced,0.3231,0,1,
0.06,0.05,4,q7_customer_summary,predicate_injection,0.1262,0,1,
0.06,0.05,4,q7_customer_summary,pcqv_no_stats,0.0932,0,1,
0.06,0.05,4,q7_customer_summary,pcqv_forced,0.0601,0,1,
0.06,0.05,4,q7_customer_summary,pcqv,0.1365,0,1,
0.06,0.05,4,q7_customer_summary,oracle_order,0.2576,0,1,
0.06,0.05,4,q8_sensitive_product_scan,no_policy,1.4644,43,0,
0.06,0.05,4,q8_sensitive_product_scan,post_join_filter,0.9523,4,1,
0.06,0.05,4,q8_sensitive_product_scan,view_barrier,1.6257,4,1,
0.06,0.05,4,q8_sensitive_product_scan,oblivious_forced,1.1683,4,1,
0.06,0.05,4,q8_sensitive_product_scan,predicate_injection,0.1811,4,1,
0.06,0.05,4,q8_sensitive_product_scan,pcqv_no_stats,0.5632,4,1,
0.06,0.05,4,q8_sensitive_product_scan,pcqv_forced,0.3417,4,1,
0.06,0.05,4,q8_sensitive_product_scan,pcqv,0.3451,4,1,
0.06,0.05,4,q8_sensitive_product_scan,oracle_order,0.2505,4,1,
0.06,0.05,4,q9_ticket_topic_segments,no_policy,4.0331,25,0,
0.06,0.05,4,q9_ticket_topic_segments,post_join_filter,0.1385,2,1,
0.06,0.05,4,q9_ticket_topic_segments,view_barrier,0.2172,2,1,
0.06,0.05,4,q9_ticket_topic_segments,oblivious_forced,0.1348,2,1,
0.06,0.05,4,q9_ticket_topic_segments,predicate_injection,0.0936,2,1,
0.06,0.05,4,q9_ticket_topic_segments,pcqv_no_stats,0.0781,2,1,
0.06,0.05,4,q9_ticket_topic_segments,pcqv_forced,0.0514,2,1,
0.06,0.05,4,q9_ticket_topic_segments,pcqv,0.0863,2,1,
0.06,0.05,4,q9_ticket_topic_segments,oracle_order,0.1548,2,1,
0.06,0.05,4,q10_acl_customer_rows,no_policy,0.4177,300,0,
0.06,0.05,4,q10_acl_customer_rows,post_join_filter,0.1593,1,1,
0.06,0.05,4,q10_acl_customer_rows,view_barrier,0.0876,1,1,
0.06,0.05,4,q10_acl_customer_rows,oblivious_forced,0.0627,1,1,
0.06,0.05,4,q10_acl_customer_rows,predicate_injection,0.1169,1,1,
0.06,0.05,4,q10_acl_customer_rows,pcqv_no_stats,0.1505,1,1,
0.06,0.05,4,q10_acl_customer_rows,pcqv_forced,0.0458,1,1,
0.06,0.05,4,q10_acl_customer_rows,pcqv,0.0283,1,1,
0.06,0.05,4,q10_acl_customer_rows,oracle_order,0.0462,1,1,
0.06,0.05,4,q11_order_ticket_bridge,no_policy,9.2277,40,0,
0.06,0.05,4,q11_order_ticket_bridge,post_join_filter,0.1635,0,1,
0.06,0.05,4,q11_order_ticket_bridge,view_barrier,0.2133,0,1,
0.06,0.05,4,q11_order_ticket_bridge,oblivious_forced,0.131,0,1,
0.06,0.05,4,q11_order_ticket_bridge,predicate_injection,0.0603,0,1,
0.06,0.05,4,q11_order_ticket_bridge,pcqv_no_stats,0.0438,0,1,
0.06,0.05,4,q11_order_ticket_bridge,pcqv_forced,0.1449,0,1,
0.06,0.05,4,q11_order_ticket_bridge,pcqv,0.0595,0,1,
0.06,0.05,4,q11_order_ticket_bridge,oracle_order,0.1826,0,1,
0.06,0.05,4,q12_product_segment_revenue,no_policy,21.5691,27,0,
0.06,0.05,4,q12_product_segment_revenue,post_join_filter,0.218,0,1,
0.06,0.05,4,q12_product_segment_revenue,view_barrier,1.724,0,1,
0.06,0.05,4,q12_product_segment_revenue,oblivious_forced,0.1891,0,1,
0.06,0.05,4,q12_product_segment_revenue,predicate_injection,0.0821,0,1,
0.06,0.05,4,q12_product_segment_revenue,pcqv_no_stats,0.1706,0,1,
0.06,0.05,4,q12_product_segment_revenue,pcqv_forced,0.0811,0,1,
0.06,0.05,4,q12_product_segment_revenue,pcqv,0.0816,0,1,
0.06,0.05,4,q12_product_segment_revenue,oracle_order,0.1519,0,1,
0.06,0.05,4,q13_order_lineitem_rows,no_policy,0.7942,300,0,
0.06,0.05,4,q13_order_lineitem_rows,post_join_filter,0.094,0,1,
0.06,0.05,4,q13_order_lineitem_rows,view_barrier,0.1042,0,1,
0.06,0.05,4,q13_order_lineitem_rows,oblivious_forced,0.0594,0,1,
0.06,0.05,4,q13_order_lineitem_rows,predicate_injection,0.0656,0,1,
0.06,0.05,4,q13_order_lineitem_rows,pcqv_no_stats,0.054,0,1,
0.06,0.05,4,q13_order_lineitem_rows,pcqv_forced,0.0574,0,1,
0.06,0.05,4,q13_order_lineitem_rows,pcqv,0.088,0,1,
0.06,0.05,4,q13_order_lineitem_rows,oracle_order,0.0824,0,1,
0.06,0.05,4,q14_support_owner_rows,no_policy,0.6216,300,0,
0.06,0.05,4,q14_support_owner_rows,post_join_filter,0.1129,2,1,
0.06,0.05,4,q14_support_owner_rows,view_barrier,0.2734,2,1,
0.06,0.05,4,q14_support_owner_rows,oblivious_forced,0.109,2,1,
0.06,0.05,4,q14_support_owner_rows,predicate_injection,0.0582,2,1,
0.06,0.05,4,q14_support_owner_rows,pcqv_no_stats,0.0645,2,1,
0.06,0.05,4,q14_support_owner_rows,pcqv_forced,0.0571,2,1,
0.06,0.05,4,q14_support_owner_rows,pcqv,0.0455,2,1,
0.06,0.05,4,q14_support_owner_rows,oracle_order,0.0513,2,1,
0.06,0.05,4,q15_clearance_product_rows,no_policy,3.4979,102,0,
0.06,0.05,4,q15_clearance_product_rows,post_join_filter,0.0731,1,1,
0.06,0.05,4,q15_clearance_product_rows,view_barrier,1.7724,1,1,
0.06,0.05,4,q15_clearance_product_rows,oblivious_forced,0.1086,1,1,
0.06,0.05,4,q15_clearance_product_rows,predicate_injection,0.1049,1,1,
0.06,0.05,4,q15_clearance_product_rows,pcqv_no_stats,0.1023,1,1,
0.06,0.05,4,q15_clearance_product_rows,pcqv_forced,0.0958,1,1,
0.06,0.05,4,q15_clearance_product_rows,pcqv,0.0894,1,1,
0.06,0.05,4,q15_clearance_product_rows,oracle_order,0.0589,1,1,
0.06,0.05,4,q16_region_product_mix,no_policy,21.4556,72,0,
0.06,0.05,4,q16_region_product_mix,post_join_filter,0.0565,0,1,
0.06,0.05,4,q16_region_product_mix,view_barrier,1.1995,0,1,
0.06,0.05,4,q16_region_product_mix,oblivious_forced,0.0576,0,1,
0.06,0.05,4,q16_region_product_mix,predicate_injection,0.0697,0,1,
0.06,0.05,4,q16_region_product_mix,pcqv_no_stats,0.0499,0,1,
0.06,0.05,4,q16_region_product_mix,pcqv_forced,0.3001,0,1,
0.06,0.05,4,q16_region_product_mix,pcqv,0.0733,0,1,
0.06,0.05,4,q16_region_product_mix,oracle_order,0.1195,0,1,
0.06,0.05,5,q1_customer_orders,no_policy,2.9469,250,0,
0.06,0.05,5,q1_customer_orders,post_join_filter,0.2835,0,1,
0.06,0.05,5,q1_customer_orders,view_barrier,0.1894,0,1,
0.06,0.05,5,q1_customer_orders,oblivious_forced,0.4624,0,1,
0.06,0.05,5,q1_customer_orders,predicate_injection,0.2705,0,1,
0.06,0.05,5,q1_customer_orders,pcqv_no_stats,0.2887,0,1,
0.06,0.05,5,q1_customer_orders,pcqv_forced,0.2262,0,1,
0.06,0.05,5,q1_customer_orders,pcqv,0.1619,0,1,
0.06,0.05,5,q1_customer_orders,oracle_order,0.1704,0,1,
0.06,0.05,5,q2_revenue_by_product,no_policy,3.6184,16,0,
0.06,0.05,5,q2_revenue_by_product,post_join_filter,0.6177,0,1,
0.06,0.05,5,q2_revenue_by_product,view_barrier,1.6538,0,1,
0.06,0.05,5,q2_revenue_by_product,oblivious_forced,0.9121,0,1,
0.06,0.05,5,q2_revenue_by_product,predicate_injection,0.1444,0,1,
0.06,0.05,5,q2_revenue_by_product,pcqv_no_stats,0.1594,0,1,
0.06,0.05,5,q2_revenue_by_product,pcqv_forced,0.1615,0,1,
0.06,0.05,5,q2_revenue_by_product,pcqv,0.2737,0,1,
0.06,0.05,5,q2_revenue_by_product,oracle_order,0.198,0,1,
0.06,0.05,5,q3_support_tickets,no_policy,1.7871,250,0,
0.06,0.05,5,q3_support_tickets,post_join_filter,0.0757,0,1,
0.06,0.05,5,q3_support_tickets,view_barrier,0.1779,0,1,
0.06,0.05,5,q3_support_tickets,oblivious_forced,0.1939,0,1,
0.06,0.05,5,q3_support_tickets,predicate_injection,0.312,0,1,
0.06,0.05,5,q3_support_tickets,pcqv_no_stats,0.1378,0,1,
0.06,0.05,5,q3_support_tickets,pcqv_forced,0.1018,0,1,
0.06,0.05,5,q3_support_tickets,pcqv,0.085,0,1,
0.06,0.05,5,q3_support_tickets,oracle_order,0.096,0,1,
0.06,0.05,5,q4_revenue_by_region,no_policy,14.7477,8,0,
0.06,0.05,5,q4_revenue_by_region,post_join_filter,0.4776,0,1,
0.06,0.05,5,q4_revenue_by_region,view_barrier,1.2666,0,1,
0.06,0.05,5,q4_revenue_by_region,oblivious_forced,0.6204,0,1,
0.06,0.05,5,q4_revenue_by_region,predicate_injection,0.1228,0,1,
0.06,0.05,5,q4_revenue_by_region,pcqv_no_stats,0.1007,0,1,
0.06,0.05,5,q4_revenue_by_region,pcqv_forced,0.0861,0,1,
0.06,0.05,5,q4_revenue_by_region,pcqv,0.0988,0,1,
0.06,0.05,5,q4_revenue_by_region,oracle_order,0.3686,0,1,
0.06,0.05,5,q5_high_value_segments,no_policy,4.295,5,0,
0.06,0.05,5,q5_high_value_segments,post_join_filter,1.6577,0,1,
0.06,0.05,5,q5_high_value_segments,view_barrier,0.1694,0,1,
0.06,0.05,5,q5_high_value_segments,oblivious_forced,1.4619,0,1,
0.06,0.05,5,q5_high_value_segments,predicate_injection,1.4882,0,1,
0.06,0.05,5,q5_high_value_segments,pcqv_no_stats,0.1291,0,1,
0.06,0.05,5,q5_high_value_segments,pcqv_forced,1.7258,0,1,
0.06,0.05,5,q5_high_value_segments,pcqv,1.4131,0,1,
0.06,0.05,5,q5_high_value_segments,oracle_order,1.4186,0,1,
0.06,0.05,5,q6_lineitem_product_count,no_policy,11.1898,8,0,
0.06,0.05,5,q6_lineitem_product_count,post_join_filter,0.4115,0,1,
0.06,0.05,5,q6_lineitem_product_count,view_barrier,1.2302,0,1,
0.06,0.05,5,q6_lineitem_product_count,oblivious_forced,0.5668,0,1,
0.06,0.05,5,q6_lineitem_product_count,predicate_injection,0.0811,0,1,
0.06,0.05,5,q6_lineitem_product_count,pcqv_no_stats,0.0892,0,1,
0.06,0.05,5,q6_lineitem_product_count,pcqv_forced,0.176,0,1,
0.06,0.05,5,q6_lineitem_product_count,pcqv,0.1562,0,1,
0.06,0.05,5,q6_lineitem_product_count,oracle_order,0.1585,0,1,
0.06,0.05,5,q7_customer_summary,no_policy,1.2797,198,0,
0.06,0.05,5,q7_customer_summary,post_join_filter,0.1118,0,1,
0.06,0.05,5,q7_customer_summary,view_barrier,0.2097,0,1,
0.06,0.05,5,q7_customer_summary,oblivious_forced,0.107,0,1,
0.06,0.05,5,q7_customer_summary,predicate_injection,0.1784,0,1,
0.06,0.05,5,q7_customer_summary,pcqv_no_stats,0.1188,0,1,
0.06,0.05,5,q7_customer_summary,pcqv_forced,0.1726,0,1,
0.06,0.05,5,q7_customer_summary,pcqv,0.1152,0,1,
0.06,0.05,5,q7_customer_summary,oracle_order,0.3293,0,1,
0.06,0.05,5,q8_sensitive_product_scan,no_policy,1.4644,43,0,
0.06,0.05,5,q8_sensitive_product_scan,post_join_filter,0.8274,4,1,
0.06,0.05,5,q8_sensitive_product_scan,view_barrier,1.2734,4,1,
0.06,0.05,5,q8_sensitive_product_scan,oblivious_forced,0.6571,4,1,
0.06,0.05,5,q8_sensitive_product_scan,predicate_injection,0.1558,4,1,
0.06,0.05,5,q8_sensitive_product_scan,pcqv_no_stats,0.1724,4,1,
0.06,0.05,5,q8_sensitive_product_scan,pcqv_forced,0.2093,4,1,
0.06,0.05,5,q8_sensitive_product_scan,pcqv,0.1291,4,1,
0.06,0.05,5,q8_sensitive_product_scan,oracle_order,0.2529,4,1,
0.06,0.05,5,q9_ticket_topic_segments,no_policy,4.0331,25,0,
0.06,0.05,5,q9_ticket_topic_segments,post_join_filter,0.2049,3,1,
0.06,0.05,5,q9_ticket_topic_segments,view_barrier,0.3178,3,1,
0.06,0.05,5,q9_ticket_topic_segments,oblivious_forced,0.1325,3,1,
0.06,0.05,5,q9_ticket_topic_segments,predicate_injection,0.0859,3,1,
0.06,0.05,5,q9_ticket_topic_segments,pcqv_no_stats,0.086,3,1,
0.06,0.05,5,q9_ticket_topic_segments,pcqv_forced,0.0826,3,1,
0.06,0.05,5,q9_ticket_topic_segments,pcqv,0.161,3,1,
0.06,0.05,5,q9_ticket_topic_segments,oracle_order,0.1129,3,1,
0.06,0.05,5,q10_acl_customer_rows,no_policy,0.4177,300,0,
0.06,0.05,5,q10_acl_customer_rows,post_join_filter,0.0618,2,1,
0.06,0.05,5,q10_acl_customer_rows,view_barrier,0.0821,2,1,
0.06,0.05,5,q10_acl_customer_rows,oblivious_forced,0.091,2,1,
0.06,0.05,5,q10_acl_customer_rows,predicate_injection,0.0831,2,1,
0.06,0.05,5,q10_acl_customer_rows,pcqv_no_stats,0.0512,2,1,
0.06,0.05,5,q10_acl_customer_rows,pcqv_forced,0.0539,2,1,
0.06,0.05,5,q10_acl_customer_rows,pcqv,0.0563,2,1,
0.06,0.05,5,q10_acl_customer_rows,oracle_order,0.0754,2,1,
0.06,0.05,5,q11_order_ticket_bridge,no_policy,9.2277,40,0,
0.06,0.05,5,q11_order_ticket_bridge,post_join_filter,0.1092,0,1,
0.06,0.05,5,q11_order_ticket_bridge,view_barrier,0.1594,0,1,
0.06,0.05,5,q11_order_ticket_bridge,oblivious_forced,0.1297,0,1,
0.06,0.05,5,q11_order_ticket_bridge,predicate_injection,0.0781,0,1,
0.06,0.05,5,q11_order_ticket_bridge,pcqv_no_stats,0.0686,0,1,
0.06,0.05,5,q11_order_ticket_bridge,pcqv_forced,0.1519,0,1,
0.06,0.05,5,q11_order_ticket_bridge,pcqv,0.1088,0,1,
0.06,0.05,5,q11_order_ticket_bridge,oracle_order,0.1213,0,1,
0.06,0.05,5,q12_product_segment_revenue,no_policy,21.5691,27,0,
0.06,0.05,5,q12_product_segment_revenue,post_join_filter,0.12,0,1,
0.06,0.05,5,q12_product_segment_revenue,view_barrier,1.1898,0,1,
0.06,0.05,5,q12_product_segment_revenue,oblivious_forced,0.3605,0,1,
0.06,0.05,5,q12_product_segment_revenue,predicate_injection,0.1388,0,1,
0.06,0.05,5,q12_product_segment_revenue,pcqv_no_stats,0.3197,0,1,
0.06,0.05,5,q12_product_segment_revenue,pcqv_forced,0.328,0,1,
0.06,0.05,5,q12_product_segment_revenue,pcqv,0.2354,0,1,
0.06,0.05,5,q12_product_segment_revenue,oracle_order,0.2105,0,1,
0.06,0.05,5,q13_order_lineitem_rows,no_policy,0.7942,300,0,
0.06,0.05,5,q13_order_lineitem_rows,post_join_filter,0.0626,0,1,
0.06,0.05,5,q13_order_lineitem_rows,view_barrier,0.1355,0,1,
0.06,0.05,5,q13_order_lineitem_rows,oblivious_forced,0.0533,0,1,
0.06,0.05,5,q13_order_lineitem_rows,predicate_injection,0.0612,0,1,
0.06,0.05,5,q13_order_lineitem_rows,pcqv_no_stats,0.099,0,1,
0.06,0.05,5,q13_order_lineitem_rows,pcqv_forced,0.0523,0,1,
0.06,0.05,5,q13_order_lineitem_rows,pcqv,0.0862,0,1,
0.06,0.05,5,q13_order_lineitem_rows,oracle_order,0.061,0,1,
0.06,0.05,5,q14_support_owner_rows,no_policy,0.6216,300,0,
0.06,0.05,5,q14_support_owner_rows,post_join_filter,0.1503,2,1,
0.06,0.05,5,q14_support_owner_rows,view_barrier,0.2052,2,1,
0.06,0.05,5,q14_support_owner_rows,oblivious_forced,0.2216,2,1,
0.06,0.05,5,q14_support_owner_rows,predicate_injection,0.16,2,1,
0.06,0.05,5,q14_support_owner_rows,pcqv_no_stats,0.1223,2,1,
0.06,0.05,5,q14_support_owner_rows,pcqv_forced,0.0895,2,1,
0.06,0.05,5,q14_support_owner_rows,pcqv,0.1049,2,1,
0.06,0.05,5,q14_support_owner_rows,oracle_order,0.1115,2,1,
0.06,0.05,5,q15_clearance_product_rows,no_policy,3.4979,102,0,
0.06,0.05,5,q15_clearance_product_rows,post_join_filter,0.1022,1,1,
0.06,0.05,5,q15_clearance_product_rows,view_barrier,1.0507,1,1,
0.06,0.05,5,q15_clearance_product_rows,oblivious_forced,0.1767,1,1,
0.06,0.05,5,q15_clearance_product_rows,predicate_injection,0.0798,1,1,
0.06,0.05,5,q15_clearance_product_rows,pcqv_no_stats,0.085,1,1,
0.06,0.05,5,q15_clearance_product_rows,pcqv_forced,0.0799,1,1,
0.06,0.05,5,q15_clearance_product_rows,pcqv,0.0805,1,1,
0.06,0.05,5,q15_clearance_product_rows,oracle_order,0.0947,1,1,
0.06,0.05,5,q16_region_product_mix,no_policy,21.4556,72,0,
0.06,0.05,5,q16_region_product_mix,post_join_filter,0.0769,0,1,
0.06,0.05,5,q16_region_product_mix,view_barrier,1.2442,0,1,
0.06,0.05,5,q16_region_product_mix,oblivious_forced,0.0853,0,1,
0.06,0.05,5,q16_region_product_mix,predicate_injection,0.2127,0,1,
0.06,0.05,5,q16_region_product_mix,pcqv_no_stats,0.1068,0,1,
0.06,0.05,5,q16_region_product_mix,pcqv_forced,0.2412,0,1,
0.06,0.05,5,q16_region_product_mix,pcqv,0.2214,0,1,
0.06,0.05,5,q16_region_product_mix,oracle_order,0.1424,0,1,
0.06,0.05,6,q1_customer_orders,no_policy,2.9469,250,0,
0.06,0.05,6,q1_customer_orders,post_join_filter,0.2778,0,1,
0.06,0.05,6,q1_customer_orders,view_barrier,0.1702,0,1,
0.06,0.05,6,q1_customer_orders,oblivious_forced,0.59,0,1,
0.06,0.05,6,q1_customer_orders,predicate_injection,0.1262,0,1,
0.06,0.05,6,q1_customer_orders,pcqv_no_stats,0.0954,0,1,
0.06,0.05,6,q1_customer_orders,pcqv_forced,0.1823,0,1,
0.06,0.05,6,q1_customer_orders,pcqv,0.1337,0,1,
0.06,0.05,6,q1_customer_orders,oracle_order,0.2355,0,1,
0.06,0.05,6,q2_revenue_by_product,no_policy,3.6184,16,0,
0.06,0.05,6,q2_revenue_by_product,post_join_filter,0.3973,0,1,
0.06,0.05,6,q2_revenue_by_product,view_barrier,1.3642,0,1,
0.06,0.05,6,q2_revenue_by_product,oblivious_forced,0.6349,0,1,
0.06,0.05,6,q2_revenue_by_product,predicate_injection,0.1113,0,1,
0.06,0.05,6,q2_revenue_by_product,pcqv_no_stats,0.107,0,1,
0.06,0.05,6,q2_revenue_by_product,pcqv_forced,0.1022,0,1,
0.06,0.05,6,q2_revenue_by_product,pcqv,0.1128,0,1,
0.06,0.05,6,q2_revenue_by_product,oracle_order,0.1064,0,1,
0.06,0.05,6,q3_support_tickets,no_policy,1.7871,250,0,
0.06,0.05,6,q3_support_tickets,post_join_filter,0.0803,0,1,
0.06,0.05,6,q3_support_tickets,view_barrier,0.161,0,1,
0.06,0.05,6,q3_support_tickets,oblivious_forced,0.0843,0,1,
0.06,0.05,6,q3_support_tickets,predicate_injection,0.1098,0,1,
0.06,0.05,6,q3_support_tickets,pcqv_no_stats,0.0541,0,1,
0.06,0.05,6,q3_support_tickets,pcqv_forced,0.0766,0,1,
0.06,0.05,6,q3_support_tickets,pcqv,0.0577,0,1,
0.06,0.05,6,q3_support_tickets,oracle_order,0.0642,0,1,
0.06,0.05,6,q4_revenue_by_region,no_policy,14.7477,8,0,
0.06,0.05,6,q4_revenue_by_region,post_join_filter,0.346,0,1,
0.06,0.05,6,q4_revenue_by_region,view_barrier,1.1998,0,1,
0.06,0.05,6,q4_revenue_by_region,oblivious_forced,0.778,0,1,
0.06,0.05,6,q4_revenue_by_region,predicate_injection,0.0809,0,1,
0.06,0.05,6,q4_revenue_by_region,pcqv_no_stats,0.0814,0,1,
0.06,0.05,6,q4_revenue_by_region,pcqv_forced,0.0784,0,1,
0.06,0.05,6,q4_revenue_by_region,pcqv,0.1052,0,1,
0.06,0.05,6,q4_revenue_by_region,oracle_order,0.1509,0,1,
0.06,0.05,6,q5_high_value_segments,no_policy,4.295,5,0,
0.06,0.05,6,q5_high_value_segments,post_join_filter,1.5438,0,1,
0.06,0.05,6,q5_high_value_segments,view_barrier,0.1801,0,1,
0.06,0.05,6,q5_high_value_segments,oblivious_forced,1.4625,0,1,
0.06,0.05,6,q5_high_value_segments,predicate_injection,2.2203,0,1,
0.06,0.05,6,q5_high_value_segments,pcqv_no_stats,0.4672,0,1,
0.06,0.05,6,q5_high_value_segments,pcqv_forced,2.07,0,1,
0.06,0.05,6,q5_high_value_segments,pcqv,1.4556,0,1,
0.06,0.05,6,q5_high_value_segments,oracle_order,1.4767,0,1,
0.06,0.05,6,q6_lineitem_product_count,no_policy,11.1898,8,0,
0.06,0.05,6,q6_lineitem_product_count,post_join_filter,0.7607,0,1,
0.06,0.05,6,q6_lineitem_product_count,view_barrier,1.1704,0,1,
0.06,0.05,6,q6_lineitem_product_count,oblivious_forced,0.6076,0,1,
0.06,0.05,6,q6_lineitem_product_count,predicate_injection,0.0878,0,1,
0.06,0.05,6,q6_lineitem_product_count,pcqv_no_stats,0.0759,0,1,
0.06,0.05,6,q6_lineitem_product_count,pcqv_forced,0.1996,0,1,
0.06,0.05,6,q6_lineitem_product_count,pcqv,0.1846,0,1,
0.06,0.05,6,q6_lineitem_product_count,oracle_order,0.3394,0,1,
0.06,0.05,6,q7_customer_summary,no_policy,1.2797,198,0,
0.06,0.05,6,q7_customer_summary,post_join_filter,0.147,0,1,
0.06,0.05,6,q7_customer_summary,view_barrier,0.2504,0,1,
0.06,0.05,6,q7_customer_summary,oblivious_forced,0.1495,0,1,
0.06,0.05,6,q7_customer_summary,predicate_injection,0.0842,0,1,
0.06,0.05,6,q7_customer_summary,pcqv_no_stats,0.1069,0,1,
0.06,0.05,6,q7_customer_summary,pcqv_forced,0.1122,0,1,
0.06,0.05,6,q7_customer_summary,pcqv,0.0881,0,1,
0.06,0.05,6,q7_customer_summary,oracle_order,0.1775,0,1,
0.06,0.05,6,q8_sensitive_product_scan,no_policy,1.4644,43,0,
0.06,0.05,6,q8_sensitive_product_scan,post_join_filter,0.7072,4,1,
0.06,0.05,6,q8_sensitive_product_scan,view_barrier,1.3807,4,1,
0.06,0.05,6,q8_sensitive_product_scan,oblivious_forced,0.9318,4,1,
0.06,0.05,6,q8_sensitive_product_scan,predicate_injection,0.2279,4,1,
0.06,0.05,6,q8_sensitive_product_scan,pcqv_no_stats,0.2113,4,1,
0.06,0.05,6,q8_sensitive_product_scan,pcqv_forced,0.2044,4,1,
0.06,0.05,6,q8_sensitive_product_scan,pcqv,0.136,4,1,
0.06,0.05,6,q8_sensitive_product_scan,oracle_order,0.192,4,1,
0.06,0.05,6,q9_ticket_topic_segments,no_policy,4.0331,25,0,
0.06,0.05,6,q9_ticket_topic_segments,post_join_filter,0.1651,0,1,
0.06,0.05,6,q9_ticket_topic_segments,view_barrier,0.2411,0,1,
0.06,0.05,6,q9_ticket_topic_segments,oblivious_forced,0.1599,0,1,
0.06,0.05,6,q9_ticket_topic_segments,predicate_injection,0.097,0,1,
0.06,0.05,6,q9_ticket_topic_segments,pcqv_no_stats,0.0918,0,1,
0.06,0.05,6,q9_ticket_topic_segments,pcqv_forced,0.0997,0,1,
0.06,0.05,6,q9_ticket_topic_segments,pcqv,0.1215,0,1,
0.06,0.05,6,q9_ticket_topic_segments,oracle_order,0.1106,0,1,
0.06,0.05,6,q10_acl_customer_rows,no_policy,0.4177,300,0,
0.06,0.05,6,q10_acl_customer_rows,post_join_filter,0.078,2,1,
0.06,0.05,6,q10_acl_customer_rows,view_barrier,0.1056,2,1,
0.06,0.05,6,q10_acl_customer_rows,oblivious_forced,0.0723,2,1,
0.06,0.05,6,q10_acl_customer_rows,predicate_injection,0.2134,2,1,
0.06,0.05,6,q10_acl_customer_rows,pcqv_no_stats,0.1145,2,1,
0.06,0.05,6,q10_acl_customer_rows,pcqv_forced,0.051,2,1,
0.06,0.05,6,q10_acl_customer_rows,pcqv,0.0757,2,1,
0.06,0.05,6,q10_acl_customer_rows,oracle_order,0.0677,2,1,
0.06,0.05,6,q11_order_ticket_bridge,no_policy,9.2277,40,0,
0.06,0.05,6,q11_order_ticket_bridge,post_join_filter,0.1495,0,1,
0.06,0.05,6,q11_order_ticket_bridge,view_barrier,0.1575,0,1,
0.06,0.05,6,q11_order_ticket_bridge,oblivious_forced,0.1336,0,1,
0.06,0.05,6,q11_order_ticket_bridge,predicate_injection,0.1096,0,1,
0.06,0.05,6,q11_order_ticket_bridge,pcqv_no_stats,0.0898,0,1,
0.06,0.05,6,q11_order_ticket_bridge,pcqv_forced,0.0992,0,1,
0.06,0.05,6,q11_order_ticket_bridge,pcqv,0.0998,0,1,
0.06,0.05,6,q11_order_ticket_bridge,oracle_order,0.1196,0,1,
0.06,0.05,6,q12_product_segment_revenue,no_policy,21.5691,27,0,
0.06,0.05,6,q12_product_segment_revenue,post_join_filter,0.1871,0,1,
0.06,0.05,6,q12_product_segment_revenue,view_barrier,1.6408,0,1,
0.06,0.05,6,q12_product_segment_revenue,oblivious_forced,0.1548,0,1,
0.06,0.05,6,q12_product_segment_revenue,predicate_injection,0.1537,0,1,
0.06,0.05,6,q12_product_segment_revenue,pcqv_no_stats,0.3835,0,1,
0.06,0.05,6,q12_product_segment_revenue,pcqv_forced,0.3011,0,1,
0.06,0.05,6,q12_product_segment_revenue,pcqv,0.1455,0,1,
0.06,0.05,6,q12_product_segment_revenue,oracle_order,0.1326,0,1,
0.06,0.05,6,q13_order_lineitem_rows,no_policy,0.7942,300,0,
0.06,0.05,6,q13_order_lineitem_rows,post_join_filter,0.0753,0,1,
0.06,0.05,6,q13_order_lineitem_rows,view_barrier,0.1636,0,1,
0.06,0.05,6,q13_order_lineitem_rows,oblivious_forced,0.3357,0,1,
0.06,0.05,6,q13_order_lineitem_rows,predicate_injection,0.0864,0,1,
0.06,0.05,6,q13_order_lineitem_rows,pcqv_no_stats,0.0947,0,1,
0.06,0.05,6,q13_order_lineitem_rows,pcqv_forced,0.0615,0,1,
0.06,0.05,6,q13_order_lineitem_rows,pcqv,0.0563,0,1,
0.06,0.05,6,q13_order_lineitem_rows,oracle_order,0.0558,0,1,
0.06,0.05,6,q14_support_owner_rows,no_policy,0.6216,300,0,
0.06,0.05,6,q14_support_owner_rows,post_join_filter,0.0941,2,1,
0.06,0.05,6,q14_support_owner_rows,view_barrier,0.2084,2,1,
0.06,0.05,6,q14_support_owner_rows,oblivious_forced,0.1018,2,1,
0.06,0.05,6,q14_support_owner_rows,predicate_injection,0.0961,2,1,
0.06,0.05,6,q14_support_owner_rows,pcqv_no_stats,0.0926,2,1,
0.06,0.05,6,q14_support_owner_rows,pcqv_forced,0.0873,2,1,
0.06,0.05,6,q14_support_owner_rows,pcqv,0.0845,2,1,
0.06,0.05,6,q14_support_owner_rows,oracle_order,0.0842,2,1,
0.06,0.05,6,q15_clearance_product_rows,no_policy,3.4979,102,0,
0.06,0.05,6,q15_clearance_product_rows,post_join_filter,0.0692,1,1,
0.06,0.05,6,q15_clearance_product_rows,view_barrier,0.9617,1,1,
0.06,0.05,6,q15_clearance_product_rows,oblivious_forced,0.0784,1,1,
0.06,0.05,6,q15_clearance_product_rows,predicate_injection,0.0643,1,1,
0.06,0.05,6,q15_clearance_product_rows,pcqv_no_stats,0.0711,1,1,
0.06,0.05,6,q15_clearance_product_rows,pcqv_forced,0.0559,1,1,
0.06,0.05,6,q15_clearance_product_rows,pcqv,0.0858,1,1,
0.06,0.05,6,q15_clearance_product_rows,oracle_order,0.1178,1,1,
0.06,0.05,6,q16_region_product_mix,no_policy,21.4556,72,0,
0.06,0.05,6,q16_region_product_mix,post_join_filter,0.0807,0,1,
0.06,0.05,6,q16_region_product_mix,view_barrier,1.3595,0,1,
0.06,0.05,6,q16_region_product_mix,oblivious_forced,0.1301,0,1,
0.06,0.05,6,q16_region_product_mix,predicate_injection,0.1005,0,1,
0.06,0.05,6,q16_region_product_mix,pcqv_no_stats,0.0993,0,1,
0.06,0.05,6,q16_region_product_mix,pcqv_forced,0.1577,0,1,
0.06,0.05,6,q16_region_product_mix,pcqv,0.0838,0,1,
0.06,0.05,6,q16_region_product_mix,oracle_order,0.1809,0,1,
0.06,0.1,1,q1_customer_orders,no_policy,2.9469,250,0,
0.06,0.1,1,q1_customer_orders,post_join_filter,1.0078,178,1,
0.06,0.1,1,q1_customer_orders,view_barrier,3.0249,178,1,
0.06,0.1,1,q1_customer_orders,oblivious_forced,0.8746,178,1,
0.06,0.1,1,q1_customer_orders,predicate_injection,0.8751,178,1,
0.06,0.1,1,q1_customer_orders,pcqv_no_stats,0.6342,178,1,
0.06,0.1,1,q1_customer_orders,pcqv_forced,0.6249,178,1,
0.06,0.1,1,q1_customer_orders,pcqv,0.6089,178,1,
0.06,0.1,1,q1_customer_orders,oracle_order,0.6934,178,1,
0.06,0.1,1,q2_revenue_by_product,no_policy,3.6184,16,0,
0.06,0.1,1,q2_revenue_by_product,post_join_filter,1.0587,10,1,
0.06,0.1,1,q2_revenue_by_product,view_barrier,3.0927,10,1,
0.06,0.1,1,q2_revenue_by_product,oblivious_forced,1.0699,10,1,
0.06,0.1,1,q2_revenue_by_product,predicate_injection,1.5352,10,1,
0.06,0.1,1,q2_revenue_by_product,pcqv_no_stats,0.5562,10,1,
0.06,0.1,1,q2_revenue_by_product,pcqv_forced,0.4824,10,1,
0.06,0.1,1,q2_revenue_by_product,pcqv,0.4551,10,1,
0.06,0.1,1,q2_revenue_by_product,oracle_order,0.4692,10,1,
0.06,0.1,1,q3_support_tickets,no_policy,1.7871,250,0,
0.06,0.1,1,q3_support_tickets,post_join_filter,0.3158,92,1,
0.06,0.1,1,q3_support_tickets,view_barrier,0.6762,92,1,
0.06,0.1,1,q3_support_tickets,oblivious_forced,0.4679,92,1,
0.06,0.1,1,q3_support_tickets,predicate_injection,0.3968,92,1,
0.06,0.1,1,q3_support_tickets,pcqv_no_stats,0.4925,92,1,
0.06,0.1,1,q3_support_tickets,pcqv_forced,0.5228,92,1,
0.06,0.1,1,q3_support_tickets,pcqv,0.5433,92,1,
0.06,0.1,1,q3_support_tickets,oracle_order,0.4895,92,1,
0.06,0.1,1,q4_revenue_by_region,no_policy,14.7477,8,0,
0.06,0.1,1,q4_revenue_by_region,post_join_filter,3.008,8,1,
0.06,0.1,1,q4_revenue_by_region,view_barrier,4.2052,8,1,
0.06,0.1,1,q4_revenue_by_region,oblivious_forced,3.1063,8,1,
0.06,0.1,1,q4_revenue_by_region,predicate_injection,2.9358,8,1,
0.06,0.1,1,q4_revenue_by_region,pcqv_no_stats,3.0069,8,1,
0.06,0.1,1,q4_revenue_by_region,pcqv_forced,3.24,8,1,
0.06,0.1,1,q4_revenue_by_region,pcqv,2.7205,8,1,
0.06,0.1,1,q4_revenue_by_region,oracle_order,2.5337,8,1,
0.06,0.1,1,q5_high_value_segments,no_policy,4.295,5,0,
0.06,0.1,1,q5_high_value_segments,post_join_filter,1.9768,5,1,
0.06,0.1,1,q5_high_value_segments,view_barrier,1.1105,5,1,
0.06,0.1,1,q5_high_value_segments,oblivious_forced,2.3173,5,1,
0.06,0.1,1,q5_high_value_segments,predicate_injection,2.8044,5,1,
0.06,0.1,1,q5_high_value_segments,pcqv_no_stats,0.5102,5,1,
0.06,0.1,1,q5_high_value_segments,pcqv_forced,0.7617,5,1,
0.06,0.1,1,q5_high_value_segments,pcqv,2.4061,5,1,
0.06,0.1,1,q5_high_value_segments,oracle_order,0.6956,5,1,
0.06,0.1,1,q6_lineitem_product_count,no_policy,11.1898,8,0,
0.06,0.1,1,q6_lineitem_product_count,post_join_filter,5.0805,8,1,
0.06,0.1,1,q6_lineitem_product_count,view_barrier,5.0422,8,1,
0.06,0.1,1,q6_lineitem_product_count,oblivious_forced,2.6786,8,1,
0.06,0.1,1,q6_lineitem_product_count,predicate_injection,2.2488,8,1,
0.06,0.1,1,q6_lineitem_product_count,pcqv_no_stats,3.6275,8,1,
0.06,0.1,1,q6_lineitem_product_count,pcqv_forced,3.1058,8,1,
0.06,0.1,1,q6_lineitem_product_count,pcqv,2.485,8,1,
0.06,0.1,1,q6_lineitem_product_count,oracle_order,1.6495,8,1,
0.06,0.1,1,q7_customer_summary,no_policy,1.2797,198,0,
0.06,0.1,1,q7_customer_summary,post_join_filter,0.7501,20,1,
0.06,0.1,1,q7_customer_summary,view_barrier,1.476,20,1,
0.06,0.1,1,q7_customer_summary,oblivious_forced,0.4846,20,1,
0.06,0.1,1,q7_customer_summary,predicate_injection,0.4922,20,1,
0.06,0.1,1,q7_customer_summary,pcqv_no_stats,0.2535,20,1,
0.06,0.1,1,q7_customer_summary,pcqv_forced,0.2316,20,1,
0.06,0.1,1,q7_customer_summary,pcqv,0.2086,20,1,
0.06,0.1,1,q7_customer_summary,oracle_order,0.402,20,1,
0.06,0.1,1,q8_sensitive_product_scan,no_policy,1.4644,43,0,
0.06,0.1,1,q8_sensitive_product_scan,post_join_filter,2.3382,27,1,
0.06,0.1,1,q8_sensitive_product_scan,view_barrier,3.3722,27,1,
0.06,0.1,1,q8_sensitive_product_scan,oblivious_forced,2.1482,27,1,
0.06,0.1,1,q8_sensitive_product_scan,predicate_injection,0.9049,27,1,
0.06,0.1,1,q8_sensitive_product_scan,pcqv_no_stats,1.0779,27,1,
0.06,0.1,1,q8_sensitive_product_scan,pcqv_forced,1.4421,27,1,
0.06,0.1,1,q8_sensitive_product_scan,pcqv,0.7769,27,1,
0.06,0.1,1,q8_sensitive_product_scan,oracle_order,1.1593,27,1,
0.06,0.1,1,q9_ticket_topic_segments,no_policy,4.0331,25,0,
0.06,0.1,1,q9_ticket_topic_segments,post_join_filter,0.5591,25,1,
0.06,0.1,1,q9_ticket_topic_segments,view_barrier,0.8621,25,1,
0.06,0.1,1,q9_ticket_topic_segments,oblivious_forced,0.512,25,1,
0.06,0.1,1,q9_ticket_topic_segments,predicate_injection,0.6088,25,1,
0.06,0.1,1,q9_ticket_topic_segments,pcqv_no_stats,0.5364,25,1,
0.06,0.1,1,q9_ticket_topic_segments,pcqv_forced,0.4986,25,1,
0.06,0.1,1,q9_ticket_topic_segments,pcqv,0.5274,25,1,
0.06,0.1,1,q9_ticket_topic_segments,oracle_order,0.617,25,1,
0.06,0.1,1,q10_acl_customer_rows,no_policy,0.4177,300,0,
0.06,0.1,1,q10_acl_customer_rows,post_join_filter,0.1964,47,1,
0.06,0.1,1,q10_acl_customer_rows,view_barrier,0.3836,47,1,
0.06,0.1,1,q10_acl_customer_rows,oblivious_forced,0.1672,47,1,
0.06,0.1,1,q10_acl_customer_rows,predicate_injection,0.2004,47,1,
0.06,0.1,1,q10_acl_customer_rows,pcqv_no_stats,0.196,47,1,
0.06,0.1,1,q10_acl_customer_rows,pcqv_forced,0.2008,47,1,
0.06,0.1,1,q10_acl_customer_rows,pcqv,0.2831,47,1,
0.06,0.1,1,q10_acl_customer_rows,oracle_order,0.255,47,1,
0.06,0.1,1,q11_order_ticket_bridge,no_policy,9.2277,40,0,
0.06,0.1,1,q11_order_ticket_bridge,post_join_filter,1.4187,40,1,
0.06,0.1,1,q11_order_ticket_bridge,view_barrier,4.2827,40,1,
0.06,0.1,1,q11_order_ticket_bridge,oblivious_forced,1.4024,40,1,
0.06,0.1,1,q11_order_ticket_bridge,predicate_injection,1.9722,40,1,
0.06,0.1,1,q11_order_ticket_bridge,pcqv_no_stats,1.5408,40,1,
0.06,0.1,1,q11_order_ticket_bridge,pcqv_forced,1.822,40,1,
0.06,0.1,1,q11_order_ticket_bridge,pcqv,1.467,40,1,
0.06,0.1,1,q11_order_ticket_bridge,oracle_order,1.3316,40,1,
0.06,0.1,1,q12_product_segment_revenue,no_policy,21.5691,27,0,
0.06,0.1,1,q12_product_segment_revenue,post_join_filter,2.5344,27,1,
0.06,0.1,1,q12_product_segment_revenue,view_barrier,5.0334,27,1,
0.06,0.1,1,q12_product_segment_revenue,oblivious_forced,2.9008,27,1,
0.06,0.1,1,q12_product_segment_revenue,predicate_injection,2.3761,27,1,
0.06,0.1,1,q12_product_segment_revenue,pcqv_no_stats,2.5098,27,1,
0.06,0.1,1,q12_product_segment_revenue,pcqv_forced,3.6024,27,1,
0.06,0.1,1,q12_product_segment_revenue,pcqv,2.9835,27,1,
0.06,0.1,1,q12_product_segment_revenue,oracle_order,3.8012,27,1,
0.06,0.1,1,q13_order_lineitem_rows,no_policy,0.7942,300,0,
0.06,0.1,1,q13_order_lineitem_rows,post_join_filter,1.934,300,1,
0.06,0.1,1,q13_order_lineitem_rows,view_barrier,3.8065,300,1,
0.06,0.1,1,q13_order_lineitem_rows,oblivious_forced,2.6232,300,1,
0.06,0.1,1,q13_order_lineitem_rows,predicate_injection,2.2752,300,1,
0.06,0.1,1,q13_order_lineitem_rows,pcqv_no_stats,2.037,300,1,
0.06,0.1,1,q13_order_lineitem_rows,pcqv_forced,2.4324,300,1,
0.06,0.1,1,q13_order_lineitem_rows,pcqv,2.3568,300,1,
0.06,0.1,1,q13_order_lineitem_rows,oracle_order,2.6522,300,1,
0.06,0.1,1,q14_support_owner_rows,no_policy,0.6216,300,0,
0.06,0.1,1,q14_support_owner_rows,post_join_filter,0.939,210,1,
0.06,0.1,1,q14_support_owner_rows,view_barrier,1.0019,210,1,
0.06,0.1,1,q14_support_owner_rows,oblivious_forced,0.8227,210,1,
0.06,0.1,1,q14_support_owner_rows,predicate_injection,0.6636,210,1,
0.06,0.1,1,q14_support_owner_rows,pcqv_no_stats,0.9868,210,1,
0.06,0.1,1,q14_support_owner_rows,pcqv_forced,0.8408,210,1,
0.06,0.1,1,q14_support_owner_rows,pcqv,1.9293,210,1,
0.06,0.1,1,q14_support_owner_rows,oracle_order,1.1493,210,1,
0.06,0.1,1,q15_clearance_product_rows,no_policy,3.4979,102,0,
0.06,0.1,1,q15_clearance_product_rows,post_join_filter,0.5705,11,1,
0.06,0.1,1,q15_clearance_product_rows,view_barrier,2.548,11,1,
0.06,0.1,1,q15_clearance_product_rows,oblivious_forced,0.3381,11,1,
0.06,0.1,1,q15_clearance_product_rows,predicate_injection,0.5043,11,1,
0.06,0.1,1,q15_clearance_product_rows,pcqv_no_stats,0.4339,11,1,
0.06,0.1,1,q15_clearance_product_rows,pcqv_forced,0.5283,11,1,
0.06,0.1,1,q15_clearance_product_rows,pcqv,0.6831,11,1,
0.06,0.1,1,q15_clearance_product_rows,oracle_order,0.3594,11,1,
0.06,0.1,1,q16_region_product_mix,no_policy,21.4556,72,0,
0.06,0.1,1,q16_region_product_mix,post_join_filter,4.5264,68,1,
0.06,0.1,1,q16_region_product_mix,view_barrier,8.1323,68,1,
0.06,0.1,1,q16_region_product_mix,oblivious_forced,3.6876,68,1,
0.06,0.1,1,q16_region_product_mix,predicate_injection,2.7689,68,1,
0.06,0.1,1,q16_region_product_mix,pcqv_no_stats,3.2763,68,1,
0.06,0.1,1,q16_region_product_mix,pcqv_forced,2.4272,68,1,
0.06,0.1,1,q16_region_product_mix,pcqv,3.3118,68,1,
0.06,0.1,1,q16_region_product_mix,oracle_order,3.5447,68,1,
0.06,0.1,2,q1_customer_orders,no_policy,2.9469,250,0,
0.06,0.1,2,q1_customer_orders,post_join_filter,0.7804,29,1,
0.06,0.1,2,q1_customer_orders,view_barrier,3.3098,29,1,
0.06,0.1,2,q1_customer_orders,oblivious_forced,0.783,29,1,
0.06,0.1,2,q1_customer_orders,predicate_injection,0.4693,29,1,
0.06,0.1,2,q1_customer_orders,pcqv_no_stats,0.2503,29,1,
0.06,0.1,2,q1_customer_orders,pcqv_forced,0.2456,29,1,
0.06,0.1,2,q1_customer_orders,pcqv,0.4589,29,1,
0.06,0.1,2,q1_customer_orders,oracle_order,0.3123,29,1,
0.06,0.1,2,q2_revenue_by_product,no_policy,3.6184,16,0,
0.06,0.1,2,q2_revenue_by_product,post_join_filter,1.1412,8,1,
0.06,0.1,2,q2_revenue_by_product,view_barrier,4.5844,8,1,
0.06,0.1,2,q2_revenue_by_product,oblivious_forced,1.292,8,1,
0.06,0.1,2,q2_revenue_by_product,predicate_injection,1.5216,8,1,
0.06,0.1,2,q2_revenue_by_product,pcqv_no_stats,0.4194,8,1,
0.06,0.1,2,q2_revenue_by_product,pcqv_forced,0.4248,8,1,
0.06,0.1,2,q2_revenue_by_product,pcqv,0.4916,8,1,
0.06,0.1,2,q2_revenue_by_product,oracle_order,0.4073,8,1,
0.06,0.1,2,q3_support_tickets,no_policy,1.7871,250,0,
0.06,0.1,2,q3_support_tickets,post_join_filter,0.2421,11,1,
0.06,0.1,2,q3_support_tickets,view_barrier,0.4311,11,1,
0.06,0.1,2,q3_support_tickets,oblivious_forced,0.1479,11,1,
0.06,0.1,2,q3_support_tickets,predicate_injection,0.1375,11,1,
0.06,0.1,2,q3_support_tickets,pcqv_no_stats,0.1487,11,1,
0.06,0.1,2,q3_support_tickets,pcqv_forced,0.0947,11,1,
0.06,0.1,2,q3_support_tickets,pcqv,0.1052,11,1,
0.06,0.1,2,q3_support_tickets,oracle_order,0.0973,11,1,
0.06,0.1,2,q4_revenue_by_region,no_policy,14.7477,8,0,
0.06,0.1,2,q4_revenue_by_region,post_join_filter,1.1786,3,1,
0.06,0.1,2,q4_revenue_by_region,view_barrier,4.6744,3,1,
0.06,0.1,2,q4_revenue_by_region,oblivious_forced,1.678,3,1,
0.06,0.1,2,q4_revenue_by_region,predicate_injection,1.0271,3,1,
0.06,0.1,2,q4_revenue_by_region,pcqv_no_stats,0.6355,3,1,
0.06,0.1,2,q4_revenue_by_region,pcqv_forced,0.8237,3,1,
0.06,0.1,2,q4_revenue_by_region,pcqv,1.0912,3,1,
0.06,0.1,2,q4_revenue_by_region,oracle_order,0.6609,3,1,
0.06,0.1,2,q5_high_value_segments,no_policy,4.295,5,0,
0.06,0.1,2,q5_high_value_segments,post_join_filter,1.9435,5,1,
0.06,0.1,2,q5_high_value_segments,view_barrier,1.2386,5,1,
0.06,0.1,2,q5_high_value_segments,oblivious_forced,1.6686,5,1,
0.06,0.1,2,q5_high_value_segments,predicate_injection,2.0026,5,1,
0.06,0.1,2,q5_high_value_segments,pcqv_no_stats,0.2231,5,1,
0.06,0.1,2,q5_high_value_segments,pcqv_forced,0.2846,5,1,
0.06,0.1,2,q5_high_value_segments,pcqv,0.3469,5,1,
0.06,0.1,2,q5_high_value_segments,oracle_order,0.2021,5,1,
0.06,0.1,2,q6_lineitem_product_count,no_policy,11.1898,8,0,
0.06,0.1,2,q6_lineitem_product_count,post_join_filter,2.6656,8,1,
0.06,0.1,2,q6_lineitem_product_count,view_barrier,5.9633,8,1,
0.06,0.1,2,q6_lineitem_product_count,oblivious_forced,2.4118,8,1,
0.06,0.1,2,q6_lineitem_product_count,predicate_injection,0.9635,8,1,
0.06,0.1,2,q6_lineitem_product_count,pcqv_no_stats,0.894,8,1,
0.06,0.1,2,q6_lineitem_product_count,pcqv_forced,0.8258,8,1,
0.06,0.1,2,q6_lineitem_product_count,pcqv,1.3904,8,1,
0.06,0.1,2,q6_lineitem_product_count,oracle_order,0.6708,8,1,
0.06,0.1,2,q7_customer_summary,no_policy,1.2797,198,0,
0.06,0.1,2,q7_customer_summary,post_join_filter,0.4352,4,1,
0.06,0.1,2,q7_customer_summary,view_barrier,0.8055,4,1,
0.06,0.1,2,q7_customer_summary,oblivious_forced,0.4062,4,1,
0.06,0.1,2,q7_customer_summary,predicate_injection,0.1556,4,1,
0.06,0.1,2,q7_customer_summary,pcqv_no_stats,0.2756,4,1,
0.06,0.1,2,q7_customer_summary,pcqv_forced,0.1259,4,1,
0.06,0.1,2,q7_customer_summary,pcqv,0.1091,4,1,
0.06,0.1,2,q7_customer_summary,oracle_order,0.1574,4,1,
0.06,0.1,2,q8_sensitive_product_scan,no_policy,1.4644,43,0,
0.06,0.1,2,q8_sensitive_product_scan,post_join_filter,2.7047,25,1,
0.06,0.1,2,q8_sensitive_product_scan,view_barrier,2.8969,25,1,
0.06,0.1,2,q8_sensitive_product_scan,oblivious_forced,2.1183,25,1,
0.06,0.1,2,q8_sensitive_product_scan,predicate_injection,1.2623,25,1,
0.06,0.1,2,q8_sensitive_product_scan,pcqv_no_stats,1.3152,25,1,
0.06,0.1,2,q8_sensitive_product_scan,pcqv_forced,1.1024,25,1,
0.06,0.1,2,q8_sensitive_product_scan,pcqv,0.8951,25,1,
0.06,0.1,2,q8_sensitive_product_scan,oracle_order,0.8973,25,1,
0.06,0.1,2,q9_ticket_topic_segments,no_policy,4.0331,25,0,
0.06,0.1,2,q9_ticket_topic_segments,post_join_filter,0.4824,16,1,
0.06,0.1,2,q9_ticket_topic_segments,view_barrier,0.6133,16,1,
0.06,0.1,2,q9_ticket_topic_segments,oblivious_forced,0.2918,16,1,
0.06,0.1,2,q9_ticket_topic_segments,predicate_injection,0.3539,16,1,
0.06,0.1,2,q9_ticket_topic_segments,pcqv_no_stats,0.3899,16,1,
0.06,0.1,2,q9_ticket_topic_segments,pcqv_forced,0.3219,16,1,
0.06,0.1,2,q9_ticket_topic_segments,pcqv,0.3871,16,1,
0.06,0.1,2,q9_ticket_topic_segments,oracle_order,0.4096,16,1,
0.06,0.1,2,q10_acl_customer_rows,no_policy,0.4177,300,0,
0.06,0.1,2,q10_acl_customer_rows,post_join_filter,0.1344,12,1,
0.06,0.1,2,q10_acl_customer_rows,view_barrier,0.188,12,1,
0.06,0.1,2,q10_acl_customer_rows,oblivious_forced,0.1603,12,1,
0.06,0.1,2,q10_acl_customer_rows,predicate_injection,0.1147,12,1,
0.06,0.1,2,q10_acl_customer_rows,pcqv_no_stats,0.0923,12,1,
0.06,0.1,2,q10_acl_customer_rows,pcqv_forced,0.0657,12,1,
0.06,0.1,2,q10_acl_customer_rows,pcqv,0.0669,12,1,
0.06,0.1,2,q10_acl_customer_rows,oracle_order,0.1202,12,1,
0.06,0.1,2,q11_order_ticket_bridge,no_policy,9.2277,40,0,
0.06,0.1,2,q11_order_ticket_bridge,post_join_filter,1.1893,12,1,
0.06,0.1,2,q11_order_ticket_bridge,view_barrier,1.8595,12,1,
0.06,0.1,2,q11_order_ticket_bridge,oblivious_forced,1.1524,12,1,
0.06,0.1,2,q11_order_ticket_bridge,predicate_injection,0.4611,12,1,
0.06,0.1,2,q11_order_ticket_bridge,pcqv_no_stats,0.5156,12,1,
0.06,0.1,2,q11_order_ticket_bridge,pcqv_forced,0.4598,12,1,
0.06,0.1,2,q11_order_ticket_bridge,pcqv,0.3971,12,1,
0.06,0.1,2,q11_order_ticket_bridge,oracle_order,0.3131,12,1,
0.06,0.1,2,q12_product_segment_revenue,no_policy,21.5691,27,0,
0.06,0.1,2,q12_product_segment_revenue,post_join_filter,1.1576,25,1,
0.06,0.1,2,q12_product_segment_revenue,view_barrier,4.9028,25,1,
0.06,0.1,2,q12_product_segment_revenue,oblivious_forced,0.9399,25,1,
0.06,0.1,2,q12_product_segment_revenue,predicate_injection,0.6528,25,1,
0.06,0.1,2,q12_product_segment_revenue,pcqv_no_stats,0.5792,25,1,
0.06,0.1,2,q12_product_segment_revenue,pcqv_forced,0.5727,25,1,
0.06,0.1,2,q12_product_segment_revenue,pcqv,0.5661,25,1,
0.06,0.1,2,q12_product_segment_revenue,oracle_order,0.8465,25,1,
0.06,0.1,2,q13_order_lineitem_rows,no_policy,0.7942,300,0,
0.06,0.1,2,q13_order_lineitem_rows,post_join_filter,1.8087,300,1,
0.06,0.1,2,q13_order_lineitem_rows,view_barrier,4.0602,300,1,
0.06,0.1,2,q13_order_lineitem_rows,oblivious_forced,1.8732,300,1,
0.06,0.1,2,q13_order_lineitem_rows,predicate_injection,2.361,300,1,
0.06,0.1,2,q13_order_lineitem_rows,pcqv_no_stats,2.9214,300,1,
0.06,0.1,2,q13_order_lineitem_rows,pcqv_forced,2.962,300,1,
0.06,0.1,2,q13_order_lineitem_rows,pcqv,2.0814,300,1,
0.06,0.1,2,q13_order_lineitem_rows,oracle_order,2.5963,300,1,
0.06,0.1,2,q14_support_owner_rows,no_policy,0.6216,300,0,
0.06,0.1,2,q14_support_owner_rows,post_join_filter,0.3456,30,1,
0.06,0.1,2,q14_support_owner_rows,view_barrier,0.5788,30,1,
0.06,0.1,2,q14_support_owner_rows,oblivious_forced,0.3295,30,1,
0.06,0.1,2,q14_support_owner_rows,predicate_injection,0.1877,30,1,
0.06,0.1,2,q14_support_owner_rows,pcqv_no_stats,0.2205,30,1,
0.06,0.1,2,q14_support_owner_rows,pcqv_forced,0.3498,30,1,
0.06,0.1,2,q14_support_owner_rows,pcqv,0.1984,30,1,
0.06,0.1,2,q14_support_owner_rows,oracle_order,0.2384,30,1,
0.06,0.1,2,q15_clearance_product_rows,no_policy,3.4979,102,0,
0.06,0.1,2,q15_clearance_product_rows,post_join_filter,0.5205,11,1,
0.06,0.1,2,q15_clearance_product_rows,view_barrier,2.9716,11,1,
0.06,0.1,2,q15_clearance_product_rows,oblivious_forced,0.4777,11,1,
0.06,0.1,2,q15_clearance_product_rows,predicate_injection,0.3132,11,1,
0.06,0.1,2,q15_clearance_product_rows,pcqv_no_stats,0.6677,11,1,
0.06,0.1,2,q15_clearance_product_rows,pcqv_forced,0.3254,11,1,
0.06,0.1,2,q15_clearance_product_rows,pcqv,0.4009,11,1,
0.06,0.1,2,q15_clearance_product_rows,oracle_order,0.6244,11,1,
0.06,0.1,2,q16_region_product_mix,no_policy,21.4556,72,0,
0.06,0.1,2,q16_region_product_mix,post_join_filter,1.1047,23,1,
0.06,0.1,2,q16_region_product_mix,view_barrier,4.3438,23,1,
0.06,0.1,2,q16_region_product_mix,oblivious_forced,1.0339,23,1,
0.06,0.1,2,q16_region_product_mix,predicate_injection,0.8707,23,1,
0.06,0.1,2,q16_region_product_mix,pcqv_no_stats,1.0455,23,1,
0.06,0.1,2,q16_region_product_mix,pcqv_forced,0.9608,23,1,
0.06,0.1,2,q16_region_product_mix,pcqv,0.9943,23,1,
0.06,0.1,2,q16_region_product_mix,oracle_order,0.628,23,1,
0.06,0.1,3,q1_customer_orders,no_policy,2.9469,250,0,
0.06,0.1,3,q1_customer_orders,post_join_filter,0.5788,5,1,
0.06,0.1,3,q1_customer_orders,view_barrier,2.501,5,1,
0.06,0.1,3,q1_customer_orders,oblivious_forced,0.8324,5,1,
0.06,0.1,3,q1_customer_orders,predicate_injection,0.1761,5,1,
0.06,0.1,3,q1_customer_orders,pcqv_no_stats,0.1491,5,1,
0.06,0.1,3,q1_customer_orders,pcqv_forced,0.1462,5,1,
0.06,0.1,3,q1_customer_orders,pcqv,0.1141,5,1,
0.06,0.1,3,q1_customer_orders,oracle_order,0.1189,5,1,
0.06,0.1,3,q2_revenue_by_product,no_policy,3.6184,16,0,
0.06,0.1,3,q2_revenue_by_product,post_join_filter,0.9641,6,1,
0.06,0.1,3,q2_revenue_by_product,view_barrier,2.4342,6,1,
0.06,0.1,3,q2_revenue_by_product,oblivious_forced,1.7289,6,1,
0.06,0.1,3,q2_revenue_by_product,predicate_injection,0.8973,6,1,
0.06,0.1,3,q2_revenue_by_product,pcqv_no_stats,0.3979,6,1,
0.06,0.1,3,q2_revenue_by_product,pcqv_forced,0.3115,6,1,
0.06,0.1,3,q2_revenue_by_product,pcqv,0.3602,6,1,
0.06,0.1,3,q2_revenue_by_product,oracle_order,0.3545,6,1,
0.06,0.1,3,q3_support_tickets,no_policy,1.7871,250,0,
0.06,0.1,3,q3_support_tickets,post_join_filter,0.1642,7,1,
0.06,0.1,3,q3_support_tickets,view_barrier,0.5165,7,1,
0.06,0.1,3,q3_support_tickets,oblivious_forced,0.2439,7,1,
0.06,0.1,3,q3_support_tickets,predicate_injection,0.1658,7,1,
0.06,0.1,3,q3_support_tickets,pcqv_no_stats,0.1011,7,1,
0.06,0.1,3,q3_support_tickets,pcqv_forced,0.1315,7,1,
0.06,0.1,3,q3_support_tickets,pcqv,0.106,7,1,
0.06,0.1,3,q3_support_tickets,oracle_order,0.4915,7,1,
0.06,0.1,3,q4_revenue_by_region,no_policy,14.7477,8,0,
0.06,0.1,3,q4_revenue_by_region,post_join_filter,0.8088,3,1,
0.06,0.1,3,q4_revenue_by_region,view_barrier,3.1987,3,1,
0.06,0.1,3,q4_revenue_by_region,oblivious_forced,0.7901,3,1,
0.06,0.1,3,q4_revenue_by_region,predicate_injection,0.4314,3,1,
0.06,0.1,3,q4_revenue_by_region,pcqv_no_stats,0.5133,3,1,
0.06,0.1,3,q4_revenue_by_region,pcqv_forced,0.412,3,1,
0.06,0.1,3,q4_revenue_by_region,pcqv,0.6107,3,1,
0.06,0.1,3,q4_revenue_by_region,oracle_order,0.4431,3,1,
0.06,0.1,3,q5_high_value_segments,no_policy,4.295,5,0,
0.06,0.1,3,q5_high_value_segments,post_join_filter,1.8793,5,1,
0.06,0.1,3,q5_high_value_segments,view_barrier,0.3962,5,1,
0.06,0.1,3,q5_high_value_segments,oblivious_forced,1.5866,5,1,
0.06,0.1,3,q5_high_value_segments,predicate_injection,1.5609,5,1,
0.06,0.1,3,q5_high_value_segments,pcqv_no_stats,0.1434,5,1,
0.06,0.1,3,q5_high_value_segments,pcqv_forced,0.2301,5,1,
0.06,0.1,3,q5_high_value_segments,pcqv,1.7612,5,1,
0.06,0.1,3,q5_high_value_segments,oracle_order,0.1408,5,1,
0.06,0.1,3,q6_lineitem_product_count,no_policy,11.1898,8,0,
0.06,0.1,3,q6_lineitem_product_count,post_join_filter,1.1414,4,1,
0.06,0.1,3,q6_lineitem_product_count,view_barrier,2.2873,4,1,
0.06,0.1,3,q6_lineitem_product_count,oblivious_forced,1.0096,4,1,
0.06,0.1,3,q6_lineitem_product_count,predicate_injection,0.2153,4,1,
0.06,0.1,3,q6_lineitem_product_count,pcqv_no_stats,0.2221,4,1,
0.06,0.1,3,q6_lineitem_product_count,pcqv_forced,0.2506,4,1,
0.06,0.1,3,q6_lineitem_product_count,pcqv,0.1879,4,1,
0.06,0.1,3,q6_lineitem_product_count,oracle_order,0.3538,4,1,
0.06,0.1,3,q7_customer_summary,no_policy,1.2797,198,0,
0.06,0.1,3,q7_customer_summary,post_join_filter,0.336,3,1,
0.06,0.1,3,q7_customer_summary,view_barrier,0.3802,3,1,
0.06,0.1,3,q7_customer_summary,oblivious_forced,0.2539,3,1,
0.06,0.1,3,q7_customer_summary,predicate_injection,0.1044,3,1,
0.06,0.1,3,q7_customer_summary,pcqv_no_stats,0.1886,3,1,
0.06,0.1,3,q7_customer_summary,pcqv_forced,0.0697,3,1,
0.06,0.1,3,q7_customer_summary,pcqv,0.0731,3,1,
0.06,0.1,3,q7_customer_summary,oracle_order,0.3069,3,1,
0.06,0.1,3,q8_sensitive_product_scan,no_policy,1.4644,43,0,
0.06,0.1,3,q8_sensitive_product_scan,post_join_filter,1.3851,14,1,
0.06,0.1,3,q8_sensitive_product_scan,view_barrier,2.9528,14,1,
0.06,0.1,3,q8_sensitive_product_scan,oblivious_forced,1.7074,14,1,
0.06,0.1,3,q8_sensitive_product_scan,predicate_injection,0.7082,14,1,
0.06,0.1,3,q8_sensitive_product_scan,pcqv_no_stats,0.5749,14,1,
0.06,0.1,3,q8_sensitive_product_scan,pcqv_forced,0.7337,14,1,
0.06,0.1,3,q8_sensitive_product_scan,pcqv,0.5079,14,1,
0.06,0.1,3,q8_sensitive_product_scan,oracle_order,0.6363,14,1,
0.06,0.1,3,q9_ticket_topic_segments,no_policy,4.0331,25,0,
0.06,0.1,3,q9_ticket_topic_segments,post_join_filter,0.2697,14,1,
0.06,0.1,3,q9_ticket_topic_segments,view_barrier,0.5206,14,1,
0.06,0.1,3,q9_ticket_topic_segments,oblivious_forced,0.2549,14,1,
0.06,0.1,3,q9_ticket_topic_segments,predicate_injection,0.1523,14,1,
0.06,0.1,3,q9_ticket_topic_segments,pcqv_no_stats,0.1226,14,1,
0.06,0.1,3,q9_ticket_topic_segments,pcqv_forced,0.123,14,1,
0.06,0.1,3,q9_ticket_topic_segments,pcqv,0.2378,14,1,
0.06,0.1,3,q9_ticket_topic_segments,oracle_order,0.1375,14,1,
0.06,0.1,3,q10_acl_customer_rows,no_policy,0.4177,300,0,
0.06,0.1,3,q10_acl_customer_rows,post_join_filter,0.0714,12,1,
0.06,0.1,3,q10_acl_customer_rows,view_barrier,0.1075,12,1,
0.06,0.1,3,q10_acl_customer_rows,oblivious_forced,0.0691,12,1,
0.06,0.1,3,q10_acl_customer_rows,predicate_injection,0.0562,12,1,
0.06,0.1,3,q10_acl_customer_rows,pcqv_no_stats,0.0677,12,1,
0.06,0.1,3,q10_acl_customer_rows,pcqv_forced,0.0556,12,1,
0.06,0.1,3,q10_acl_customer_rows,pcqv,0.0577,12,1,
0.06,0.1,3,q10_acl_customer_rows,oracle_order,0.0726,12,1,
0.06,0.1,3,q11_order_ticket_bridge,no_policy,9.2277,40,0,
0.06,0.1,3,q11_order_ticket_bridge,post_join_filter,0.2771,6,1,
0.06,0.1,3,q11_order_ticket_bridge,view_barrier,0.5599,6,1,
0.06,0.1,3,q11_order_ticket_bridge,oblivious_forced,0.2658,6,1,
0.06,0.1,3,q11_order_ticket_bridge,predicate_injection,0.3077,6,1,
0.06,0.1,3,q11_order_ticket_bridge,pcqv_no_stats,0.1519,6,1,
0.06,0.1,3,q11_order_ticket_bridge,pcqv_forced,0.1707,6,1,
0.06,0.1,3,q11_order_ticket_bridge,pcqv,0.1414,6,1,
0.06,0.1,3,q11_order_ticket_bridge,oracle_order,0.2155,6,1,
0.06,0.1,3,q12_product_segment_revenue,no_policy,21.5691,27,0,
0.06,0.1,3,q12_product_segment_revenue,post_join_filter,0.3882,8,1,
0.06,0.1,3,q12_product_segment_revenue,view_barrier,2.6472,8,1,
0.06,0.1,3,q12_product_segment_revenue,oblivious_forced,0.5695,8,1,
0.06,0.1,3,q12_product_segment_revenue,predicate_injection,0.3697,8,1,
0.06,0.1,3,q12_product_segment_revenue,pcqv_no_stats,0.3288,8,1,
0.06,0.1,3,q12_product_segment_revenue,pcqv_forced,0.3547,8,1,
0.06,0.1,3,q12_product_segment_revenue,pcqv,0.4166,8,1,
0.06,0.1,3,q12_product_segment_revenue,oracle_order,0.3275,8,1,
0.06,0.1,3,q13_order_lineitem_rows,no_policy,0.7942,300,0,
0.06,0.1,3,q13_order_lineitem_rows,post_join_filter,0.591,142,1,
0.06,0.1,3,q13_order_lineitem_rows,view_barrier,2.1409,142,1,
0.06,0.1,3,q13_order_lineitem_rows,oblivious_forced,0.5246,142,1,
0.06,0.1,3,q13_order_lineitem_rows,predicate_injection,0.5439,142,1,
0.06,0.1,3,q13_order_lineitem_rows,pcqv_no_stats,0.5609,142,1,
0.06,0.1,3,q13_order_lineitem_rows,pcqv_forced,0.4974,142,1,
0.06,0.1,3,q13_order_lineitem_rows,pcqv,0.4855,142,1,
0.06,0.1,3,q13_order_lineitem_rows,oracle_order,0.8059,142,1,
0.06,0.1,3,q14_support_owner_rows,no_policy,0.6216,300,0,
0.06,0.1,3,q14_support_owner_rows,post_join_filter,0.4888,21,1,
0.06,0.1,3,q14_support_owner_rows,view_barrier,0.4241,21,1,
0.06,0.1,3,q14_support_owner_rows,oblivious_forced,0.229,21,1,
0.06,0.1,3,q14_support_owner_rows,predicate_injection,0.1395,21,1,
0.06,0.1,3,q14_support_owner_rows,pcqv_no_stats,0.1339,21,1,
0.06,0.1,3,q14_support_owner_rows,pcqv_forced,0.1569,21,1,
0.06,0.1,3,q14_support_owner_rows,pcqv,0.1364,21,1,
0.06,0.1,3,q14_support_owner_rows,oracle_order,0.1472,21,1,
0.06,0.1,3,q15_clearance_product_rows,no_policy,3.4979,102,0,
0.06,0.1,3,q15_clearance_product_rows,post_join_filter,0.2111,7,1,
0.06,0.1,3,q15_clearance_product_rows,view_barrier,2.1802,7,1,
0.06,0.1,3,q15_clearance_product_rows,oblivious_forced,0.2386,7,1,
0.06,0.1,3,q15_clearance_product_rows,predicate_injection,0.3118,7,1,
0.06,0.1,3,q15_clearance_product_rows,pcqv_no_stats,0.3577,7,1,
0.06,0.1,3,q15_clearance_product_rows,pcqv_forced,0.2285,7,1,
0.06,0.1,3,q15_clearance_product_rows,pcqv,0.1935,7,1,
0.06,0.1,3,q15_clearance_product_rows,oracle_order,0.2042,7,1,
0.06,0.1,3,q16_region_product_mix,no_policy,21.4556,72,0,
0.06,0.1,3,q16_region_product_mix,post_join_filter,0.2831,8,1,
0.06,0.1,3,q16_region_product_mix,view_barrier,2.9072,8,1,
0.06,0.1,3,q16_region_product_mix,oblivious_forced,0.4686,8,1,
0.06,0.1,3,q16_region_product_mix,predicate_injection,0.3702,8,1,
0.06,0.1,3,q16_region_product_mix,pcqv_no_stats,0.3565,8,1,
0.06,0.1,3,q16_region_product_mix,pcqv_forced,0.3265,8,1,
0.06,0.1,3,q16_region_product_mix,pcqv,0.2079,8,1,
0.06,0.1,3,q16_region_product_mix,oracle_order,0.2635,8,1,
0.06,0.1,4,q1_customer_orders,no_policy,2.9469,250,0,
0.06,0.1,4,q1_customer_orders,post_join_filter,0.5473,5,1,
0.06,0.1,4,q1_customer_orders,view_barrier,2.275,5,1,
0.06,0.1,4,q1_customer_orders,oblivious_forced,1.0067,5,1,
0.06,0.1,4,q1_customer_orders,predicate_injection,0.1323,5,1,
0.06,0.1,4,q1_customer_orders,pcqv_no_stats,0.1151,5,1,
0.06,0.1,4,q1_customer_orders,pcqv_forced,0.2643,5,1,
0.06,0.1,4,q1_customer_orders,pcqv,0.3461,5,1,
0.06,0.1,4,q1_customer_orders,oracle_order,0.3024,5,1,
0.06,0.1,4,q2_revenue_by_product,no_policy,3.6184,16,0,
0.06,0.1,4,q2_revenue_by_product,post_join_filter,1.4615,2,1,
0.06,0.1,4,q2_revenue_by_product,view_barrier,3.7567,2,1,
0.06,0.1,4,q2_revenue_by_product,oblivious_forced,1.9908,2,1,
0.06,0.1,4,q2_revenue_by_product,predicate_injection,0.4251,2,1,
0.06,0.1,4,q2_revenue_by_product,pcqv_no_stats,0.4031,2,1,
0.06,0.1,4,q2_revenue_by_product,pcqv_forced,0.6951,2,1,
0.06,0.1,4,q2_revenue_by_product,pcqv,0.4407,2,1,
0.06,0.1,4,q2_revenue_by_product,oracle_order,0.6425,2,1,
0.06,0.1,4,q3_support_tickets,no_policy,1.7871,250,0,
0.06,0.1,4,q3_support_tickets,post_join_filter,0.1219,7,1,
0.06,0.1,4,q3_support_tickets,view_barrier,0.5988,7,1,
0.06,0.1,4,q3_support_tickets,oblivious_forced,0.2428,7,1,
0.06,0.1,4,q3_support_tickets,predicate_injection,0.14,7,1,
0.06,0.1,4,q3_support_tickets,pcqv_no_stats,0.1677,7,1,
0.06,0.1,4,q3_support_tickets,pcqv_forced,0.142,7,1,
0.06,0.1,4,q3_support_tickets,pcqv,0.1229,7,1,
0.06,0.1,4,q3_support_tickets,oracle_order,0.0935,7,1,
0.06,0.1,4,q4_revenue_by_region,no_policy,14.7477,8,0,
0.06,0.1,4,q4_revenue_by_region,post_join_filter,0.8672,3,1,
0.06,0.1,4,q4_revenue_by_region,view_barrier,3.1906,3,1,
0.06,0.1,4,q4_revenue_by_region,oblivious_forced,1.7798,3,1,
0.06,0.1,4,q4_revenue_by_region,predicate_injection,0.4218,3,1,
0.06,0.1,4,q4_revenue_by_region,pcqv_no_stats,0.4639,3,1,
0.06,0.1,4,q4_revenue_by_region,pcqv_forced,0.433,3,1,
0.06,0.1,4,q4_revenue_by_region,pcqv,0.406,3,1,
0.06,0.1,4,q4_revenue_by_region,oracle_order,0.4654,3,1,
0.06,0.1,4,q5_high_value_segments,no_policy,4.295,5,0,
0.06,0.1,4,q5_high_value_segments,post_join_filter,1.754,5,1,
0.06,0.1,4,q5_high_value_segments,view_barrier,0.3257,5,1,
0.06,0.1,4,q5_high_value_segments,oblivious_forced,2.0932,5,1,
0.06,0.1,4,q5_high_value_segments,predicate_injection,1.6682,5,1,
0.06,0.1,4,q5_high_value_segments,pcqv_no_stats,0.1773,5,1,
0.06,0.1,4,q5_high_value_segments,pcqv_forced,0.1558,5,1,
0.06,0.1,4,q5_high_value_segments,pcqv,1.6438,5,1,
0.06,0.1,4,q5_high_value_segments,oracle_order,2.0294,5,1,
0.06,0.1,4,q6_lineitem_product_count,no_policy,11.1898,8,0,
0.06,0.1,4,q6_lineitem_product_count,post_join_filter,1.8404,4,1,
0.06,0.1,4,q6_lineitem_product_count,view_barrier,4.3785,4,1,
0.06,0.1,4,q6_lineitem_product_count,oblivious_forced,2.3781,4,1,
0.06,0.1,4,q6_lineitem_product_count,predicate_injection,0.378,4,1,
0.06,0.1,4,q6_lineitem_product_count,pcqv_no_stats,0.3953,4,1,
0.06,0.1,4,q6_lineitem_product_count,pcqv_forced,0.3494,4,1,
0.06,0.1,4,q6_lineitem_product_count,pcqv,0.3016,4,1,
0.06,0.1,4,q6_lineitem_product_count,oracle_order,0.3653,4,1,
0.06,0.1,4,q7_customer_summary,no_policy,1.2797,198,0,
0.06,0.1,4,q7_customer_summary,post_join_filter,0.2689,3,1,
0.06,0.1,4,q7_customer_summary,view_barrier,0.2869,3,1,
0.06,0.1,4,q7_customer_summary,oblivious_forced,0.3107,3,1,
0.06,0.1,4,q7_customer_summary,predicate_injection,0.0744,3,1,
0.06,0.1,4,q7_customer_summary,pcqv_no_stats,0.069,3,1,
0.06,0.1,4,q7_customer_summary,pcqv_forced,0.1049,3,1,
0.06,0.1,4,q7_customer_summary,pcqv,0.069,3,1,
0.06,0.1,4,q7_customer_summary,oracle_order,0.0829,3,1,
0.06,0.1,4,q8_sensitive_product_scan,no_policy,1.4644,43,0,
0.06,0.1,4,q8_sensitive_product_scan,post_join_filter,1.7432,14,1,
0.06,0.1,4,q8_sensitive_product_scan,view_barrier,2.4511,14,1,
0.06,0.1,4,q8_sensitive_product_scan,oblivious_forced,1.6792,14,1,
0.06,0.1,4,q8_sensitive_product_scan,predicate_injection,0.9789,14,1,
0.06,0.1,4,q8_sensitive_product_scan,pcqv_no_stats,0.9064,14,1,
0.06,0.1,4,q8_sensitive_product_scan,pcqv_forced,0.7816,14,1,
0.06,0.1,4,q8_sensitive_product_scan,pcqv,0.8846,14,1,
0.06,0.1,4,q8_sensitive_product_scan,oracle_order,1.0032,14,1,
0.06,0.1,4,q9_ticket_topic_segments,no_policy,4.0331,25,0,
0.06,0.1,4,q9_ticket_topic_segments,post_join_filter,0.2906,14,1,
0.06,0.1,4,q9_ticket_topic_segments,view_barrier,0.3937,14,1,
0.06,0.1,4,q9_ticket_topic_segments,oblivious_forced,0.2781,14,1,
0.06,0.1,4,q9_ticket_topic_segments,predicate_injection,0.14,14,1,
0.06,0.1,4,q9_ticket_topic_segments,pcqv_no_stats,0.1293,14,1,
0.06,0.1,4,q9_ticket_topic_segments,pcqv_forced,0.1232,14,1,
0.06,0.1,4,q9_ticket_topic_segments,pcqv,0.1228,14,1,
0.06,0.1,4,q9_ticket_topic_segments,oracle_order,0.1488,14,1,
0.06,0.1,4,q10_acl_customer_rows,no_policy,0.4177,300,0,
0.06,0.1,4,q10_acl_customer_rows,post_join_filter,0.1119,12,1,
0.06,0.1,4,q10_acl_customer_rows,view_barrier,0.1473,12,1,
0.06,0.1,4,q10_acl_customer_rows,oblivious_forced,0.0685,12,1,
0.06,0.1,4,q10_acl_customer_rows,predicate_injection,0.0889,12,1,
0.06,0.1,4,q10_acl_customer_rows,pcqv_no_stats,0.1044,12,1,
0.06,0.1,4,q10_acl_customer_rows,pcqv_forced,0.1874,12,1,
0.06,0.1,4,q10_acl_customer_rows,pcqv,0.0996,12,1,
0.06,0.1,4,q10_acl_customer_rows,oracle_order,0.0678,12,1,
0.06,0.1,4,q11_order_ticket_bridge,no_policy,9.2277,40,0,
0.06,0.1,4,q11_order_ticket_bridge,post_join_filter,0.2894,6,1,
0.06,0.1,4,q11_order_ticket_bridge,view_barrier,0.5172,6,1,
0.06,0.1,4,q11_order_ticket_bridge,oblivious_forced,0.2671,6,1,
0.06,0.1,4,q11_order_ticket_bridge,predicate_injection,0.18,6,1,
0.06,0.1,4,q11_order_ticket_bridge,pcqv_no_stats,0.1724,6,1,
0.06,0.1,4,q11_order_ticket_bridge,pcqv_forced,0.2547,6,1,
0.06,0.1,4,q11_order_ticket_bridge,pcqv,0.1518,6,1,
0.06,0.1,4,q11_order_ticket_bridge,oracle_order,0.2375,6,1,
0.06,0.1,4,q12_product_segment_revenue,no_policy,21.5691,27,0,
0.06,0.1,4,q12_product_segment_revenue,post_join_filter,0.5779,8,1,
0.06,0.1,4,q12_product_segment_revenue,view_barrier,2.7928,8,1,
0.06,0.1,4,q12_product_segment_revenue,oblivious_forced,0.4094,8,1,
0.06,0.1,4,q12_product_segment_revenue,predicate_injection,0.2301,8,1,
0.06,0.1,4,q12_product_segment_revenue,pcqv_no_stats,0.2262,8,1,
0.06,0.1,4,q12_product_segment_revenue,pcqv_forced,0.2321,8,1,
0.06,0.1,4,q12_product_segment_revenue,pcqv,0.2679,8,1,
0.06,0.1,4,q12_product_segment_revenue,oracle_order,0.3911,8,1,
0.06,0.1,4,q13_order_lineitem_rows,no_policy,0.7942,300,0,
0.06,0.1,4,q13_order_lineitem_rows,post_join_filter,0.1896,18,1,
0.06,0.1,4,q13_order_lineitem_rows,view_barrier,2.1969,18,1,
0.06,0.1,4,q13_order_lineitem_rows,oblivious_forced,0.2438,18,1,
0.06,0.1,4,q13_order_lineitem_rows,predicate_injection,0.2274,18,1,
0.06,0.1,4,q13_order_lineitem_rows,pcqv_no_stats,0.2224,18,1,
0.06,0.1,4,q13_order_lineitem_rows,pcqv_forced,0.2043,18,1,
0.06,0.1,4,q13_order_lineitem_rows,pcqv,0.1717,18,1,
0.06,0.1,4,q13_order_lineitem_rows,oracle_order,0.2033,18,1,
0.06,0.1,4,q14_support_owner_rows,no_policy,0.6216,300,0,
0.06,0.1,4,q14_support_owner_rows,post_join_filter,0.2288,21,1,
0.06,0.1,4,q14_support_owner_rows,view_barrier,0.3669,21,1,
0.06,0.1,4,q14_support_owner_rows,oblivious_forced,0.2514,21,1,
0.06,0.1,4,q14_support_owner_rows,predicate_injection,0.1418,21,1,
0.06,0.1,4,q14_support_owner_rows,pcqv_no_stats,0.3078,21,1,
0.06,0.1,4,q14_support_owner_rows,pcqv_forced,0.1624,21,1,
0.06,0.1,4,q14_support_owner_rows,pcqv,0.1554,21,1,
0.06,0.1,4,q14_support_owner_rows,oracle_order,0.1134,21,1,
0.06,0.1,4,q15_clearance_product_rows,no_policy,3.4979,102,0,
0.06,0.1,4,q15_clearance_product_rows,post_join_filter,0.4258,7,1,
0.06,0.1,4,q15_clearance_product_rows,view_barrier,2.1521,7,1,
0.06,0.1,4,q15_clearance_product_rows,oblivious_forced,0.2976,7,1,
0.06,0.1,4,q15_clearance_product_rows,predicate_injection,0.2679,7,1,
0.06,0.1,4,q15_clearance_product_rows,pcqv_no_stats,0.2805,7,1,
0.06,0.1,4,q15_clearance_product_rows,pcqv_forced,0.579,7,1,
0.06,0.1,4,q15_clearance_product_rows,pcqv,0.4326,7,1,
0.06,0.1,4,q15_clearance_product_rows,oracle_order,0.3008,7,1,
0.06,0.1,4,q16_region_product_mix,no_policy,21.4556,72,0,
0.06,0.1,4,q16_region_product_mix,post_join_filter,0.2651,8,1,
0.06,0.1,4,q16_region_product_mix,view_barrier,3.2423,8,1,
0.06,0.1,4,q16_region_product_mix,oblivious_forced,0.4332,8,1,
0.06,0.1,4,q16_region_product_mix,predicate_injection,0.4155,8,1,
0.06,0.1,4,q16_region_product_mix,pcqv_no_stats,0.3696,8,1,
0.06,0.1,4,q16_region_product_mix,pcqv_forced,0.3865,8,1,
0.06,0.1,4,q16_region_product_mix,pcqv,0.2549,8,1,
0.06,0.1,4,q16_region_product_mix,oracle_order,0.3907,8,1,
0.06,0.1,5,q1_customer_orders,no_policy,2.9469,250,0,
0.06,0.1,5,q1_customer_orders,post_join_filter,0.72,5,1,
0.06,0.1,5,q1_customer_orders,view_barrier,2.2638,5,1,
0.06,0.1,5,q1_customer_orders,oblivious_forced,1.1908,5,1,
0.06,0.1,5,q1_customer_orders,predicate_injection,0.2513,5,1,
0.06,0.1,5,q1_customer_orders,pcqv_no_stats,0.3495,5,1,
0.06,0.1,5,q1_customer_orders,pcqv_forced,0.2571,5,1,
0.06,0.1,5,q1_customer_orders,pcqv,0.3933,5,1,
0.06,0.1,5,q1_customer_orders,oracle_order,0.4439,5,1,
0.06,0.1,5,q2_revenue_by_product,no_policy,3.6184,16,0,
0.06,0.1,5,q2_revenue_by_product,post_join_filter,0.9412,2,1,
0.06,0.1,5,q2_revenue_by_product,view_barrier,3.4877,2,1,
0.06,0.1,5,q2_revenue_by_product,oblivious_forced,1.6766,2,1,
0.06,0.1,5,q2_revenue_by_product,predicate_injection,0.5892,2,1,
0.06,0.1,5,q2_revenue_by_product,pcqv_no_stats,0.4155,2,1,
0.06,0.1,5,q2_revenue_by_product,pcqv_forced,0.4363,2,1,
0.06,0.1,5,q2_revenue_by_product,pcqv,0.4943,2,1,
0.06,0.1,5,q2_revenue_by_product,oracle_order,0.3083,2,1,
0.06,0.1,5,q3_support_tickets,no_policy,1.7871,250,0,
0.06,0.1,5,q3_support_tickets,post_join_filter,0.1154,7,1,
0.06,0.1,5,q3_support_tickets,view_barrier,0.3153,7,1,
0.06,0.1,5,q3_support_tickets,oblivious_forced,0.1207,7,1,
0.06,0.1,5,q3_support_tickets,predicate_injection,0.1144,7,1,
0.06,0.1,5,q3_support_tickets,pcqv_no_stats,0.1199,7,1,
0.06,0.1,5,q3_support_tickets,pcqv_forced,0.138,7,1,
0.06,0.1,5,q3_support_tickets,pcqv,0.1347,7,1,
0.06,0.1,5,q3_support_tickets,oracle_order,0.2479,7,1,
0.06,0.1,5,q4_revenue_by_region,no_policy,14.7477,8,0,
0.06,0.1,5,q4_revenue_by_region,post_join_filter,0.8531,3,1,
0.06,0.1,5,q4_revenue_by_region,view_barrier,2.7129,3,1,
0.06,0.1,5,q4_revenue_by_region,oblivious_forced,1.3217,3,1,
0.06,0.1,5,q4_revenue_by_region,predicate_injection,0.3569,3,1,
0.06,0.1,5,q4_revenue_by_region,pcqv_no_stats,0.4003,3,1,
0.06,0.1,5,q4_revenue_by_region,pcqv_forced,0.5717,3,1,
0.06,0.1,5,q4_revenue_by_region,pcqv,0.3818,3,1,
0.06,0.1,5,q4_revenue_by_region,oracle_order,0.638,3,1,
0.06,0.1,5,q5_high_value_segments,no_policy,4.295,5,0,
0.06,0.1,5,q5_high_value_segments,post_join_filter,1.7947,5,1,
0.06,0.1,5,q5_high_value_segments,view_barrier,0.3542,5,1,
0.06,0.1,5,q5_high_value_segments,oblivious_forced,1.8312,5,1,
0.06,0.1,5,q5_high_value_segments,predicate_injection,1.6296,5,1,
0.06,0.1,5,q5_high_value_segments,pcqv_no_stats,0.2612,5,1,
0.06,0.1,5,q5_high_value_segments,pcqv_forced,1.5114,5,1,
0.06,0.1,5,q5_high_value_segments,pcqv,1.4832,5,1,
0.06,0.1,5,q5_high_value_segments,oracle_order,1.5584,5,1,
0.06,0.1,5,q6_lineitem_product_count,no_policy,11.1898,8,0,
0.06,0.1,5,q6_lineitem_product_count,post_join_filter,1.1412,4,1,
0.06,0.1,5,q6_lineitem_product_count,view_barrier,2.7109,4,1,
0.06,0.1,5,q6_lineitem_product_count,oblivious_forced,1.79,4,1,
0.06,0.1,5,q6_lineitem_product_count,predicate_injection,0.4009,4,1,
0.06,0.1,5,q6_lineitem_product_count,pcqv_no_stats,0.3782,4,1,
0.06,0.1,5,q6_lineitem_product_count,pcqv_forced,0.3497,4,1,
0.06,0.1,5,q6_lineitem_product_count,pcqv,0.3941,4,1,
0.06,0.1,5,q6_lineitem_product_count,oracle_order,0.408,4,1,
0.06,0.1,5,q7_customer_summary,no_policy,1.2797,198,0,
0.06,0.1,5,q7_customer_summary,post_join_filter,0.4366,3,1,
0.06,0.1,5,q7_customer_summary,view_barrier,0.371,3,1,
0.06,0.1,5,q7_customer_summary,oblivious_forced,0.226,3,1,
0.06,0.1,5,q7_customer_summary,predicate_injection,0.137,3,1,
0.06,0.1,5,q7_customer_summary,pcqv_no_stats,0.121,3,1,
0.06,0.1,5,q7_customer_summary,pcqv_forced,0.1291,3,1,
0.06,0.1,5,q7_customer_summary,pcqv,0.1277,3,1,
0.06,0.1,5,q7_customer_summary,oracle_order,0.1185,3,1,
0.06,0.1,5,q8_sensitive_product_scan,no_policy,1.4644,43,0,
0.06,0.1,5,q8_sensitive_product_scan,post_join_filter,1.6206,14,1,
0.06,0.1,5,q8_sensitive_product_scan,view_barrier,2.2693,14,1,
0.06,0.1,5,q8_sensitive_product_scan,oblivious_forced,1.4773,14,1,
0.06,0.1,5,q8_sensitive_product_scan,predicate_injection,0.7688,14,1,
0.06,0.1,5,q8_sensitive_product_scan,pcqv_no_stats,0.799,14,1,
0.06,0.1,5,q8_sensitive_product_scan,pcqv_forced,0.8791,14,1,
0.06,0.1,5,q8_sensitive_product_scan,pcqv,0.914,14,1,
0.06,0.1,5,q8_sensitive_product_scan,oracle_order,0.7836,14,1,
0.06,0.1,5,q9_ticket_topic_segments,no_policy,4.0331,25,0,
0.06,0.1,5,q9_ticket_topic_segments,post_join_filter,0.3198,14,1,
0.06,0.1,5,q9_ticket_topic_segments,view_barrier,0.6226,14,1,
0.06,0.1,5,q9_ticket_topic_segments,oblivious_forced,0.2739,14,1,
0.06,0.1,5,q9_ticket_topic_segments,predicate_injection,0.2106,14,1,
0.06,0.1,5,q9_ticket_topic_segments,pcqv_no_stats,0.2455,14,1,
0.06,0.1,5,q9_ticket_topic_segments,pcqv_forced,0.2503,14,1,
0.06,0.1,5,q9_ticket_topic_segments,pcqv,0.1856,14,1,
0.06,0.1,5,q9_ticket_topic_segments,oracle_order,0.2117,14,1,
0.06,0.1,5,q10_acl_customer_rows,no_policy,0.4177,300,0,
0.06,0.1,5,q10_acl_customer_rows,post_join_filter,0.0893,12,1,
0.06,0.1,5,q10_acl_customer_rows,view_barrier,0.1514,12,1,
0.06,0.1,5,q10_acl_customer_rows,oblivious_forced,0.1213,12,1,
0.06,0.1,5,q10_acl_customer_rows,predicate_injection,0.1858,12,1,
0.06,0.1,5,q10_acl_customer_rows,pcqv_no_stats,0.0956,12,1,
0.06,0.1,5,q10_acl_customer_rows,pcqv_forced,0.1536,12,1,
0.06,0.1,5,q10_acl_customer_rows,pcqv,0.1475,12,1,
0.06,0.1,5,q10_acl_customer_rows,oracle_order,0.0874,12,1,
0.06,0.1,5,q11_order_ticket_bridge,no_policy,9.2277,40,0,
0.06,0.1,5,q11_order_ticket_bridge,post_join_filter,0.2936,6,1,
0.06,0.1,5,q11_order_ticket_bridge,view_barrier,0.8371,6,1,
0.06,0.1,5,q11_order_ticket_bridge,oblivious_forced,0.2507,6,1,
0.06,0.1,5,q11_order_ticket_bridge,predicate_injection,0.5156,6,1,
0.06,0.1,5,q11_order_ticket_bridge,pcqv_no_stats,0.4348,6,1,
0.06,0.1,5,q11_order_ticket_bridge,pcqv_forced,0.4388,6,1,
0.06,0.1,5,q11_order_ticket_bridge,pcqv,0.409,6,1,
0.06,0.1,5,q11_order_ticket_bridge,oracle_order,0.4149,6,1,
0.06,0.1,5,q12_product_segment_revenue,no_policy,21.5691,27,0,
0.06,0.1,5,q12_product_segment_revenue,post_join_filter,0.7465,8,1,
0.06,0.1,5,q12_product_segment_revenue,view_barrier,3.3763,8,1,
0.06,0.1,5,q12_product_segment_revenue,oblivious_forced,0.4216,8,1,
0.06,0.1,5,q12_product_segment_revenue,predicate_injection,0.3528,8,1,
0.06,0.1,5,q12_product_segment_revenue,pcqv_no_stats,0.5756,8,1,
0.06,0.1,5,q12_product_segment_revenue,pcqv_forced,0.4826,8,1,
0.06,0.1,5,q12_product_segment_revenue,pcqv,0.3369,8,1,
0.06,0.1,5,q12_product_segment_revenue,oracle_order,0.3676,8,1,
0.06,0.1,5,q13_order_lineitem_rows,no_policy,0.7942,300,0,
0.06,0.1,5,q13_order_lineitem_rows,post_join_filter,0.1989,18,1,
0.06,0.1,5,q13_order_lineitem_rows,view_barrier,2.2773,18,1,
0.06,0.1,5,q13_order_lineitem_rows,oblivious_forced,0.1977,18,1,
0.06,0.1,5,q13_order_lineitem_rows,predicate_injection,0.1723,18,1,
0.06,0.1,5,q13_order_lineitem_rows,pcqv_no_stats,0.1763,18,1,
0.06,0.1,5,q13_order_lineitem_rows,pcqv_forced,0.1875,18,1,
0.06,0.1,5,q13_order_lineitem_rows,pcqv,0.2113,18,1,
0.06,0.1,5,q13_order_lineitem_rows,oracle_order,0.1818,18,1,
0.06,0.1,5,q14_support_owner_rows,no_policy,0.6216,300,0,
0.06,0.1,5,q14_support_owner_rows,post_join_filter,0.2825,23,1,
0.06,0.1,5,q14_support_owner_rows,view_barrier,0.4093,23,1,
0.06,0.1,5,q14_support_owner_rows,oblivious_forced,0.248,23,1,
0.06,0.1,5,q14_support_owner_rows,predicate_injection,0.2312,23,1,
0.06,0.1,5,q14_support_owner_rows,pcqv_no_stats,0.1917,23,1,
0.06,0.1,5,q14_support_owner_rows,pcqv_forced,0.2088,23,1,
0.06,0.1,5,q14_support_owner_rows,pcqv,0.2087,23,1,
0.06,0.1,5,q14_support_owner_rows,oracle_order,0.2006,23,1,
0.06,0.1,5,q15_clearance_product_rows,no_policy,3.4979,102,0,
0.06,0.1,5,q15_clearance_product_rows,post_join_filter,0.2699,7,1,
0.06,0.1,5,q15_clearance_product_rows,view_barrier,2.1639,7,1,
0.06,0.1,5,q15_clearance_product_rows,oblivious_forced,0.3035,7,1,
0.06,0.1,5,q15_clearance_product_rows,predicate_injection,0.2599,7,1,
0.06,0.1,5,q15_clearance_product_rows,pcqv_no_stats,0.3102,7,1,
0.06,0.1,5,q15_clearance_product_rows,pcqv_forced,0.2878,7,1,
0.06,0.1,5,q15_clearance_product_rows,pcqv,0.2931,7,1,
0.06,0.1,5,q15_clearance_product_rows,oracle_order,0.487,7,1,
0.06,0.1,5,q16_region_product_mix,no_policy,21.4556,72,0,
0.06,0.1,5,q16_region_product_mix,post_join_filter,0.4778,8,1,
0.06,0.1,5,q16_region_product_mix,view_barrier,2.9679,8,1,
0.06,0.1,5,q16_region_product_mix,oblivious_forced,0.4473,8,1,
0.06,0.1,5,q16_region_product_mix,predicate_injection,0.3273,8,1,
0.06,0.1,5,q16_region_product_mix,pcqv_no_stats,0.3252,8,1,
0.06,0.1,5,q16_region_product_mix,pcqv_forced,0.4019,8,1,
0.06,0.1,5,q16_region_product_mix,pcqv,0.6261,8,1,
0.06,0.1,5,q16_region_product_mix,oracle_order,0.3637,8,1,
0.06,0.1,6,q1_customer_orders,no_policy,2.9469,250,0,
0.06,0.1,6,q1_customer_orders,post_join_filter,0.7462,5,1,
0.06,0.1,6,q1_customer_orders,view_barrier,2.6079,5,1,
0.06,0.1,6,q1_customer_orders,oblivious_forced,1.4109,5,1,
0.06,0.1,6,q1_customer_orders,predicate_injection,0.2491,5,1,
0.06,0.1,6,q1_customer_orders,pcqv_no_stats,0.2278,5,1,
0.06,0.1,6,q1_customer_orders,pcqv_forced,0.2472,5,1,
0.06,0.1,6,q1_customer_orders,pcqv,0.5256,5,1,
0.06,0.1,6,q1_customer_orders,oracle_order,0.2049,5,1,
0.06,0.1,6,q2_revenue_by_product,no_policy,3.6184,16,0,
0.06,0.1,6,q2_revenue_by_product,post_join_filter,0.8899,0,1,
0.06,0.1,6,q2_revenue_by_product,view_barrier,3.3353,0,1,
0.06,0.1,6,q2_revenue_by_product,oblivious_forced,1.64,0,1,
0.06,0.1,6,q2_revenue_by_product,predicate_injection,0.501,0,1,
0.06,0.1,6,q2_revenue_by_product,pcqv_no_stats,0.452,0,1,
0.06,0.1,6,q2_revenue_by_product,pcqv_forced,0.631,0,1,
0.06,0.1,6,q2_revenue_by_product,pcqv,0.6719,0,1,
0.06,0.1,6,q2_revenue_by_product,oracle_order,0.4146,0,1,
0.06,0.1,6,q3_support_tickets,no_policy,1.7871,250,0,
0.06,0.1,6,q3_support_tickets,post_join_filter,0.2728,7,1,
0.06,0.1,6,q3_support_tickets,view_barrier,0.415,7,1,
0.06,0.1,6,q3_support_tickets,oblivious_forced,0.2497,7,1,
0.06,0.1,6,q3_support_tickets,predicate_injection,0.146,7,1,
0.06,0.1,6,q3_support_tickets,pcqv_no_stats,0.1895,7,1,
0.06,0.1,6,q3_support_tickets,pcqv_forced,0.166,7,1,
0.06,0.1,6,q3_support_tickets,pcqv,0.1643,7,1,
0.06,0.1,6,q3_support_tickets,oracle_order,0.168,7,1,
0.06,0.1,6,q4_revenue_by_region,no_policy,14.7477,8,0,
0.06,0.1,6,q4_revenue_by_region,post_join_filter,0.8615,2,1,
0.06,0.1,6,q4_revenue_by_region,view_barrier,3.6487,2,1,
0.06,0.1,6,q4_revenue_by_region,oblivious_forced,1.4365,2,1,
0.06,0.1,6,q4_revenue_by_region,predicate_injection,0.4556,2,1,
0.06,0.1,6,q4_revenue_by_region,pcqv_no_stats,0.3368,2,1,
0.06,0.1,6,q4_revenue_by_region,pcqv_forced,0.4327,2,1,
0.06,0.1,6,q4_revenue_by_region,pcqv,0.3369,2,1,
0.06,0.1,6,q4_revenue_by_region,oracle_order,0.47,2,1,
0.06,0.1,6,q5_high_value_segments,no_policy,4.295,5,0,
0.06,0.1,6,q5_high_value_segments,post_join_filter,1.6154,0,1,
0.06,0.1,6,q5_high_value_segments,view_barrier,0.3686,0,1,
0.06,0.1,6,q5_high_value_segments,oblivious_forced,2.1684,0,1,
0.06,0.1,6,q5_high_value_segments,predicate_injection,2.133,0,1,
0.06,0.1,6,q5_high_value_segments,pcqv_no_stats,0.203,0,1,
0.06,0.1,6,q5_high_value_segments,pcqv_forced,2.0842,0,1,
0.06,0.1,6,q5_high_value_segments,pcqv,1.693,0,1,
0.06,0.1,6,q5_high_value_segments,oracle_order,2.3906,0,1,
0.06,0.1,6,q6_lineitem_product_count,no_policy,11.1898,8,0,
0.06,0.1,6,q6_lineitem_product_count,post_join_filter,1.219,0,1,
0.06,0.1,6,q6_lineitem_product_count,view_barrier,3.0129,0,1,
0.06,0.1,6,q6_lineitem_product_count,oblivious_forced,1.4873,0,1,
0.06,0.1,6,q6_lineitem_product_count,predicate_injection,0.3616,0,1,
0.06,0.1,6,q6_lineitem_product_count,pcqv_no_stats,0.4142,0,1,
0.06,0.1,6,q6_lineitem_product_count,pcqv_forced,0.4078,0,1,
0.06,0.1,6,q6_lineitem_product_count,pcqv,0.4591,0,1,
0.06,0.1,6,q6_lineitem_product_count,oracle_order,0.4973,0,1,
0.06,0.1,6,q7_customer_summary,no_policy,1.2797,198,0,
0.06,0.1,6,q7_customer_summary,post_join_filter,0.2706,0,1,
0.06,0.1,6,q7_customer_summary,view_barrier,0.3654,0,1,
0.06,0.1,6,q7_customer_summary,oblivious_forced,0.256,0,1,
0.06,0.1,6,q7_customer_summary,predicate_injection,0.124,0,1,
0.06,0.1,6,q7_customer_summary,pcqv_no_stats,0.1028,0,1,
0.06,0.1,6,q7_customer_summary,pcqv_forced,0.1165,0,1,
0.06,0.1,6,q7_customer_summary,pcqv,0.1294,0,1,
0.06,0.1,6,q7_customer_summary,oracle_order,0.1788,0,1,
0.06,0.1,6,q8_sensitive_product_scan,no_policy,1.4644,43,0,
0.06,0.1,6,q8_sensitive_product_scan,post_join_filter,1.7282,14,1,
0.06,0.1,6,q8_sensitive_product_scan,view_barrier,2.8594,14,1,
0.06,0.1,6,q8_sensitive_product_scan,oblivious_forced,1.7526,14,1,
0.06,0.1,6,q8_sensitive_product_scan,predicate_injection,0.8235,14,1,
0.06,0.1,6,q8_sensitive_product_scan,pcqv_no_stats,1.0836,14,1,
0.06,0.1,6,q8_sensitive_product_scan,pcqv_forced,1.0571,14,1,
0.06,0.1,6,q8_sensitive_product_scan,pcqv,0.8653,14,1,
0.06,0.1,6,q8_sensitive_product_scan,oracle_order,0.8682,14,1,
0.06,0.1,6,q9_ticket_topic_segments,no_policy,4.0331,25,0,
0.06,0.1,6,q9_ticket_topic_segments,post_join_filter,0.2696,0,1,
0.06,0.1,6,q9_ticket_topic_segments,view_barrier,0.4895,0,1,
0.06,0.1,6,q9_ticket_topic_segments,oblivious_forced,0.3963,0,1,
0.06,0.1,6,q9_ticket_topic_segments,predicate_injection,0.1964,0,1,
0.06,0.1,6,q9_ticket_topic_segments,pcqv_no_stats,0.2384,0,1,
0.06,0.1,6,q9_ticket_topic_segments,pcqv_forced,0.2012,0,1,
0.06,0.1,6,q9_ticket_topic_segments,pcqv,0.2712,0,1,
0.06,0.1,6,q9_ticket_topic_segments,oracle_order,0.284,0,1,
0.06,0.1,6,q10_acl_customer_rows,no_policy,0.4177,300,0,
0.06,0.1,6,q10_acl_customer_rows,post_join_filter,0.1066,12,1,
0.06,0.1,6,q10_acl_customer_rows,view_barrier,0.3131,12,1,
0.06,0.1,6,q10_acl_customer_rows,oblivious_forced,0.0953,12,1,
0.06,0.1,6,q10_acl_customer_rows,predicate_injection,0.0916,12,1,
0.06,0.1,6,q10_acl_customer_rows,pcqv_no_stats,0.1102,12,1,
0.06,0.1,6,q10_acl_customer_rows,pcqv_forced,0.0887,12,1,
0.06,0.1,6,q10_acl_customer_rows,pcqv,0.084,12,1,
0.06,0.1,6,q10_acl_customer_rows,oracle_order,0.0873,12,1,
0.06,0.1,6,q11_order_ticket_bridge,no_policy,9.2277,40,0,
0.06,0.1,6,q11_order_ticket_bridge,post_join_filter,0.371,0,1,
0.06,0.1,6,q11_order_ticket_bridge,view_barrier,0.5974,0,1,
0.06,0.1,6,q11_order_ticket_bridge,oblivious_forced,0.2449,0,1,
0.06,0.1,6,q11_order_ticket_bridge,predicate_injection,0.2244,0,1,
0.06,0.1,6,q11_order_ticket_bridge,pcqv_no_stats,0.2436,0,1,
0.06,0.1,6,q11_order_ticket_bridge,pcqv_forced,1.2017,0,1,
0.06,0.1,6,q11_order_ticket_bridge,pcqv,0.2847,0,1,
0.06,0.1,6,q11_order_ticket_bridge,oracle_order,0.2704,0,1,
0.06,0.1,6,q12_product_segment_revenue,no_policy,21.5691,27,0,
0.06,0.1,6,q12_product_segment_revenue,post_join_filter,0.4906,0,1,
0.06,0.1,6,q12_product_segment_revenue,view_barrier,3.2716,0,1,
0.06,0.1,6,q12_product_segment_revenue,oblivious_forced,0.3443,0,1,
0.06,0.1,6,q12_product_segment_revenue,predicate_injection,0.4629,0,1,
0.06,0.1,6,q12_product_segment_revenue,pcqv_no_stats,0.911,0,1,
0.06,0.1,6,q12_product_segment_revenue,pcqv_forced,0.5092,0,1,
0.06,0.1,6,q12_product_segment_revenue,pcqv,0.3515,0,1,
0.06,0.1,6,q12_product_segment_revenue,oracle_order,0.3581,0,1,
0.06,0.1,6,q13_order_lineitem_rows,no_policy,0.7942,300,0,
0.06,0.1,6,q13_order_lineitem_rows,post_join_filter,0.2121,18,1,
0.06,0.1,6,q13_order_lineitem_rows,view_barrier,2.8659,18,1,
0.06,0.1,6,q13_order_lineitem_rows,oblivious_forced,0.1647,18,1,
0.06,0.1,6,q13_order_lineitem_rows,predicate_injection,0.227,18,1,
0.06,0.1,6,q13_order_lineitem_rows,pcqv_no_stats,0.1814,18,1,
0.06,0.1,6,q13_order_lineitem_rows,pcqv_forced,0.1918,18,1,
0.06,0.1,6,q13_order_lineitem_rows,pcqv,0.2373,18,1,
0.06,0.1,6,q13_order_lineitem_rows,oracle_order,0.331,18,1,
0.06,0.1,6,q14_support_owner_rows,no_policy,0.6216,300,0,
0.06,0.1,6,q14_support_owner_rows,post_join_filter,0.2653,23,1,
0.06,0.1,6,q14_support_owner_rows,view_barrier,0.4574,23,1,
0.06,0.1,6,q14_support_owner_rows,oblivious_forced,0.4534,23,1,
0.06,0.1,6,q14_support_owner_rows,predicate_injection,0.2446,23,1,
0.06,0.1,6,q14_support_owner_rows,pcqv_no_stats,0.3394,23,1,
0.06,0.1,6,q14_support_owner_rows,pcqv_forced,0.2295,23,1,
0.06,0.1,6,q14_support_owner_rows,pcqv,0.2658,23,1,
0.06,0.1,6,q14_support_owner_rows,oracle_order,0.2328,23,1,
0.06,0.1,6,q15_clearance_product_rows,no_policy,3.4979,102,0,
0.06,0.1,6,q15_clearance_product_rows,post_join_filter,0.3739,7,1,
0.06,0.1,6,q15_clearance_product_rows,view_barrier,2.7607,7,1,
0.06,0.1,6,q15_clearance_product_rows,oblivious_forced,0.3102,7,1,
0.06,0.1,6,q15_clearance_product_rows,predicate_injection,0.4962,7,1,
0.06,0.1,6,q15_clearance_product_rows,pcqv_no_stats,0.2978,7,1,
0.06,0.1,6,q15_clearance_product_rows,pcqv_forced,0.2588,7,1,
0.06,0.1,6,q15_clearance_product_rows,pcqv,0.2931,7,1,
0.06,0.1,6,q15_clearance_product_rows,oracle_order,0.3632,7,1,
0.06,0.1,6,q16_region_product_mix,no_policy,21.4556,72,0,
0.06,0.1,6,q16_region_product_mix,post_join_filter,0.4771,0,1,
0.06,0.1,6,q16_region_product_mix,view_barrier,3.0747,0,1,
0.06,0.1,6,q16_region_product_mix,oblivious_forced,0.3852,0,1,
0.06,0.1,6,q16_region_product_mix,predicate_injection,0.4055,0,1,
0.06,0.1,6,q16_region_product_mix,pcqv_no_stats,0.4253,0,1,
0.06,0.1,6,q16_region_product_mix,pcqv_forced,0.5191,0,1,
0.06,0.1,6,q16_region_product_mix,pcqv,0.3856,0,1,
0.06,0.1,6,q16_region_product_mix,oracle_order,0.571,0,1,
0.06,0.25,1,q1_customer_orders,no_policy,2.9469,250,0,
0.06,0.25,1,q1_customer_orders,post_join_filter,1.9156,250,1,
0.06,0.25,1,q1_customer_orders,view_barrier,6.961,250,1,
0.06,0.25,1,q1_customer_orders,oblivious_forced,2.0669,250,1,
0.06,0.25,1,q1_customer_orders,predicate_injection,2.2837,250,1,
0.06,0.25,1,q1_customer_orders,pcqv_no_stats,2.3838,250,1,
0.06,0.25,1,q1_customer_orders,pcqv_forced,2.4705,250,1,
0.06,0.25,1,q1_customer_orders,pcqv,2.4886,250,1,
0.06,0.25,1,q1_customer_orders,oracle_order,2.4505,250,1,
0.06,0.25,1,q2_revenue_by_product,no_policy,3.6184,16,0,
0.06,0.25,1,q2_revenue_by_product,post_join_filter,2.9973,14,1,
0.06,0.25,1,q2_revenue_by_product,view_barrier,9.1205,14,1,
0.06,0.25,1,q2_revenue_by_product,oblivious_forced,4.1407,14,1,
0.06,0.25,1,q2_revenue_by_product,predicate_injection,1.4377,14,1,
0.06,0.25,1,q2_revenue_by_product,pcqv_no_stats,1.3085,14,1,
0.06,0.25,1,q2_revenue_by_product,pcqv_forced,1.541,14,1,
0.06,0.25,1,q2_revenue_by_product,pcqv,1.436,14,1,
0.06,0.25,1,q2_revenue_by_product,oracle_order,1.2519,14,1,
0.06,0.25,1,q3_support_tickets,no_policy,1.7871,250,0,
0.06,0.25,1,q3_support_tickets,post_join_filter,0.6177,235,1,
0.06,0.25,1,q3_support_tickets,view_barrier,2.0139,235,1,
0.06,0.25,1,q3_support_tickets,oblivious_forced,0.6814,235,1,
0.06,0.25,1,q3_support_tickets,predicate_injection,0.9841,235,1,
0.06,0.25,1,q3_support_tickets,pcqv_no_stats,0.6452,235,1,
0.06,0.25,1,q3_support_tickets,pcqv_forced,0.8012,235,1,
0.06,0.25,1,q3_support_tickets,pcqv,0.6137,235,1,
0.06,0.25,1,q3_support_tickets,oracle_order,0.7012,235,1,
0.06,0.25,1,q4_revenue_by_region,no_policy,14.7477,8,0,
0.06,0.25,1,q4_revenue_by_region,post_join_filter,6.7597,8,1,
0.06,0.25,1,q4_revenue_by_region,view_barrier,11.5815,8,1,
0.06,0.25,1,q4_revenue_by_region,oblivious_forced,6.6496,8,1,
0.06,0.25,1,q4_revenue_by_region,predicate_injection,9.5625,8,1,
0.06,0.25,1,q4_revenue_by_region,pcqv_no_stats,10.5857,8,1,
0.06,0.25,1,q4_revenue_by_region,pcqv_forced,9.7972,8,1,
0.06,0.25,1,q4_revenue_by_region,pcqv,9.9027,8,1,
0.06,0.25,1,q4_revenue_by_region,oracle_order,10.7208,8,1,
0.06,0.25,1,q5_high_value_segments,no_policy,4.295,5,0,
0.06,0.25,1,q5_high_value_segments,post_join_filter,2.4245,5,1,
0.06,0.25,1,q5_high_value_segments,view_barrier,3.1587,5,1,
0.06,0.25,1,q5_high_value_segments,oblivious_forced,2.4304,5,1,
0.06,0.25,1,q5_high_value_segments,predicate_injection,2.9182,5,1,
0.06,0.25,1,q5_high_value_segments,pcqv_no_stats,1.4109,5,1,
0.06,0.25,1,q5_high_value_segments,pcqv_forced,1.2942,5,1,
0.06,0.25,1,q5_high_value_segments,pcqv,2.6331,5,1,
0.06,0.25,1,q5_high_value_segments,oracle_order,1.4283,5,1,
0.06,0.25,1,q6_lineitem_product_count,no_policy,11.1898,8,0,
0.06,0.25,1,q6_lineitem_product_count,post_join_filter,5.5309,8,1,
0.06,0.25,1,q6_lineitem_product_count,view_barrier,10.812,8,1,
0.06,0.25,1,q6_lineitem_product_count,oblivious_forced,5.0397,8,1,
0.06,0.25,1,q6_lineitem_product_count,predicate_injection,5.0903,8,1,
0.06,0.25,1,q6_lineitem_product_count,pcqv_no_stats,10.3874,8,1,
0.06,0.25,1,q6_lineitem_product_count,pcqv_forced,4.5645,8,1,
0.06,0.25,1,q6_lineitem_product_count,pcqv,4.9843,8,1,
0.06,0.25,1,q6_lineitem_product_count,oracle_order,11.3571,8,1,
0.06,0.25,1,q7_customer_summary,no_policy,1.2797,198,0,
0.06,0.25,1,q7_customer_summary,post_join_filter,1.3187,61,1,
0.06,0.25,1,q7_customer_summary,view_barrier,3.0792,61,1,
0.06,0.25,1,q7_customer_summary,oblivious_forced,1.368,61,1,
0.06,0.25,1,q7_customer_summary,predicate_injection,0.5281,61,1,
0.06,0.25,1,q7_customer_summary,pcqv_no_stats,0.5571,61,1,
0.06,0.25,1,q7_customer_summary,pcqv_forced,0.4804,61,1,
0.06,0.25,1,q7_customer_summary,pcqv,0.4795,61,1,
0.06,0.25,1,q7_customer_summary,oracle_order,0.5145,61,1,
0.06,0.25,1,q8_sensitive_product_scan,no_policy,1.4644,43,0,
0.06,0.25,1,q8_sensitive_product_scan,post_join_filter,3.9288,35,1,
0.06,0.25,1,q8_sensitive_product_scan,view_barrier,6.4416,35,1,
0.06,0.25,1,q8_sensitive_product_scan,oblivious_forced,4.1446,35,1,
0.06,0.25,1,q8_sensitive_product_scan,predicate_injection,1.887,35,1,
0.06,0.25,1,q8_sensitive_product_scan,pcqv_no_stats,1.8506,35,1,
0.06,0.25,1,q8_sensitive_product_scan,pcqv_forced,1.7801,35,1,
0.06,0.25,1,q8_sensitive_product_scan,pcqv,1.8271,35,1,
0.06,0.25,1,q8_sensitive_product_scan,oracle_order,1.6745,35,1,
0.06,0.25,1,q9_ticket_topic_segments,no_policy,4.0331,25,0,
0.06,0.25,1,q9_ticket_topic_segments,post_join_filter,1.0556,25,1,
0.06,0.25,1,q9_ticket_topic_segments,view_barrier,2.0504,25,1,
0.06,0.25,1,q9_ticket_topic_segments,oblivious_forced,1.3405,25,1,
0.06,0.25,1,q9_ticket_topic_segments,predicate_injection,1.4128,25,1,
0.06,0.25,1,q9_ticket_topic_segments,pcqv_no_stats,1.1084,25,1,
0.06,0.25,1,q9_ticket_topic_segments,pcqv_forced,1.2594,25,1,
0.06,0.25,1,q9_ticket_topic_segments,pcqv,1.0814,25,1,
0.06,0.25,1,q9_ticket_topic_segments,oracle_order,1.1427,25,1,
0.06,0.25,1,q10_acl_customer_rows,no_policy,0.4177,300,0,
0.06,0.25,1,q10_acl_customer_rows,post_join_filter,0.3406,133,1,
0.06,0.25,1,q10_acl_customer_rows,view_barrier,0.5139,133,1,
0.06,0.25,1,q10_acl_customer_rows,oblivious_forced,0.3201,133,1,
0.06,0.25,1,q10_acl_customer_rows,predicate_injection,0.3904,133,1,
0.06,0.25,1,q10_acl_customer_rows,pcqv_no_stats,0.336,133,1,
0.06,0.25,1,q10_acl_customer_rows,pcqv_forced,0.3612,133,1,
0.06,0.25,1,q10_acl_customer_rows,pcqv,0.2785,133,1,
0.06,0.25,1,q10_acl_customer_rows,oracle_order,0.3347,133,1,
0.06,0.25,1,q11_order_ticket_bridge,no_policy,9.2277,40,0,
0.06,0.25,1,q11_order_ticket_bridge,post_join_filter,3.4826,40,1,
0.06,0.25,1,q11_order_ticket_bridge,view_barrier,4.367,40,1,
0.06,0.25,1,q11_order_ticket_bridge,oblivious_forced,4.0785,40,1,
0.06,0.25,1,q11_order_ticket_bridge,predicate_injection,2.974,40,1,
0.06,0.25,1,q11_order_ticket_bridge,pcqv_no_stats,2.4869,40,1,
0.06,0.25,1,q11_order_ticket_bridge,pcqv_forced,2.3823,40,1,
0.06,0.25,1,q11_order_ticket_bridge,pcqv,2.3446,40,1,
0.06,0.25,1,q11_order_ticket_bridge,oracle_order,2.692,40,1,
0.06,0.25,1,q12_product_segment_revenue,no_policy,21.5691,27,0,
0.06,0.25,1,q12_product_segment_revenue,post_join_filter,7.4309,27,1,
0.06,0.25,1,q12_product_segment_revenue,view_barrier,11.5163,27,1,
0.06,0.25,1,q12_product_segment_revenue,oblivious_forced,8.6803,27,1,
0.06,0.25,1,q12_product_segment_revenue,predicate_injection,6.3138,27,1,
0.06,0.25,1,q12_product_segment_revenue,pcqv_no_stats,7.9949,27,1,
0.06,0.25,1,q12_product_segment_revenue,pcqv_forced,8.1745,27,1,
0.06,0.25,1,q12_product_segment_revenue,pcqv,6.8468,27,1,
0.06,0.25,1,q12_product_segment_revenue,oracle_order,6.874,27,1,
0.06,0.25,1,q13_order_lineitem_rows,no_policy,0.7942,300,0,
0.06,0.25,1,q13_order_lineitem_rows,post_join_filter,5.1616,300,1,
0.06,0.25,1,q13_order_lineitem_rows,view_barrier,8.009,300,1,
0.06,0.25,1,q13_order_lineitem_rows,oblivious_forced,5.2806,300,1,
0.06,0.25,1,q13_order_lineitem_rows,predicate_injection,6.0644,300,1,
0.06,0.25,1,q13_order_lineitem_rows,pcqv_no_stats,5.9587,300,1,
0.06,0.25,1,q13_order_lineitem_rows,pcqv_forced,5.7233,300,1,
0.06,0.25,1,q13_order_lineitem_rows,pcqv,5.4311,300,1,
0.06,0.25,1,q13_order_lineitem_rows,oracle_order,5.5915,300,1,
0.06,0.25,1,q14_support_owner_rows,no_policy,0.6216,300,0,
0.06,0.25,1,q14_support_owner_rows,post_join_filter,1.5737,300,1,
0.06,0.25,1,q14_support_owner_rows,view_barrier,2.6516,300,1,
0.06,0.25,1,q14_support_owner_rows,oblivious_forced,1.2754,300,1,
0.06,0.25,1,q14_support_owner_rows,predicate_injection,2.0904,300,1,
0.06,0.25,1,q14_support_owner_rows,pcqv_no_stats,1.4797,300,1,
0.06,0.25,1,q14_support_owner_rows,pcqv_forced,1.4578,300,1,
0.06,0.25,1,q14_support_owner_rows,pcqv,1.4581,300,1,
0.06,0.25,1,q14_support_owner_rows,oracle_order,1.2564,300,1,
0.06,0.25,1,q15_clearance_product_rows,no_policy,3.4979,102,0,
0.06,0.25,1,q15_clearance_product_rows,post_join_filter,0.8232,29,1,
0.06,0.25,1,q15_clearance_product_rows,view_barrier,5.5641,29,1,
0.06,0.25,1,q15_clearance_product_rows,oblivious_forced,1.2325,29,1,
0.06,0.25,1,q15_clearance_product_rows,predicate_injection,0.9228,29,1,
0.06,0.25,1,q15_clearance_product_rows,pcqv_no_stats,1.1247,29,1,
0.06,0.25,1,q15_clearance_product_rows,pcqv_forced,0.9622,29,1,
0.06,0.25,1,q15_clearance_product_rows,pcqv,1.041,29,1,
0.06,0.25,1,q15_clearance_product_rows,oracle_order,0.7805,29,1,
0.06,0.25,1,q16_region_product_mix,no_policy,21.4556,72,0,
0.06,0.25,1,q16_region_product_mix,post_join_filter,10.651,72,1,
0.06,0.25,1,q16_region_product_mix,view_barrier,12.8811,72,1,
0.06,0.25,1,q16_region_product_mix,oblivious_forced,8.5561,72,1,
0.06,0.25,1,q16_region_product_mix,predicate_injection,6.1522,72,1,
0.06,0.25,1,q16_region_product_mix,pcqv_no_stats,9.8154,72,1,
0.06,0.25,1,q16_region_product_mix,pcqv_forced,8.8193,72,1,
0.06,0.25,1,q16_region_product_mix,pcqv,7.3616,72,1,
0.06,0.25,1,q16_region_product_mix,oracle_order,9.8938,72,1,
0.06,0.25,2,q1_customer_orders,no_policy,2.9469,250,0,
0.06,0.25,2,q1_customer_orders,post_join_filter,2.1848,232,1,
0.06,0.25,2,q1_customer_orders,view_barrier,6.6053,232,1,
0.06,0.25,2,q1_customer_orders,oblivious_forced,1.6881,232,1,
0.06,0.25,2,q1_customer_orders,predicate_injection,1.167,232,1,
0.06,0.25,2,q1_customer_orders,pcqv_no_stats,1.1777,232,1,
0.06,0.25,2,q1_customer_orders,pcqv_forced,1.387,232,1,
0.06,0.25,2,q1_customer_orders,pcqv,1.0846,232,1,
0.06,0.25,2,q1_customer_orders,oracle_order,1.2646,232,1,
0.06,0.25,2,q2_revenue_by_product,no_policy,3.6184,16,0,
0.06,0.25,2,q2_revenue_by_product,post_join_filter,2.9133,12,1,
0.06,0.25,2,q2_revenue_by_product,view_barrier,8.4078,12,1,
0.06,0.25,2,q2_revenue_by_product,oblivious_forced,2.7952,12,1,
0.06,0.25,2,q2_revenue_by_product,predicate_injection,1.1464,12,1,
0.06,0.25,2,q2_revenue_by_product,pcqv_no_stats,1.0926,12,1,
0.06,0.25,2,q2_revenue_by_product,pcqv_forced,1.1269,12,1,
0.06,0.25,2,q2_revenue_by_product,pcqv,1.1019,12,1,
0.06,0.25,2,q2_revenue_by_product,oracle_order,1.2146,12,1,
0.06,0.25,2,q3_support_tickets,no_policy,1.7871,250,0,
0.06,0.25,2,q3_support_tickets,post_join_filter,0.5489,85,1,
0.06,0.25,2,q3_support_tickets,view_barrier,1.1624,85,1,
0.06,0.25,2,q3_support_tickets,oblivious_forced,0.3187,85,1,
0.06,0.25,2,q3_support_tickets,predicate_injection,0.301,85,1,
0.06,0.25,2,q3_support_tickets,pcqv_no_stats,0.2979,85,1,
0.06,0.25,2,q3_support_tickets,pcqv_forced,0.4858,85,1,
0.06,0.25,2,q3_support_tickets,pcqv,0.5135,85,1,
0.06,0.25,2,q3_support_tickets,oracle_order,0.4935,85,1,
0.06,0.25,2,q4_revenue_by_region,no_policy,14.7477,8,0,
0.06,0.25,2,q4_revenue_by_region,post_join_filter,3.5713,4,1,
0.06,0.25,2,q4_revenue_by_region,view_barrier,9.1868,4,1,
0.06,0.25,2,q4_revenue_by_region,oblivious_forced,3.7815,4,1,
0.06,0.25,2,q4_revenue_by_region,predicate_injection,4.2142,4,1,
0.06,0.25,2,q4_revenue_by_region,pcqv_no_stats,4.0718,4,1,
0.06,0.25,2,q4_revenue_by_region,pcqv_forced,4.2385,4,1,
0.06,0.25,2,q4_revenue_by_region,pcqv,4.1841,4,1,
0.06,0.25,2,q4_revenue_by_region,oracle_order,4.5892,4,1,
0.06,0.25,2,q5_high_value_segments,no_policy,4.295,5,0,
0.06,0.25,2,q5_high_value_segments,post_join_filter,2.6353,5,1,
0.06,0.25,2,q5_high_value_segments,view_barrier,2.8671,5,1,
0.06,0.25,2,q5_high_value_segments,oblivious_forced,2.5029,5,1,
0.06,0.25,2,q5_high_value_segments,predicate_injection,2.5298,5,1,
0.06,0.25,2,q5_high_value_segments,pcqv_no_stats,0.7746,5,1,
0.06,0.25,2,q5_high_value_segments,pcqv_forced,1.0062,5,1,
0.06,0.25,2,q5_high_value_segments,pcqv,2.6339,5,1,
0.06,0.25,2,q5_high_value_segments,oracle_order,0.6884,5,1,
0.06,0.25,2,q6_lineitem_product_count,no_policy,11.1898,8,0,
0.06,0.25,2,q6_lineitem_product_count,post_join_filter,3.9839,8,1,
0.06,0.25,2,q6_lineitem_product_count,view_barrier,9.4406,8,1,
0.06,0.25,2,q6_lineitem_product_count,oblivious_forced,3.9851,8,1,
0.06,0.25,2,q6_lineitem_product_count,predicate_injection,4.9291,8,1,
0.06,0.25,2,q6_lineitem_product_count,pcqv_no_stats,5.3708,8,1,
0.06,0.25,2,q6_lineitem_product_count,pcqv_forced,4.5991,8,1,
0.06,0.25,2,q6_lineitem_product_count,pcqv,4.507,8,1,
0.06,0.25,2,q6_lineitem_product_count,oracle_order,5.1797,8,1,
0.06,0.25,2,q7_customer_summary,no_policy,1.2797,198,0,
0.06,0.25,2,q7_customer_summary,post_join_filter,1.1639,31,1,
0.06,0.25,2,q7_customer_summary,view_barrier,2.6296,31,1,
0.06,0.25,2,q7_customer_summary,oblivious_forced,1.3073,31,1,
0.06,0.25,2,q7_customer_summary,predicate_injection,0.3288,31,1,
0.06,0.25,2,q7_customer_summary,pcqv_no_stats,0.3234,31,1,
0.06,0.25,2,q7_customer_summary,pcqv_forced,0.2956,31,1,
0.06,0.25,2,q7_customer_summary,pcqv,0.3137,31,1,
0.06,0.25,2,q7_customer_summary,oracle_order,0.2631,31,1,
0.06,0.25,2,q8_sensitive_product_scan,no_policy,1.4644,43,0,
0.06,0.25,2,q8_sensitive_product_scan,post_join_filter,3.6715,33,1,
0.06,0.25,2,q8_sensitive_product_scan,view_barrier,6.1435,33,1,
0.06,0.25,2,q8_sensitive_product_scan,oblivious_forced,4.0742,33,1,
0.06,0.25,2,q8_sensitive_product_scan,predicate_injection,1.5352,33,1,
0.06,0.25,2,q8_sensitive_product_scan,pcqv_no_stats,1.5096,33,1,
0.06,0.25,2,q8_sensitive_product_scan,pcqv_forced,1.5281,33,1,
0.06,0.25,2,q8_sensitive_product_scan,pcqv,1.4908,33,1,
0.06,0.25,2,q8_sensitive_product_scan,oracle_order,1.7515,33,1,
0.06,0.25,2,q9_ticket_topic_segments,no_policy,4.0331,25,0,
0.06,0.25,2,q9_ticket_topic_segments,post_join_filter,0.8469,25,1,
0.06,0.25,2,q9_ticket_topic_segments,view_barrier,1.5227,25,1,
0.06,0.25,2,q9_ticket_topic_segments,oblivious_forced,1.0255,25,1,
0.06,0.25,2,q9_ticket_topic_segments,predicate_injection,0.6135,25,1,
0.06,0.25,2,q9_ticket_topic_segments,pcqv_no_stats,0.8434,25,1,
0.06,0.25,2,q9_ticket_topic_segments,pcqv_forced,0.5997,25,1,
0.06,0.25,2,q9_ticket_topic_segments,pcqv,0.6891,25,1,
0.06,0.25,2,q9_ticket_topic_segments,oracle_order,0.6523,25,1,
0.06,0.25,2,q10_acl_customer_rows,no_policy,0.4177,300,0,
0.06,0.25,2,q10_acl_customer_rows,post_join_filter,0.2203,70,1,
0.06,0.25,2,q10_acl_customer_rows,view_barrier,0.3377,70,1,
0.06,0.25,2,q10_acl_customer_rows,oblivious_forced,0.2147,70,1,
0.06,0.25,2,q10_acl_customer_rows,predicate_injection,0.3605,70,1,
0.06,0.25,2,q10_acl_customer_rows,pcqv_no_stats,0.2579,70,1,
0.06,0.25,2,q10_acl_customer_rows,pcqv_forced,0.2665,70,1,
0.06,0.25,2,q10_acl_customer_rows,pcqv,0.1934,70,1,
0.06,0.25,2,q10_acl_customer_rows,oracle_order,0.2372,70,1,
0.06,0.25,2,q11_order_ticket_bridge,no_policy,9.2277,40,0,
0.06,0.25,2,q11_order_ticket_bridge,post_join_filter,3.2036,20,1,
0.06,0.25,2,q11_order_ticket_bridge,view_barrier,3.1861,20,1,
0.06,0.25,2,q11_order_ticket_bridge,oblivious_forced,2.449,20,1,
0.06,0.25,2,q11_order_ticket_bridge,predicate_injection,1.304,20,1,
0.06,0.25,2,q11_order_ticket_bridge,pcqv_no_stats,1.5516,20,1,
0.06,0.25,2,q11_order_ticket_bridge,pcqv_forced,1.1907,20,1,
0.06,0.25,2,q11_order_ticket_bridge,pcqv,1.2416,20,1,
0.06,0.25,2,q11_order_ticket_bridge,oracle_order,1.4705,20,1,
0.06,0.25,2,q12_product_segment_revenue,no_policy,21.5691,27,0,
0.06,0.25,2,q12_product_segment_revenue,post_join_filter,5.3759,27,1,
0.06,0.25,2,q12_product_segment_revenue,view_barrier,9.3893,27,1,
0.06,0.25,2,q12_product_segment_revenue,oblivious_forced,5.4939,27,1,
0.06,0.25,2,q12_product_segment_revenue,predicate_injection,4.3322,27,1,
0.06,0.25,2,q12_product_segment_revenue,pcqv_no_stats,4.1836,27,1,
0.06,0.25,2,q12_product_segment_revenue,pcqv_forced,4.0659,27,1,
0.06,0.25,2,q12_product_segment_revenue,pcqv,4.6366,27,1,
0.06,0.25,2,q12_product_segment_revenue,oracle_order,4.3406,27,1,
0.06,0.25,2,q13_order_lineitem_rows,no_policy,0.7942,300,0,
0.06,0.25,2,q13_order_lineitem_rows,post_join_filter,5.4503,300,1,
0.06,0.25,2,q13_order_lineitem_rows,view_barrier,6.9844,300,1,
0.06,0.25,2,q13_order_lineitem_rows,oblivious_forced,5.2564,300,1,
0.06,0.25,2,q13_order_lineitem_rows,predicate_injection,5.8506,300,1,
0.06,0.25,2,q13_order_lineitem_rows,pcqv_no_stats,5.9724,300,1,
0.06,0.25,2,q13_order_lineitem_rows,pcqv_forced,6.1849,300,1,
0.06,0.25,2,q13_order_lineitem_rows,pcqv,5.4518,300,1,
0.06,0.25,2,q13_order_lineitem_rows,oracle_order,5.5714,300,1,
0.06,0.25,2,q14_support_owner_rows,no_policy,0.6216,300,0,
0.06,0.25,2,q14_support_owner_rows,post_join_filter,1.0082,218,1,
0.06,0.25,2,q14_support_owner_rows,view_barrier,1.4914,218,1,
0.06,0.25,2,q14_support_owner_rows,oblivious_forced,0.8272,218,1,
0.06,0.25,2,q14_support_owner_rows,predicate_injection,0.6947,218,1,
0.06,0.25,2,q14_support_owner_rows,pcqv_no_stats,0.6968,218,1,
0.06,0.25,2,q14_support_owner_rows,pcqv_forced,1.0637,218,1,
0.06,0.25,2,q14_support_owner_rows,pcqv,0.6943,218,1,
0.06,0.25,2,q14_support_owner_rows,oracle_order,0.9062,218,1,
0.06,0.25,2,q15_clearance_product_rows,no_policy,3.4979,102,0,
0.06,0.25,2,q15_clearance_product_rows,post_join_filter,0.8919,27,1,
0.06,0.25,2,q15_clearance_product_rows,view_barrier,6.8391,27,1,
0.06,0.25,2,q15_clearance_product_rows,oblivious_forced,1.0819,27,1,
0.06,0.25,2,q15_clearance_product_rows,predicate_injection,0.789,27,1,
0.06,0.25,2,q15_clearance_product_rows,pcqv_no_stats,0.748,27,1,
0.06,0.25,2,q15_clearance_product_rows,pcqv_forced,0.7818,27,1,
0.06,0.25,2,q15_clearance_product_rows,pcqv,0.7568,27,1,
0.06,0.25,2,q15_clearance_product_rows,oracle_order,0.8092,27,1,
0.06,0.25,2,q16_region_product_mix,no_policy,21.4556,72,0,
0.06,0.25,2,q16_region_product_mix,post_join_filter,4.7336,36,1,
0.06,0.25,2,q16_region_product_mix,view_barrier,9.3074,36,1,
0.06,0.25,2,q16_region_product_mix,oblivious_forced,5.8225,36,1,
0.06,0.25,2,q16_region_product_mix,predicate_injection,4.4518,36,1,
0.06,0.25,2,q16_region_product_mix,pcqv_no_stats,5.075,36,1,
0.06,0.25,2,q16_region_product_mix,pcqv_forced,4.368,36,1,
0.06,0.25,2,q16_region_product_mix,pcqv,4.199,36,1,
0.06,0.25,2,q16_region_product_mix,oracle_order,5.7326,36,1,
0.06,0.25,3,q1_customer_orders,no_policy,2.9469,250,0,
0.06,0.25,3,q1_customer_orders,post_join_filter,1.8752,85,1,
0.06,0.25,3,q1_customer_orders,view_barrier,5.353,85,1,
0.06,0.25,3,q1_customer_orders,oblivious_forced,1.6174,85,1,
0.06,0.25,3,q1_customer_orders,predicate_injection,0.5689,85,1,
0.06,0.25,3,q1_customer_orders,pcqv_no_stats,0.6163,85,1,
0.06,0.25,3,q1_customer_orders,pcqv_forced,0.6935,85,1,
0.06,0.25,3,q1_customer_orders,pcqv,0.6137,85,1,
0.06,0.25,3,q1_customer_orders,oracle_order,0.6052,85,1,
0.06,0.25,3,q2_revenue_by_product,no_policy,3.6184,16,0,
0.06,0.25,3,q2_revenue_by_product,post_join_filter,1.9588,7,1,
0.06,0.25,3,q2_revenue_by_product,view_barrier,5.9199,7,1,
0.06,0.25,3,q2_revenue_by_product,oblivious_forced,1.9671,7,1,
0.06,0.25,3,q2_revenue_by_product,predicate_injection,0.7399,7,1,
0.06,0.25,3,q2_revenue_by_product,pcqv_no_stats,0.6901,7,1,
0.06,0.25,3,q2_revenue_by_product,pcqv_forced,0.7253,7,1,
0.06,0.25,3,q2_revenue_by_product,pcqv,0.7085,7,1,
0.06,0.25,3,q2_revenue_by_product,oracle_order,0.6989,7,1,
0.06,0.25,3,q3_support_tickets,no_policy,1.7871,250,0,
0.06,0.25,3,q3_support_tickets,post_join_filter,0.4029,63,1,
0.06,0.25,3,q3_support_tickets,view_barrier,0.8013,63,1,
0.06,0.25,3,q3_support_tickets,oblivious_forced,0.2827,63,1,
0.06,0.25,3,q3_support_tickets,predicate_injection,0.2905,63,1,
0.06,0.25,3,q3_support_tickets,pcqv_no_stats,0.2934,63,1,
0.06,0.25,3,q3_support_tickets,pcqv_forced,0.3957,63,1,
0.06,0.25,3,q3_support_tickets,pcqv,0.2775,63,1,
0.06,0.25,3,q3_support_tickets,oracle_order,0.2967,63,1,
0.06,0.25,3,q4_revenue_by_region,no_policy,14.7477,8,0,
0.06,0.25,3,q4_revenue_by_region,post_join_filter,2.014,4,1,
0.06,0.25,3,q4_revenue_by_region,view_barrier,5.9486,4,1,
0.06,0.25,3,q4_revenue_by_region,oblivious_forced,2.002,4,1,
0.06,0.25,3,q4_revenue_by_region,predicate_injection,2.4862,4,1,
0.06,0.25,3,q4_revenue_by_region,pcqv_no_stats,2.0534,4,1,
0.06,0.25,3,q4_revenue_by_region,pcqv_forced,1.9117,4,1,
0.06,0.25,3,q4_revenue_by_region,pcqv,1.6195,4,1,
0.06,0.25,3,q4_revenue_by_region,oracle_order,1.736,4,1,
0.06,0.25,3,q5_high_value_segments,no_policy,4.295,5,0,
0.06,0.25,3,q5_high_value_segments,post_join_filter,2.6477,5,1,
0.06,0.25,3,q5_high_value_segments,view_barrier,0.8406,5,1,
0.06,0.25,3,q5_high_value_segments,oblivious_forced,1.899,5,1,
0.06,0.25,3,q5_high_value_segments,predicate_injection,2.419,5,1,
0.06,0.25,3,q5_high_value_segments,pcqv_no_stats,0.5247,5,1,
0.06,0.25,3,q5_high_value_segments,pcqv_forced,0.5348,5,1,
0.06,0.25,3,q5_high_value_segments,pcqv,1.9223,5,1,
0.06,0.25,3,q5_high_value_segments,oracle_order,0.57,5,1,
0.06,0.25,3,q6_lineitem_product_count,no_policy,11.1898,8,0,
0.06,0.25,3,q6_lineitem_product_count,post_join_filter,2.7289,8,1,
0.06,0.25,3,q6_lineitem_product_count,view_barrier,8.0746,8,1,
0.06,0.25,3,q6_lineitem_product_count,oblivious_forced,3.3035,8,1,
0.06,0.25,3,q6_lineitem_product_count,predicate_injection,1.8852,8,1,
0.06,0.25,3,q6_lineitem_product_count,pcqv_no_stats,1.7178,8,1,
0.06,0.25,3,q6_lineitem_product_count,pcqv_forced,1.7941,8,1,
0.06,0.25,3,q6_lineitem_product_count,pcqv,1.8859,8,1,
0.06,0.25,3,q6_lineitem_product_count,oracle_order,2.192,8,1,
0.06,0.25,3,q7_customer_summary,no_policy,1.2797,198,0,
0.06,0.25,3,q7_customer_summary,post_join_filter,0.7613,19,1,
0.06,0.25,3,q7_customer_summary,view_barrier,0.9742,19,1,
0.06,0.25,3,q7_customer_summary,oblivious_forced,0.5431,19,1,
0.06,0.25,3,q7_customer_summary,predicate_injection,0.2435,19,1,
0.06,0.25,3,q7_customer_summary,pcqv_no_stats,0.2768,19,1,
0.06,0.25,3,q7_customer_summary,pcqv_forced,0.2149,19,1,
0.06,0.25,3,q7_customer_summary,pcqv,0.2614,19,1,
0.06,0.25,3,q7_customer_summary,oracle_order,0.2509,19,1,
0.06,0.25,3,q8_sensitive_product_scan,no_policy,1.4644,43,0,
0.06,0.25,3,q8_sensitive_product_scan,post_join_filter,2.9203,18,1,
0.06,0.25,3,q8_sensitive_product_scan,view_barrier,6.1003,18,1,
0.06,0.25,3,q8_sensitive_product_scan,oblivious_forced,3.3521,18,1,
0.06,0.25,3,q8_sensitive_product_scan,predicate_injection,0.981,18,1,
0.06,0.25,3,q8_sensitive_product_scan,pcqv_no_stats,1.0052,18,1,
0.06,0.25,3,q8_sensitive_product_scan,pcqv_forced,0.95,18,1,
0.06,0.25,3,q8_sensitive_product_scan,pcqv,0.9653,18,1,
0.06,0.25,3,q8_sensitive_product_scan,oracle_order,1.0081,18,1,
0.06,0.25,3,q9_ticket_topic_segments,no_policy,4.0331,25,0,
0.06,0.25,3,q9_ticket_topic_segments,post_join_filter,0.687,25,1,
0.06,0.25,3,q9_ticket_topic_segments,view_barrier,1.5024,25,1,
0.06,0.25,3,q9_ticket_topic_segments,oblivious_forced,0.8709,25,1,
0.06,0.25,3,q9_ticket_topic_segments,predicate_injection,0.5548,25,1,
0.06,0.25,3,q9_ticket_topic_segments,pcqv_no_stats,0.7162,25,1,
0.06,0.25,3,q9_ticket_topic_segments,pcqv_forced,0.8045,25,1,
0.06,0.25,3,q9_ticket_topic_segments,pcqv,0.6521,25,1,
0.06,0.25,3,q9_ticket_topic_segments,oracle_order,0.7664,25,1,
0.06,0.25,3,q10_acl_customer_rows,no_policy,0.4177,300,0,
0.06,0.25,3,q10_acl_customer_rows,post_join_filter,0.4144,70,1,
0.06,0.25,3,q10_acl_customer_rows,view_barrier,0.6007,70,1,
0.06,0.25,3,q10_acl_customer_rows,oblivious_forced,0.4983,70,1,
0.06,0.25,3,q10_acl_customer_rows,predicate_injection,0.2471,70,1,
0.06,0.25,3,q10_acl_customer_rows,pcqv_no_stats,0.2137,70,1,
0.06,0.25,3,q10_acl_customer_rows,pcqv_forced,0.1806,70,1,
0.06,0.25,3,q10_acl_customer_rows,pcqv,0.1701,70,1,
0.06,0.25,3,q10_acl_customer_rows,oracle_order,0.172,70,1,
0.06,0.25,3,q11_order_ticket_bridge,no_policy,9.2277,40,0,
0.06,0.25,3,q11_order_ticket_bridge,post_join_filter,1.5265,18,1,
0.06,0.25,3,q11_order_ticket_bridge,view_barrier,1.4974,18,1,
0.06,0.25,3,q11_order_ticket_bridge,oblivious_forced,1.4602,18,1,
0.06,0.25,3,q11_order_ticket_bridge,predicate_injection,0.6728,18,1,
0.06,0.25,3,q11_order_ticket_bridge,pcqv_no_stats,1.0373,18,1,
0.06,0.25,3,q11_order_ticket_bridge,pcqv_forced,1.7826,18,1,
0.06,0.25,3,q11_order_ticket_bridge,pcqv,0.8306,18,1,
0.06,0.25,3,q11_order_ticket_bridge,oracle_order,1.1117,18,1,
0.06,0.25,3,q12_product_segment_revenue,no_policy,21.5691,27,0,
0.06,0.25,3,q12_product_segment_revenue,post_join_filter,1.6188,26,1,
0.06,0.25,3,q12_product_segment_revenue,view_barrier,7.3816,26,1,
0.06,0.25,3,q12_product_segment_revenue,oblivious_forced,1.5836,26,1,
0.06,0.25,3,q12_product_segment_revenue,predicate_injection,3.1968,26,1,
0.06,0.25,3,q12_product_segment_revenue,pcqv_no_stats,2.0505,26,1,
0.06,0.25,3,q12_product_segment_revenue,pcqv_forced,1.8515,26,1,
0.06,0.25,3,q12_product_segment_revenue,pcqv,2.9438,26,1,
0.06,0.25,3,q12_product_segment_revenue,oracle_order,1.4525,26,1,
0.06,0.25,3,q13_order_lineitem_rows,no_policy,0.7942,300,0,
0.06,0.25,3,q13_order_lineitem_rows,post_join_filter,1.7252,300,1,
0.06,0.25,3,q13_order_lineitem_rows,view_barrier,7.4061,300,1,
0.06,0.25,3,q13_order_lineitem_rows,oblivious_forced,2.2826,300,1,
0.06,0.25,3,q13_order_lineitem_rows,predicate_injection,1.9949,300,1,
0.06,0.25,3,q13_order_lineitem_rows,pcqv_no_stats,1.8969,300,1,
0.06,0.25,3,q13_order_lineitem_rows,pcqv_forced,2.0001,300,1,
0.06,0.25,3,q13_order_lineitem_rows,pcqv,1.7901,300,1,
0.06,0.25,3,q13_order_lineitem_rows,oracle_order,1.9393,300,1,
0.06,0.25,3,q14_support_owner_rows,no_policy,0.6216,300,0,
0.06,0.25,3,q14_support_owner_rows,post_join_filter,0.8013,163,1,
0.06,0.25,3,q14_support_owner_rows,view_barrier,1.0911,163,1,
0.06,0.25,3,q14_support_owner_rows,oblivious_forced,0.6985,163,1,
0.06,0.25,3,q14_support_owner_rows,predicate_injection,0.6254,163,1,
0.06,0.25,3,q14_support_owner_rows,pcqv_no_stats,0.8078,163,1,
0.06,0.25,3,q14_support_owner_rows,pcqv_forced,0.6117,163,1,
0.06,0.25,3,q14_support_owner_rows,pcqv,0.6301,163,1,
0.06,0.25,3,q14_support_owner_rows,oracle_order,0.8002,163,1,
0.06,0.25,3,q15_clearance_product_rows,no_policy,3.4979,102,0,
0.06,0.25,3,q15_clearance_product_rows,post_join_filter,0.4124,17,1,
0.06,0.25,3,q15_clearance_product_rows,view_barrier,5.1622,17,1,
0.06,0.25,3,q15_clearance_product_rows,oblivious_forced,0.4051,17,1,
0.06,0.25,3,q15_clearance_product_rows,predicate_injection,0.4925,17,1,
0.06,0.25,3,q15_clearance_product_rows,pcqv_no_stats,0.4431,17,1,
0.06,0.25,3,q15_clearance_product_rows,pcqv_forced,0.4699,17,1,
0.06,0.25,3,q15_clearance_product_rows,pcqv,0.4461,17,1,
0.06,0.25,3,q15_clearance_product_rows,oracle_order,0.4264,17,1,
0.06,0.25,3,q16_region_product_mix,no_policy,21.4556,72,0,
0.06,0.25,3,q16_region_product_mix,post_join_filter,1.8396,35,1,
0.06,0.25,3,q16_region_product_mix,view_barrier,7.3948,35,1,
0.06,0.25,3,q16_region_product_mix,oblivious_forced,1.9658,35,1,
0.06,0.25,3,q16_region_product_mix,predicate_injection,1.6935,35,1,
0.06,0.25,3,q16_region_product_mix,pcqv_no_stats,1.8413,35,1,
0.06,0.25,3,q16_region_product_mix,pcqv_forced,1.8635,35,1,
0.06,0.25,3,q16_region_product_mix,pcqv,1.6748,35,1,
0.06,0.25,3,q16_region_product_mix,oracle_order,1.748,35,1,
0.06,0.25,4,q1_customer_orders,no_policy,2.9469,250,0,
0.06,0.25,4,q1_customer_orders,post_join_filter,1.6289,85,1,
0.06,0.25,4,q1_customer_orders,view_barrier,5.9357,85,1,
0.06,0.25,4,q1_customer_orders,oblivious_forced,2.5089,85,1,
0.06,0.25,4,q1_customer_orders,predicate_injection,0.8213,85,1,
0.06,0.25,4,q1_customer_orders,pcqv_no_stats,0.6697,85,1,
0.06,0.25,4,q1_customer_orders,pcqv_forced,1.0665,85,1,
0.06,0.25,4,q1_customer_orders,pcqv,1.0937,85,1,
0.06,0.25,4,q1_customer_orders,oracle_order,1.0148,85,1,
0.06,0.25,4,q2_revenue_by_product,no_policy,3.6184,16,0,
0.06,0.25,4,q2_revenue_by_product,post_join_filter,3.3526,6,1,
0.06,0.25,4,q2_revenue_by_product,view_barrier,8.838,6,1,
0.06,0.25,4,q2_revenue_by_product,oblivious_forced,3.5935,6,1,
0.06,0.25,4,q2_revenue_by_product,predicate_injection,1.2102,6,1,
0.06,0.25,4,q2_revenue_by_product,pcqv_no_stats,1.118,6,1,
0.06,0.25,4,q2_revenue_by_product,pcqv_forced,1.0896,6,1,
0.06,0.25,4,q2_revenue_by_product,pcqv,1.1015,6,1,
0.06,0.25,4,q2_revenue_by_product,oracle_order,1.6326,6,1,
0.06,0.25,4,q3_support_tickets,no_policy,1.7871,250,0,
0.06,0.25,4,q3_support_tickets,post_join_filter,0.5096,63,1,
0.06,0.25,4,q3_support_tickets,view_barrier,0.86,63,1,
0.06,0.25,4,q3_support_tickets,oblivious_forced,0.2762,63,1,
0.06,0.25,4,q3_support_tickets,predicate_injection,0.2761,63,1,
0.06,0.25,4,q3_support_tickets,pcqv_no_stats,0.3777,63,1,
0.06,0.25,4,q3_support_tickets,pcqv_forced,0.6915,63,1,
0.06,0.25,4,q3_support_tickets,pcqv,0.4036,63,1,
0.06,0.25,4,q3_support_tickets,oracle_order,0.4391,63,1,
0.06,0.25,4,q4_revenue_by_region,no_policy,14.7477,8,0,
0.06,0.25,4,q4_revenue_by_region,post_join_filter,2.984,4,1,
0.06,0.25,4,q4_revenue_by_region,view_barrier,10.0407,4,1,
0.06,0.25,4,q4_revenue_by_region,oblivious_forced,4.1913,4,1,
0.06,0.25,4,q4_revenue_by_region,predicate_injection,2.2101,4,1,
0.06,0.25,4,q4_revenue_by_region,pcqv_no_stats,1.9541,4,1,
0.06,0.25,4,q4_revenue_by_region,pcqv_forced,2.4658,4,1,
0.06,0.25,4,q4_revenue_by_region,pcqv,2.2483,4,1,
0.06,0.25,4,q4_revenue_by_region,oracle_order,2.8308,4,1,
0.06,0.25,4,q5_high_value_segments,no_policy,4.295,5,0,
0.06,0.25,4,q5_high_value_segments,post_join_filter,1.8658,5,1,
0.06,0.25,4,q5_high_value_segments,view_barrier,0.8929,5,1,
0.06,0.25,4,q5_high_value_segments,oblivious_forced,2.126,5,1,
0.06,0.25,4,q5_high_value_segments,predicate_injection,2.3054,5,1,
0.06,0.25,4,q5_high_value_segments,pcqv_no_stats,0.7036,5,1,
0.06,0.25,4,q5_high_value_segments,pcqv_forced,0.5975,5,1,
0.06,0.25,4,q5_high_value_segments,pcqv,2.0775,5,1,
0.06,0.25,4,q5_high_value_segments,oracle_order,1.8747,5,1,
0.06,0.25,4,q6_lineitem_product_count,no_policy,11.1898,8,0,
0.06,0.25,4,q6_lineitem_product_count,post_join_filter,3.2162,8,1,
0.06,0.25,4,q6_lineitem_product_count,view_barrier,7.0209,8,1,
0.06,0.25,4,q6_lineitem_product_count,oblivious_forced,4.3721,8,1,
0.06,0.25,4,q6_lineitem_product_count,predicate_injection,1.9046,8,1,
0.06,0.25,4,q6_lineitem_product_count,pcqv_no_stats,2.023,8,1,
0.06,0.25,4,q6_lineitem_product_count,pcqv_forced,1.9977,8,1,
0.06,0.25,4,q6_lineitem_product_count,pcqv,1.9686,8,1,
0.06,0.25,4,q6_lineitem_product_count,oracle_order,2.1696,8,1,
0.06,0.25,4,q7_customer_summary,no_policy,1.2797,198,0,
0.06,0.25,4,q7_customer_summary,post_join_filter,0.5247,19,1,
0.06,0.25,4,q7_customer_summary,view_barrier,0.8463,19,1,
0.06,0.25,4,q7_customer_summary,oblivious_forced,0.5209,19,1,
0.06,0.25,4,q7_customer_summary,predicate_injection,0.3503,19,1,
0.06,0.25,4,q7_customer_summary,pcqv_no_stats,0.3242,19,1,
0.06,0.25,4,q7_customer_summary,pcqv_forced,0.4152,19,1,
0.06,0.25,4,q7_customer_summary,pcqv,0.3935,19,1,
0.06,0.25,4,q7_customer_summary,oracle_order,0.3966,19,1,
0.06,0.25,4,q8_sensitive_product_scan,no_policy,1.4644,43,0,
0.06,0.25,4,q8_sensitive_product_scan,post_join_filter,4.0161,18,1,
0.06,0.25,4,q8_sensitive_product_scan,view_barrier,8.2722,18,1,
0.06,0.25,4,q8_sensitive_product_scan,oblivious_forced,3.9191,18,1,
0.06,0.25,4,q8_sensitive_product_scan,predicate_injection,2.0912,18,1,
0.06,0.25,4,q8_sensitive_product_scan,pcqv_no_stats,1.9641,18,1,
0.06,0.25,4,q8_sensitive_product_scan,pcqv_forced,2.7432,18,1,
0.06,0.25,4,q8_sensitive_product_scan,pcqv,1.8392,18,1,
0.06,0.25,4,q8_sensitive_product_scan,oracle_order,2.0167,18,1,
0.06,0.25,4,q9_ticket_topic_segments,no_policy,4.0331,25,0,
0.06,0.25,4,q9_ticket_topic_segments,post_join_filter,0.819,25,1,
0.06,0.25,4,q9_ticket_topic_segments,view_barrier,1.1798,25,1,
0.06,0.25,4,q9_ticket_topic_segments,oblivious_forced,0.7366,25,1,
0.06,0.25,4,q9_ticket_topic_segments,predicate_injection,0.5758,25,1,
0.06,0.25,4,q9_ticket_topic_segments,pcqv_no_stats,0.5341,25,1,
0.06,0.25,4,q9_ticket_topic_segments,pcqv_forced,0.5417,25,1,
0.06,0.25,4,q9_ticket_topic_segments,pcqv,0.6187,25,1,
0.06,0.25,4,q9_ticket_topic_segments,oracle_order,0.5208,25,1,
0.06,0.25,4,q10_acl_customer_rows,no_policy,0.4177,300,0,
0.06,0.25,4,q10_acl_customer_rows,post_join_filter,0.1798,70,1,
0.06,0.25,4,q10_acl_customer_rows,view_barrier,0.2797,70,1,
0.06,0.25,4,q10_acl_customer_rows,oblivious_forced,0.3382,70,1,
0.06,0.25,4,q10_acl_customer_rows,predicate_injection,0.2096,70,1,
0.06,0.25,4,q10_acl_customer_rows,pcqv_no_stats,0.2239,70,1,
0.06,0.25,4,q10_acl_customer_rows,pcqv_forced,0.1675,70,1,
0.06,0.25,4,q10_acl_customer_rows,pcqv,0.2217,70,1,
0.06,0.25,4,q10_acl_customer_rows,oracle_order,0.1629,70,1,
0.06,0.25,4,q11_order_ticket_bridge,no_policy,9.2277,40,0,
0.06,0.25,4,q11_order_ticket_bridge,post_join_filter,0.9003,18,1,
0.06,0.25,4,q11_order_ticket_bridge,view_barrier,1.7579,18,1,
0.06,0.25,4,q11_order_ticket_bridge,oblivious_forced,1.7,18,1,
0.06,0.25,4,q11_order_ticket_bridge,predicate_injection,0.7631,18,1,
0.06,0.25,4,q11_order_ticket_bridge,pcqv_no_stats,1.031,18,1,
0.06,0.25,4,q11_order_ticket_bridge,pcqv_forced,1.7881,18,1,
0.06,0.25,4,q11_order_ticket_bridge,pcqv,0.8095,18,1,
0.06,0.25,4,q11_order_ticket_bridge,oracle_order,1.7328,18,1,
0.06,0.25,4,q12_product_segment_revenue,no_policy,21.5691,27,0,
0.06,0.25,4,q12_product_segment_revenue,post_join_filter,1.708,26,1,
0.06,0.25,4,q12_product_segment_revenue,view_barrier,8.6124,26,1,
0.06,0.25,4,q12_product_segment_revenue,oblivious_forced,1.5487,26,1,
0.06,0.25,4,q12_product_segment_revenue,predicate_injection,1.4669,26,1,
0.06,0.25,4,q12_product_segment_revenue,pcqv_no_stats,2.0535,26,1,
0.06,0.25,4,q12_product_segment_revenue,pcqv_forced,1.6906,26,1,
0.06,0.25,4,q12_product_segment_revenue,pcqv,1.7311,26,1,
0.06,0.25,4,q12_product_segment_revenue,oracle_order,1.736,26,1,
0.06,0.25,4,q13_order_lineitem_rows,no_policy,0.7942,300,0,
0.06,0.25,4,q13_order_lineitem_rows,post_join_filter,1.4589,203,1,
0.06,0.25,4,q13_order_lineitem_rows,view_barrier,8.7785,203,1,
0.06,0.25,4,q13_order_lineitem_rows,oblivious_forced,1.385,203,1,
0.06,0.25,4,q13_order_lineitem_rows,predicate_injection,1.4027,203,1,
0.06,0.25,4,q13_order_lineitem_rows,pcqv_no_stats,1.3489,203,1,
0.06,0.25,4,q13_order_lineitem_rows,pcqv_forced,1.2863,203,1,
0.06,0.25,4,q13_order_lineitem_rows,pcqv,1.3849,203,1,
0.06,0.25,4,q13_order_lineitem_rows,oracle_order,1.2652,203,1,
0.06,0.25,4,q14_support_owner_rows,no_policy,0.6216,300,0,
0.06,0.25,4,q14_support_owner_rows,post_join_filter,0.9846,163,1,
0.06,0.25,4,q14_support_owner_rows,view_barrier,1.9085,163,1,
0.06,0.25,4,q14_support_owner_rows,oblivious_forced,1.1227,163,1,
0.06,0.25,4,q14_support_owner_rows,predicate_injection,0.5647,163,1,
0.06,0.25,4,q14_support_owner_rows,pcqv_no_stats,0.584,163,1,
0.06,0.25,4,q14_support_owner_rows,pcqv_forced,0.6682,163,1,
0.06,0.25,4,q14_support_owner_rows,pcqv,0.5492,163,1,
0.06,0.25,4,q14_support_owner_rows,oracle_order,0.6136,163,1,
0.06,0.25,4,q15_clearance_product_rows,no_policy,3.4979,102,0,
0.06,0.25,4,q15_clearance_product_rows,post_join_filter,1.4519,17,1,
0.06,0.25,4,q15_clearance_product_rows,view_barrier,6.2502,17,1,
0.06,0.25,4,q15_clearance_product_rows,oblivious_forced,0.9056,17,1,
0.06,0.25,4,q15_clearance_product_rows,predicate_injection,0.6785,17,1,
0.06,0.25,4,q15_clearance_product_rows,pcqv_no_stats,0.6831,17,1,
0.06,0.25,4,q15_clearance_product_rows,pcqv_forced,1.0621,17,1,
0.06,0.25,4,q15_clearance_product_rows,pcqv,0.728,17,1,
0.06,0.25,4,q15_clearance_product_rows,oracle_order,0.7227,17,1,
0.06,0.25,4,q16_region_product_mix,no_policy,21.4556,72,0,
0.06,0.25,4,q16_region_product_mix,post_join_filter,2.0111,35,1,
0.06,0.25,4,q16_region_product_mix,view_barrier,7.5197,35,1,
0.06,0.25,4,q16_region_product_mix,oblivious_forced,2.3841,35,1,
0.06,0.25,4,q16_region_product_mix,predicate_injection,2.0283,35,1,
0.06,0.25,4,q16_region_product_mix,pcqv_no_stats,2.2386,35,1,
0.06,0.25,4,q16_region_product_mix,pcqv_forced,2.0336,35,1,
0.06,0.25,4,q16_region_product_mix,pcqv,1.8162,35,1,
0.06,0.25,4,q16_region_product_mix,oracle_order,2.045,35,1,
0.06,0.25,5,q1_customer_orders,no_policy,2.9469,250,0,
0.06,0.25,5,q1_customer_orders,post_join_filter,1.7457,85,1,
0.06,0.25,5,q1_customer_orders,view_barrier,6.9583,85,1,
0.06,0.25,5,q1_customer_orders,oblivious_forced,2.9148,85,1,
0.06,0.25,5,q1_customer_orders,predicate_injection,0.8755,85,1,
0.06,0.25,5,q1_customer_orders,pcqv_no_stats,0.7261,85,1,
0.06,0.25,5,q1_customer_orders,pcqv_forced,0.8998,85,1,
0.06,0.25,5,q1_customer_orders,pcqv,0.9118,85,1,
0.06,0.25,5,q1_customer_orders,oracle_order,1.026,85,1,
0.06,0.25,5,q2_revenue_by_product,no_policy,3.6184,16,0,
0.06,0.25,5,q2_revenue_by_product,post_join_filter,2.729,6,1,
0.06,0.25,5,q2_revenue_by_product,view_barrier,7.3167,6,1,
0.06,0.25,5,q2_revenue_by_product,oblivious_forced,3.513,6,1,
0.06,0.25,5,q2_revenue_by_product,predicate_injection,1.2104,6,1,
0.06,0.25,5,q2_revenue_by_product,pcqv_no_stats,1.1206,6,1,
0.06,0.25,5,q2_revenue_by_product,pcqv_forced,1.0176,6,1,
0.06,0.25,5,q2_revenue_by_product,pcqv,1.0189,6,1,
0.06,0.25,5,q2_revenue_by_product,oracle_order,1.4196,6,1,
0.06,0.25,5,q3_support_tickets,no_policy,1.7871,250,0,
0.06,0.25,5,q3_support_tickets,post_join_filter,0.348,63,1,
0.06,0.25,5,q3_support_tickets,view_barrier,1.3845,63,1,
0.06,0.25,5,q3_support_tickets,oblivious_forced,0.3439,63,1,
0.06,0.25,5,q3_support_tickets,predicate_injection,0.2854,63,1,
0.06,0.25,5,q3_support_tickets,pcqv_no_stats,0.3078,63,1,
0.06,0.25,5,q3_support_tickets,pcqv_forced,0.5309,63,1,
0.06,0.25,5,q3_support_tickets,pcqv,0.3157,63,1,
0.06,0.25,5,q3_support_tickets,oracle_order,0.4631,63,1,
0.06,0.25,5,q4_revenue_by_region,no_policy,14.7477,8,0,
0.06,0.25,5,q4_revenue_by_region,post_join_filter,4.3638,4,1,
0.06,0.25,5,q4_revenue_by_region,view_barrier,7.3319,4,1,
0.06,0.25,5,q4_revenue_by_region,oblivious_forced,3.599,4,1,
0.06,0.25,5,q4_revenue_by_region,predicate_injection,2.2044,4,1,
0.06,0.25,5,q4_revenue_by_region,pcqv_no_stats,2.0659,4,1,
0.06,0.25,5,q4_revenue_by_region,pcqv_forced,2.1137,4,1,
0.06,0.25,5,q4_revenue_by_region,pcqv,1.9386,4,1,
0.06,0.25,5,q4_revenue_by_region,oracle_order,3.2326,4,1,
0.06,0.25,5,q5_high_value_segments,no_policy,4.295,5,0,
0.06,0.25,5,q5_high_value_segments,post_join_filter,2.1121,5,1,
0.06,0.25,5,q5_high_value_segments,view_barrier,1.4416,5,1,
0.06,0.25,5,q5_high_value_segments,oblivious_forced,2.0768,5,1,
0.06,0.25,5,q5_high_value_segments,predicate_injection,2.0568,5,1,
0.06,0.25,5,q5_high_value_segments,pcqv_no_stats,0.7415,5,1,
0.06,0.25,5,q5_high_value_segments,pcqv_forced,1.948,5,1,
0.06,0.25,5,q5_high_value_segments,pcqv,2.4774,5,1,
0.06,0.25,5,q5_high_value_segments,oracle_order,2.2189,5,1,
0.06,0.25,5,q6_lineitem_product_count,no_policy,11.1898,8,0,
0.06,0.25,5,q6_lineitem_product_count,post_join_filter,3.4332,8,1,
0.06,0.25,5,q6_lineitem_product_count,view_barrier,7.3761,8,1,
0.06,0.25,5,q6_lineitem_product_count,oblivious_forced,4.1828,8,1,
0.06,0.25,5,q6_lineitem_product_count,predicate_injection,2.8919,8,1,
0.06,0.25,5,q6_lineitem_product_count,pcqv_no_stats,2.0842,8,1,
0.06,0.25,5,q6_lineitem_product_count,pcqv_forced,1.9713,8,1,
0.06,0.25,5,q6_lineitem_product_count,pcqv,1.9011,8,1,
0.06,0.25,5,q6_lineitem_product_count,oracle_order,2.059,8,1,
0.06,0.25,5,q7_customer_summary,no_policy,1.2797,198,0,
0.06,0.25,5,q7_customer_summary,post_join_filter,0.5524,19,1,
0.06,0.25,5,q7_customer_summary,view_barrier,1.0555,19,1,
0.06,0.25,5,q7_customer_summary,oblivious_forced,0.8017,19,1,
0.06,0.25,5,q7_customer_summary,predicate_injection,0.3038,19,1,
0.06,0.25,5,q7_customer_summary,pcqv_no_stats,0.3023,19,1,
0.06,0.25,5,q7_customer_summary,pcqv_forced,0.3251,19,1,
0.06,0.25,5,q7_customer_summary,pcqv,0.311,19,1,
0.06,0.25,5,q7_customer_summary,oracle_order,0.3036,19,1,
0.06,0.25,5,q8_sensitive_product_scan,no_policy,1.4644,43,0,
0.06,0.25,5,q8_sensitive_product_scan,post_join_filter,4.0034,18,1,
0.06,0.25,5,q8_sensitive_product_scan,view_barrier,7.7561,18,1,
0.06,0.25,5,q8_sensitive_product_scan,oblivious_forced,3.8366,18,1,
0.06,0.25,5,q8_sensitive_product_scan,predicate_injection,1.9684,18,1,
0.06,0.25,5,q8_sensitive_product_scan,pcqv_no_stats,1.9728,18,1,
0.06,0.25,5,q8_sensitive_product_scan,pcqv_forced,1.9453,18,1,
0.06,0.25,5,q8_sensitive_product_scan,pcqv,3.0479,18,1,
0.06,0.25,5,q8_sensitive_product_scan,oracle_order,2.1821,18,1,
0.06,0.25,5,q9_ticket_topic_segments,no_policy,4.0331,25,0,
0.06,0.25,5,q9_ticket_topic_segments,post_join_filter,0.8087,25,1,
0.06,0.25,5,q9_ticket_topic_segments,view_barrier,1.3478,25,1,
0.06,0.25,5,q9_ticket_topic_segments,oblivious_forced,0.8031,25,1,
0.06,0.25,5,q9_ticket_topic_segments,predicate_injection,0.6415,25,1,
0.06,0.25,5,q9_ticket_topic_segments,pcqv_no_stats,0.6921,25,1,
0.06,0.25,5,q9_ticket_topic_segments,pcqv_forced,0.5944,25,1,
0.06,0.25,5,q9_ticket_topic_segments,pcqv,0.614,25,1,
0.06,0.25,5,q9_ticket_topic_segments,oracle_order,0.6116,25,1,
0.06,0.25,5,q10_acl_customer_rows,no_policy,0.4177,300,0,
0.06,0.25,5,q10_acl_customer_rows,post_join_filter,0.2421,70,1,
0.06,0.25,5,q10_acl_customer_rows,view_barrier,0.4054,70,1,
0.06,0.25,5,q10_acl_customer_rows,oblivious_forced,0.3301,70,1,
0.06,0.25,5,q10_acl_customer_rows,predicate_injection,0.3687,70,1,
0.06,0.25,5,q10_acl_customer_rows,pcqv_no_stats,0.3612,70,1,
0.06,0.25,5,q10_acl_customer_rows,pcqv_forced,0.7246,70,1,
0.06,0.25,5,q10_acl_customer_rows,pcqv,0.233,70,1,
0.06,0.25,5,q10_acl_customer_rows,oracle_order,0.2759,70,1,
0.06,0.25,5,q11_order_ticket_bridge,no_policy,9.2277,40,0,
0.06,0.25,5,q11_order_ticket_bridge,post_join_filter,0.7848,18,1,
0.06,0.25,5,q11_order_ticket_bridge,view_barrier,1.6199,18,1,
0.06,0.25,5,q11_order_ticket_bridge,oblivious_forced,1.5343,18,1,
0.06,0.25,5,q11_order_ticket_bridge,predicate_injection,0.8642,18,1,
0.06,0.25,5,q11_order_ticket_bridge,pcqv_no_stats,0.9219,18,1,
0.06,0.25,5,q11_order_ticket_bridge,pcqv_forced,1.5685,18,1,
0.06,0.25,5,q11_order_ticket_bridge,pcqv,0.8417,18,1,
0.06,0.25,5,q11_order_ticket_bridge,oracle_order,1.8076,18,1,
0.06,0.25,5,q12_product_segment_revenue,no_policy,21.5691,27,0,
0.06,0.25,5,q12_product_segment_revenue,post_join_filter,1.6466,26,1,
0.06,0.25,5,q12_product_segment_revenue,view_barrier,8.328,26,1,
0.06,0.25,5,q12_product_segment_revenue,oblivious_forced,1.695,26,1,
0.06,0.25,5,q12_product_segment_revenue,predicate_injection,3.5715,26,1,
0.06,0.25,5,q12_product_segment_revenue,pcqv_no_stats,1.7929,26,1,
0.06,0.25,5,q12_product_segment_revenue,pcqv_forced,2.2354,26,1,
0.06,0.25,5,q12_product_segment_revenue,pcqv,4.16,26,1,
0.06,0.25,5,q12_product_segment_revenue,oracle_order,2.1793,26,1,
0.06,0.25,5,q13_order_lineitem_rows,no_policy,0.7942,300,0,
0.06,0.25,5,q13_order_lineitem_rows,post_join_filter,1.3854,203,1,
0.06,0.25,5,q13_order_lineitem_rows,view_barrier,6.8215,203,1,
0.06,0.25,5,q13_order_lineitem_rows,oblivious_forced,1.6646,203,1,
0.06,0.25,5,q13_order_lineitem_rows,predicate_injection,1.1804,203,1,
0.06,0.25,5,q13_order_lineitem_rows,pcqv_no_stats,1.2614,203,1,
0.06,0.25,5,q13_order_lineitem_rows,pcqv_forced,1.6924,203,1,
0.06,0.25,5,q13_order_lineitem_rows,pcqv,1.4667,203,1,
0.06,0.25,5,q13_order_lineitem_rows,oracle_order,1.2948,203,1,
0.06,0.25,5,q14_support_owner_rows,no_policy,0.6216,300,0,
0.06,0.25,5,q14_support_owner_rows,post_join_filter,0.7584,169,1,
0.06,0.25,5,q14_support_owner_rows,view_barrier,1.2142,169,1,
0.06,0.25,5,q14_support_owner_rows,oblivious_forced,0.7986,169,1,
0.06,0.25,5,q14_support_owner_rows,predicate_injection,0.7673,169,1,
0.06,0.25,5,q14_support_owner_rows,pcqv_no_stats,0.8425,169,1,
0.06,0.25,5,q14_support_owner_rows,pcqv_forced,0.7633,169,1,
0.06,0.25,5,q14_support_owner_rows,pcqv,0.9486,169,1,
0.06,0.25,5,q14_support_owner_rows,oracle_order,0.6995,169,1,
0.06,0.25,5,q15_clearance_product_rows,no_policy,3.4979,102,0,
0.06,0.25,5,q15_clearance_product_rows,post_join_filter,0.7268,17,1,
0.06,0.25,5,q15_clearance_product_rows,view_barrier,6.1299,17,1,
0.06,0.25,5,q15_clearance_product_rows,oblivious_forced,0.8072,17,1,
0.06,0.25,5,q15_clearance_product_rows,predicate_injection,0.9361,17,1,
0.06,0.25,5,q15_clearance_product_rows,pcqv_no_stats,0.8603,17,1,
0.06,0.25,5,q15_clearance_product_rows,pcqv_forced,0.863,17,1,
0.06,0.25,5,q15_clearance_product_rows,pcqv,0.6745,17,1,
0.06,0.25,5,q15_clearance_product_rows,oracle_order,0.631,17,1,
0.06,0.25,5,q16_region_product_mix,no_policy,21.4556,72,0,
0.06,0.25,5,q16_region_product_mix,post_join_filter,1.764,35,1,
0.06,0.25,5,q16_region_product_mix,view_barrier,6.7556,35,1,
0.06,0.25,5,q16_region_product_mix,oblivious_forced,1.8024,35,1,
0.06,0.25,5,q16_region_product_mix,predicate_injection,2.219,35,1,
0.06,0.25,5,q16_region_product_mix,pcqv_no_stats,2.2756,35,1,
0.06,0.25,5,q16_region_product_mix,pcqv_forced,2.135,35,1,
0.06,0.25,5,q16_region_product_mix,pcqv,2.3501,35,1,
0.06,0.25,5,q16_region_product_mix,oracle_order,1.9244,35,1,
0.06,0.25,6,q1_customer_orders,no_policy,2.9469,250,0,
0.06,0.25,6,q1_customer_orders,post_join_filter,1.5726,85,1,
0.06,0.25,6,q1_customer_orders,view_barrier,7.0188,85,1,
0.06,0.25,6,q1_customer_orders,oblivious_forced,2.8549,85,1,
0.06,0.25,6,q1_customer_orders,predicate_injection,0.9286,85,1,
0.06,0.25,6,q1_customer_orders,pcqv_no_stats,0.8856,85,1,
0.06,0.25,6,q1_customer_orders,pcqv_forced,1.028,85,1,
0.06,0.25,6,q1_customer_orders,pcqv,0.9626,85,1,
0.06,0.25,6,q1_customer_orders,oracle_order,1.1046,85,1,
0.06,0.25,6,q2_revenue_by_product,no_policy,3.6184,16,0,
0.06,0.25,6,q2_revenue_by_product,post_join_filter,2.2157,1,1,
0.06,0.25,6,q2_revenue_by_product,view_barrier,7.0811,1,1,
0.06,0.25,6,q2_revenue_by_product,oblivious_forced,3.9949,1,1,
0.06,0.25,6,q2_revenue_by_product,predicate_injection,1.0268,1,1,
0.06,0.25,6,q2_revenue_by_product,pcqv_no_stats,1.1107,1,1,
0.06,0.25,6,q2_revenue_by_product,pcqv_forced,1.2126,1,1,
0.06,0.25,6,q2_revenue_by_product,pcqv,1.1769,1,1,
0.06,0.25,6,q2_revenue_by_product,oracle_order,1.3301,1,1,
0.06,0.25,6,q3_support_tickets,no_policy,1.7871,250,0,
0.06,0.25,6,q3_support_tickets,post_join_filter,0.3262,63,1,
0.06,0.25,6,q3_support_tickets,view_barrier,1.0335,63,1,
0.06,0.25,6,q3_support_tickets,oblivious_forced,0.291,63,1,
0.06,0.25,6,q3_support_tickets,predicate_injection,0.4864,63,1,
0.06,0.25,6,q3_support_tickets,pcqv_no_stats,0.3949,63,1,
0.06,0.25,6,q3_support_tickets,pcqv_forced,0.5898,63,1,
0.06,0.25,6,q3_support_tickets,pcqv,0.3219,63,1,
0.06,0.25,6,q3_support_tickets,oracle_order,0.281,63,1,
0.06,0.25,6,q4_revenue_by_region,no_policy,14.7477,8,0,
0.06,0.25,6,q4_revenue_by_region,post_join_filter,2.5069,4,1,
0.06,0.25,6,q4_revenue_by_region,view_barrier,8.1134,4,1,
0.06,0.25,6,q4_revenue_by_region,oblivious_forced,3.7403,4,1,
0.06,0.25,6,q4_revenue_by_region,predicate_injection,2.4217,4,1,
0.06,0.25,6,q4_revenue_by_region,pcqv_no_stats,1.9992,4,1,
0.06,0.25,6,q4_revenue_by_region,pcqv_forced,2.1653,4,1,
0.06,0.25,6,q4_revenue_by_region,pcqv,2.1862,4,1,
0.06,0.25,6,q4_revenue_by_region,oracle_order,2.0952,4,1,
0.06,0.25,6,q5_high_value_segments,no_policy,4.295,5,0,
0.06,0.25,6,q5_high_value_segments,post_join_filter,1.9694,5,1,
0.06,0.25,6,q5_high_value_segments,view_barrier,0.9939,5,1,
0.06,0.25,6,q5_high_value_segments,oblivious_forced,2.317,5,1,
0.06,0.25,6,q5_high_value_segments,predicate_injection,2.1373,5,1,
0.06,0.25,6,q5_high_value_segments,pcqv_no_stats,0.8112,5,1,
0.06,0.25,6,q5_high_value_segments,pcqv_forced,2.4081,5,1,
0.06,0.25,6,q5_high_value_segments,pcqv,2.6915,5,1,
0.06,0.25,6,q5_high_value_segments,oracle_order,2.0986,5,1,
0.06,0.25,6,q6_lineitem_product_count,no_policy,11.1898,8,0,
0.06,0.25,6,q6_lineitem_product_count,post_join_filter,3.254,8,1,
0.06,0.25,6,q6_lineitem_product_count,view_barrier,7.3939,8,1,
0.06,0.25,6,q6_lineitem_product_count,oblivious_forced,3.9603,8,1,
0.06,0.25,6,q6_lineitem_product_count,predicate_injection,2.8388,8,1,
0.06,0.25,6,q6_lineitem_product_count,pcqv_no_stats,1.8207,8,1,
0.06,0.25,6,q6_lineitem_product_count,pcqv_forced,1.8215,8,1,
0.06,0.25,6,q6_lineitem_product_count,pcqv,2.3214,8,1,
0.06,0.25,6,q6_lineitem_product_count,oracle_order,2.1408,8,1,
0.06,0.25,6,q7_customer_summary,no_policy,1.2797,198,0,
0.06,0.25,6,q7_customer_summary,post_join_filter,0.5818,0,1,
0.06,0.25,6,q7_customer_summary,view_barrier,1.0615,0,1,
0.06,0.25,6,q7_customer_summary,oblivious_forced,0.6183,0,1,
0.06,0.25,6,q7_customer_summary,predicate_injection,0.4174,0,1,
0.06,0.25,6,q7_customer_summary,pcqv_no_stats,0.3431,0,1,
0.06,0.25,6,q7_customer_summary,pcqv_forced,0.3418,0,1,
0.06,0.25,6,q7_customer_summary,pcqv,0.3994,0,1,
0.06,0.25,6,q7_customer_summary,oracle_order,0.3411,0,1,
0.06,0.25,6,q8_sensitive_product_scan,no_policy,1.4644,43,0,
0.06,0.25,6,q8_sensitive_product_scan,post_join_filter,4.3986,18,1,
0.06,0.25,6,q8_sensitive_product_scan,view_barrier,6.2978,18,1,
0.06,0.25,6,q8_sensitive_product_scan,oblivious_forced,4.2464,18,1,
0.06,0.25,6,q8_sensitive_product_scan,predicate_injection,1.8132,18,1,
0.06,0.25,6,q8_sensitive_product_scan,pcqv_no_stats,1.9311,18,1,
0.06,0.25,6,q8_sensitive_product_scan,pcqv_forced,2.1384,18,1,
0.06,0.25,6,q8_sensitive_product_scan,pcqv,2.5485,18,1,
0.06,0.25,6,q8_sensitive_product_scan,oracle_order,2.0086,18,1,
0.06,0.25,6,q9_ticket_topic_segments,no_policy,4.0331,25,0,
0.06,0.25,6,q9_ticket_topic_segments,post_join_filter,0.7589,11,1,
0.06,0.25,6,q9_ticket_topic_segments,view_barrier,1.5102,11,1,
0.06,0.25,6,q9_ticket_topic_segments,oblivious_forced,0.8503,11,1,
0.06,0.25,6,q9_ticket_topic_segments,predicate_injection,0.7666,11,1,
0.06,0.25,6,q9_ticket_topic_segments,pcqv_no_stats,0.7504,11,1,
0.06,0.25,6,q9_ticket_topic_segments,pcqv_forced,0.6403,11,1,
0.06,0.25,6,q9_ticket_topic_segments,pcqv,0.9037,11,1,
0.06,0.25,6,q9_ticket_topic_segments,oracle_order,0.7633,11,1,
0.06,0.25,6,q10_acl_customer_rows,no_policy,0.4177,300,0,
0.06,0.25,6,q10_acl_customer_rows,post_join_filter,0.3421,70,1,
0.06,0.25,6,q10_acl_customer_rows,view_barrier,0.4863,70,1,
0.06,0.25,6,q10_acl_customer_rows,oblivious_forced,0.2337,70,1,
0.06,0.25,6,q10_acl_customer_rows,predicate_injection,0.2637,70,1,
0.06,0.25,6,q10_acl_customer_rows,pcqv_no_stats,0.3529,70,1,
0.06,0.25,6,q10_acl_customer_rows,pcqv_forced,0.3149,70,1,
0.06,0.25,6,q10_acl_customer_rows,pcqv,0.2914,70,1,
0.06,0.25,6,q10_acl_customer_rows,oracle_order,0.2565,70,1,
0.06,0.25,6,q11_order_ticket_bridge,no_policy,9.2277,40,0,
0.06,0.25,6,q11_order_ticket_bridge,post_join_filter,0.978,2,1,
0.06,0.25,6,q11_order_ticket_bridge,view_barrier,1.8831,2,1,
0.06,0.25,6,q11_order_ticket_bridge,oblivious_forced,1.8217,2,1,
0.06,0.25,6,q11_order_ticket_bridge,predicate_injection,0.7522,2,1,
0.06,0.25,6,q11_order_ticket_bridge,pcqv_no_stats,0.8419,2,1,
0.06,0.25,6,q11_order_ticket_bridge,pcqv_forced,1.4906,2,1,
0.06,0.25,6,q11_order_ticket_bridge,pcqv,0.7909,2,1,
0.06,0.25,6,q11_order_ticket_bridge,oracle_order,1.4591,2,1,
0.06,0.25,6,q12_product_segment_revenue,no_policy,21.5691,27,0,
0.06,0.25,6,q12_product_segment_revenue,post_join_filter,1.4017,6,1,
0.06,0.25,6,q12_product_segment_revenue,view_barrier,8.2786,6,1,
0.06,0.25,6,q12_product_segment_revenue,oblivious_forced,1.6435,6,1,
0.06,0.25,6,q12_product_segment_revenue,predicate_injection,3.3069,6,1,
0.06,0.25,6,q12_product_segment_revenue,pcqv_no_stats,1.7777,6,1,
0.06,0.25,6,q12_product_segment_revenue,pcqv_forced,1.7053,6,1,
0.06,0.25,6,q12_product_segment_revenue,pcqv,3.5632,6,1,
0.06,0.25,6,q12_product_segment_revenue,oracle_order,1.8562,6,1,
0.06,0.25,6,q13_order_lineitem_rows,no_policy,0.7942,300,0,
0.06,0.25,6,q13_order_lineitem_rows,post_join_filter,1.262,203,1,
0.06,0.25,6,q13_order_lineitem_rows,view_barrier,6.8887,203,1,
0.06,0.25,6,q13_order_lineitem_rows,oblivious_forced,1.6646,203,1,
0.06,0.25,6,q13_order_lineitem_rows,predicate_injection,1.3923,203,1,
0.06,0.25,6,q13_order_lineitem_rows,pcqv_no_stats,1.3339,203,1,
0.06,0.25,6,q13_order_lineitem_rows,pcqv_forced,1.2132,203,1,
0.06,0.25,6,q13_order_lineitem_rows,pcqv,1.1414,203,1,
0.06,0.25,6,q13_order_lineitem_rows,oracle_order,1.3293,203,1,
0.06,0.25,6,q14_support_owner_rows,no_policy,0.6216,300,0,
0.06,0.25,6,q14_support_owner_rows,post_join_filter,0.9507,169,1,
0.06,0.25,6,q14_support_owner_rows,view_barrier,1.7548,169,1,
0.06,0.25,6,q14_support_owner_rows,oblivious_forced,1.2691,169,1,
0.06,0.25,6,q14_support_owner_rows,predicate_injection,0.8005,169,1,
0.06,0.25,6,q14_support_owner_rows,pcqv_no_stats,0.8456,169,1,
0.06,0.25,6,q14_support_owner_rows,pcqv_forced,0.8942,169,1,
0.06,0.25,6,q14_support_owner_rows,pcqv,0.7471,169,1,
0.06,0.25,6,q14_support_owner_rows,oracle_order,1.2111,169,1,
0.06,0.25,6,q15_clearance_product_rows,no_policy,3.4979,102,0,
0.06,0.25,6,q15_clearance_product_rows,post_join_filter,0.7997,17,1,
0.06,0.25,6,q15_clearance_product_rows,view_barrier,6.201,17,1,
0.06,0.25,6,q15_clearance_product_rows,oblivious_forced,0.6683,17,1,
0.06,0.25,6,q15_clearance_product_rows,predicate_injection,0.869,17,1,
0.06,0.25,6,q15_clearance_product_rows,pcqv_no_stats,0.7374,17,1,
0.06,0.25,6,q15_clearance_product_rows,pcqv_forced,0.6682,17,1,
0.06,0.25,6,q15_clearance_product_rows,pcqv,0.7238,17,1,
0.06,0.25,6,q15_clearance_product_rows,oracle_order,0.9154,17,1,
0.06,0.25,6,q16_region_product_mix,no_policy,21.4556,72,0,
0.06,0.25,6,q16_region_product_mix,post_join_filter,2.1728,6,1,
0.06,0.25,6,q16_region_product_mix,view_barrier,8.0772,6,1,
0.06,0.25,6,q16_region_product_mix,oblivious_forced,2.1547,6,1,
0.06,0.25,6,q16_region_product_mix,predicate_injection,2.5166,6,1,
0.06,0.25,6,q16_region_product_mix,pcqv_no_stats,2.0884,6,1,
0.06,0.25,6,q16_region_product_mix,pcqv_forced,1.9349,6,1,
0.06,0.25,6,q16_region_product_mix,pcqv,1.8893,6,1,
0.06,0.25,6,q16_region_product_mix,oracle_order,1.7953,6,1,
0.06,0.5,1,q1_customer_orders,no_policy,2.9469,250,0,
0.06,0.5,1,q1_customer_orders,post_join_filter,2.8116,250,1,
0.06,0.5,1,q1_customer_orders,view_barrier,15.2337,250,1,
0.06,0.5,1,q1_customer_orders,oblivious_forced,3.0885,250,1,
0.06,0.5,1,q1_customer_orders,predicate_injection,1.5493,250,1,
0.06,0.5,1,q1_customer_orders,pcqv_no_stats,5.512,250,1,
0.06,0.5,1,q1_customer_orders,pcqv_forced,6.6819,250,1,
0.06,0.5,1,q1_customer_orders,pcqv,5.3143,250,1,
0.06,0.5,1,q1_customer_orders,oracle_order,5.9425,250,1,
0.06,0.5,1,q2_revenue_by_product,no_policy,3.6184,16,0,
0.06,0.5,1,q2_revenue_by_product,post_join_filter,8.2499,15,1,
0.06,0.5,1,q2_revenue_by_product,view_barrier,20.3417,15,1,
0.06,0.5,1,q2_revenue_by_product,oblivious_forced,8.3562,15,1,
0.06,0.5,1,q2_revenue_by_product,predicate_injection,2.3055,15,1,
0.06,0.5,1,q2_revenue_by_product,pcqv_no_stats,2.1008,15,1,
0.06,0.5,1,q2_revenue_by_product,pcqv_forced,2.5956,15,1,
0.06,0.5,1,q2_revenue_by_product,pcqv,2.1935,15,1,
0.06,0.5,1,q2_revenue_by_product,oracle_order,2.2907,15,1,
0.06,0.5,1,q3_support_tickets,no_policy,1.7871,250,0,
0.06,0.5,1,q3_support_tickets,post_join_filter,1.0482,250,1,
0.06,0.5,1,q3_support_tickets,view_barrier,2.5874,250,1,
0.06,0.5,1,q3_support_tickets,oblivious_forced,0.9211,250,1,
0.06,0.5,1,q3_support_tickets,predicate_injection,0.8713,250,1,
0.06,0.5,1,q3_support_tickets,pcqv_no_stats,0.9392,250,1,
0.06,0.5,1,q3_support_tickets,pcqv_forced,0.846,250,1,
0.06,0.5,1,q3_support_tickets,pcqv,1.008,250,1,
0.06,0.5,1,q3_support_tickets,oracle_order,0.9745,250,1,
0.06,0.5,1,q4_revenue_by_region,no_policy,14.7477,8,0,
0.06,0.5,1,q4_revenue_by_region,post_join_filter,12.899,8,1,
0.06,0.5,1,q4_revenue_by_region,view_barrier,26.0143,8,1,
0.06,0.5,1,q4_revenue_by_region,oblivious_forced,13.781,8,1,
0.06,0.5,1,q4_revenue_by_region,predicate_injection,34.4654,8,1,
0.06,0.5,1,q4_revenue_by_region,pcqv_no_stats,33.6928,8,1,
0.06,0.5,1,q4_revenue_by_region,pcqv_forced,31.3644,8,1,
0.06,0.5,1,q4_revenue_by_region,pcqv,33.631,8,1,
0.06,0.5,1,q4_revenue_by_region,oracle_order,33.9811,8,1,
0.06,0.5,1,q5_high_value_segments,no_policy,4.295,5,0,
0.06,0.5,1,q5_high_value_segments,post_join_filter,4.0408,5,1,
0.06,0.5,1,q5_high_value_segments,view_barrier,5.9984,5,1,
0.06,0.5,1,q5_high_value_segments,oblivious_forced,3.9471,5,1,
0.06,0.5,1,q5_high_value_segments,predicate_injection,3.4667,5,1,
0.06,0.5,1,q5_high_value_segments,pcqv_no_stats,2.9529,5,1,
0.06,0.5,1,q5_high_value_segments,pcqv_forced,3.0398,5,1,
0.06,0.5,1,q5_high_value_segments,pcqv,3.2527,5,1,
0.06,0.5,1,q5_high_value_segments,oracle_order,2.5958,5,1,
0.06,0.5,1,q6_lineitem_product_count,no_policy,11.1898,8,0,
0.06,0.5,1,q6_lineitem_product_count,post_join_filter,8.5939,8,1,
0.06,0.5,1,q6_lineitem_product_count,view_barrier,19.7311,8,1,
0.06,0.5,1,q6_lineitem_product_count,oblivious_forced,10.6736,8,1,
0.06,0.5,1,q6_lineitem_product_count,predicate_injection,9.1075,8,1,
0.06,0.5,1,q6_lineitem_product_count,pcqv_no_stats,31.0818,8,1,
0.06,0.5,1,q6_lineitem_product_count,pcqv_forced,33.7193,8,1,
0.06,0.5,1,q6_lineitem_product_count,pcqv,9.8082,8,1,
0.06,0.5,1,q6_lineitem_product_count,oracle_order,30.0476,8,1,
0.06,0.5,1,q7_customer_summary,no_policy,1.2797,198,0,
0.06,0.5,1,q7_customer_summary,post_join_filter,2.1945,108,1,
0.06,0.5,1,q7_customer_summary,view_barrier,6.2621,108,1,
0.06,0.5,1,q7_customer_summary,oblivious_forced,2.3316,108,1,
0.06,0.5,1,q7_customer_summary,predicate_injection,1.0696,108,1,
0.06,0.5,1,q7_customer_summary,pcqv_no_stats,0.9068,108,1,
0.06,0.5,1,q7_customer_summary,pcqv_forced,1.0596,108,1,
0.06,0.5,1,q7_customer_summary,pcqv,1.1282,108,1,
0.06,0.5,1,q7_customer_summary,oracle_order,1.1465,108,1,
0.06,0.5,1,q8_sensitive_product_scan,no_policy,1.4644,43,0,
0.06,0.5,1,q8_sensitive_product_scan,post_join_filter,8.255,39,1,
0.06,0.5,1,q8_sensitive_product_scan,view_barrier,12.4834,39,1,
0.06,0.5,1,q8_sensitive_product_scan,oblivious_forced,7.9449,39,1,
0.06,0.5,1,q8_sensitive_product_scan,predicate_injection,3.3231,39,1,
0.06,0.5,1,q8_sensitive_product_scan,pcqv_no_stats,3.1272,39,1,
0.06,0.5,1,q8_sensitive_product_scan,pcqv_forced,3.3187,39,1,
0.06,0.5,1,q8_sensitive_product_scan,pcqv,3.5403,39,1,
0.06,0.5,1,q8_sensitive_product_scan,oracle_order,3.2478,39,1,
0.06,0.5,1,q9_ticket_topic_segments,no_policy,4.0331,25,0,
0.06,0.5,1,q9_ticket_topic_segments,post_join_filter,1.8989,25,1,
0.06,0.5,1,q9_ticket_topic_segments,view_barrier,3.8827,25,1,
0.06,0.5,1,q9_ticket_topic_segments,oblivious_forced,1.8466,25,1,
0.06,0.5,1,q9_ticket_topic_segments,predicate_injection,3.0191,25,1,
0.06,0.5,1,q9_ticket_topic_segments,pcqv_no_stats,2.1248,25,1,
0.06,0.5,1,q9_ticket_topic_segments,pcqv_forced,2.1265,25,1,
0.06,0.5,1,q9_ticket_topic_segments,pcqv,2.0682,25,1,
0.06,0.5,1,q9_ticket_topic_segments,oracle_order,2.1005,25,1,
0.06,0.5,1,q10_acl_customer_rows,no_policy,0.4177,300,0,
0.06,0.5,1,q10_acl_customer_rows,post_join_filter,0.6196,265,1,
0.06,0.5,1,q10_acl_customer_rows,view_barrier,1.0228,265,1,
0.06,0.5,1,q10_acl_customer_rows,oblivious_forced,0.6218,265,1,
0.06,0.5,1,q10_acl_customer_rows,predicate_injection,0.6095,265,1,
0.06,0.5,1,q10_acl_customer_rows,pcqv_no_stats,0.559,265,1,
0.06,0.5,1,q10_acl_customer_rows,pcqv_forced,0.5807,265,1,
0.06,0.5,1,q10_acl_customer_rows,pcqv,0.5706,265,1,
0.06,0.5,1,q10_acl_customer_rows,oracle_order,0.5901,265,1,
0.06,0.5,1,q11_order_ticket_bridge,no_policy,9.2277,40,0,
0.06,0.5,1,q11_order_ticket_bridge,post_join_filter,6.2683,40,1,
0.06,0.5,1,q11_order_ticket_bridge,view_barrier,8.9941,40,1,
0.06,0.5,1,q11_order_ticket_bridge,oblivious_forced,5.5062,40,1,
0.06,0.5,1,q11_order_ticket_bridge,predicate_injection,5.7331,40,1,
0.06,0.5,1,q11_order_ticket_bridge,pcqv_no_stats,4.6586,40,1,
0.06,0.5,1,q11_order_ticket_bridge,pcqv_forced,4.5647,40,1,
0.06,0.5,1,q11_order_ticket_bridge,pcqv,5.6832,40,1,
0.06,0.5,1,q11_order_ticket_bridge,oracle_order,4.4689,40,1,
0.06,0.5,1,q12_product_segment_revenue,no_policy,21.5691,27,0,
0.06,0.5,1,q12_product_segment_revenue,post_join_filter,22.8805,27,1,
0.06,0.5,1,q12_product_segment_revenue,view_barrier,23.9757,27,1,
0.06,0.5,1,q12_product_segment_revenue,oblivious_forced,20.5766,27,1,
0.06,0.5,1,q12_product_segment_revenue,predicate_injection,19.6464,27,1,
0.06,0.5,1,q12_product_segment_revenue,pcqv_no_stats,30.6162,27,1,
0.06,0.5,1,q12_product_segment_revenue,pcqv_forced,22.554,27,1,
0.06,0.5,1,q12_product_segment_revenue,pcqv,21.0396,27,1,
0.06,0.5,1,q12_product_segment_revenue,oracle_order,19.5721,27,1,
0.06,0.5,1,q13_order_lineitem_rows,no_policy,0.7942,300,0,
0.06,0.5,1,q13_order_lineitem_rows,post_join_filter,15.8372,300,1,
0.06,0.5,1,q13_order_lineitem_rows,view_barrier,15.0359,300,1,
0.06,0.5,1,q13_order_lineitem_rows,oblivious_forced,17.0289,300,1,
0.06,0.5,1,q13_order_lineitem_rows,predicate_injection,16.6754,300,1,
0.06,0.5,1,q13_order_lineitem_rows,pcqv_no_stats,17.4551,300,1,
0.06,0.5,1,q13_order_lineitem_rows,pcqv_forced,16.0005,300,1,
0.06,0.5,1,q13_order_lineitem_rows,pcqv,15.7265,300,1,
0.06,0.5,1,q13_order_lineitem_rows,oracle_order,16.7046,300,1,
0.06,0.5,1,q14_support_owner_rows,no_policy,0.6216,300,0,
0.06,0.5,1,q14_support_owner_rows,post_join_filter,2.2028,300,1,
0.06,0.5,1,q14_support_owner_rows,view_barrier,4.5561,300,1,
0.06,0.5,1,q14_support_owner_rows,oblivious_forced,2.0423,300,1,
0.06,0.5,1,q14_support_owner_rows,predicate_injection,2.1788,300,1,
0.06,0.5,1,q14_support_owner_rows,pcqv_no_stats,2.1686,300,1,
0.06,0.5,1,q14_support_owner_rows,pcqv_forced,2.4486,300,1,
0.06,0.5,1,q14_support_owner_rows,pcqv,2.2114,300,1,
0.06,0.5,1,q14_support_owner_rows,oracle_order,2.1603,300,1,
0.06,0.5,1,q15_clearance_product_rows,no_policy,3.4979,102,0,
0.06,0.5,1,q15_clearance_product_rows,post_join_filter,1.5997,48,1,
0.06,0.5,1,q15_clearance_product_rows,view_barrier,11.355,48,1,
0.06,0.5,1,q15_clearance_product_rows,oblivious_forced,1.5149,48,1,
0.06,0.5,1,q15_clearance_product_rows,predicate_injection,1.4785,48,1,
0.06,0.5,1,q15_clearance_product_rows,pcqv_no_stats,1.3335,48,1,
0.06,0.5,1,q15_clearance_product_rows,pcqv_forced,1.6166,48,1,
0.06,0.5,1,q15_clearance_product_rows,pcqv,1.4564,48,1,
0.06,0.5,1,q15_clearance_product_rows,oracle_order,1.4969,48,1,
0.06,0.5,1,q16_region_product_mix,no_policy,21.4556,72,0,
0.06,0.5,1,q16_region_product_mix,post_join_filter,28.8661,72,1,
0.06,0.5,1,q16_region_product_mix,view_barrier,23.267,72,1,
0.06,0.5,1,q16_region_product_mix,oblivious_forced,25.8697,72,1,
0.06,0.5,1,q16_region_product_mix,predicate_injection,11.4859,72,1,
0.06,0.5,1,q16_region_product_mix,pcqv_no_stats,30.7062,72,1,
0.06,0.5,1,q16_region_product_mix,pcqv_forced,25.8658,72,1,
0.06,0.5,1,q16_region_product_mix,pcqv,13.38,72,1,
0.06,0.5,1,q16_region_product_mix,oracle_order,27.3312,72,1,
0.06,0.5,2,q1_customer_orders,no_policy,2.9469,250,0,
0.06,0.5,2,q1_customer_orders,post_join_filter,3.5786,250,1,
0.06,0.5,2,q1_customer_orders,view_barrier,13.8092,250,1,
0.06,0.5,2,q1_customer_orders,oblivious_forced,3.2843,250,1,
0.06,0.5,2,q1_customer_orders,predicate_injection,4.2913,250,1,
0.06,0.5,2,q1_customer_orders,pcqv_no_stats,4.1506,250,1,
0.06,0.5,2,q1_customer_orders,pcqv_forced,4.1068,250,1,
0.06,0.5,2,q1_customer_orders,pcqv,3.6936,250,1,
0.06,0.5,2,q1_customer_orders,oracle_order,3.8622,250,1,
0.06,0.5,2,q2_revenue_by_product,no_policy,3.6184,16,0,
0.06,0.5,2,q2_revenue_by_product,post_join_filter,5.2412,15,1,
0.06,0.5,2,q2_revenue_by_product,view_barrier,16.5702,15,1,
0.06,0.5,2,q2_revenue_by_product,oblivious_forced,5.7652,15,1,
0.06,0.5,2,q2_revenue_by_product,predicate_injection,2.2829,15,1,
0.06,0.5,2,q2_revenue_by_product,pcqv_no_stats,2.3359,15,1,
0.06,0.5,2,q2_revenue_by_product,pcqv_forced,2.1857,15,1,
0.06,0.5,2,q2_revenue_by_product,pcqv,2.1891,15,1,
0.06,0.5,2,q2_revenue_by_product,oracle_order,2.2873,15,1,
0.06,0.5,2,q3_support_tickets,no_policy,1.7871,250,0,
0.06,0.5,2,q3_support_tickets,post_join_filter,1.1379,224,1,
0.06,0.5,2,q3_support_tickets,view_barrier,2.7912,224,1,
0.06,0.5,2,q3_support_tickets,oblivious_forced,0.7354,224,1,
0.06,0.5,2,q3_support_tickets,predicate_injection,0.9933,224,1,
0.06,0.5,2,q3_support_tickets,pcqv_no_stats,1.0806,224,1,
0.06,0.5,2,q3_support_tickets,pcqv_forced,1.1383,224,1,
0.06,0.5,2,q3_support_tickets,pcqv,0.7028,224,1,
0.06,0.5,2,q3_support_tickets,oracle_order,0.7737,224,1,
0.06,0.5,2,q4_revenue_by_region,no_policy,14.7477,8,0,
0.06,0.5,2,q4_revenue_by_region,post_join_filter,9.6626,6,1,
0.06,0.5,2,q4_revenue_by_region,view_barrier,18.5117,6,1,
0.06,0.5,2,q4_revenue_by_region,oblivious_forced,9.4926,6,1,
0.06,0.5,2,q4_revenue_by_region,predicate_injection,17.9718,6,1,
0.06,0.5,2,q4_revenue_by_region,pcqv_no_stats,17.5601,6,1,
0.06,0.5,2,q4_revenue_by_region,pcqv_forced,18.3056,6,1,
0.06,0.5,2,q4_revenue_by_region,pcqv,18.0485,6,1,
0.06,0.5,2,q4_revenue_by_region,oracle_order,19.7346,6,1,
0.06,0.5,2,q5_high_value_segments,no_policy,4.295,5,0,
0.06,0.5,2,q5_high_value_segments,post_join_filter,3.4592,5,1,
0.06,0.5,2,q5_high_value_segments,view_barrier,4.6668,5,1,
0.06,0.5,2,q5_high_value_segments,oblivious_forced,3.251,5,1,
0.06,0.5,2,q5_high_value_segments,predicate_injection,5.0974,5,1,
0.06,0.5,2,q5_high_value_segments,pcqv_no_stats,1.9602,5,1,
0.06,0.5,2,q5_high_value_segments,pcqv_forced,2.2612,5,1,
0.06,0.5,2,q5_high_value_segments,pcqv,3.7608,5,1,
0.06,0.5,2,q5_high_value_segments,oracle_order,1.9113,5,1,
0.06,0.5,2,q6_lineitem_product_count,no_policy,11.1898,8,0,
0.06,0.5,2,q6_lineitem_product_count,post_join_filter,9.104,8,1,
0.06,0.5,2,q6_lineitem_product_count,view_barrier,17.4739,8,1,
0.06,0.5,2,q6_lineitem_product_count,oblivious_forced,8.3647,8,1,
0.06,0.5,2,q6_lineitem_product_count,predicate_injection,18.6847,8,1,
0.06,0.5,2,q6_lineitem_product_count,pcqv_no_stats,20.2775,8,1,
0.06,0.5,2,q6_lineitem_product_count,pcqv_forced,20.203,8,1,
0.06,0.5,2,q6_lineitem_product_count,pcqv,20.5537,8,1,
0.06,0.5,2,q6_lineitem_product_count,oracle_order,18.6062,8,1,
0.06,0.5,2,q7_customer_summary,no_policy,1.2797,198,0,
0.06,0.5,2,q7_customer_summary,post_join_filter,1.5673,74,1,
0.06,0.5,2,q7_customer_summary,view_barrier,5.7614,74,1,
0.06,0.5,2,q7_customer_summary,oblivious_forced,2.0066,74,1,
0.06,0.5,2,q7_customer_summary,predicate_injection,0.9067,74,1,
0.06,0.5,2,q7_customer_summary,pcqv_no_stats,0.9903,74,1,
0.06,0.5,2,q7_customer_summary,pcqv_forced,0.9319,74,1,
0.06,0.5,2,q7_customer_summary,pcqv,0.7969,74,1,
0.06,0.5,2,q7_customer_summary,oracle_order,1.1681,74,1,
0.06,0.5,2,q8_sensitive_product_scan,no_policy,1.4644,43,0,
0.06,0.5,2,q8_sensitive_product_scan,post_join_filter,7.5578,38,1,
0.06,0.5,2,q8_sensitive_product_scan,view_barrier,11.7194,38,1,
0.06,0.5,2,q8_sensitive_product_scan,oblivious_forced,8.4445,38,1,
0.06,0.5,2,q8_sensitive_product_scan,predicate_injection,3.0389,38,1,
0.06,0.5,2,q8_sensitive_product_scan,pcqv_no_stats,3.4629,38,1,
0.06,0.5,2,q8_sensitive_product_scan,pcqv_forced,3.2869,38,1,
0.06,0.5,2,q8_sensitive_product_scan,pcqv,3.1596,38,1,
0.06,0.5,2,q8_sensitive_product_scan,oracle_order,3.1072,38,1,
0.06,0.5,2,q9_ticket_topic_segments,no_policy,4.0331,25,0,
0.06,0.5,2,q9_ticket_topic_segments,post_join_filter,1.898,25,1,
0.06,0.5,2,q9_ticket_topic_segments,view_barrier,3.6338,25,1,
0.06,0.5,2,q9_ticket_topic_segments,oblivious_forced,2.192,25,1,
0.06,0.5,2,q9_ticket_topic_segments,predicate_injection,1.844,25,1,
0.06,0.5,2,q9_ticket_topic_segments,pcqv_no_stats,1.4786,25,1,
0.06,0.5,2,q9_ticket_topic_segments,pcqv_forced,1.3677,25,1,
0.06,0.5,2,q9_ticket_topic_segments,pcqv,1.5653,25,1,
0.06,0.5,2,q9_ticket_topic_segments,oracle_order,1.5142,25,1,
0.06,0.5,2,q10_acl_customer_rows,no_policy,0.4177,300,0,
0.06,0.5,2,q10_acl_customer_rows,post_join_filter,0.8149,179,1,
0.06,0.5,2,q10_acl_customer_rows,view_barrier,1.0165,179,1,
0.06,0.5,2,q10_acl_customer_rows,oblivious_forced,0.6267,179,1,
0.06,0.5,2,q10_acl_customer_rows,predicate_injection,0.4389,179,1,
0.06,0.5,2,q10_acl_customer_rows,pcqv_no_stats,0.4528,179,1,
0.06,0.5,2,q10_acl_customer_rows,pcqv_forced,0.5271,179,1,
0.06,0.5,2,q10_acl_customer_rows,pcqv,0.5539,179,1,
0.06,0.5,2,q10_acl_customer_rows,oracle_order,0.4386,179,1,
0.06,0.5,2,q11_order_ticket_bridge,no_policy,9.2277,40,0,
0.06,0.5,2,q11_order_ticket_bridge,post_join_filter,4.4063,30,1,
0.06,0.5,2,q11_order_ticket_bridge,view_barrier,7.4949,30,1,
0.06,0.5,2,q11_order_ticket_bridge,oblivious_forced,4.5126,30,1,
0.06,0.5,2,q11_order_ticket_bridge,predicate_injection,3.2479,30,1,
0.06,0.5,2,q11_order_ticket_bridge,pcqv_no_stats,3.5154,30,1,
0.06,0.5,2,q11_order_ticket_bridge,pcqv_forced,3.2265,30,1,
0.06,0.5,2,q11_order_ticket_bridge,pcqv,3.1896,30,1,
0.06,0.5,2,q11_order_ticket_bridge,oracle_order,3.2416,30,1,
0.06,0.5,2,q12_product_segment_revenue,no_policy,21.5691,27,0,
0.06,0.5,2,q12_product_segment_revenue,post_join_filter,13.121,27,1,
0.06,0.5,2,q12_product_segment_revenue,view_barrier,19.7096,27,1,
0.06,0.5,2,q12_product_segment_revenue,oblivious_forced,14.7397,27,1,
0.06,0.5,2,q12_product_segment_revenue,predicate_injection,12.3187,27,1,
0.06,0.5,2,q12_product_segment_revenue,pcqv_no_stats,13.1822,27,1,
0.06,0.5,2,q12_product_segment_revenue,pcqv_forced,12.8304,27,1,
0.06,0.5,2,q12_product_segment_revenue,pcqv,11.806,27,1,
0.06,0.5,2,q12_product_segment_revenue,oracle_order,13.0163,27,1,
0.06,0.5,2,q13_order_lineitem_rows,no_policy,0.7942,300,0,
0.06,0.5,2,q13_order_lineitem_rows,post_join_filter,15.7632,300,1,
0.06,0.5,2,q13_order_lineitem_rows,view_barrier,13.8934,300,1,
0.06,0.5,2,q13_order_lineitem_rows,oblivious_forced,16.0958,300,1,
0.06,0.5,2,q13_order_lineitem_rows,predicate_injection,17.1817,300,1,
0.06,0.5,2,q13_order_lineitem_rows,pcqv_no_stats,15.8251,300,1,
0.06,0.5,2,q13_order_lineitem_rows,pcqv_forced,16.8773,300,1,
0.06,0.5,2,q13_order_lineitem_rows,pcqv,15.3645,300,1,
0.06,0.5,2,q13_order_lineitem_rows,oracle_order,15.4563,300,1,
0.06,0.5,2,q14_support_owner_rows,no_policy,0.6216,300,0,
0.06,0.5,2,q14_support_owner_rows,post_join_filter,1.8364,300,1,
0.06,0.5,2,q14_support_owner_rows,view_barrier,3.3912,300,1,
0.06,0.5,2,q14_support_owner_rows,oblivious_forced,1.7461,300,1,
0.06,0.5,2,q14_support_owner_rows,predicate_injection,1.6827,300,1,
0.06,0.5,2,q14_support_owner_rows,pcqv_no_stats,2.0481,300,1,
0.06,0.5,2,q14_support_owner_rows,pcqv_forced,1.8431,300,1,
0.06,0.5,2,q14_support_owner_rows,pcqv,1.7636,300,1,
0.06,0.5,2,q14_support_owner_rows,oracle_order,1.6961,300,1,
0.06,0.5,2,q15_clearance_product_rows,no_policy,3.4979,102,0,
0.06,0.5,2,q15_clearance_product_rows,post_join_filter,1.2659,42,1,
0.06,0.5,2,q15_clearance_product_rows,view_barrier,12.0514,42,1,
0.06,0.5,2,q15_clearance_product_rows,oblivious_forced,1.3619,42,1,
0.06,0.5,2,q15_clearance_product_rows,predicate_injection,1.3258,42,1,
0.06,0.5,2,q15_clearance_product_rows,pcqv_no_stats,1.3854,42,1,
0.06,0.5,2,q15_clearance_product_rows,pcqv_forced,1.4124,42,1,
0.06,0.5,2,q15_clearance_product_rows,pcqv,1.2876,42,1,
0.06,0.5,2,q15_clearance_product_rows,oracle_order,1.2536,42,1,
0.06,0.5,2,q16_region_product_mix,no_policy,21.4556,72,0,
0.06,0.5,2,q16_region_product_mix,post_join_filter,16.4584,54,1,
0.06,0.5,2,q16_region_product_mix,view_barrier,24.0842,54,1,
0.06,0.5,2,q16_region_product_mix,oblivious_forced,23.8218,54,1,
0.06,0.5,2,q16_region_product_mix,predicate_injection,9.1097,54,1,
0.06,0.5,2,q16_region_product_mix,pcqv_no_stats,18.4416,54,1,
0.06,0.5,2,q16_region_product_mix,pcqv_forced,16.7971,54,1,
0.06,0.5,2,q16_region_product_mix,pcqv,9.5143,54,1,
0.06,0.5,2,q16_region_product_mix,oracle_order,18.6201,54,1,
0.06,0.5,3,q1_customer_orders,no_policy,2.9469,250,0,
0.06,0.5,3,q1_customer_orders,post_join_filter,1.9834,179,1,
0.06,0.5,3,q1_customer_orders,view_barrier,12.0945,179,1,
0.06,0.5,3,q1_customer_orders,oblivious_forced,2.3167,179,1,
0.06,0.5,3,q1_customer_orders,predicate_injection,1.7869,179,1,
0.06,0.5,3,q1_customer_orders,pcqv_no_stats,2.1304,179,1,
0.06,0.5,3,q1_customer_orders,pcqv_forced,1.7776,179,1,
0.06,0.5,3,q1_customer_orders,pcqv,1.7253,179,1,
0.06,0.5,3,q1_customer_orders,oracle_order,1.7285,179,1,
0.06,0.5,3,q2_revenue_by_product,no_policy,3.6184,16,0,
0.06,0.5,3,q2_revenue_by_product,post_join_filter,4.5099,13,1,
0.06,0.5,3,q2_revenue_by_product,view_barrier,14.0507,13,1,
0.06,0.5,3,q2_revenue_by_product,oblivious_forced,5.0114,13,1,
0.06,0.5,3,q2_revenue_by_product,predicate_injection,1.952,13,1,
0.06,0.5,3,q2_revenue_by_product,pcqv_no_stats,2.0173,13,1,
0.06,0.5,3,q2_revenue_by_product,pcqv_forced,2.1783,13,1,
0.06,0.5,3,q2_revenue_by_product,pcqv,2.0452,13,1,
0.06,0.5,3,q2_revenue_by_product,oracle_order,4.3647,13,1,
0.06,0.5,3,q3_support_tickets,no_policy,1.7871,250,0,
0.06,0.5,3,q3_support_tickets,post_join_filter,0.6096,177,1,
0.06,0.5,3,q3_support_tickets,view_barrier,1.8529,177,1,
0.06,0.5,3,q3_support_tickets,oblivious_forced,0.8682,177,1,
0.06,0.5,3,q3_support_tickets,predicate_injection,0.6937,177,1,
0.06,0.5,3,q3_support_tickets,pcqv_no_stats,0.7624,177,1,
0.06,0.5,3,q3_support_tickets,pcqv_forced,0.5777,177,1,
0.06,0.5,3,q3_support_tickets,pcqv,0.6192,177,1,
0.06,0.5,3,q3_support_tickets,oracle_order,0.7088,177,1,
0.06,0.5,3,q4_revenue_by_region,no_policy,14.7477,8,0,
0.06,0.5,3,q4_revenue_by_region,post_join_filter,3.9768,6,1,
0.06,0.5,3,q4_revenue_by_region,view_barrier,13.7684,6,1,
0.06,0.5,3,q4_revenue_by_region,oblivious_forced,4.2454,6,1,
0.06,0.5,3,q4_revenue_by_region,predicate_injection,7.4072,6,1,
0.06,0.5,3,q4_revenue_by_region,pcqv_no_stats,6.3806,6,1,
0.06,0.5,3,q4_revenue_by_region,pcqv_forced,6.9155,6,1,
0.06,0.5,3,q4_revenue_by_region,pcqv,6.8728,6,1,
0.06,0.5,3,q4_revenue_by_region,oracle_order,5.5801,6,1,
0.06,0.5,3,q5_high_value_segments,no_policy,4.295,5,0,
0.06,0.5,3,q5_high_value_segments,post_join_filter,2.6727,5,1,
0.06,0.5,3,q5_high_value_segments,view_barrier,2.2758,5,1,
0.06,0.5,3,q5_high_value_segments,oblivious_forced,2.5909,5,1,
0.06,0.5,3,q5_high_value_segments,predicate_injection,2.3442,5,1,
0.06,0.5,3,q5_high_value_segments,pcqv_no_stats,1.3674,5,1,
0.06,0.5,3,q5_high_value_segments,pcqv_forced,1.447,5,1,
0.06,0.5,3,q5_high_value_segments,pcqv,2.491,5,1,
0.06,0.5,3,q5_high_value_segments,oracle_order,2.2066,5,1,
0.06,0.5,3,q6_lineitem_product_count,no_policy,11.1898,8,0,
0.06,0.5,3,q6_lineitem_product_count,post_join_filter,6.0885,8,1,
0.06,0.5,3,q6_lineitem_product_count,view_barrier,13.3728,8,1,
0.06,0.5,3,q6_lineitem_product_count,oblivious_forced,6.6357,8,1,
0.06,0.5,3,q6_lineitem_product_count,predicate_injection,5.3159,8,1,
0.06,0.5,3,q6_lineitem_product_count,pcqv_no_stats,5.8099,8,1,
0.06,0.5,3,q6_lineitem_product_count,pcqv_forced,5.8338,8,1,
0.06,0.5,3,q6_lineitem_product_count,pcqv,6.369,8,1,
0.06,0.5,3,q6_lineitem_product_count,oracle_order,5.9039,8,1,
0.06,0.5,3,q7_customer_summary,no_policy,1.2797,198,0,
0.06,0.5,3,q7_customer_summary,post_join_filter,1.4376,46,1,
0.06,0.5,3,q7_customer_summary,view_barrier,2.2546,46,1,
0.06,0.5,3,q7_customer_summary,oblivious_forced,1.282,46,1,
0.06,0.5,3,q7_customer_summary,predicate_injection,0.6308,46,1,
0.06,0.5,3,q7_customer_summary,pcqv_no_stats,0.5946,46,1,
0.06,0.5,3,q7_customer_summary,pcqv_forced,0.6593,46,1,
0.06,0.5,3,q7_customer_summary,pcqv,0.677,46,1,
0.06,0.5,3,q7_customer_summary,oracle_order,0.6048,46,1,
0.06,0.5,3,q8_sensitive_product_scan,no_policy,1.4644,43,0,
0.06,0.5,3,q8_sensitive_product_scan,post_join_filter,7.5372,34,1,
0.06,0.5,3,q8_sensitive_product_scan,view_barrier,11.7718,34,1,
0.06,0.5,3,q8_sensitive_product_scan,oblivious_forced,7.2438,34,1,
0.06,0.5,3,q8_sensitive_product_scan,predicate_injection,2.7018,34,1,
0.06,0.5,3,q8_sensitive_product_scan,pcqv_no_stats,2.8758,34,1,
0.06,0.5,3,q8_sensitive_product_scan,pcqv_forced,2.6905,34,1,
0.06,0.5,3,q8_sensitive_product_scan,pcqv,3.0974,34,1,
0.06,0.5,3,q8_sensitive_product_scan,oracle_order,2.8265,34,1,
0.06,0.5,3,q9_ticket_topic_segments,no_policy,4.0331,25,0,
0.06,0.5,3,q9_ticket_topic_segments,post_join_filter,1.4193,25,1,
0.06,0.5,3,q9_ticket_topic_segments,view_barrier,2.5421,25,1,
0.06,0.5,3,q9_ticket_topic_segments,oblivious_forced,1.3257,25,1,
0.06,0.5,3,q9_ticket_topic_segments,predicate_injection,1.3087,25,1,
0.06,0.5,3,q9_ticket_topic_segments,pcqv_no_stats,1.2964,25,1,
0.06,0.5,3,q9_ticket_topic_segments,pcqv_forced,1.2768,25,1,
0.06,0.5,3,q9_ticket_topic_segments,pcqv,1.2643,25,1,
0.06,0.5,3,q9_ticket_topic_segments,oracle_order,1.6579,25,1,
0.06,0.5,3,q10_acl_customer_rows,no_policy,0.4177,300,0,
0.06,0.5,3,q10_acl_customer_rows,post_join_filter,0.6094,179,1,
0.06,0.5,3,q10_acl_customer_rows,view_barrier,0.8205,179,1,
0.06,0.5,3,q10_acl_customer_rows,oblivious_forced,0.5922,179,1,
0.06,0.5,3,q10_acl_customer_rows,predicate_injection,0.5653,179,1,
0.06,0.5,3,q10_acl_customer_rows,pcqv_no_stats,0.4967,179,1,
0.06,0.5,3,q10_acl_customer_rows,pcqv_forced,0.6489,179,1,
0.06,0.5,3,q10_acl_customer_rows,pcqv,1.7925,179,1,
0.06,0.5,3,q10_acl_customer_rows,oracle_order,0.501,179,1,
0.06,0.5,3,q11_order_ticket_bridge,no_policy,9.2277,40,0,
0.06,0.5,3,q11_order_ticket_bridge,post_join_filter,2.2461,30,1,
0.06,0.5,3,q11_order_ticket_bridge,view_barrier,3.5884,30,1,
0.06,0.5,3,q11_order_ticket_bridge,oblivious_forced,2.3247,30,1,
0.06,0.5,3,q11_order_ticket_bridge,predicate_injection,2.6058,30,1,
0.06,0.5,3,q11_order_ticket_bridge,pcqv_no_stats,2.0749,30,1,
0.06,0.5,3,q11_order_ticket_bridge,pcqv_forced,2.1494,30,1,
0.06,0.5,3,q11_order_ticket_bridge,pcqv,2.5135,30,1,
0.06,0.5,3,q11_order_ticket_bridge,oracle_order,2.3976,30,1,
0.06,0.5,3,q12_product_segment_revenue,no_policy,21.5691,27,0,
0.06,0.5,3,q12_product_segment_revenue,post_join_filter,4.3019,27,1,
0.06,0.5,3,q12_product_segment_revenue,view_barrier,14.5071,27,1,
0.06,0.5,3,q12_product_segment_revenue,oblivious_forced,4.4425,27,1,
0.06,0.5,3,q12_product_segment_revenue,predicate_injection,8.0661,27,1,
0.06,0.5,3,q12_product_segment_revenue,pcqv_no_stats,4.2947,27,1,
0.06,0.5,3,q12_product_segment_revenue,pcqv_forced,6.3698,27,1,
0.06,0.5,3,q12_product_segment_revenue,pcqv,7.2223,27,1,
0.06,0.5,3,q12_product_segment_revenue,oracle_order,4.2685,27,1,
0.06,0.5,3,q13_order_lineitem_rows,no_policy,0.7942,300,0,
0.06,0.5,3,q13_order_lineitem_rows,post_join_filter,7.3557,300,1,
0.06,0.5,3,q13_order_lineitem_rows,view_barrier,11.5764,300,1,
0.06,0.5,3,q13_order_lineitem_rows,oblivious_forced,4.3414,300,1,
0.06,0.5,3,q13_order_lineitem_rows,predicate_injection,4.1773,300,1,
0.06,0.5,3,q13_order_lineitem_rows,pcqv_no_stats,4.6066,300,1,
0.06,0.5,3,q13_order_lineitem_rows,pcqv_forced,4.8191,300,1,
0.06,0.5,3,q13_order_lineitem_rows,pcqv,4.4376,300,1,
0.06,0.5,3,q13_order_lineitem_rows,oracle_order,4.3472,300,1,
0.06,0.5,3,q14_support_owner_rows,no_policy,0.6216,300,0,
0.06,0.5,3,q14_support_owner_rows,post_join_filter,1.5279,300,1,
0.06,0.5,3,q14_support_owner_rows,view_barrier,2.4735,300,1,
0.06,0.5,3,q14_support_owner_rows,oblivious_forced,1.6822,300,1,
0.06,0.5,3,q14_support_owner_rows,predicate_injection,1.6619,300,1,
0.06,0.5,3,q14_support_owner_rows,pcqv_no_stats,1.638,300,1,
0.06,0.5,3,q14_support_owner_rows,pcqv_forced,1.6984,300,1,
0.06,0.5,3,q14_support_owner_rows,pcqv,1.6743,300,1,
0.06,0.5,3,q14_support_owner_rows,oracle_order,1.5632,300,1,
0.06,0.5,3,q15_clearance_product_rows,no_policy,3.4979,102,0,
0.06,0.5,3,q15_clearance_product_rows,post_join_filter,1.4035,41,1,
0.06,0.5,3,q15_clearance_product_rows,view_barrier,11.0607,41,1,
0.06,0.5,3,q15_clearance_product_rows,oblivious_forced,1.6311,41,1,
0.06,0.5,3,q15_clearance_product_rows,predicate_injection,1.3289,41,1,
0.06,0.5,3,q15_clearance_product_rows,pcqv_no_stats,5.3262,41,1,
0.06,0.5,3,q15_clearance_product_rows,pcqv_forced,1.2147,41,1,
0.06,0.5,3,q15_clearance_product_rows,pcqv,1.2892,41,1,
0.06,0.5,3,q15_clearance_product_rows,oracle_order,1.2696,41,1,
0.06,0.5,3,q16_region_product_mix,no_policy,21.4556,72,0,
0.06,0.5,3,q16_region_product_mix,post_join_filter,5.6092,54,1,
0.06,0.5,3,q16_region_product_mix,view_barrier,13.8786,54,1,
0.06,0.5,3,q16_region_product_mix,oblivious_forced,6.7873,54,1,
0.06,0.5,3,q16_region_product_mix,predicate_injection,5.7744,54,1,
0.06,0.5,3,q16_region_product_mix,pcqv_no_stats,5.69,54,1,
0.06,0.5,3,q16_region_product_mix,pcqv_forced,6.0227,54,1,
0.06,0.5,3,q16_region_product_mix,pcqv,4.882,54,1,
0.06,0.5,3,q16_region_product_mix,oracle_order,5.6975,54,1,
0.06,0.5,4,q1_customer_orders,no_policy,2.9469,250,0,
0.06,0.5,4,q1_customer_orders,post_join_filter,2.7393,179,1,
0.06,0.5,4,q1_customer_orders,view_barrier,13.1574,179,1,
0.06,0.5,4,q1_customer_orders,oblivious_forced,5.0442,179,1,
0.06,0.5,4,q1_customer_orders,predicate_injection,1.8092,179,1,
0.06,0.5,4,q1_customer_orders,pcqv_no_stats,1.943,179,1,
0.06,0.5,4,q1_customer_orders,pcqv_forced,1.772,179,1,
0.06,0.5,4,q1_customer_orders,pcqv,1.8491,179,1,
0.06,0.5,4,q1_customer_orders,oracle_order,1.6898,179,1,
0.06,0.5,4,q2_revenue_by_product,no_policy,3.6184,16,0,
0.06,0.5,4,q2_revenue_by_product,post_join_filter,4.9338,13,1,
0.06,0.5,4,q2_revenue_by_product,view_barrier,15.2785,13,1,
0.06,0.5,4,q2_revenue_by_product,oblivious_forced,7.0821,13,1,
0.06,0.5,4,q2_revenue_by_product,predicate_injection,3.1934,13,1,
0.06,0.5,4,q2_revenue_by_product,pcqv_no_stats,3.4899,13,1,
0.06,0.5,4,q2_revenue_by_product,pcqv_forced,4.9043,13,1,
0.06,0.5,4,q2_revenue_by_product,pcqv,4.7307,13,1,
0.06,0.5,4,q2_revenue_by_product,oracle_order,4.9334,13,1,
0.06,0.5,4,q3_support_tickets,no_policy,1.7871,250,0,
0.06,0.5,4,q3_support_tickets,post_join_filter,0.7486,177,1,
0.06,0.5,4,q3_support_tickets,view_barrier,2.0757,177,1,
0.06,0.5,4,q3_support_tickets,oblivious_forced,0.6697,177,1,
0.06,0.5,4,q3_support_tickets,predicate_injection,0.6422,177,1,
0.06,0.5,4,q3_support_tickets,pcqv_no_stats,0.6451,177,1,
0.06,0.5,4,q3_support_tickets,pcqv_forced,0.6303,177,1,
0.06,0.5,4,q3_support_tickets,pcqv,0.6695,177,1,
0.06,0.5,4,q3_support_tickets,oracle_order,0.7062,177,1,
0.06,0.5,4,q4_revenue_by_region,no_policy,14.7477,8,0,
0.06,0.5,4,q4_revenue_by_region,post_join_filter,4.8519,6,1,
0.06,0.5,4,q4_revenue_by_region,view_barrier,15.3337,6,1,
0.06,0.5,4,q4_revenue_by_region,oblivious_forced,7.4074,6,1,
0.06,0.5,4,q4_revenue_by_region,predicate_injection,6.8008,6,1,
0.06,0.5,4,q4_revenue_by_region,pcqv_no_stats,9.3939,6,1,
0.06,0.5,4,q4_revenue_by_region,pcqv_forced,7.803,6,1,
0.06,0.5,4,q4_revenue_by_region,pcqv,7.0307,6,1,
0.06,0.5,4,q4_revenue_by_region,oracle_order,7.9213,6,1,
0.06,0.5,4,q5_high_value_segments,no_policy,4.295,5,0,
0.06,0.5,4,q5_high_value_segments,post_join_filter,2.8347,5,1,
0.06,0.5,4,q5_high_value_segments,view_barrier,2.8989,5,1,
0.06,0.5,4,q5_high_value_segments,oblivious_forced,2.6535,5,1,
0.06,0.5,4,q5_high_value_segments,predicate_injection,2.5731,5,1,
0.06,0.5,4,q5_high_value_segments,pcqv_no_stats,2.5637,5,1,
0.06,0.5,4,q5_high_value_segments,pcqv_forced,1.5671,5,1,
0.06,0.5,4,q5_high_value_segments,pcqv,2.8257,5,1,
0.06,0.5,4,q5_high_value_segments,oracle_order,3.3724,5,1,
0.06,0.5,4,q6_lineitem_product_count,no_policy,11.1898,8,0,
0.06,0.5,4,q6_lineitem_product_count,post_join_filter,7.927,8,1,
0.06,0.5,4,q6_lineitem_product_count,view_barrier,17.0172,8,1,
0.06,0.5,4,q6_lineitem_product_count,oblivious_forced,9.3368,8,1,
0.06,0.5,4,q6_lineitem_product_count,predicate_injection,7.5249,8,1,
0.06,0.5,4,q6_lineitem_product_count,pcqv_no_stats,6.5543,8,1,
0.06,0.5,4,q6_lineitem_product_count,pcqv_forced,7.5902,8,1,
0.06,0.5,4,q6_lineitem_product_count,pcqv,7.2056,8,1,
0.06,0.5,4,q6_lineitem_product_count,oracle_order,5.6115,8,1,
0.06,0.5,4,q7_customer_summary,no_policy,1.2797,198,0,
0.06,0.5,4,q7_customer_summary,post_join_filter,1.1422,46,1,
0.06,0.5,4,q7_customer_summary,view_barrier,2.2623,46,1,
0.06,0.5,4,q7_customer_summary,oblivious_forced,1.6425,46,1,
0.06,0.5,4,q7_customer_summary,predicate_injection,0.8053,46,1,
0.06,0.5,4,q7_customer_summary,pcqv_no_stats,0.6451,46,1,
0.06,0.5,4,q7_customer_summary,pcqv_forced,0.6659,46,1,
0.06,0.5,4,q7_customer_summary,pcqv,0.7318,46,1,
0.06,0.5,4,q7_customer_summary,oracle_order,0.6172,46,1,
0.06,0.5,4,q8_sensitive_product_scan,no_policy,1.4644,43,0,
0.06,0.5,4,q8_sensitive_product_scan,post_join_filter,9.6689,34,1,
0.06,0.5,4,q8_sensitive_product_scan,view_barrier,13.3172,34,1,
0.06,0.5,4,q8_sensitive_product_scan,oblivious_forced,11.4256,34,1,
0.06,0.5,4,q8_sensitive_product_scan,predicate_injection,5.6878,34,1,
0.06,0.5,4,q8_sensitive_product_scan,pcqv_no_stats,5.2898,34,1,
0.06,0.5,4,q8_sensitive_product_scan,pcqv_forced,5.4085,34,1,
0.06,0.5,4,q8_sensitive_product_scan,pcqv,6.2619,34,1,
0.06,0.5,4,q8_sensitive_product_scan,oracle_order,5.6045,34,1,
0.06,0.5,4,q9_ticket_topic_segments,no_policy,4.0331,25,0,
0.06,0.5,4,q9_ticket_topic_segments,post_join_filter,1.3387,25,1,
0.06,0.5,4,q9_ticket_topic_segments,view_barrier,2.9893,25,1,
0.06,0.5,4,q9_ticket_topic_segments,oblivious_forced,1.453,25,1,
0.06,0.5,4,q9_ticket_topic_segments,predicate_injection,1.31,25,1,
0.06,0.5,4,q9_ticket_topic_segments,pcqv_no_stats,1.7813,25,1,
0.06,0.5,4,q9_ticket_topic_segments,pcqv_forced,1.6133,25,1,
0.06,0.5,4,q9_ticket_topic_segments,pcqv,1.523,25,1,
0.06,0.5,4,q9_ticket_topic_segments,oracle_order,1.5513,25,1,
0.06,0.5,4,q10_acl_customer_rows,no_policy,0.4177,300,0,
0.06,0.5,4,q10_acl_customer_rows,post_join_filter,0.5082,179,1,
0.06,0.5,4,q10_acl_customer_rows,view_barrier,0.7909,179,1,
0.06,0.5,4,q10_acl_customer_rows,oblivious_forced,0.5099,179,1,
0.06,0.5,4,q10_acl_customer_rows,predicate_injection,0.5372,179,1,
0.06,0.5,4,q10_acl_customer_rows,pcqv_no_stats,0.526,179,1,
0.06,0.5,4,q10_acl_customer_rows,pcqv_forced,0.5148,179,1,
0.06,0.5,4,q10_acl_customer_rows,pcqv,0.4228,179,1,
0.06,0.5,4,q10_acl_customer_rows,oracle_order,0.5703,179,1,
0.06,0.5,4,q11_order_ticket_bridge,no_policy,9.2277,40,0,
0.06,0.5,4,q11_order_ticket_bridge,post_join_filter,2.1686,30,1,
0.06,0.5,4,q11_order_ticket_bridge,view_barrier,3.593,30,1,
0.06,0.5,4,q11_order_ticket_bridge,oblivious_forced,2.5093,30,1,
0.06,0.5,4,q11_order_ticket_bridge,predicate_injection,2.7528,30,1,
0.06,0.5,4,q11_order_ticket_bridge,pcqv_no_stats,2.1384,30,1,
0.06,0.5,4,q11_order_ticket_bridge,pcqv_forced,2.1801,30,1,
0.06,0.5,4,q11_order_ticket_bridge,pcqv,2.4119,30,1,
0.06,0.5,4,q11_order_ticket_bridge,oracle_order,2.2554,30,1,
0.06,0.5,4,q12_product_segment_revenue,no_policy,21.5691,27,0,
0.06,0.5,4,q12_product_segment_revenue,post_join_filter,3.8716,27,1,
0.06,0.5,4,q12_product_segment_revenue,view_barrier,15.6252,27,1,
0.06,0.5,4,q12_product_segment_revenue,oblivious_forced,4.3053,27,1,
0.06,0.5,4,q12_product_segment_revenue,predicate_injection,9.5682,27,1,
0.06,0.5,4,q12_product_segment_revenue,pcqv_no_stats,5.1985,27,1,
0.06,0.5,4,q12_product_segment_revenue,pcqv_forced,4.7529,27,1,
0.06,0.5,4,q12_product_segment_revenue,pcqv,10.4025,27,1,
0.06,0.5,4,q12_product_segment_revenue,oracle_order,4.6938,27,1,
0.06,0.5,4,q13_order_lineitem_rows,no_policy,0.7942,300,0,
0.06,0.5,4,q13_order_lineitem_rows,post_join_filter,4.1621,300,1,
0.06,0.5,4,q13_order_lineitem_rows,view_barrier,15.9466,300,1,
0.06,0.5,4,q13_order_lineitem_rows,oblivious_forced,4.0756,300,1,
0.06,0.5,4,q13_order_lineitem_rows,predicate_injection,4.0423,300,1,
0.06,0.5,4,q13_order_lineitem_rows,pcqv_no_stats,3.7445,300,1,
0.06,0.5,4,q13_order_lineitem_rows,pcqv_forced,3.8238,300,1,
0.06,0.5,4,q13_order_lineitem_rows,pcqv,3.7254,300,1,
0.06,0.5,4,q13_order_lineitem_rows,oracle_order,3.7176,300,1,
0.06,0.5,4,q14_support_owner_rows,no_policy,0.6216,300,0,
0.06,0.5,4,q14_support_owner_rows,post_join_filter,1.425,300,1,
0.06,0.5,4,q14_support_owner_rows,view_barrier,2.7768,300,1,
0.06,0.5,4,q14_support_owner_rows,oblivious_forced,1.4614,300,1,
0.06,0.5,4,q14_support_owner_rows,predicate_injection,1.5702,300,1,
0.06,0.5,4,q14_support_owner_rows,pcqv_no_stats,1.5127,300,1,
0.06,0.5,4,q14_support_owner_rows,pcqv_forced,1.4973,300,1,
0.06,0.5,4,q14_support_owner_rows,pcqv,1.8598,300,1,
0.06,0.5,4,q14_support_owner_rows,oracle_order,2.3603,300,1,
0.06,0.5,4,q15_clearance_product_rows,no_policy,3.4979,102,0,
0.06,0.5,4,q15_clearance_product_rows,post_join_filter,2.1152,41,1,
0.06,0.5,4,q15_clearance_product_rows,view_barrier,14.562,41,1,
0.06,0.5,4,q15_clearance_product_rows,oblivious_forced,2.8815,41,1,
0.06,0.5,4,q15_clearance_product_rows,predicate_injection,2.2228,41,1,
0.06,0.5,4,q15_clearance_product_rows,pcqv_no_stats,2.0992,41,1,
0.06,0.5,4,q15_clearance_product_rows,pcqv_forced,2.2987,41,1,
0.06,0.5,4,q15_clearance_product_rows,pcqv,2.308,41,1,
0.06,0.5,4,q15_clearance_product_rows,oracle_order,2.1127,41,1,
0.06,0.5,4,q16_region_product_mix,no_policy,21.4556,72,0,
0.06,0.5,4,q16_region_product_mix,post_join_filter,6.1493,54,1,
0.06,0.5,4,q16_region_product_mix,view_barrier,15.4409,54,1,
0.06,0.5,4,q16_region_product_mix,oblivious_forced,6.6044,54,1,
0.06,0.5,4,q16_region_product_mix,predicate_injection,5.4221,54,1,
0.06,0.5,4,q16_region_product_mix,pcqv_no_stats,6.2757,54,1,
0.06,0.5,4,q16_region_product_mix,pcqv_forced,6.3168,54,1,
0.06,0.5,4,q16_region_product_mix,pcqv,5.4586,54,1,
0.06,0.5,4,q16_region_product_mix,oracle_order,5.6198,54,1,
0.06,0.5,5,q1_customer_orders,no_policy,2.9469,250,0,
0.06,0.5,5,q1_customer_orders,post_join_filter,2.4567,179,1,
0.06,0.5,5,q1_customer_orders,view_barrier,14.0447,179,1,
0.06,0.5,5,q1_customer_orders,oblivious_forced,5.09,179,1,
0.06,0.5,5,q1_customer_orders,predicate_injection,2.3069,179,1,
0.06,0.5,5,q1_customer_orders,pcqv_no_stats,1.9285,179,1,
0.06,0.5,5,q1_customer_orders,pcqv_forced,1.854,179,1,
0.06,0.5,5,q1_customer_orders,pcqv,2.0343,179,1,
0.06,0.5,5,q1_customer_orders,oracle_order,1.6766,179,1,
0.06,0.5,5,q2_revenue_by_product,no_policy,3.6184,16,0,
0.06,0.5,5,q2_revenue_by_product,post_join_filter,5.563,13,1,
0.06,0.5,5,q2_revenue_by_product,view_barrier,16.7182,13,1,
0.06,0.5,5,q2_revenue_by_product,oblivious_forced,6.7853,13,1,
0.06,0.5,5,q2_revenue_by_product,predicate_injection,2.9835,13,1,
0.06,0.5,5,q2_revenue_by_product,pcqv_no_stats,2.9277,13,1,
0.06,0.5,5,q2_revenue_by_product,pcqv_forced,3.9284,13,1,
0.06,0.5,5,q2_revenue_by_product,pcqv,4.0845,13,1,
0.06,0.5,5,q2_revenue_by_product,oracle_order,4.127,13,1,
0.06,0.5,5,q3_support_tickets,no_policy,1.7871,250,0,
0.06,0.5,5,q3_support_tickets,post_join_filter,0.941,180,1,
0.06,0.5,5,q3_support_tickets,view_barrier,2.1659,180,1,
0.06,0.5,5,q3_support_tickets,oblivious_forced,0.6435,180,1,
0.06,0.5,5,q3_support_tickets,predicate_injection,0.7349,180,1,
0.06,0.5,5,q3_support_tickets,pcqv_no_stats,0.6181,180,1,
0.06,0.5,5,q3_support_tickets,pcqv_forced,0.5904,180,1,
0.06,0.5,5,q3_support_tickets,pcqv,0.7882,180,1,
0.06,0.5,5,q3_support_tickets,oracle_order,0.5714,180,1,
0.06,0.5,5,q4_revenue_by_region,no_policy,14.7477,8,0,
0.06,0.5,5,q4_revenue_by_region,post_join_filter,4.6887,6,1,
0.06,0.5,5,q4_revenue_by_region,view_barrier,16.5194,6,1,
0.06,0.5,5,q4_revenue_by_region,oblivious_forced,8.0241,6,1,
0.06,0.5,5,q4_revenue_by_region,predicate_injection,6.7625,6,1,
0.06,0.5,5,q4_revenue_by_region,pcqv_no_stats,6.5708,6,1,
0.06,0.5,5,q4_revenue_by_region,pcqv_forced,7.0189,6,1,
0.06,0.5,5,q4_revenue_by_region,pcqv,7.8223,6,1,
0.06,0.5,5,q4_revenue_by_region,oracle_order,7.1827,6,1,
0.06,0.5,5,q5_high_value_segments,no_policy,4.295,5,0,
0.06,0.5,5,q5_high_value_segments,post_join_filter,2.4737,5,1,
0.06,0.5,5,q5_high_value_segments,view_barrier,2.8169,5,1,
0.06,0.5,5,q5_high_value_segments,oblivious_forced,2.6953,5,1,
0.06,0.5,5,q5_high_value_segments,predicate_injection,2.5543,5,1,
0.06,0.5,5,q5_high_value_segments,pcqv_no_stats,1.7668,5,1,
0.06,0.5,5,q5_high_value_segments,pcqv_forced,2.7266,5,1,
0.06,0.5,5,q5_high_value_segments,pcqv,2.7891,5,1,
0.06,0.5,5,q5_high_value_segments,oracle_order,2.7129,5,1,
0.06,0.5,5,q6_lineitem_product_count,no_policy,11.1898,8,0,
0.06,0.5,5,q6_lineitem_product_count,post_join_filter,6.901,8,1,
0.06,0.5,5,q6_lineitem_product_count,view_barrier,15.1486,8,1,
0.06,0.5,5,q6_lineitem_product_count,oblivious_forced,8.8306,8,1,
0.06,0.5,5,q6_lineitem_product_count,predicate_injection,7.3996,8,1,
0.06,0.5,5,q6_lineitem_product_count,pcqv_no_stats,6.7773,8,1,
0.06,0.5,5,q6_lineitem_product_count,pcqv_forced,6.9283,8,1,
0.06,0.5,5,q6_lineitem_product_count,pcqv,6.3697,8,1,
0.06,0.5,5,q6_lineitem_product_count,oracle_order,5.6182,8,1,
0.06,0.5,5,q7_customer_summary,no_policy,1.2797,198,0,
0.06,0.5,5,q7_customer_summary,post_join_filter,1.2531,46,1,
0.06,0.5,5,q7_customer_summary,view_barrier,2.3981,46,1,
0.06,0.5,5,q7_customer_summary,oblivious_forced,2.1187,46,1,
0.06,0.5,5,q7_customer_summary,predicate_injection,0.7368,46,1,
0.06,0.5,5,q7_customer_summary,pcqv_no_stats,0.836,46,1,
0.06,0.5,5,q7_customer_summary,pcqv_forced,0.7521,46,1,
0.06,0.5,5,q7_customer_summary,pcqv,0.6696,46,1,
0.06,0.5,5,q7_customer_summary,oracle_order,0.9504,46,1,
0.06,0.5,5,q8_sensitive_product_scan,no_policy,1.4644,43,0,
0.06,0.5,5,q8_sensitive_product_scan,post_join_filter,9.9688,34,1,
0.06,0.5,5,q8_sensitive_product_scan,view_barrier,13.7248,34,1,
0.06,0.5,5,q8_sensitive_product_scan,oblivious_forced,9.5781,34,1,
0.06,0.5,5,q8_sensitive_product_scan,predicate_injection,5.1954,34,1,
0.06,0.5,5,q8_sensitive_product_scan,pcqv_no_stats,5.3466,34,1,
0.06,0.5,5,q8_sensitive_product_scan,pcqv_forced,5.6197,34,1,
0.06,0.5,5,q8_sensitive_product_scan,pcqv,5.5954,34,1,
0.06,0.5,5,q8_sensitive_product_scan,oracle_order,5.8522,34,1,
0.06,0.5,5,q9_ticket_topic_segments,no_policy,4.0331,25,0,
0.06,0.5,5,q9_ticket_topic_segments,post_join_filter,1.6111,25,1,
0.06,0.5,5,q9_ticket_topic_segments,view_barrier,3.2547,25,1,
0.06,0.5,5,q9_ticket_topic_segments,oblivious_forced,1.6138,25,1,
0.06,0.5,5,q9_ticket_topic_segments,predicate_injection,1.5363,25,1,
0.06,0.5,5,q9_ticket_topic_segments,pcqv_no_stats,1.8039,25,1,
0.06,0.5,5,q9_ticket_topic_segments,pcqv_forced,1.626,25,1,
0.06,0.5,5,q9_ticket_topic_segments,pcqv,1.6115,25,1,
0.06,0.5,5,q9_ticket_topic_segments,oracle_order,1.534,25,1,
0.06,0.5,5,q10_acl_customer_rows,no_policy,0.4177,300,0,
0.06,0.5,5,q10_acl_customer_rows,post_join_filter,0.6171,182,1,
0.06,0.5,5,q10_acl_customer_rows,view_barrier,0.944,182,1,
0.06,0.5,5,q10_acl_customer_rows,oblivious_forced,0.584,182,1,
0.06,0.5,5,q10_acl_customer_rows,predicate_injection,0.5867,182,1,
0.06,0.5,5,q10_acl_customer_rows,pcqv_no_stats,0.4985,182,1,
0.06,0.5,5,q10_acl_customer_rows,pcqv_forced,0.5006,182,1,
0.06,0.5,5,q10_acl_customer_rows,pcqv,0.6771,182,1,
0.06,0.5,5,q10_acl_customer_rows,oracle_order,0.5006,182,1,
0.06,0.5,5,q11_order_ticket_bridge,no_policy,9.2277,40,0,
0.06,0.5,5,q11_order_ticket_bridge,post_join_filter,2.1416,30,1,
0.06,0.5,5,q11_order_ticket_bridge,view_barrier,3.9342,30,1,
0.06,0.5,5,q11_order_ticket_bridge,oblivious_forced,2.4831,30,1,
0.06,0.5,5,q11_order_ticket_bridge,predicate_injection,2.6768,30,1,
0.06,0.5,5,q11_order_ticket_bridge,pcqv_no_stats,2.1064,30,1,
0.06,0.5,5,q11_order_ticket_bridge,pcqv_forced,2.52,30,1,
0.06,0.5,5,q11_order_ticket_bridge,pcqv,2.1988,30,1,
0.06,0.5,5,q11_order_ticket_bridge,oracle_order,2.6174,30,1,
0.06,0.5,5,q12_product_segment_revenue,no_policy,21.5691,27,0,
0.06,0.5,5,q12_product_segment_revenue,post_join_filter,3.773,27,1,
0.06,0.5,5,q12_product_segment_revenue,view_barrier,16.6539,27,1,
0.06,0.5,5,q12_product_segment_revenue,oblivious_forced,4.9204,27,1,
0.06,0.5,5,q12_product_segment_revenue,predicate_injection,9.4845,27,1,
0.06,0.5,5,q12_product_segment_revenue,pcqv_no_stats,4.6497,27,1,
0.06,0.5,5,q12_product_segment_revenue,pcqv_forced,4.7135,27,1,
0.06,0.5,5,q12_product_segment_revenue,pcqv,9.9489,27,1,
0.06,0.5,5,q12_product_segment_revenue,oracle_order,5.178,27,1,
0.06,0.5,5,q13_order_lineitem_rows,no_policy,0.7942,300,0,
0.06,0.5,5,q13_order_lineitem_rows,post_join_filter,4.6915,300,1,
0.06,0.5,5,q13_order_lineitem_rows,view_barrier,14.5958,300,1,
0.06,0.5,5,q13_order_lineitem_rows,oblivious_forced,3.6589,300,1,
0.06,0.5,5,q13_order_lineitem_rows,predicate_injection,4.0367,300,1,
0.06,0.5,5,q13_order_lineitem_rows,pcqv_no_stats,6.1102,300,1,
0.06,0.5,5,q13_order_lineitem_rows,pcqv_forced,4.5667,300,1,
0.06,0.5,5,q13_order_lineitem_rows,pcqv,4.9241,300,1,
0.06,0.5,5,q13_order_lineitem_rows,oracle_order,3.8417,300,1,
0.06,0.5,5,q14_support_owner_rows,no_policy,0.6216,300,0,
0.06,0.5,5,q14_support_owner_rows,post_join_filter,1.6783,300,1,
0.06,0.5,5,q14_support_owner_rows,view_barrier,3.1902,300,1,
0.06,0.5,5,q14_support_owner_rows,oblivious_forced,1.9223,300,1,
0.06,0.5,5,q14_support_owner_rows,predicate_injection,1.7537,300,1,
0.06,0.5,5,q14_support_owner_rows,pcqv_no_stats,1.661,300,1,
0.06,0.5,5,q14_support_owner_rows,pcqv_forced,1.6283,300,1,
0.06,0.5,5,q14_support_owner_rows,pcqv,1.5901,300,1,
0.06,0.5,5,q14_support_owner_rows,oracle_order,1.701,300,1,
0.06,0.5,5,q15_clearance_product_rows,no_policy,3.4979,102,0,
0.06,0.5,5,q15_clearance_product_rows,post_join_filter,1.9201,41,1,
0.06,0.5,5,q15_clearance_product_rows,view_barrier,11.9652,41,1,
0.06,0.5,5,q15_clearance_product_rows,oblivious_forced,1.9485,41,1,
0.06,0.5,5,q15_clearance_product_rows,predicate_injection,1.8257,41,1,
0.06,0.5,5,q15_clearance_product_rows,pcqv_no_stats,1.8562,41,1,
0.06,0.5,5,q15_clearance_product_rows,pcqv_forced,1.8983,41,1,
0.06,0.5,5,q15_clearance_product_rows,pcqv,1.9244,41,1,
0.06,0.5,5,q15_clearance_product_rows,oracle_order,2.0367,41,1,
0.06,0.5,5,q16_region_product_mix,no_policy,21.4556,72,0,
0.06,0.5,5,q16_region_product_mix,post_join_filter,5.9993,54,1,
0.06,0.5,5,q16_region_product_mix,view_barrier,16.6372,54,1,
0.06,0.5,5,q16_region_product_mix,oblivious_forced,6.3585,54,1,
0.06,0.5,5,q16_region_product_mix,predicate_injection,5.6884,54,1,
0.06,0.5,5,q16_region_product_mix,pcqv_no_stats,6.3547,54,1,
0.06,0.5,5,q16_region_product_mix,pcqv_forced,7.2856,54,1,
0.06,0.5,5,q16_region_product_mix,pcqv,5.4358,54,1,
0.06,0.5,5,q16_region_product_mix,oracle_order,5.6851,54,1,
0.06,0.5,6,q1_customer_orders,no_policy,2.9469,250,0,
0.06,0.5,6,q1_customer_orders,post_join_filter,2.3047,179,1,
0.06,0.5,6,q1_customer_orders,view_barrier,13.5589,179,1,
0.06,0.5,6,q1_customer_orders,oblivious_forced,4.7902,179,1,
0.06,0.5,6,q1_customer_orders,predicate_injection,1.7261,179,1,
0.06,0.5,6,q1_customer_orders,pcqv_no_stats,1.9414,179,1,
0.06,0.5,6,q1_customer_orders,pcqv_forced,1.6884,179,1,
0.06,0.5,6,q1_customer_orders,pcqv,1.6834,179,1,
0.06,0.5,6,q1_customer_orders,oracle_order,1.8128,179,1,
0.06,0.5,6,q2_revenue_by_product,no_policy,3.6184,16,0,
0.06,0.5,6,q2_revenue_by_product,post_join_filter,5.1453,11,1,
0.06,0.5,6,q2_revenue_by_product,view_barrier,13.9786,11,1,
0.06,0.5,6,q2_revenue_by_product,oblivious_forced,7.5125,11,1,
0.06,0.5,6,q2_revenue_by_product,predicate_injection,3.0784,11,1,
0.06,0.5,6,q2_revenue_by_product,pcqv_no_stats,2.9904,11,1,
0.06,0.5,6,q2_revenue_by_product,pcqv_forced,3.9439,11,1,
0.06,0.5,6,q2_revenue_by_product,pcqv,3.9996,11,1,
0.06,0.5,6,q2_revenue_by_product,oracle_order,4.9275,11,1,
0.06,0.5,6,q3_support_tickets,no_policy,1.7871,250,0,
0.06,0.5,6,q3_support_tickets,post_join_filter,0.6826,180,1,
0.06,0.5,6,q3_support_tickets,view_barrier,2.3766,180,1,
0.06,0.5,6,q3_support_tickets,oblivious_forced,0.6431,180,1,
0.06,0.5,6,q3_support_tickets,predicate_injection,0.6246,180,1,
0.06,0.5,6,q3_support_tickets,pcqv_no_stats,0.7367,180,1,
0.06,0.5,6,q3_support_tickets,pcqv_forced,0.6912,180,1,
0.06,0.5,6,q3_support_tickets,pcqv,0.6493,180,1,
0.06,0.5,6,q3_support_tickets,oracle_order,0.6059,180,1,
0.06,0.5,6,q4_revenue_by_region,no_policy,14.7477,8,0,
0.06,0.5,6,q4_revenue_by_region,post_join_filter,4.5593,6,1,
0.06,0.5,6,q4_revenue_by_region,view_barrier,15.253,6,1,
0.06,0.5,6,q4_revenue_by_region,oblivious_forced,7.2847,6,1,
0.06,0.5,6,q4_revenue_by_region,predicate_injection,7.1338,6,1,
0.06,0.5,6,q4_revenue_by_region,pcqv_no_stats,7.5336,6,1,
0.06,0.5,6,q4_revenue_by_region,pcqv_forced,6.6538,6,1,
0.06,0.5,6,q4_revenue_by_region,pcqv,6.6088,6,1,
0.06,0.5,6,q4_revenue_by_region,oracle_order,6.8893,6,1,
0.06,0.5,6,q5_high_value_segments,no_policy,4.295,5,0,
0.06,0.5,6,q5_high_value_segments,post_join_filter,2.3874,5,1,
0.06,0.5,6,q5_high_value_segments,view_barrier,2.3733,5,1,
0.06,0.5,6,q5_high_value_segments,oblivious_forced,2.3688,5,1,
0.06,0.5,6,q5_high_value_segments,predicate_injection,2.5159,5,1,
0.06,0.5,6,q5_high_value_segments,pcqv_no_stats,1.6868,5,1,
0.06,0.5,6,q5_high_value_segments,pcqv_forced,2.3626,5,1,
0.06,0.5,6,q5_high_value_segments,pcqv,2.5984,5,1,
0.06,0.5,6,q5_high_value_segments,oracle_order,2.9572,5,1,
0.06,0.5,6,q6_lineitem_product_count,no_policy,11.1898,8,0,
0.06,0.5,6,q6_lineitem_product_count,post_join_filter,7.3076,8,1,
0.06,0.5,6,q6_lineitem_product_count,view_barrier,15.7122,8,1,
0.06,0.5,6,q6_lineitem_product_count,oblivious_forced,8.75,8,1,
0.06,0.5,6,q6_lineitem_product_count,predicate_injection,6.8897,8,1,
0.06,0.5,6,q6_lineitem_product_count,pcqv_no_stats,6.8266,8,1,
0.06,0.5,6,q6_lineitem_product_count,pcqv_forced,6.7601,8,1,
0.06,0.5,6,q6_lineitem_product_count,pcqv,6.6983,8,1,
0.06,0.5,6,q6_lineitem_product_count,oracle_order,5.9699,8,1,
0.06,0.5,6,q7_customer_summary,no_policy,1.2797,198,0,
0.06,0.5,6,q7_customer_summary,post_join_filter,1.1856,0,1,
0.06,0.5,6,q7_customer_summary,view_barrier,2.5092,0,1,
0.06,0.5,6,q7_customer_summary,oblivious_forced,1.423,0,1,
0.06,0.5,6,q7_customer_summary,predicate_injection,0.7486,0,1,
0.06,0.5,6,q7_customer_summary,pcqv_no_stats,0.6543,0,1,
0.06,0.5,6,q7_customer_summary,pcqv_forced,0.7723,0,1,
0.06,0.5,6,q7_customer_summary,pcqv,0.6779,0,1,
0.06,0.5,6,q7_customer_summary,oracle_order,0.6711,0,1,
0.06,0.5,6,q8_sensitive_product_scan,no_policy,1.4644,43,0,
0.06,0.5,6,q8_sensitive_product_scan,post_join_filter,10.291,34,1,
0.06,0.5,6,q8_sensitive_product_scan,view_barrier,13.4528,34,1,
0.06,0.5,6,q8_sensitive_product_scan,oblivious_forced,9.371,34,1,
0.06,0.5,6,q8_sensitive_product_scan,predicate_injection,5.8778,34,1,
0.06,0.5,6,q8_sensitive_product_scan,pcqv_no_stats,5.4416,34,1,
0.06,0.5,6,q8_sensitive_product_scan,pcqv_forced,5.5321,34,1,
0.06,0.5,6,q8_sensitive_product_scan,pcqv,5.818,34,1,
0.06,0.5,6,q8_sensitive_product_scan,oracle_order,5.6918,34,1,
0.06,0.5,6,q9_ticket_topic_segments,no_policy,4.0331,25,0,
0.06,0.5,6,q9_ticket_topic_segments,post_join_filter,1.527,25,1,
0.06,0.5,6,q9_ticket_topic_segments,view_barrier,2.8667,25,1,
0.06,0.5,6,q9_ticket_topic_segments,oblivious_forced,1.4467,25,1,
0.06,0.5,6,q9_ticket_topic_segments,predicate_injection,1.9117,25,1,
0.06,0.5,6,q9_ticket_topic_segments,pcqv_no_stats,1.5413,25,1,
0.06,0.5,6,q9_ticket_topic_segments,pcqv_forced,1.6465,25,1,
0.06,0.5,6,q9_ticket_topic_segments,pcqv,1.5862,25,1,
0.06,0.5,6,q9_ticket_topic_segments,oracle_order,1.4341,25,1,
0.06,0.5,6,q10_acl_customer_rows,no_policy,0.4177,300,0,
0.06,0.5,6,q10_acl_customer_rows,post_join_filter,0.5088,182,1,
0.06,0.5,6,q10_acl_customer_rows,view_barrier,1.1134,182,1,
0.06,0.5,6,q10_acl_customer_rows,oblivious_forced,0.5196,182,1,
0.06,0.5,6,q10_acl_customer_rows,predicate_injection,0.5373,182,1,
0.06,0.5,6,q10_acl_customer_rows,pcqv_no_stats,0.6488,182,1,
0.06,0.5,6,q10_acl_customer_rows,pcqv_forced,0.5704,182,1,
0.06,0.5,6,q10_acl_customer_rows,pcqv,0.5435,182,1,
0.06,0.5,6,q10_acl_customer_rows,oracle_order,0.7922,182,1,
0.06,0.5,6,q11_order_ticket_bridge,no_policy,9.2277,40,0,
0.06,0.5,6,q11_order_ticket_bridge,post_join_filter,2.2156,9,1,
0.06,0.5,6,q11_order_ticket_bridge,view_barrier,3.4467,9,1,
0.06,0.5,6,q11_order_ticket_bridge,oblivious_forced,2.165,9,1,
0.06,0.5,6,q11_order_ticket_bridge,predicate_injection,2.0555,9,1,
0.06,0.5,6,q11_order_ticket_bridge,pcqv_no_stats,2.0076,9,1,
0.06,0.5,6,q11_order_ticket_bridge,pcqv_forced,2.1993,9,1,
0.06,0.5,6,q11_order_ticket_bridge,pcqv,2.2296,9,1,
0.06,0.5,6,q11_order_ticket_bridge,oracle_order,2.492,9,1,
0.06,0.5,6,q12_product_segment_revenue,no_policy,21.5691,27,0,
0.06,0.5,6,q12_product_segment_revenue,post_join_filter,3.8722,25,1,
0.06,0.5,6,q12_product_segment_revenue,view_barrier,16.617,25,1,
0.06,0.5,6,q12_product_segment_revenue,oblivious_forced,4.317,25,1,
0.06,0.5,6,q12_product_segment_revenue,predicate_injection,10.423,25,1,
0.06,0.5,6,q12_product_segment_revenue,pcqv_no_stats,4.5261,25,1,
0.06,0.5,6,q12_product_segment_revenue,pcqv_forced,4.5428,25,1,
0.06,0.5,6,q12_product_segment_revenue,pcqv,9.5403,25,1,
0.06,0.5,6,q12_product_segment_revenue,oracle_order,5.7039,25,1,
0.06,0.5,6,q13_order_lineitem_rows,no_policy,0.7942,300,0,
0.06,0.5,6,q13_order_lineitem_rows,post_join_filter,4.111,300,1,
0.06,0.5,6,q13_order_lineitem_rows,view_barrier,13.3619,300,1,
0.06,0.5,6,q13_order_lineitem_rows,oblivious_forced,4.8786,300,1,
0.06,0.5,6,q13_order_lineitem_rows,predicate_injection,4.2483,300,1,
0.06,0.5,6,q13_order_lineitem_rows,pcqv_no_stats,4.1661,300,1,
0.06,0.5,6,q13_order_lineitem_rows,pcqv_forced,3.9374,300,1,
0.06,0.5,6,q13_order_lineitem_rows,pcqv,4.1434,300,1,
0.06,0.5,6,q13_order_lineitem_rows,oracle_order,4.0736,300,1,
0.06,0.5,6,q14_support_owner_rows,no_policy,0.6216,300,0,
0.06,0.5,6,q14_support_owner_rows,post_join_filter,1.4956,300,1,
0.06,0.5,6,q14_support_owner_rows,view_barrier,3.1527,300,1,
0.06,0.5,6,q14_support_owner_rows,oblivious_forced,1.6883,300,1,
0.06,0.5,6,q14_support_owner_rows,predicate_injection,1.7523,300,1,
0.06,0.5,6,q14_support_owner_rows,pcqv_no_stats,1.7568,300,1,
0.06,0.5,6,q14_support_owner_rows,pcqv_forced,1.7478,300,1,
0.06,0.5,6,q14_support_owner_rows,pcqv,1.6879,300,1,
0.06,0.5,6,q14_support_owner_rows,oracle_order,1.7713,300,1,
0.06,0.5,6,q15_clearance_product_rows,no_policy,3.4979,102,0,
0.06,0.5,6,q15_clearance_product_rows,post_join_filter,2.0106,41,1,
0.06,0.5,6,q15_clearance_product_rows,view_barrier,11.8366,41,1,
0.06,0.5,6,q15_clearance_product_rows,oblivious_forced,1.9065,41,1,
0.06,0.5,6,q15_clearance_product_rows,predicate_injection,2.1913,41,1,
0.06,0.5,6,q15_clearance_product_rows,pcqv_no_stats,2.0285,41,1,
0.06,0.5,6,q15_clearance_product_rows,pcqv_forced,1.939,41,1,
0.06,0.5,6,q15_clearance_product_rows,pcqv,1.9681,41,1,
0.06,0.5,6,q15_clearance_product_rows,oracle_order,2.0338,41,1,
0.06,0.5,6,q16_region_product_mix,no_policy,21.4556,72,0,
0.06,0.5,6,q16_region_product_mix,post_join_filter,5.7164,38,1,
0.06,0.5,6,q16_region_product_mix,view_barrier,16.1009,38,1,
0.06,0.5,6,q16_region_product_mix,oblivious_forced,6.6933,38,1,
0.06,0.5,6,q16_region_product_mix,predicate_injection,6.4747,38,1,
0.06,0.5,6,q16_region_product_mix,pcqv_no_stats,6.6389,38,1,
0.06,0.5,6,q16_region_product_mix,pcqv_forced,6.617,38,1,
0.06,0.5,6,q16_region_product_mix,pcqv,5.8115,38,1,
0.06,0.5,6,q16_region_product_mix,oracle_order,5.5872,38,1,
