query,complexity,selectivity,purpose,method,status,plan_nodes,uses_index,uses_scan,uses_cte_or_subquery,disallowed,pathlike,semicolons,error
q1_customer_orders,1,0.025,analytics,reference,PASS,4,1,0,0,0,0,0,
q1_customer_orders,1,0.025,analytics,post_join_filter,PASS,4,1,0,0,0,0,0,
q1_customer_orders,1,0.025,analytics,view_barrier,PASS,12,1,1,1,0,0,0,
q1_customer_orders,1,0.025,analytics,predicate_injection,PASS,4,1,0,0,0,0,0,
q1_customer_orders,1,0.025,analytics,pcqv_forced,PASS,4,1,0,0,0,0,0,
q1_customer_orders,1,0.025,analytics,pcqv,PASS,4,1,0,0,0,0,0,
q1_customer_orders,1,0.025,analytics,oracle_order,PASS,4,1,0,0,0,0,0,
q1_customer_orders,1,0.025,support,reference,PASS,4,1,0,0,0,0,0,
q1_customer_orders,1,0.025,support,post_join_filter,PASS,4,1,0,0,0,0,0,
q1_customer_orders,1,0.025,support,view_barrier,PASS,12,1,1,1,0,0,0,
q1_customer_orders,1,0.025,support,predicate_injection,PASS,4,1,0,0,0,0,0,
q1_customer_orders,1,0.025,support,pcqv_forced,PASS,4,1,0,0,0,0,0,
q1_customer_orders,1,0.025,support,pcqv,PASS,4,1,0,0,0,0,0,
q1_customer_orders,1,0.025,support,oracle_order,PASS,4,1,0,0,0,0,0,
q1_customer_orders,1,0.025,billing,reference,PASS,4,1,0,0,0,0,0,
q1_customer_orders,1,0.025,billing,post_join_filter,PASS,4,1,0,0,0,0,0,
q1_customer_orders,1,0.025,billing,view_barrier,PASS,12,1,1,1,0,0,0,
q1_customer_orders,1,0.025,billing,predicate_injection,PASS,4,1,0,0,0,0,0,
q1_customer_orders,1,0.025,billing,pcqv_forced,PASS,4,1,0,0,0,0,0,
q1_customer_orders,1,0.025,billing,pcqv,PASS,4,1,0,0,0,0,0,
q1_customer_orders,1,0.025,billing,oracle_order,PASS,4,1,0,0,0,0,0,
q1_customer_orders,1,0.1,analytics,reference,PASS,4,1,0,0,0,0,0,
q1_customer_orders,1,0.1,analytics,post_join_filter,PASS,4,1,0,0,0,0,0,
q1_customer_orders,1,0.1,analytics,view_barrier,PASS,12,1,1,1,0,0,0,
q1_customer_orders,1,0.1,analytics,predicate_injection,PASS,4,1,0,0,0,0,0,
q1_customer_orders,1,0.1,analytics,pcqv_forced,PASS,4,1,0,0,0,0,0,
q1_customer_orders,1,0.1,analytics,pcqv,PASS,4,1,0,0,0,0,0,
q1_customer_orders,1,0.1,analytics,oracle_order,PASS,4,1,0,0,0,0,0,
q1_customer_orders,1,0.1,support,reference,PASS,4,1,0,0,0,0,0,
q1_customer_orders,1,0.1,support,post_join_filter,PASS,4,1,0,0,0,0,0,
q1_customer_orders,1,0.1,support,view_barrier,PASS,12,1,1,1,0,0,0,
q1_customer_orders,1,0.1,support,predicate_injection,PASS,4,1,0,0,0,0,0,
q1_customer_orders,1,0.1,support,pcqv_forced,PASS,4,1,0,0,0,0,0,
q1_customer_orders,1,0.1,support,pcqv,PASS,4,1,0,0,0,0,0,
q1_customer_orders,1,0.1,support,oracle_order,PASS,4,1,0,0,0,0,0,
q1_customer_orders,1,0.1,billing,reference,PASS,4,1,0,0,0,0,0,
q1_customer_orders,1,0.1,billing,post_join_filter,PASS,4,1,0,0,0,0,0,
q1_customer_orders,1,0.1,billing,view_barrier,PASS,12,1,1,1,0,0,0,
q1_customer_orders,1,0.1,billing,predicate_injection,PASS,4,1,0,0,0,0,0,
q1_customer_orders,1,0.1,billing,pcqv_forced,PASS,4,1,0,0,0,0,0,
q1_customer_orders,1,0.1,billing,pcqv,PASS,4,1,0,0,0,0,0,
q1_customer_orders,1,0.1,billing,oracle_order,PASS,4,1,0,0,0,0,0,
q1_customer_orders,1,0.5,analytics,reference,PASS,4,1,1,0,0,0,0,
q1_customer_orders,1,0.5,analytics,post_join_filter,PASS,6,1,0,0,0,0,0,
q1_customer_orders,1,0.5,analytics,view_barrier,PASS,12,1,1,1,0,0,0,
q1_customer_orders,1,0.5,analytics,predicate_injection,PASS,4,1,1,0,0,0,0,
q1_customer_orders,1,0.5,analytics,pcqv_forced,PASS,4,1,0,0,0,0,0,
q1_customer_orders,1,0.5,analytics,pcqv,PASS,4,1,0,0,0,0,0,
q1_customer_orders,1,0.5,analytics,oracle_order,PASS,4,1,0,0,0,0,0,
q1_customer_orders,1,0.5,support,reference,PASS,4,1,1,0,0,0,0,
q1_customer_orders,1,0.5,support,post_join_filter,PASS,6,1,0,0,0,0,0,
q1_customer_orders,1,0.5,support,view_barrier,PASS,12,1,1,1,0,0,0,
q1_customer_orders,1,0.5,support,predicate_injection,PASS,4,1,1,0,0,0,0,
q1_customer_orders,1,0.5,support,pcqv_forced,PASS,4,1,0,0,0,0,0,
q1_customer_orders,1,0.5,support,pcqv,PASS,4,1,0,0,0,0,0,
q1_customer_orders,1,0.5,support,oracle_order,PASS,4,1,0,0,0,0,0,
q1_customer_orders,1,0.5,billing,reference,PASS,4,1,1,0,0,0,0,
q1_customer_orders,1,0.5,billing,post_join_filter,PASS,6,1,0,0,0,0,0,
q1_customer_orders,1,0.5,billing,view_barrier,PASS,12,1,1,1,0,0,0,
q1_customer_orders,1,0.5,billing,predicate_injection,PASS,4,1,1,0,0,0,0,
q1_customer_orders,1,0.5,billing,pcqv_forced,PASS,4,1,0,0,0,0,0,
q1_customer_orders,1,0.5,billing,pcqv,PASS,4,1,0,0,0,0,0,
q1_customer_orders,1,0.5,billing,oracle_order,PASS,4,1,0,0,0,0,0,
q1_customer_orders,2,0.025,analytics,reference,PASS,4,1,0,0,0,0,0,
q1_customer_orders,2,0.025,analytics,post_join_filter,PASS,4,1,0,0,0,0,0,
q1_customer_orders,2,0.025,analytics,view_barrier,PASS,12,1,1,1,0,0,0,
q1_customer_orders,2,0.025,analytics,predicate_injection,PASS,4,1,0,0,0,0,0,
q1_customer_orders,2,0.025,analytics,pcqv_forced,PASS,4,1,0,0,0,0,0,
q1_customer_orders,2,0.025,analytics,pcqv,PASS,4,1,0,0,0,0,0,
q1_customer_orders,2,0.025,analytics,oracle_order,PASS,4,1,0,0,0,0,0,
q1_customer_orders,2,0.025,support,reference,PASS,4,1,0,0,0,0,0,
q1_customer_orders,2,0.025,support,post_join_filter,PASS,4,1,0,0,0,0,0,
q1_customer_orders,2,0.025,support,view_barrier,PASS,12,1,1,1,0,0,0,
q1_customer_orders,2,0.025,support,predicate_injection,PASS,4,1,0,0,0,0,0,
q1_customer_orders,2,0.025,support,pcqv_forced,PASS,4,1,0,0,0,0,0,
q1_customer_orders,2,0.025,support,pcqv,PASS,4,1,0,0,0,0,0,
q1_customer_orders,2,0.025,support,oracle_order,PASS,4,1,0,0,0,0,0,
q1_customer_orders,2,0.025,billing,reference,PASS,4,1,0,0,0,0,0,
q1_customer_orders,2,0.025,billing,post_join_filter,PASS,4,1,0,0,0,0,0,
q1_customer_orders,2,0.025,billing,view_barrier,PASS,12,1,1,1,0,0,0,
q1_customer_orders,2,0.025,billing,predicate_injection,PASS,4,1,0,0,0,0,0,
q1_customer_orders,2,0.025,billing,pcqv_forced,PASS,4,1,0,0,0,0,0,
q1_customer_orders,2,0.025,billing,pcqv,PASS,4,1,0,0,0,0,0,
q1_customer_orders,2,0.025,billing,oracle_order,PASS,4,1,0,0,0,0,0,
q1_customer_orders,2,0.1,analytics,reference,PASS,4,1,0,0,0,0,0,
q1_customer_orders,2,0.1,analytics,post_join_filter,PASS,4,1,0,0,0,0,0,
q1_customer_orders,2,0.1,analytics,view_barrier,PASS,12,1,1,1,0,0,0,
q1_customer_orders,2,0.1,analytics,predicate_injection,PASS,4,1,0,0,0,0,0,
q1_customer_orders,2,0.1,analytics,pcqv_forced,PASS,4,1,0,0,0,0,0,
q1_customer_orders,2,0.1,analytics,pcqv,PASS,4,1,0,0,0,0,0,
q1_customer_orders,2,0.1,analytics,oracle_order,PASS,4,1,0,0,0,0,0,
q1_customer_orders,2,0.1,support,reference,PASS,4,1,0,0,0,0,0,
q1_customer_orders,2,0.1,support,post_join_filter,PASS,4,1,0,0,0,0,0,
q1_customer_orders,2,0.1,support,view_barrier,PASS,12,1,1,1,0,0,0,
q1_customer_orders,2,0.1,support,predicate_injection,PASS,4,1,0,0,0,0,0,
q1_customer_orders,2,0.1,support,pcqv_forced,PASS,4,1,0,0,0,0,0,
q1_customer_orders,2,0.1,support,pcqv,PASS,4,1,0,0,0,0,0,
q1_customer_orders,2,0.1,support,oracle_order,PASS,4,1,0,0,0,0,0,
q1_customer_orders,2,0.1,billing,reference,PASS,4,1,0,0,0,0,0,
q1_customer_orders,2,0.1,billing,post_join_filter,PASS,4,1,0,0,0,0,0,
q1_customer_orders,2,0.1,billing,view_barrier,PASS,12,1,1,1,0,0,0,
q1_customer_orders,2,0.1,billing,predicate_injection,PASS,4,1,0,0,0,0,0,
q1_customer_orders,2,0.1,billing,pcqv_forced,PASS,4,1,0,0,0,0,0,
q1_customer_orders,2,0.1,billing,pcqv,PASS,4,1,0,0,0,0,0,
q1_customer_orders,2,0.1,billing,oracle_order,PASS,4,1,0,0,0,0,0,
q1_customer_orders,2,0.5,analytics,reference,PASS,4,1,0,0,0,0,0,
q1_customer_orders,2,0.5,analytics,post_join_filter,PASS,6,1,0,0,0,0,0,
q1_customer_orders,2,0.5,analytics,view_barrier,PASS,12,1,1,1,0,0,0,
q1_customer_orders,2,0.5,analytics,predicate_injection,PASS,4,1,0,0,0,0,0,
q1_customer_orders,2,0.5,analytics,pcqv_forced,PASS,4,1,0,0,0,0,0,
q1_customer_orders,2,0.5,analytics,pcqv,PASS,4,1,0,0,0,0,0,
q1_customer_orders,2,0.5,analytics,oracle_order,PASS,4,1,0,0,0,0,0,
q1_customer_orders,2,0.5,support,reference,PASS,4,1,0,0,0,0,0,
q1_customer_orders,2,0.5,support,post_join_filter,PASS,6,1,0,0,0,0,0,
q1_customer_orders,2,0.5,support,view_barrier,PASS,12,1,1,1,0,0,0,
q1_customer_orders,2,0.5,support,predicate_injection,PASS,4,1,0,0,0,0,0,
q1_customer_orders,2,0.5,support,pcqv_forced,PASS,4,1,0,0,0,0,0,
q1_customer_orders,2,0.5,support,pcqv,PASS,4,1,0,0,0,0,0,
q1_customer_orders,2,0.5,support,oracle_order,PASS,4,1,0,0,0,0,0,
q1_customer_orders,2,0.5,billing,reference,PASS,4,1,0,0,0,0,0,
q1_customer_orders,2,0.5,billing,post_join_filter,PASS,6,1,0,0,0,0,0,
q1_customer_orders,2,0.5,billing,view_barrier,PASS,12,1,1,1,0,0,0,
q1_customer_orders,2,0.5,billing,predicate_injection,PASS,4,1,0,0,0,0,0,
q1_customer_orders,2,0.5,billing,pcqv_forced,PASS,4,1,0,0,0,0,0,
q1_customer_orders,2,0.5,billing,pcqv,PASS,4,1,0,0,0,0,0,
q1_customer_orders,2,0.5,billing,oracle_order,PASS,4,1,0,0,0,0,0,
q1_customer_orders,3,0.025,analytics,reference,PASS,4,1,0,0,0,0,0,
q1_customer_orders,3,0.025,analytics,post_join_filter,PASS,4,1,0,0,0,0,0,
q1_customer_orders,3,0.025,analytics,view_barrier,PASS,12,1,1,1,0,0,0,
q1_customer_orders,3,0.025,analytics,predicate_injection,PASS,4,1,0,0,0,0,0,
q1_customer_orders,3,0.025,analytics,pcqv_forced,PASS,4,1,0,0,0,0,0,
q1_customer_orders,3,0.025,analytics,pcqv,PASS,4,1,0,0,0,0,0,
q1_customer_orders,3,0.025,analytics,oracle_order,PASS,4,1,0,0,0,0,0,
q1_customer_orders,3,0.025,support,reference,PASS,4,1,0,0,0,0,0,
q1_customer_orders,3,0.025,support,post_join_filter,PASS,4,1,0,0,0,0,0,
q1_customer_orders,3,0.025,support,view_barrier,PASS,12,1,1,1,0,0,0,
q1_customer_orders,3,0.025,support,predicate_injection,PASS,4,1,0,0,0,0,0,
q1_customer_orders,3,0.025,support,pcqv_forced,PASS,4,1,0,0,0,0,0,
q1_customer_orders,3,0.025,support,pcqv,PASS,4,1,0,0,0,0,0,
q1_customer_orders,3,0.025,support,oracle_order,PASS,4,1,0,0,0,0,0,
q1_customer_orders,3,0.025,billing,reference,PASS,4,1,0,0,0,0,0,
q1_customer_orders,3,0.025,billing,post_join_filter,PASS,4,1,0,0,0,0,0,
q1_customer_orders,3,0.025,billing,view_barrier,PASS,12,1,1,1,0,0,0,
q1_customer_orders,3,0.025,billing,predicate_injection,PASS,4,1,0,0,0,0,0,
q1_customer_orders,3,0.025,billing,pcqv_forced,PASS,4,1,0,0,0,0,0,
q1_customer_orders,3,0.025,billing,pcqv,PASS,4,1,0,0,0,0,0,
q1_customer_orders,3,0.025,billing,oracle_order,PASS,4,1,0,0,0,0,0,
q1_customer_orders,3,0.1,analytics,reference,PASS,4,1,0,0,0,0,0,
q1_customer_orders,3,0.1,analytics,post_join_filter,PASS,4,1,0,0,0,0,0,
q1_customer_orders,3,0.1,analytics,view_barrier,PASS,12,1,1,1,0,0,0,
q1_customer_orders,3,0.1,analytics,predicate_injection,PASS,4,1,0,0,0,0,0,
q1_customer_orders,3,0.1,analytics,pcqv_forced,PASS,4,1,0,0,0,0,0,
q1_customer_orders,3,0.1,analytics,pcqv,PASS,4,1,0,0,0,0,0,
q1_customer_orders,3,0.1,analytics,oracle_order,PASS,4,1,0,0,0,0,0,
q1_customer_orders,3,0.1,support,reference,PASS,4,1,0,0,0,0,0,
q1_customer_orders,3,0.1,support,post_join_filter,PASS,4,1,0,0,0,0,0,
q1_customer_orders,3,0.1,support,view_barrier,PASS,12,1,1,1,0,0,0,
q1_customer_orders,3,0.1,support,predicate_injection,PASS,4,1,0,0,0,0,0,
q1_customer_orders,3,0.1,support,pcqv_forced,PASS,4,1,0,0,0,0,0,
q1_customer_orders,3,0.1,support,pcqv,PASS,4,1,0,0,0,0,0,
q1_customer_orders,3,0.1,support,oracle_order,PASS,4,1,0,0,0,0,0,
q1_customer_orders,3,0.1,billing,reference,PASS,4,1,0,0,0,0,0,
q1_customer_orders,3,0.1,billing,post_join_filter,PASS,4,1,0,0,0,0,0,
q1_customer_orders,3,0.1,billing,view_barrier,PASS,12,1,1,1,0,0,0,
q1_customer_orders,3,0.1,billing,predicate_injection,PASS,4,1,0,0,0,0,0,
q1_customer_orders,3,0.1,billing,pcqv_forced,PASS,4,1,0,0,0,0,0,
q1_customer_orders,3,0.1,billing,pcqv,PASS,4,1,0,0,0,0,0,
q1_customer_orders,3,0.1,billing,oracle_order,PASS,4,1,0,0,0,0,0,
q1_customer_orders,3,0.5,analytics,reference,PASS,4,1,0,0,0,0,0,
q1_customer_orders,3,0.5,analytics,post_join_filter,PASS,6,1,0,0,0,0,0,
q1_customer_orders,3,0.5,analytics,view_barrier,PASS,12,1,1,1,0,0,0,
q1_customer_orders,3,0.5,analytics,predicate_injection,PASS,4,1,0,0,0,0,0,
q1_customer_orders,3,0.5,analytics,pcqv_forced,PASS,4,1,0,0,0,0,0,
q1_customer_orders,3,0.5,analytics,pcqv,PASS,4,1,0,0,0,0,0,
q1_customer_orders,3,0.5,analytics,oracle_order,PASS,4,1,0,0,0,0,0,
q1_customer_orders,3,0.5,support,reference,PASS,4,1,0,0,0,0,0,
q1_customer_orders,3,0.5,support,post_join_filter,PASS,6,1,0,0,0,0,0,
q1_customer_orders,3,0.5,support,view_barrier,PASS,12,1,1,1,0,0,0,
q1_customer_orders,3,0.5,support,predicate_injection,PASS,4,1,0,0,0,0,0,
q1_customer_orders,3,0.5,support,pcqv_forced,PASS,4,1,0,0,0,0,0,
q1_customer_orders,3,0.5,support,pcqv,PASS,4,1,0,0,0,0,0,
q1_customer_orders,3,0.5,support,oracle_order,PASS,4,1,0,0,0,0,0,
q1_customer_orders,3,0.5,billing,reference,PASS,4,1,0,0,0,0,0,
q1_customer_orders,3,0.5,billing,post_join_filter,PASS,6,1,0,0,0,0,0,
q1_customer_orders,3,0.5,billing,view_barrier,PASS,12,1,1,1,0,0,0,
q1_customer_orders,3,0.5,billing,predicate_injection,PASS,4,1,0,0,0,0,0,
q1_customer_orders,3,0.5,billing,pcqv_forced,PASS,4,1,0,0,0,0,0,
q1_customer_orders,3,0.5,billing,pcqv,PASS,4,1,0,0,0,0,0,
q1_customer_orders,3,0.5,billing,oracle_order,PASS,4,1,0,0,0,0,0,
q1_customer_orders,4,0.025,analytics,reference,PASS,8,1,0,1,0,0,0,
q1_customer_orders,4,0.025,analytics,post_join_filter,PASS,4,1,0,0,0,0,0,
q1_customer_orders,4,0.025,analytics,view_barrier,PASS,16,1,1,1,0,0,0,
q1_customer_orders,4,0.025,analytics,predicate_injection,PASS,8,1,0,1,0,0,0,
q1_customer_orders,4,0.025,analytics,pcqv_forced,PASS,8,1,0,1,0,0,0,
q1_customer_orders,4,0.025,analytics,pcqv,PASS,8,1,0,1,0,0,0,
q1_customer_orders,4,0.025,analytics,oracle_order,PASS,8,1,0,1,0,0,0,
q1_customer_orders,4,0.025,support,reference,PASS,8,1,0,1,0,0,0,
q1_customer_orders,4,0.025,support,post_join_filter,PASS,4,1,0,0,0,0,0,
q1_customer_orders,4,0.025,support,view_barrier,PASS,16,1,1,1,0,0,0,
q1_customer_orders,4,0.025,support,predicate_injection,PASS,8,1,0,1,0,0,0,
q1_customer_orders,4,0.025,support,pcqv_forced,PASS,8,1,0,1,0,0,0,
q1_customer_orders,4,0.025,support,pcqv,PASS,8,1,0,1,0,0,0,
q1_customer_orders,4,0.025,support,oracle_order,PASS,8,1,0,1,0,0,0,
q1_customer_orders,4,0.025,billing,reference,PASS,8,1,0,1,0,0,0,
q1_customer_orders,4,0.025,billing,post_join_filter,PASS,4,1,0,0,0,0,0,
q1_customer_orders,4,0.025,billing,view_barrier,PASS,16,1,1,1,0,0,0,
q1_customer_orders,4,0.025,billing,predicate_injection,PASS,8,1,0,1,0,0,0,
q1_customer_orders,4,0.025,billing,pcqv_forced,PASS,8,1,0,1,0,0,0,
q1_customer_orders,4,0.025,billing,pcqv,PASS,8,1,0,1,0,0,0,
q1_customer_orders,4,0.025,billing,oracle_order,PASS,8,1,0,1,0,0,0,
q1_customer_orders,4,0.1,analytics,reference,PASS,8,1,0,1,0,0,0,
q1_customer_orders,4,0.1,analytics,post_join_filter,PASS,4,1,0,0,0,0,0,
q1_customer_orders,4,0.1,analytics,view_barrier,PASS,16,1,1,1,0,0,0,
q1_customer_orders,4,0.1,analytics,predicate_injection,PASS,8,1,0,1,0,0,0,
q1_customer_orders,4,0.1,analytics,pcqv_forced,PASS,8,1,0,1,0,0,0,
q1_customer_orders,4,0.1,analytics,pcqv,PASS,8,1,0,1,0,0,0,
q1_customer_orders,4,0.1,analytics,oracle_order,PASS,8,1,0,1,0,0,0,
q1_customer_orders,4,0.1,support,reference,PASS,8,1,0,1,0,0,0,
q1_customer_orders,4,0.1,support,post_join_filter,PASS,4,1,0,0,0,0,0,
q1_customer_orders,4,0.1,support,view_barrier,PASS,16,1,1,1,0,0,0,
q1_customer_orders,4,0.1,support,predicate_injection,PASS,8,1,0,1,0,0,0,
q1_customer_orders,4,0.1,support,pcqv_forced,PASS,8,1,0,1,0,0,0,
q1_customer_orders,4,0.1,support,pcqv,PASS,8,1,0,1,0,0,0,
q1_customer_orders,4,0.1,support,oracle_order,PASS,8,1,0,1,0,0,0,
q1_customer_orders,4,0.1,billing,reference,PASS,8,1,0,1,0,0,0,
q1_customer_orders,4,0.1,billing,post_join_filter,PASS,4,1,0,0,0,0,0,
q1_customer_orders,4,0.1,billing,view_barrier,PASS,16,1,1,1,0,0,0,
q1_customer_orders,4,0.1,billing,predicate_injection,PASS,8,1,0,1,0,0,0,
q1_customer_orders,4,0.1,billing,pcqv_forced,PASS,8,1,0,1,0,0,0,
q1_customer_orders,4,0.1,billing,pcqv,PASS,8,1,0,1,0,0,0,
q1_customer_orders,4,0.1,billing,oracle_order,PASS,8,1,0,1,0,0,0,
q1_customer_orders,4,0.5,analytics,reference,PASS,8,1,0,1,0,0,0,
q1_customer_orders,4,0.5,analytics,post_join_filter,PASS,6,1,0,0,0,0,0,
q1_customer_orders,4,0.5,analytics,view_barrier,PASS,16,1,1,1,0,0,0,
q1_customer_orders,4,0.5,analytics,predicate_injection,PASS,8,1,0,1,0,0,0,
q1_customer_orders,4,0.5,analytics,pcqv_forced,PASS,7,1,1,1,0,0,0,
q1_customer_orders,4,0.5,analytics,pcqv,PASS,7,1,1,1,0,0,0,
q1_customer_orders,4,0.5,analytics,oracle_order,PASS,7,1,1,1,0,0,0,
q1_customer_orders,4,0.5,support,reference,PASS,8,1,0,1,0,0,0,
q1_customer_orders,4,0.5,support,post_join_filter,PASS,6,1,0,0,0,0,0,
q1_customer_orders,4,0.5,support,view_barrier,PASS,16,1,1,1,0,0,0,
q1_customer_orders,4,0.5,support,predicate_injection,PASS,8,1,0,1,0,0,0,
q1_customer_orders,4,0.5,support,pcqv_forced,PASS,7,1,1,1,0,0,0,
q1_customer_orders,4,0.5,support,pcqv,PASS,7,1,1,1,0,0,0,
q1_customer_orders,4,0.5,support,oracle_order,PASS,7,1,1,1,0,0,0,
q1_customer_orders,4,0.5,billing,reference,PASS,8,1,0,1,0,0,0,
q1_customer_orders,4,0.5,billing,post_join_filter,PASS,6,1,0,0,0,0,0,
q1_customer_orders,4,0.5,billing,view_barrier,PASS,16,1,1,1,0,0,0,
q1_customer_orders,4,0.5,billing,predicate_injection,PASS,8,1,0,1,0,0,0,
q1_customer_orders,4,0.5,billing,pcqv_forced,PASS,7,1,1,1,0,0,0,
q1_customer_orders,4,0.5,billing,pcqv,PASS,7,1,1,1,0,0,0,
q1_customer_orders,4,0.5,billing,oracle_order,PASS,8,1,0,1,0,0,0,
q1_customer_orders,5,0.025,analytics,reference,PASS,10,1,0,1,0,0,0,
q1_customer_orders,5,0.025,analytics,post_join_filter,PASS,6,1,0,1,0,0,0,
q1_customer_orders,5,0.025,analytics,view_barrier,PASS,18,1,1,1,0,0,0,
q1_customer_orders,5,0.025,analytics,predicate_injection,PASS,10,1,0,1,0,0,0,
q1_customer_orders,5,0.025,analytics,pcqv_forced,PASS,10,1,0,1,0,0,0,
q1_customer_orders,5,0.025,analytics,pcqv,PASS,10,1,0,1,0,0,0,
q1_customer_orders,5,0.025,analytics,oracle_order,PASS,10,1,0,1,0,0,0,
q1_customer_orders,5,0.025,support,reference,PASS,10,1,0,1,0,0,0,
q1_customer_orders,5,0.025,support,post_join_filter,PASS,6,1,0,1,0,0,0,
q1_customer_orders,5,0.025,support,view_barrier,PASS,18,1,1,1,0,0,0,
q1_customer_orders,5,0.025,support,predicate_injection,PASS,10,1,0,1,0,0,0,
q1_customer_orders,5,0.025,support,pcqv_forced,PASS,10,1,0,1,0,0,0,
q1_customer_orders,5,0.025,support,pcqv,PASS,10,1,0,1,0,0,0,
q1_customer_orders,5,0.025,support,oracle_order,PASS,10,1,0,1,0,0,0,
q1_customer_orders,5,0.025,billing,reference,PASS,10,1,0,1,0,0,0,
q1_customer_orders,5,0.025,billing,post_join_filter,PASS,6,1,0,1,0,0,0,
q1_customer_orders,5,0.025,billing,view_barrier,PASS,18,1,1,1,0,0,0,
q1_customer_orders,5,0.025,billing,predicate_injection,PASS,10,1,0,1,0,0,0,
q1_customer_orders,5,0.025,billing,pcqv_forced,PASS,10,1,0,1,0,0,0,
q1_customer_orders,5,0.025,billing,pcqv,PASS,10,1,0,1,0,0,0,
q1_customer_orders,5,0.025,billing,oracle_order,PASS,10,1,0,1,0,0,0,
q1_customer_orders,5,0.1,analytics,reference,PASS,10,1,0,1,0,0,0,
q1_customer_orders,5,0.1,analytics,post_join_filter,PASS,6,1,0,1,0,0,0,
q1_customer_orders,5,0.1,analytics,view_barrier,PASS,18,1,1,1,0,0,0,
q1_customer_orders,5,0.1,analytics,predicate_injection,PASS,10,1,0,1,0,0,0,
q1_customer_orders,5,0.1,analytics,pcqv_forced,PASS,10,1,0,1,0,0,0,
q1_customer_orders,5,0.1,analytics,pcqv,PASS,10,1,0,1,0,0,0,
q1_customer_orders,5,0.1,analytics,oracle_order,PASS,10,1,0,1,0,0,0,
q1_customer_orders,5,0.1,support,reference,PASS,10,1,0,1,0,0,0,
q1_customer_orders,5,0.1,support,post_join_filter,PASS,6,1,0,1,0,0,0,
q1_customer_orders,5,0.1,support,view_barrier,PASS,18,1,1,1,0,0,0,
q1_customer_orders,5,0.1,support,predicate_injection,PASS,10,1,0,1,0,0,0,
q1_customer_orders,5,0.1,support,pcqv_forced,PASS,10,1,0,1,0,0,0,
q1_customer_orders,5,0.1,support,pcqv,PASS,10,1,0,1,0,0,0,
q1_customer_orders,5,0.1,support,oracle_order,PASS,10,1,0,1,0,0,0,
q1_customer_orders,5,0.1,billing,reference,PASS,10,1,0,1,0,0,0,
q1_customer_orders,5,0.1,billing,post_join_filter,PASS,6,1,0,1,0,0,0,
q1_customer_orders,5,0.1,billing,view_barrier,PASS,18,1,1,1,0,0,0,
q1_customer_orders,5,0.1,billing,predicate_injection,PASS,10,1,0,1,0,0,0,
q1_customer_orders,5,0.1,billing,pcqv_forced,PASS,10,1,0,1,0,0,0,
q1_customer_orders,5,0.1,billing,pcqv,PASS,10,1,0,1,0,0,0,
q1_customer_orders,5,0.1,billing,oracle_order,PASS,10,1,0,1,0,0,0,
q1_customer_orders,5,0.5,analytics,reference,PASS,9,1,1,1,0,0,0,
q1_customer_orders,5,0.5,analytics,post_join_filter,PASS,8,1,0,1,0,0,0,
q1_customer_orders,5,0.5,analytics,view_barrier,PASS,18,1,1,1,0,0,0,
q1_customer_orders,5,0.5,analytics,predicate_injection,PASS,9,1,1,1,0,0,0,
q1_customer_orders,5,0.5,analytics,pcqv_forced,PASS,9,1,1,1,0,0,0,
q1_customer_orders,5,0.5,analytics,pcqv,PASS,9,1,1,1,0,0,0,
q1_customer_orders,5,0.5,analytics,oracle_order,PASS,9,1,1,1,0,0,0,
q1_customer_orders,5,0.5,support,reference,PASS,9,1,1,1,0,0,0,
q1_customer_orders,5,0.5,support,post_join_filter,PASS,8,1,0,1,0,0,0,
q1_customer_orders,5,0.5,support,view_barrier,PASS,18,1,1,1,0,0,0,
q1_customer_orders,5,0.5,support,predicate_injection,PASS,9,1,1,1,0,0,0,
q1_customer_orders,5,0.5,support,pcqv_forced,PASS,9,1,1,1,0,0,0,
q1_customer_orders,5,0.5,support,pcqv,PASS,9,1,1,1,0,0,0,
q1_customer_orders,5,0.5,support,oracle_order,PASS,9,1,1,1,0,0,0,
q1_customer_orders,5,0.5,billing,reference,PASS,9,1,1,1,0,0,0,
q1_customer_orders,5,0.5,billing,post_join_filter,PASS,8,1,0,1,0,0,0,
q1_customer_orders,5,0.5,billing,view_barrier,PASS,18,1,1,1,0,0,0,
q1_customer_orders,5,0.5,billing,predicate_injection,PASS,9,1,1,1,0,0,0,
q1_customer_orders,5,0.5,billing,pcqv_forced,PASS,9,1,1,1,0,0,0,
q1_customer_orders,5,0.5,billing,pcqv,PASS,9,1,1,1,0,0,0,
q1_customer_orders,5,0.5,billing,oracle_order,PASS,9,1,1,1,0,0,0,
q1_customer_orders,6,0.025,analytics,reference,PASS,10,1,0,1,0,0,0,
q1_customer_orders,6,0.025,analytics,post_join_filter,PASS,6,1,0,1,0,0,0,
q1_customer_orders,6,0.025,analytics,view_barrier,PASS,18,1,1,1,0,0,0,
q1_customer_orders,6,0.025,analytics,predicate_injection,PASS,10,1,0,1,0,0,0,
q1_customer_orders,6,0.025,analytics,pcqv_forced,PASS,10,1,0,1,0,0,0,
q1_customer_orders,6,0.025,analytics,pcqv,PASS,10,1,0,1,0,0,0,
q1_customer_orders,6,0.025,analytics,oracle_order,PASS,10,1,0,1,0,0,0,
q1_customer_orders,6,0.025,support,reference,PASS,10,1,0,1,0,0,0,
q1_customer_orders,6,0.025,support,post_join_filter,PASS,6,1,0,1,0,0,0,
q1_customer_orders,6,0.025,support,view_barrier,PASS,18,1,1,1,0,0,0,
q1_customer_orders,6,0.025,support,predicate_injection,PASS,10,1,0,1,0,0,0,
q1_customer_orders,6,0.025,support,pcqv_forced,PASS,10,1,0,1,0,0,0,
q1_customer_orders,6,0.025,support,pcqv,PASS,10,1,0,1,0,0,0,
q1_customer_orders,6,0.025,support,oracle_order,PASS,10,1,0,1,0,0,0,
q1_customer_orders,6,0.025,billing,reference,PASS,10,1,0,1,0,0,0,
q1_customer_orders,6,0.025,billing,post_join_filter,PASS,6,1,0,1,0,0,0,
q1_customer_orders,6,0.025,billing,view_barrier,PASS,18,1,1,1,0,0,0,
q1_customer_orders,6,0.025,billing,predicate_injection,PASS,10,1,0,1,0,0,0,
q1_customer_orders,6,0.025,billing,pcqv_forced,PASS,10,1,0,1,0,0,0,
q1_customer_orders,6,0.025,billing,pcqv,PASS,10,1,0,1,0,0,0,
q1_customer_orders,6,0.025,billing,oracle_order,PASS,10,1,0,1,0,0,0,
q1_customer_orders,6,0.1,analytics,reference,PASS,10,1,0,1,0,0,0,
q1_customer_orders,6,0.1,analytics,post_join_filter,PASS,6,1,0,1,0,0,0,
q1_customer_orders,6,0.1,analytics,view_barrier,PASS,18,1,1,1,0,0,0,
q1_customer_orders,6,0.1,analytics,predicate_injection,PASS,10,1,0,1,0,0,0,
q1_customer_orders,6,0.1,analytics,pcqv_forced,PASS,10,1,0,1,0,0,0,
q1_customer_orders,6,0.1,analytics,pcqv,PASS,10,1,0,1,0,0,0,
q1_customer_orders,6,0.1,analytics,oracle_order,PASS,10,1,0,1,0,0,0,
q1_customer_orders,6,0.1,support,reference,PASS,10,1,0,1,0,0,0,
q1_customer_orders,6,0.1,support,post_join_filter,PASS,6,1,0,1,0,0,0,
q1_customer_orders,6,0.1,support,view_barrier,PASS,18,1,1,1,0,0,0,
q1_customer_orders,6,0.1,support,predicate_injection,PASS,10,1,0,1,0,0,0,
q1_customer_orders,6,0.1,support,pcqv_forced,PASS,10,1,0,1,0,0,0,
q1_customer_orders,6,0.1,support,pcqv,PASS,10,1,0,1,0,0,0,
q1_customer_orders,6,0.1,support,oracle_order,PASS,10,1,0,1,0,0,0,
q1_customer_orders,6,0.1,billing,reference,PASS,10,1,0,1,0,0,0,
q1_customer_orders,6,0.1,billing,post_join_filter,PASS,6,1,0,1,0,0,0,
q1_customer_orders,6,0.1,billing,view_barrier,PASS,18,1,1,1,0,0,0,
q1_customer_orders,6,0.1,billing,predicate_injection,PASS,10,1,0,1,0,0,0,
q1_customer_orders,6,0.1,billing,pcqv_forced,PASS,10,1,0,1,0,0,0,
q1_customer_orders,6,0.1,billing,pcqv,PASS,10,1,0,1,0,0,0,
q1_customer_orders,6,0.1,billing,oracle_order,PASS,10,1,0,1,0,0,0,
q1_customer_orders,6,0.5,analytics,reference,PASS,9,1,1,1,0,0,0,
q1_customer_orders,6,0.5,analytics,post_join_filter,PASS,8,1,0,1,0,0,0,
q1_customer_orders,6,0.5,analytics,view_barrier,PASS,18,1,1,1,0,0,0,
q1_customer_orders,6,0.5,analytics,predicate_injection,PASS,9,1,1,1,0,0,0,
q1_customer_orders,6,0.5,analytics,pcqv_forced,PASS,9,1,1,1,0,0,0,
q1_customer_orders,6,0.5,analytics,pcqv,PASS,9,1,1,1,0,0,0,
q1_customer_orders,6,0.5,analytics,oracle_order,PASS,9,1,1,1,0,0,0,
q1_customer_orders,6,0.5,support,reference,PASS,9,1,1,1,0,0,0,
q1_customer_orders,6,0.5,support,post_join_filter,PASS,8,1,0,1,0,0,0,
q1_customer_orders,6,0.5,support,view_barrier,PASS,18,1,1,1,0,0,0,
q1_customer_orders,6,0.5,support,predicate_injection,PASS,9,1,1,1,0,0,0,
q1_customer_orders,6,0.5,support,pcqv_forced,PASS,9,1,1,1,0,0,0,
q1_customer_orders,6,0.5,support,pcqv,PASS,9,1,1,1,0,0,0,
q1_customer_orders,6,0.5,support,oracle_order,PASS,9,1,1,1,0,0,0,
q1_customer_orders,6,0.5,billing,reference,PASS,9,1,1,1,0,0,0,
q1_customer_orders,6,0.5,billing,post_join_filter,PASS,8,1,0,1,0,0,0,
q1_customer_orders,6,0.5,billing,view_barrier,PASS,18,1,1,1,0,0,0,
q1_customer_orders,6,0.5,billing,predicate_injection,PASS,9,1,1,1,0,0,0,
q1_customer_orders,6,0.5,billing,pcqv_forced,PASS,9,1,1,1,0,0,0,
q1_customer_orders,6,0.5,billing,pcqv,PASS,9,1,1,1,0,0,0,
q1_customer_orders,6,0.5,billing,oracle_order,PASS,9,1,1,1,0,0,0,
q2_revenue_by_product,1,0.025,analytics,reference,PASS,3,1,0,0,0,0,0,
q2_revenue_by_product,1,0.025,analytics,post_join_filter,PASS,4,1,0,0,0,0,0,
q2_revenue_by_product,1,0.025,analytics,view_barrier,PASS,12,1,1,1,0,0,0,
q2_revenue_by_product,1,0.025,analytics,predicate_injection,PASS,3,1,0,0,0,0,0,
q2_revenue_by_product,1,0.025,analytics,pcqv_forced,PASS,3,1,0,0,0,0,0,
q2_revenue_by_product,1,0.025,analytics,pcqv,PASS,3,1,0,0,0,0,0,
q2_revenue_by_product,1,0.025,analytics,oracle_order,PASS,3,1,0,0,0,0,0,
q2_revenue_by_product,1,0.025,support,reference,PASS,3,1,0,0,0,0,0,
q2_revenue_by_product,1,0.025,support,post_join_filter,PASS,4,1,0,0,0,0,0,
q2_revenue_by_product,1,0.025,support,view_barrier,PASS,12,1,1,1,0,0,0,
q2_revenue_by_product,1,0.025,support,predicate_injection,PASS,3,1,0,0,0,0,0,
q2_revenue_by_product,1,0.025,support,pcqv_forced,PASS,3,1,0,0,0,0,0,
q2_revenue_by_product,1,0.025,support,pcqv,PASS,3,1,0,0,0,0,0,
q2_revenue_by_product,1,0.025,support,oracle_order,PASS,3,1,0,0,0,0,0,
q2_revenue_by_product,1,0.025,billing,reference,PASS,3,1,0,0,0,0,0,
q2_revenue_by_product,1,0.025,billing,post_join_filter,PASS,4,1,0,0,0,0,0,
q2_revenue_by_product,1,0.025,billing,view_barrier,PASS,12,1,1,1,0,0,0,
q2_revenue_by_product,1,0.025,billing,predicate_injection,PASS,3,1,0,0,0,0,0,
q2_revenue_by_product,1,0.025,billing,pcqv_forced,PASS,3,1,0,0,0,0,0,
q2_revenue_by_product,1,0.025,billing,pcqv,PASS,3,1,0,0,0,0,0,
q2_revenue_by_product,1,0.025,billing,oracle_order,PASS,3,1,0,0,0,0,0,
q2_revenue_by_product,1,0.1,analytics,reference,PASS,5,1,0,0,0,0,0,
q2_revenue_by_product,1,0.1,analytics,post_join_filter,PASS,5,1,0,0,0,0,0,
q2_revenue_by_product,1,0.1,analytics,view_barrier,PASS,12,1,1,1,0,0,0,
q2_revenue_by_product,1,0.1,analytics,predicate_injection,PASS,5,1,0,0,0,0,0,
q2_revenue_by_product,1,0.1,analytics,pcqv_forced,PASS,3,1,0,0,0,0,0,
q2_revenue_by_product,1,0.1,analytics,pcqv,PASS,3,1,0,0,0,0,0,
q2_revenue_by_product,1,0.1,analytics,oracle_order,PASS,3,1,0,0,0,0,0,
q2_revenue_by_product,1,0.1,support,reference,PASS,5,1,0,0,0,0,0,
q2_revenue_by_product,1,0.1,support,post_join_filter,PASS,5,1,0,0,0,0,0,
q2_revenue_by_product,1,0.1,support,view_barrier,PASS,12,1,1,1,0,0,0,
q2_revenue_by_product,1,0.1,support,predicate_injection,PASS,5,1,0,0,0,0,0,
q2_revenue_by_product,1,0.1,support,pcqv_forced,PASS,3,1,0,0,0,0,0,
q2_revenue_by_product,1,0.1,support,pcqv,PASS,3,1,0,0,0,0,0,
q2_revenue_by_product,1,0.1,support,oracle_order,PASS,3,1,0,0,0,0,0,
q2_revenue_by_product,1,0.1,billing,reference,PASS,5,1,0,0,0,0,0,
q2_revenue_by_product,1,0.1,billing,post_join_filter,PASS,5,1,0,0,0,0,0,
q2_revenue_by_product,1,0.1,billing,view_barrier,PASS,12,1,1,1,0,0,0,
q2_revenue_by_product,1,0.1,billing,predicate_injection,PASS,5,1,0,0,0,0,0,
q2_revenue_by_product,1,0.1,billing,pcqv_forced,PASS,3,1,0,0,0,0,0,
q2_revenue_by_product,1,0.1,billing,pcqv,PASS,3,1,0,0,0,0,0,
q2_revenue_by_product,1,0.1,billing,oracle_order,PASS,3,1,0,0,0,0,0,
q2_revenue_by_product,1,0.5,analytics,reference,PASS,3,1,0,0,0,0,0,
q2_revenue_by_product,1,0.5,analytics,post_join_filter,PASS,6,1,0,0,0,0,0,
q2_revenue_by_product,1,0.5,analytics,view_barrier,PASS,12,1,1,1,0,0,0,
q2_revenue_by_product,1,0.5,analytics,predicate_injection,PASS,3,1,0,0,0,0,0,
q2_revenue_by_product,1,0.5,analytics,pcqv_forced,PASS,3,1,0,0,0,0,0,
q2_revenue_by_product,1,0.5,analytics,pcqv,PASS,3,1,0,0,0,0,0,
q2_revenue_by_product,1,0.5,analytics,oracle_order,PASS,3,1,0,0,0,0,0,
q2_revenue_by_product,1,0.5,support,reference,PASS,3,1,0,0,0,0,0,
q2_revenue_by_product,1,0.5,support,post_join_filter,PASS,6,1,0,0,0,0,0,
q2_revenue_by_product,1,0.5,support,view_barrier,PASS,12,1,1,1,0,0,0,
q2_revenue_by_product,1,0.5,support,predicate_injection,PASS,3,1,0,0,0,0,0,
q2_revenue_by_product,1,0.5,support,pcqv_forced,PASS,3,1,0,0,0,0,0,
q2_revenue_by_product,1,0.5,support,pcqv,PASS,3,1,0,0,0,0,0,
q2_revenue_by_product,1,0.5,support,oracle_order,PASS,3,1,0,0,0,0,0,
q2_revenue_by_product,1,0.5,billing,reference,PASS,3,1,0,0,0,0,0,
q2_revenue_by_product,1,0.5,billing,post_join_filter,PASS,6,1,0,0,0,0,0,
q2_revenue_by_product,1,0.5,billing,view_barrier,PASS,12,1,1,1,0,0,0,
q2_revenue_by_product,1,0.5,billing,predicate_injection,PASS,3,1,0,0,0,0,0,
q2_revenue_by_product,1,0.5,billing,pcqv_forced,PASS,3,1,0,0,0,0,0,
q2_revenue_by_product,1,0.5,billing,pcqv,PASS,3,1,0,0,0,0,0,
q2_revenue_by_product,1,0.5,billing,oracle_order,PASS,3,1,0,0,0,0,0,
q2_revenue_by_product,2,0.025,analytics,reference,PASS,3,1,0,0,0,0,0,
q2_revenue_by_product,2,0.025,analytics,post_join_filter,PASS,4,1,0,0,0,0,0,
q2_revenue_by_product,2,0.025,analytics,view_barrier,PASS,12,1,1,1,0,0,0,
q2_revenue_by_product,2,0.025,analytics,predicate_injection,PASS,3,1,0,0,0,0,0,
q2_revenue_by_product,2,0.025,analytics,pcqv_forced,PASS,3,1,0,0,0,0,0,
q2_revenue_by_product,2,0.025,analytics,pcqv,PASS,3,1,0,0,0,0,0,
q2_revenue_by_product,2,0.025,analytics,oracle_order,PASS,3,1,0,0,0,0,0,
q2_revenue_by_product,2,0.025,support,reference,PASS,3,1,0,0,0,0,0,
q2_revenue_by_product,2,0.025,support,post_join_filter,PASS,4,1,0,0,0,0,0,
q2_revenue_by_product,2,0.025,support,view_barrier,PASS,12,1,1,1,0,0,0,
q2_revenue_by_product,2,0.025,support,predicate_injection,PASS,3,1,0,0,0,0,0,
q2_revenue_by_product,2,0.025,support,pcqv_forced,PASS,3,1,0,0,0,0,0,
q2_revenue_by_product,2,0.025,support,pcqv,PASS,3,1,0,0,0,0,0,
q2_revenue_by_product,2,0.025,support,oracle_order,PASS,3,1,0,0,0,0,0,
q2_revenue_by_product,2,0.025,billing,reference,PASS,3,1,0,0,0,0,0,
q2_revenue_by_product,2,0.025,billing,post_join_filter,PASS,4,1,0,0,0,0,0,
q2_revenue_by_product,2,0.025,billing,view_barrier,PASS,12,1,1,1,0,0,0,
q2_revenue_by_product,2,0.025,billing,predicate_injection,PASS,3,1,0,0,0,0,0,
q2_revenue_by_product,2,0.025,billing,pcqv_forced,PASS,3,1,0,0,0,0,0,
q2_revenue_by_product,2,0.025,billing,pcqv,PASS,3,1,0,0,0,0,0,
q2_revenue_by_product,2,0.025,billing,oracle_order,PASS,3,1,0,0,0,0,0,
q2_revenue_by_product,2,0.1,analytics,reference,PASS,5,1,0,0,0,0,0,
q2_revenue_by_product,2,0.1,analytics,post_join_filter,PASS,5,1,0,0,0,0,0,
q2_revenue_by_product,2,0.1,analytics,view_barrier,PASS,12,1,1,1,0,0,0,
q2_revenue_by_product,2,0.1,analytics,predicate_injection,PASS,5,1,0,0,0,0,0,
q2_revenue_by_product,2,0.1,analytics,pcqv_forced,PASS,3,1,0,0,0,0,0,
q2_revenue_by_product,2,0.1,analytics,pcqv,PASS,3,1,0,0,0,0,0,
q2_revenue_by_product,2,0.1,analytics,oracle_order,PASS,3,1,0,0,0,0,0,
q2_revenue_by_product,2,0.1,support,reference,PASS,5,1,0,0,0,0,0,
q2_revenue_by_product,2,0.1,support,post_join_filter,PASS,5,1,0,0,0,0,0,
q2_revenue_by_product,2,0.1,support,view_barrier,PASS,12,1,1,1,0,0,0,
q2_revenue_by_product,2,0.1,support,predicate_injection,PASS,5,1,0,0,0,0,0,
q2_revenue_by_product,2,0.1,support,pcqv_forced,PASS,3,1,0,0,0,0,0,
q2_revenue_by_product,2,0.1,support,pcqv,PASS,3,1,0,0,0,0,0,
q2_revenue_by_product,2,0.1,support,oracle_order,PASS,3,1,0,0,0,0,0,
q2_revenue_by_product,2,0.1,billing,reference,PASS,5,1,0,0,0,0,0,
q2_revenue_by_product,2,0.1,billing,post_join_filter,PASS,5,1,0,0,0,0,0,
q2_revenue_by_product,2,0.1,billing,view_barrier,PASS,12,1,1,1,0,0,0,
q2_revenue_by_product,2,0.1,billing,predicate_injection,PASS,5,1,0,0,0,0,0,
q2_revenue_by_product,2,0.1,billing,pcqv_forced,PASS,3,1,0,0,0,0,0,
q2_revenue_by_product,2,0.1,billing,pcqv,PASS,3,1,0,0,0,0,0,
q2_revenue_by_product,2,0.1,billing,oracle_order,PASS,3,1,0,0,0,0,0,
q2_revenue_by_product,2,0.5,analytics,reference,PASS,3,1,0,0,0,0,0,
q2_revenue_by_product,2,0.5,analytics,post_join_filter,PASS,5,1,0,0,0,0,0,
q2_revenue_by_product,2,0.5,analytics,view_barrier,PASS,12,1,1,1,0,0,0,
q2_revenue_by_product,2,0.5,analytics,predicate_injection,PASS,3,1,0,0,0,0,0,
q2_revenue_by_product,2,0.5,analytics,pcqv_forced,PASS,3,1,0,0,0,0,0,
q2_revenue_by_product,2,0.5,analytics,pcqv,PASS,3,1,0,0,0,0,0,
q2_revenue_by_product,2,0.5,analytics,oracle_order,PASS,3,1,0,0,0,0,0,
q2_revenue_by_product,2,0.5,support,reference,PASS,3,1,0,0,0,0,0,
q2_revenue_by_product,2,0.5,support,post_join_filter,PASS,5,1,0,0,0,0,0,
q2_revenue_by_product,2,0.5,support,view_barrier,PASS,12,1,1,1,0,0,0,
q2_revenue_by_product,2,0.5,support,predicate_injection,PASS,3,1,0,0,0,0,0,
q2_revenue_by_product,2,0.5,support,pcqv_forced,PASS,3,1,0,0,0,0,0,
q2_revenue_by_product,2,0.5,support,pcqv,PASS,3,1,0,0,0,0,0,
q2_revenue_by_product,2,0.5,support,oracle_order,PASS,3,1,0,0,0,0,0,
q2_revenue_by_product,2,0.5,billing,reference,PASS,3,1,0,0,0,0,0,
q2_revenue_by_product,2,0.5,billing,post_join_filter,PASS,5,1,0,0,0,0,0,
q2_revenue_by_product,2,0.5,billing,view_barrier,PASS,12,1,1,1,0,0,0,
q2_revenue_by_product,2,0.5,billing,predicate_injection,PASS,3,1,0,0,0,0,0,
q2_revenue_by_product,2,0.5,billing,pcqv_forced,PASS,3,1,0,0,0,0,0,
q2_revenue_by_product,2,0.5,billing,pcqv,PASS,3,1,0,0,0,0,0,
q2_revenue_by_product,2,0.5,billing,oracle_order,PASS,3,1,0,0,0,0,0,
q2_revenue_by_product,3,0.025,analytics,reference,PASS,3,1,0,0,0,0,0,
q2_revenue_by_product,3,0.025,analytics,post_join_filter,PASS,4,1,0,0,0,0,0,
q2_revenue_by_product,3,0.025,analytics,view_barrier,PASS,12,1,1,1,0,0,0,
q2_revenue_by_product,3,0.025,analytics,predicate_injection,PASS,3,1,0,0,0,0,0,
q2_revenue_by_product,3,0.025,analytics,pcqv_forced,PASS,3,1,0,0,0,0,0,
q2_revenue_by_product,3,0.025,analytics,pcqv,PASS,3,1,0,0,0,0,0,
q2_revenue_by_product,3,0.025,analytics,oracle_order,PASS,3,1,0,0,0,0,0,
q2_revenue_by_product,3,0.025,support,reference,PASS,3,1,0,0,0,0,0,
q2_revenue_by_product,3,0.025,support,post_join_filter,PASS,4,1,0,0,0,0,0,
q2_revenue_by_product,3,0.025,support,view_barrier,PASS,12,1,1,1,0,0,0,
q2_revenue_by_product,3,0.025,support,predicate_injection,PASS,3,1,0,0,0,0,0,
q2_revenue_by_product,3,0.025,support,pcqv_forced,PASS,3,1,0,0,0,0,0,
q2_revenue_by_product,3,0.025,support,pcqv,PASS,3,1,0,0,0,0,0,
q2_revenue_by_product,3,0.025,support,oracle_order,PASS,3,1,0,0,0,0,0,
q2_revenue_by_product,3,0.025,billing,reference,PASS,3,1,0,0,0,0,0,
q2_revenue_by_product,3,0.025,billing,post_join_filter,PASS,4,1,0,0,0,0,0,
q2_revenue_by_product,3,0.025,billing,view_barrier,PASS,12,1,1,1,0,0,0,
q2_revenue_by_product,3,0.025,billing,predicate_injection,PASS,3,1,0,0,0,0,0,
q2_revenue_by_product,3,0.025,billing,pcqv_forced,PASS,3,1,0,0,0,0,0,
q2_revenue_by_product,3,0.025,billing,pcqv,PASS,3,1,0,0,0,0,0,
q2_revenue_by_product,3,0.025,billing,oracle_order,PASS,3,1,0,0,0,0,0,
q2_revenue_by_product,3,0.1,analytics,reference,PASS,3,1,0,0,0,0,0,
q2_revenue_by_product,3,0.1,analytics,post_join_filter,PASS,5,1,0,0,0,0,0,
q2_revenue_by_product,3,0.1,analytics,view_barrier,PASS,12,1,1,1,0,0,0,
q2_revenue_by_product,3,0.1,analytics,predicate_injection,PASS,3,1,0,0,0,0,0,
q2_revenue_by_product,3,0.1,analytics,pcqv_forced,PASS,3,1,0,0,0,0,0,
q2_revenue_by_product,3,0.1,analytics,pcqv,PASS,3,1,0,0,0,0,0,
q2_revenue_by_product,3,0.1,analytics,oracle_order,PASS,3,1,0,0,0,0,0,
q2_revenue_by_product,3,0.1,support,reference,PASS,3,1,0,0,0,0,0,
q2_revenue_by_product,3,0.1,support,post_join_filter,PASS,5,1,0,0,0,0,0,
q2_revenue_by_product,3,0.1,support,view_barrier,PASS,12,1,1,1,0,0,0,
q2_revenue_by_product,3,0.1,support,predicate_injection,PASS,3,1,0,0,0,0,0,
q2_revenue_by_product,3,0.1,support,pcqv_forced,PASS,3,1,0,0,0,0,0,
q2_revenue_by_product,3,0.1,support,pcqv,PASS,3,1,0,0,0,0,0,
q2_revenue_by_product,3,0.1,support,oracle_order,PASS,3,1,0,0,0,0,0,
q2_revenue_by_product,3,0.1,billing,reference,PASS,3,1,0,0,0,0,0,
q2_revenue_by_product,3,0.1,billing,post_join_filter,PASS,5,1,0,0,0,0,0,
q2_revenue_by_product,3,0.1,billing,view_barrier,PASS,12,1,1,1,0,0,0,
q2_revenue_by_product,3,0.1,billing,predicate_injection,PASS,3,1,0,0,0,0,0,
q2_revenue_by_product,3,0.1,billing,pcqv_forced,PASS,3,1,0,0,0,0,0,
q2_revenue_by_product,3,0.1,billing,pcqv,PASS,3,1,0,0,0,0,0,
q2_revenue_by_product,3,0.1,billing,oracle_order,PASS,3,1,0,0,0,0,0,
q2_revenue_by_product,3,0.5,analytics,reference,PASS,3,1,0,0,0,0,0,
q2_revenue_by_product,3,0.5,analytics,post_join_filter,PASS,5,1,0,0,0,0,0,
q2_revenue_by_product,3,0.5,analytics,view_barrier,PASS,12,1,1,1,0,0,0,
q2_revenue_by_product,3,0.5,analytics,predicate_injection,PASS,3,1,0,0,0,0,0,
q2_revenue_by_product,3,0.5,analytics,pcqv_forced,PASS,3,1,0,0,0,0,0,
q2_revenue_by_product,3,0.5,analytics,pcqv,PASS,3,1,0,0,0,0,0,
q2_revenue_by_product,3,0.5,analytics,oracle_order,PASS,5,1,0,0,0,0,0,
q2_revenue_by_product,3,0.5,support,reference,PASS,3,1,0,0,0,0,0,
q2_revenue_by_product,3,0.5,support,post_join_filter,PASS,5,1,0,0,0,0,0,
q2_revenue_by_product,3,0.5,support,view_barrier,PASS,12,1,1,1,0,0,0,
q2_revenue_by_product,3,0.5,support,predicate_injection,PASS,3,1,0,0,0,0,0,
q2_revenue_by_product,3,0.5,support,pcqv_forced,PASS,3,1,0,0,0,0,0,
q2_revenue_by_product,3,0.5,support,pcqv,PASS,3,1,0,0,0,0,0,
q2_revenue_by_product,3,0.5,support,oracle_order,PASS,5,1,0,0,0,0,0,
q2_revenue_by_product,3,0.5,billing,reference,PASS,3,1,0,0,0,0,0,
q2_revenue_by_product,3,0.5,billing,post_join_filter,PASS,5,1,0,0,0,0,0,
q2_revenue_by_product,3,0.5,billing,view_barrier,PASS,12,1,1,1,0,0,0,
q2_revenue_by_product,3,0.5,billing,predicate_injection,PASS,3,1,0,0,0,0,0,
q2_revenue_by_product,3,0.5,billing,pcqv_forced,PASS,3,1,0,0,0,0,0,
q2_revenue_by_product,3,0.5,billing,pcqv,PASS,3,1,0,0,0,0,0,
q2_revenue_by_product,3,0.5,billing,oracle_order,PASS,5,1,0,0,0,0,0,
q2_revenue_by_product,4,0.025,analytics,reference,PASS,7,1,0,1,0,0,0,
q2_revenue_by_product,4,0.025,analytics,post_join_filter,PASS,6,1,0,1,0,0,0,
q2_revenue_by_product,4,0.025,analytics,view_barrier,PASS,16,1,1,1,0,0,0,
q2_revenue_by_product,4,0.025,analytics,predicate_injection,PASS,7,1,0,1,0,0,0,
q2_revenue_by_product,4,0.025,analytics,pcqv_forced,PASS,7,1,0,1,0,0,0,
q2_revenue_by_product,4,0.025,analytics,pcqv,PASS,7,1,0,1,0,0,0,
q2_revenue_by_product,4,0.025,analytics,oracle_order,PASS,8,1,0,1,0,0,0,
q2_revenue_by_product,4,0.025,support,reference,PASS,7,1,0,1,0,0,0,
q2_revenue_by_product,4,0.025,support,post_join_filter,PASS,6,1,0,1,0,0,0,
q2_revenue_by_product,4,0.025,support,view_barrier,PASS,16,1,1,1,0,0,0,
q2_revenue_by_product,4,0.025,support,predicate_injection,PASS,7,1,0,1,0,0,0,
q2_revenue_by_product,4,0.025,support,pcqv_forced,PASS,7,1,0,1,0,0,0,
q2_revenue_by_product,4,0.025,support,pcqv,PASS,7,1,0,1,0,0,0,
q2_revenue_by_product,4,0.025,support,oracle_order,PASS,8,1,0,1,0,0,0,
q2_revenue_by_product,4,0.025,billing,reference,PASS,7,1,0,1,0,0,0,
q2_revenue_by_product,4,0.025,billing,post_join_filter,PASS,6,1,0,1,0,0,0,
q2_revenue_by_product,4,0.025,billing,view_barrier,PASS,16,1,1,1,0,0,0,
q2_revenue_by_product,4,0.025,billing,predicate_injection,PASS,7,1,0,1,0,0,0,
q2_revenue_by_product,4,0.025,billing,pcqv_forced,PASS,7,1,0,1,0,0,0,
q2_revenue_by_product,4,0.025,billing,pcqv,PASS,7,1,0,1,0,0,0,
q2_revenue_by_product,4,0.025,billing,oracle_order,PASS,8,1,0,1,0,0,0,
q2_revenue_by_product,4,0.1,analytics,reference,PASS,7,1,0,1,0,0,0,
q2_revenue_by_product,4,0.1,analytics,post_join_filter,PASS,7,1,0,1,0,0,0,
q2_revenue_by_product,4,0.1,analytics,view_barrier,PASS,16,1,1,1,0,0,0,
q2_revenue_by_product,4,0.1,analytics,predicate_injection,PASS,7,1,0,1,0,0,0,
q2_revenue_by_product,4,0.1,analytics,pcqv_forced,PASS,7,1,0,1,0,0,0,
q2_revenue_by_product,4,0.1,analytics,pcqv,PASS,7,1,0,1,0,0,0,
q2_revenue_by_product,4,0.1,analytics,oracle_order,PASS,9,1,0,1,0,0,0,
q2_revenue_by_product,4,0.1,support,reference,PASS,7,1,0,1,0,0,0,
q2_revenue_by_product,4,0.1,support,post_join_filter,PASS,7,1,0,1,0,0,0,
q2_revenue_by_product,4,0.1,support,view_barrier,PASS,16,1,1,1,0,0,0,
q2_revenue_by_product,4,0.1,support,predicate_injection,PASS,7,1,0,1,0,0,0,
q2_revenue_by_product,4,0.1,support,pcqv_forced,PASS,7,1,0,1,0,0,0,
q2_revenue_by_product,4,0.1,support,pcqv,PASS,7,1,0,1,0,0,0,
q2_revenue_by_product,4,0.1,support,oracle_order,PASS,9,1,0,1,0,0,0,
q2_revenue_by_product,4,0.1,billing,reference,PASS,7,1,0,1,0,0,0,
q2_revenue_by_product,4,0.1,billing,post_join_filter,PASS,7,1,0,1,0,0,0,
q2_revenue_by_product,4,0.1,billing,view_barrier,PASS,16,1,1,1,0,0,0,
q2_revenue_by_product,4,0.1,billing,predicate_injection,PASS,7,1,0,1,0,0,0,
q2_revenue_by_product,4,0.1,billing,pcqv_forced,PASS,7,1,0,1,0,0,0,
q2_revenue_by_product,4,0.1,billing,pcqv,PASS,7,1,0,1,0,0,0,
q2_revenue_by_product,4,0.1,billing,oracle_order,PASS,9,1,0,1,0,0,0,
q2_revenue_by_product,4,0.5,analytics,reference,PASS,7,1,0,1,0,0,0,
q2_revenue_by_product,4,0.5,analytics,post_join_filter,PASS,7,1,0,1,0,0,0,
q2_revenue_by_product,4,0.5,analytics,view_barrier,PASS,16,1,1,1,0,0,0,
q2_revenue_by_product,4,0.5,analytics,predicate_injection,PASS,7,1,0,1,0,0,0,
q2_revenue_by_product,4,0.5,analytics,pcqv_forced,PASS,9,1,0,1,0,0,0,
q2_revenue_by_product,4,0.5,analytics,pcqv,PASS,9,1,0,1,0,0,0,
q2_revenue_by_product,4,0.5,analytics,oracle_order,PASS,9,1,0,1,0,0,0,
q2_revenue_by_product,4,0.5,support,reference,PASS,7,1,0,1,0,0,0,
q2_revenue_by_product,4,0.5,support,post_join_filter,PASS,7,1,0,1,0,0,0,
q2_revenue_by_product,4,0.5,support,view_barrier,PASS,16,1,1,1,0,0,0,
q2_revenue_by_product,4,0.5,support,predicate_injection,PASS,7,1,0,1,0,0,0,
q2_revenue_by_product,4,0.5,support,pcqv_forced,PASS,9,1,0,1,0,0,0,
q2_revenue_by_product,4,0.5,support,pcqv,PASS,9,1,0,1,0,0,0,
q2_revenue_by_product,4,0.5,support,oracle_order,PASS,9,1,0,1,0,0,0,
q2_revenue_by_product,4,0.5,billing,reference,PASS,7,1,0,1,0,0,0,
q2_revenue_by_product,4,0.5,billing,post_join_filter,PASS,7,1,0,1,0,0,0,
q2_revenue_by_product,4,0.5,billing,view_barrier,PASS,16,1,1,1,0,0,0,
q2_revenue_by_product,4,0.5,billing,predicate_injection,PASS,7,1,0,1,0,0,0,
q2_revenue_by_product,4,0.5,billing,pcqv_forced,PASS,9,1,0,1,0,0,0,
q2_revenue_by_product,4,0.5,billing,pcqv,PASS,9,1,0,1,0,0,0,
q2_revenue_by_product,4,0.5,billing,oracle_order,PASS,9,1,0,1,0,0,0,
q2_revenue_by_product,5,0.025,analytics,reference,PASS,7,1,0,1,0,0,0,
q2_revenue_by_product,5,0.025,analytics,post_join_filter,PASS,6,1,0,1,0,0,0,
q2_revenue_by_product,5,0.025,analytics,view_barrier,PASS,16,1,1,1,0,0,0,
q2_revenue_by_product,5,0.025,analytics,predicate_injection,PASS,7,1,0,1,0,0,0,
q2_revenue_by_product,5,0.025,analytics,pcqv_forced,PASS,7,1,0,1,0,0,0,
q2_revenue_by_product,5,0.025,analytics,pcqv,PASS,7,1,0,1,0,0,0,
q2_revenue_by_product,5,0.025,analytics,oracle_order,PASS,8,1,0,1,0,0,0,
q2_revenue_by_product,5,0.025,support,reference,PASS,7,1,0,1,0,0,0,
q2_revenue_by_product,5,0.025,support,post_join_filter,PASS,6,1,0,1,0,0,0,
q2_revenue_by_product,5,0.025,support,view_barrier,PASS,16,1,1,1,0,0,0,
q2_revenue_by_product,5,0.025,support,predicate_injection,PASS,7,1,0,1,0,0,0,
q2_revenue_by_product,5,0.025,support,pcqv_forced,PASS,7,1,0,1,0,0,0,
q2_revenue_by_product,5,0.025,support,pcqv,PASS,7,1,0,1,0,0,0,
q2_revenue_by_product,5,0.025,support,oracle_order,PASS,8,1,0,1,0,0,0,
q2_revenue_by_product,5,0.025,billing,reference,PASS,7,1,0,1,0,0,0,
q2_revenue_by_product,5,0.025,billing,post_join_filter,PASS,6,1,0,1,0,0,0,
q2_revenue_by_product,5,0.025,billing,view_barrier,PASS,16,1,1,1,0,0,0,
q2_revenue_by_product,5,0.025,billing,predicate_injection,PASS,7,1,0,1,0,0,0,
q2_revenue_by_product,5,0.025,billing,pcqv_forced,PASS,7,1,0,1,0,0,0,
q2_revenue_by_product,5,0.025,billing,pcqv,PASS,7,1,0,1,0,0,0,
q2_revenue_by_product,5,0.025,billing,oracle_order,PASS,8,1,0,1,0,0,0,
q2_revenue_by_product,5,0.1,analytics,reference,PASS,7,1,0,1,0,0,0,
q2_revenue_by_product,5,0.1,analytics,post_join_filter,PASS,7,1,0,1,0,0,0,
q2_revenue_by_product,5,0.1,analytics,view_barrier,PASS,16,1,1,1,0,0,0,
q2_revenue_by_product,5,0.1,analytics,predicate_injection,PASS,7,1,0,1,0,0,0,
q2_revenue_by_product,5,0.1,analytics,pcqv_forced,PASS,7,1,0,1,0,0,0,
q2_revenue_by_product,5,0.1,analytics,pcqv,PASS,7,1,0,1,0,0,0,
q2_revenue_by_product,5,0.1,analytics,oracle_order,PASS,9,1,0,1,0,0,0,
q2_revenue_by_product,5,0.1,support,reference,PASS,7,1,0,1,0,0,0,
q2_revenue_by_product,5,0.1,support,post_join_filter,PASS,7,1,0,1,0,0,0,
q2_revenue_by_product,5,0.1,support,view_barrier,PASS,16,1,1,1,0,0,0,
q2_revenue_by_product,5,0.1,support,predicate_injection,PASS,7,1,0,1,0,0,0,
q2_revenue_by_product,5,0.1,support,pcqv_forced,PASS,7,1,0,1,0,0,0,
q2_revenue_by_product,5,0.1,support,pcqv,PASS,7,1,0,1,0,0,0,
q2_revenue_by_product,5,0.1,support,oracle_order,PASS,9,1,0,1,0,0,0,
q2_revenue_by_product,5,0.1,billing,reference,PASS,7,1,0,1,0,0,0,
q2_revenue_by_product,5,0.1,billing,post_join_filter,PASS,7,1,0,1,0,0,0,
q2_revenue_by_product,5,0.1,billing,view_barrier,PASS,16,1,1,1,0,0,0,
q2_revenue_by_product,5,0.1,billing,predicate_injection,PASS,7,1,0,1,0,0,0,
q2_revenue_by_product,5,0.1,billing,pcqv_forced,PASS,7,1,0,1,0,0,0,
q2_revenue_by_product,5,0.1,billing,pcqv,PASS,7,1,0,1,0,0,0,
q2_revenue_by_product,5,0.1,billing,oracle_order,PASS,9,1,0,1,0,0,0,
q2_revenue_by_product,5,0.5,analytics,reference,PASS,7,1,0,1,0,0,0,
q2_revenue_by_product,5,0.5,analytics,post_join_filter,PASS,7,1,0,1,0,0,0,
q2_revenue_by_product,5,0.5,analytics,view_barrier,PASS,16,1,1,1,0,0,0,
q2_revenue_by_product,5,0.5,analytics,predicate_injection,PASS,7,1,0,1,0,0,0,
q2_revenue_by_product,5,0.5,analytics,pcqv_forced,PASS,9,1,0,1,0,0,0,
q2_revenue_by_product,5,0.5,analytics,pcqv,PASS,9,1,0,1,0,0,0,
q2_revenue_by_product,5,0.5,analytics,oracle_order,PASS,9,1,0,1,0,0,0,
q2_revenue_by_product,5,0.5,support,reference,PASS,7,1,0,1,0,0,0,
q2_revenue_by_product,5,0.5,support,post_join_filter,PASS,7,1,0,1,0,0,0,
q2_revenue_by_product,5,0.5,support,view_barrier,PASS,16,1,1,1,0,0,0,
q2_revenue_by_product,5,0.5,support,predicate_injection,PASS,7,1,0,1,0,0,0,
q2_revenue_by_product,5,0.5,support,pcqv_forced,PASS,9,1,0,1,0,0,0,
q2_revenue_by_product,5,0.5,support,pcqv,PASS,9,1,0,1,0,0,0,
q2_revenue_by_product,5,0.5,support,oracle_order,PASS,9,1,0,1,0,0,0,
q2_revenue_by_product,5,0.5,billing,reference,PASS,7,1,0,1,0,0,0,
q2_revenue_by_product,5,0.5,billing,post_join_filter,PASS,7,1,0,1,0,0,0,
q2_revenue_by_product,5,0.5,billing,view_barrier,PASS,16,1,1,1,0,0,0,
q2_revenue_by_product,5,0.5,billing,predicate_injection,PASS,7,1,0,1,0,0,0,
q2_revenue_by_product,5,0.5,billing,pcqv_forced,PASS,9,1,0,1,0,0,0,
q2_revenue_by_product,5,0.5,billing,pcqv,PASS,9,1,0,1,0,0,0,
q2_revenue_by_product,5,0.5,billing,oracle_order,PASS,9,1,0,1,0,0,0,
q2_revenue_by_product,6,0.025,analytics,reference,PASS,7,1,0,1,0,0,0,
q2_revenue_by_product,6,0.025,analytics,post_join_filter,PASS,6,1,0,1,0,0,0,
q2_revenue_by_product,6,0.025,analytics,view_barrier,PASS,16,1,1,1,0,0,0,
q2_revenue_by_product,6,0.025,analytics,predicate_injection,PASS,7,1,0,1,0,0,0,
q2_revenue_by_product,6,0.025,analytics,pcqv_forced,PASS,7,1,0,1,0,0,0,
q2_revenue_by_product,6,0.025,analytics,pcqv,PASS,7,1,0,1,0,0,0,
q2_revenue_by_product,6,0.025,analytics,oracle_order,PASS,8,1,0,1,0,0,0,
q2_revenue_by_product,6,0.025,support,reference,PASS,7,1,0,1,0,0,0,
q2_revenue_by_product,6,0.025,support,post_join_filter,PASS,6,1,0,1,0,0,0,
q2_revenue_by_product,6,0.025,support,view_barrier,PASS,16,1,1,1,0,0,0,
q2_revenue_by_product,6,0.025,support,predicate_injection,PASS,7,1,0,1,0,0,0,
q2_revenue_by_product,6,0.025,support,pcqv_forced,PASS,7,1,0,1,0,0,0,
q2_revenue_by_product,6,0.025,support,pcqv,PASS,7,1,0,1,0,0,0,
q2_revenue_by_product,6,0.025,support,oracle_order,PASS,8,1,0,1,0,0,0,
q2_revenue_by_product,6,0.025,billing,reference,PASS,7,1,0,1,0,0,0,
q2_revenue_by_product,6,0.025,billing,post_join_filter,PASS,6,1,0,1,0,0,0,
q2_revenue_by_product,6,0.025,billing,view_barrier,PASS,16,1,1,1,0,0,0,
q2_revenue_by_product,6,0.025,billing,predicate_injection,PASS,7,1,0,1,0,0,0,
q2_revenue_by_product,6,0.025,billing,pcqv_forced,PASS,7,1,0,1,0,0,0,
q2_revenue_by_product,6,0.025,billing,pcqv,PASS,7,1,0,1,0,0,0,
q2_revenue_by_product,6,0.025,billing,oracle_order,PASS,8,1,0,1,0,0,0,
q2_revenue_by_product,6,0.1,analytics,reference,PASS,7,1,0,1,0,0,0,
q2_revenue_by_product,6,0.1,analytics,post_join_filter,PASS,7,1,0,1,0,0,0,
q2_revenue_by_product,6,0.1,analytics,view_barrier,PASS,16,1,1,1,0,0,0,
q2_revenue_by_product,6,0.1,analytics,predicate_injection,PASS,7,1,0,1,0,0,0,
q2_revenue_by_product,6,0.1,analytics,pcqv_forced,PASS,7,1,0,1,0,0,0,
q2_revenue_by_product,6,0.1,analytics,pcqv,PASS,7,1,0,1,0,0,0,
q2_revenue_by_product,6,0.1,analytics,oracle_order,PASS,9,1,0,1,0,0,0,
q2_revenue_by_product,6,0.1,support,reference,PASS,7,1,0,1,0,0,0,
q2_revenue_by_product,6,0.1,support,post_join_filter,PASS,7,1,0,1,0,0,0,
q2_revenue_by_product,6,0.1,support,view_barrier,PASS,16,1,1,1,0,0,0,
q2_revenue_by_product,6,0.1,support,predicate_injection,PASS,7,1,0,1,0,0,0,
q2_revenue_by_product,6,0.1,support,pcqv_forced,PASS,7,1,0,1,0,0,0,
q2_revenue_by_product,6,0.1,support,pcqv,PASS,7,1,0,1,0,0,0,
q2_revenue_by_product,6,0.1,support,oracle_order,PASS,9,1,0,1,0,0,0,
q2_revenue_by_product,6,0.1,billing,reference,PASS,7,1,0,1,0,0,0,
q2_revenue_by_product,6,0.1,billing,post_join_filter,PASS,7,1,0,1,0,0,0,
q2_revenue_by_product,6,0.1,billing,view_barrier,PASS,16,1,1,1,0,0,0,
q2_revenue_by_product,6,0.1,billing,predicate_injection,PASS,7,1,0,1,0,0,0,
q2_revenue_by_product,6,0.1,billing,pcqv_forced,PASS,7,1,0,1,0,0,0,
q2_revenue_by_product,6,0.1,billing,pcqv,PASS,7,1,0,1,0,0,0,
q2_revenue_by_product,6,0.1,billing,oracle_order,PASS,9,1,0,1,0,0,0,
q2_revenue_by_product,6,0.5,analytics,reference,PASS,7,1,0,1,0,0,0,
q2_revenue_by_product,6,0.5,analytics,post_join_filter,PASS,7,1,0,1,0,0,0,
q2_revenue_by_product,6,0.5,analytics,view_barrier,PASS,16,1,1,1,0,0,0,
q2_revenue_by_product,6,0.5,analytics,predicate_injection,PASS,7,1,0,1,0,0,0,
q2_revenue_by_product,6,0.5,analytics,pcqv_forced,PASS,9,1,0,1,0,0,0,
q2_revenue_by_product,6,0.5,analytics,pcqv,PASS,9,1,0,1,0,0,0,
q2_revenue_by_product,6,0.5,analytics,oracle_order,PASS,9,1,0,1,0,0,0,
q2_revenue_by_product,6,0.5,support,reference,PASS,7,1,0,1,0,0,0,
q2_revenue_by_product,6,0.5,support,post_join_filter,PASS,7,1,0,1,0,0,0,
q2_revenue_by_product,6,0.5,support,view_barrier,PASS,16,1,1,1,0,0,0,
q2_revenue_by_product,6,0.5,support,predicate_injection,PASS,7,1,0,1,0,0,0,
q2_revenue_by_product,6,0.5,support,pcqv_forced,PASS,9,1,0,1,0,0,0,
q2_revenue_by_product,6,0.5,support,pcqv,PASS,9,1,0,1,0,0,0,
q2_revenue_by_product,6,0.5,support,oracle_order,PASS,9,1,0,1,0,0,0,
q2_revenue_by_product,6,0.5,billing,reference,PASS,7,1,0,1,0,0,0,
q2_revenue_by_product,6,0.5,billing,post_join_filter,PASS,7,1,0,1,0,0,0,
q2_revenue_by_product,6,0.5,billing,view_barrier,PASS,16,1,1,1,0,0,0,
q2_revenue_by_product,6,0.5,billing,predicate_injection,PASS,7,1,0,1,0,0,0,
q2_revenue_by_product,6,0.5,billing,pcqv_forced,PASS,9,1,0,1,0,0,0,
q2_revenue_by_product,6,0.5,billing,pcqv,PASS,9,1,0,1,0,0,0,
q2_revenue_by_product,6,0.5,billing,oracle_order,PASS,9,1,0,1,0,0,0,
q3_support_tickets,1,0.025,analytics,reference,PASS,3,1,0,0,0,0,0,
q3_support_tickets,1,0.025,analytics,post_join_filter,PASS,3,1,0,0,0,0,0,
q3_support_tickets,1,0.025,analytics,view_barrier,PASS,8,1,1,1,0,0,0,
q3_support_tickets,1,0.025,analytics,predicate_injection,PASS,3,1,0,0,0,0,0,
q3_support_tickets,1,0.025,analytics,pcqv_forced,PASS,3,1,0,0,0,0,0,
q3_support_tickets,1,0.025,analytics,pcqv,PASS,3,1,0,0,0,0,0,
q3_support_tickets,1,0.025,analytics,oracle_order,PASS,3,1,0,0,0,0,0,
q3_support_tickets,1,0.025,support,reference,PASS,3,1,0,0,0,0,0,
q3_support_tickets,1,0.025,support,post_join_filter,PASS,3,1,0,0,0,0,0,
q3_support_tickets,1,0.025,support,view_barrier,PASS,8,1,1,1,0,0,0,
q3_support_tickets,1,0.025,support,predicate_injection,PASS,3,1,0,0,0,0,0,
q3_support_tickets,1,0.025,support,pcqv_forced,PASS,3,1,0,0,0,0,0,
q3_support_tickets,1,0.025,support,pcqv,PASS,3,1,0,0,0,0,0,
q3_support_tickets,1,0.025,support,oracle_order,PASS,3,1,0,0,0,0,0,
q3_support_tickets,1,0.025,billing,reference,PASS,3,1,0,0,0,0,0,
q3_support_tickets,1,0.025,billing,post_join_filter,PASS,3,1,0,0,0,0,0,
q3_support_tickets,1,0.025,billing,view_barrier,PASS,8,1,1,1,0,0,0,
q3_support_tickets,1,0.025,billing,predicate_injection,PASS,3,1,0,0,0,0,0,
q3_support_tickets,1,0.025,billing,pcqv_forced,PASS,3,1,0,0,0,0,0,
q3_support_tickets,1,0.025,billing,pcqv,PASS,3,1,0,0,0,0,0,
q3_support_tickets,1,0.025,billing,oracle_order,PASS,3,1,0,0,0,0,0,
q3_support_tickets,1,0.1,analytics,reference,PASS,3,1,0,0,0,0,0,
q3_support_tickets,1,0.1,analytics,post_join_filter,PASS,3,1,0,0,0,0,0,
q3_support_tickets,1,0.1,analytics,view_barrier,PASS,8,1,1,1,0,0,0,
q3_support_tickets,1,0.1,analytics,predicate_injection,PASS,3,1,0,0,0,0,0,
q3_support_tickets,1,0.1,analytics,pcqv_forced,PASS,3,1,0,0,0,0,0,
q3_support_tickets,1,0.1,analytics,pcqv,PASS,3,1,0,0,0,0,0,
q3_support_tickets,1,0.1,analytics,oracle_order,PASS,3,1,0,0,0,0,0,
q3_support_tickets,1,0.1,support,reference,PASS,3,1,0,0,0,0,0,
q3_support_tickets,1,0.1,support,post_join_filter,PASS,3,1,0,0,0,0,0,
q3_support_tickets,1,0.1,support,view_barrier,PASS,8,1,1,1,0,0,0,
q3_support_tickets,1,0.1,support,predicate_injection,PASS,3,1,0,0,0,0,0,
q3_support_tickets,1,0.1,support,pcqv_forced,PASS,3,1,0,0,0,0,0,
q3_support_tickets,1,0.1,support,pcqv,PASS,3,1,0,0,0,0,0,
q3_support_tickets,1,0.1,support,oracle_order,PASS,3,1,0,0,0,0,0,
q3_support_tickets,1,0.1,billing,reference,PASS,3,1,0,0,0,0,0,
q3_support_tickets,1,0.1,billing,post_join_filter,PASS,3,1,0,0,0,0,0,
q3_support_tickets,1,0.1,billing,view_barrier,PASS,8,1,1,1,0,0,0,
q3_support_tickets,1,0.1,billing,predicate_injection,PASS,3,1,0,0,0,0,0,
q3_support_tickets,1,0.1,billing,pcqv_forced,PASS,3,1,0,0,0,0,0,
q3_support_tickets,1,0.1,billing,pcqv,PASS,3,1,0,0,0,0,0,
q3_support_tickets,1,0.1,billing,oracle_order,PASS,3,1,0,0,0,0,0,
q3_support_tickets,1,0.5,analytics,reference,PASS,3,1,0,0,0,0,0,
q3_support_tickets,1,0.5,analytics,post_join_filter,PASS,3,1,0,0,0,0,0,
q3_support_tickets,1,0.5,analytics,view_barrier,PASS,8,1,1,1,0,0,0,
q3_support_tickets,1,0.5,analytics,predicate_injection,PASS,3,1,0,0,0,0,0,
q3_support_tickets,1,0.5,analytics,pcqv_forced,PASS,3,1,0,0,0,0,0,
q3_support_tickets,1,0.5,analytics,pcqv,PASS,3,1,0,0,0,0,0,
q3_support_tickets,1,0.5,analytics,oracle_order,PASS,3,1,0,0,0,0,0,
q3_support_tickets,1,0.5,support,reference,PASS,3,1,0,0,0,0,0,
q3_support_tickets,1,0.5,support,post_join_filter,PASS,3,1,0,0,0,0,0,
q3_support_tickets,1,0.5,support,view_barrier,PASS,8,1,1,1,0,0,0,
q3_support_tickets,1,0.5,support,predicate_injection,PASS,3,1,0,0,0,0,0,
q3_support_tickets,1,0.5,support,pcqv_forced,PASS,3,1,0,0,0,0,0,
q3_support_tickets,1,0.5,support,pcqv,PASS,3,1,0,0,0,0,0,
q3_support_tickets,1,0.5,support,oracle_order,PASS,3,1,0,0,0,0,0,
q3_support_tickets,1,0.5,billing,reference,PASS,3,1,0,0,0,0,0,
q3_support_tickets,1,0.5,billing,post_join_filter,PASS,3,1,0,0,0,0,0,
q3_support_tickets,1,0.5,billing,view_barrier,PASS,8,1,1,1,0,0,0,
q3_support_tickets,1,0.5,billing,predicate_injection,PASS,3,1,0,0,0,0,0,
q3_support_tickets,1,0.5,billing,pcqv_forced,PASS,3,1,0,0,0,0,0,
q3_support_tickets,1,0.5,billing,pcqv,PASS,3,1,0,0,0,0,0,
q3_support_tickets,1,0.5,billing,oracle_order,PASS,3,1,0,0,0,0,0,
q3_support_tickets,2,0.025,analytics,reference,PASS,3,1,0,0,0,0,0,
q3_support_tickets,2,0.025,analytics,post_join_filter,PASS,3,1,0,0,0,0,0,
q3_support_tickets,2,0.025,analytics,view_barrier,PASS,8,1,1,1,0,0,0,
q3_support_tickets,2,0.025,analytics,predicate_injection,PASS,3,1,0,0,0,0,0,
q3_support_tickets,2,0.025,analytics,pcqv_forced,PASS,3,1,0,0,0,0,0,
q3_support_tickets,2,0.025,analytics,pcqv,PASS,3,1,0,0,0,0,0,
q3_support_tickets,2,0.025,analytics,oracle_order,PASS,3,1,0,0,0,0,0,
q3_support_tickets,2,0.025,support,reference,PASS,3,1,0,0,0,0,0,
q3_support_tickets,2,0.025,support,post_join_filter,PASS,3,1,0,0,0,0,0,
q3_support_tickets,2,0.025,support,view_barrier,PASS,8,1,1,1,0,0,0,
q3_support_tickets,2,0.025,support,predicate_injection,PASS,3,1,0,0,0,0,0,
q3_support_tickets,2,0.025,support,pcqv_forced,PASS,3,1,0,0,0,0,0,
q3_support_tickets,2,0.025,support,pcqv,PASS,3,1,0,0,0,0,0,
q3_support_tickets,2,0.025,support,oracle_order,PASS,3,1,0,0,0,0,0,
q3_support_tickets,2,0.025,billing,reference,PASS,3,1,0,0,0,0,0,
q3_support_tickets,2,0.025,billing,post_join_filter,PASS,3,1,0,0,0,0,0,
q3_support_tickets,2,0.025,billing,view_barrier,PASS,8,1,1,1,0,0,0,
q3_support_tickets,2,0.025,billing,predicate_injection,PASS,3,1,0,0,0,0,0,
q3_support_tickets,2,0.025,billing,pcqv_forced,PASS,3,1,0,0,0,0,0,
q3_support_tickets,2,0.025,billing,pcqv,PASS,3,1,0,0,0,0,0,
q3_support_tickets,2,0.025,billing,oracle_order,PASS,3,1,0,0,0,0,0,
q3_support_tickets,2,0.1,analytics,reference,PASS,3,1,0,0,0,0,0,
q3_support_tickets,2,0.1,analytics,post_join_filter,PASS,3,1,0,0,0,0,0,
q3_support_tickets,2,0.1,analytics,view_barrier,PASS,8,1,1,1,0,0,0,
q3_support_tickets,2,0.1,analytics,predicate_injection,PASS,3,1,0,0,0,0,0,
q3_support_tickets,2,0.1,analytics,pcqv_forced,PASS,3,1,0,0,0,0,0,
q3_support_tickets,2,0.1,analytics,pcqv,PASS,3,1,0,0,0,0,0,
q3_support_tickets,2,0.1,analytics,oracle_order,PASS,3,1,0,0,0,0,0,
q3_support_tickets,2,0.1,support,reference,PASS,3,1,0,0,0,0,0,
q3_support_tickets,2,0.1,support,post_join_filter,PASS,3,1,0,0,0,0,0,
q3_support_tickets,2,0.1,support,view_barrier,PASS,8,1,1,1,0,0,0,
q3_support_tickets,2,0.1,support,predicate_injection,PASS,3,1,0,0,0,0,0,
q3_support_tickets,2,0.1,support,pcqv_forced,PASS,3,1,0,0,0,0,0,
q3_support_tickets,2,0.1,support,pcqv,PASS,3,1,0,0,0,0,0,
q3_support_tickets,2,0.1,support,oracle_order,PASS,3,1,0,0,0,0,0,
q3_support_tickets,2,0.1,billing,reference,PASS,3,1,0,0,0,0,0,
q3_support_tickets,2,0.1,billing,post_join_filter,PASS,3,1,0,0,0,0,0,
q3_support_tickets,2,0.1,billing,view_barrier,PASS,8,1,1,1,0,0,0,
q3_support_tickets,2,0.1,billing,predicate_injection,PASS,3,1,0,0,0,0,0,
q3_support_tickets,2,0.1,billing,pcqv_forced,PASS,3,1,0,0,0,0,0,
q3_support_tickets,2,0.1,billing,pcqv,PASS,3,1,0,0,0,0,0,
q3_support_tickets,2,0.1,billing,oracle_order,PASS,3,1,0,0,0,0,0,
q3_support_tickets,2,0.5,analytics,reference,PASS,3,1,0,0,0,0,0,
q3_support_tickets,2,0.5,analytics,post_join_filter,PASS,3,1,0,0,0,0,0,
q3_support_tickets,2,0.5,analytics,view_barrier,PASS,8,1,1,1,0,0,0,
q3_support_tickets,2,0.5,analytics,predicate_injection,PASS,3,1,0,0,0,0,0,
q3_support_tickets,2,0.5,analytics,pcqv_forced,PASS,3,1,0,0,0,0,0,
q3_support_tickets,2,0.5,analytics,pcqv,PASS,3,1,0,0,0,0,0,
q3_support_tickets,2,0.5,analytics,oracle_order,PASS,3,1,0,0,0,0,0,
q3_support_tickets,2,0.5,support,reference,PASS,3,1,0,0,0,0,0,
q3_support_tickets,2,0.5,support,post_join_filter,PASS,3,1,0,0,0,0,0,
q3_support_tickets,2,0.5,support,view_barrier,PASS,8,1,1,1,0,0,0,
q3_support_tickets,2,0.5,support,predicate_injection,PASS,3,1,0,0,0,0,0,
q3_support_tickets,2,0.5,support,pcqv_forced,PASS,3,1,0,0,0,0,0,
q3_support_tickets,2,0.5,support,pcqv,PASS,3,1,0,0,0,0,0,
q3_support_tickets,2,0.5,support,oracle_order,PASS,3,1,0,0,0,0,0,
q3_support_tickets,2,0.5,billing,reference,PASS,3,1,0,0,0,0,0,
q3_support_tickets,2,0.5,billing,post_join_filter,PASS,3,1,0,0,0,0,0,
q3_support_tickets,2,0.5,billing,view_barrier,PASS,8,1,1,1,0,0,0,
q3_support_tickets,2,0.5,billing,predicate_injection,PASS,3,1,0,0,0,0,0,
q3_support_tickets,2,0.5,billing,pcqv_forced,PASS,3,1,0,0,0,0,0,
q3_support_tickets,2,0.5,billing,pcqv,PASS,3,1,0,0,0,0,0,
q3_support_tickets,2,0.5,billing,oracle_order,PASS,3,1,0,0,0,0,0,
q3_support_tickets,3,0.025,analytics,reference,PASS,3,1,0,0,0,0,0,
q3_support_tickets,3,0.025,analytics,post_join_filter,PASS,3,1,0,0,0,0,0,
q3_support_tickets,3,0.025,analytics,view_barrier,PASS,8,1,1,1,0,0,0,
q3_support_tickets,3,0.025,analytics,predicate_injection,PASS,3,1,0,0,0,0,0,
q3_support_tickets,3,0.025,analytics,pcqv_forced,PASS,3,1,0,0,0,0,0,
q3_support_tickets,3,0.025,analytics,pcqv,PASS,3,1,0,0,0,0,0,
q3_support_tickets,3,0.025,analytics,oracle_order,PASS,3,1,0,0,0,0,0,
q3_support_tickets,3,0.025,support,reference,PASS,3,1,0,0,0,0,0,
q3_support_tickets,3,0.025,support,post_join_filter,PASS,3,1,0,0,0,0,0,
q3_support_tickets,3,0.025,support,view_barrier,PASS,8,1,1,1,0,0,0,
q3_support_tickets,3,0.025,support,predicate_injection,PASS,3,1,0,0,0,0,0,
q3_support_tickets,3,0.025,support,pcqv_forced,PASS,3,1,0,0,0,0,0,
q3_support_tickets,3,0.025,support,pcqv,PASS,3,1,0,0,0,0,0,
q3_support_tickets,3,0.025,support,oracle_order,PASS,3,1,0,0,0,0,0,
q3_support_tickets,3,0.025,billing,reference,PASS,3,1,0,0,0,0,0,
q3_support_tickets,3,0.025,billing,post_join_filter,PASS,3,1,0,0,0,0,0,
q3_support_tickets,3,0.025,billing,view_barrier,PASS,8,1,1,1,0,0,0,
q3_support_tickets,3,0.025,billing,predicate_injection,PASS,3,1,0,0,0,0,0,
q3_support_tickets,3,0.025,billing,pcqv_forced,PASS,3,1,0,0,0,0,0,
q3_support_tickets,3,0.025,billing,pcqv,PASS,3,1,0,0,0,0,0,
q3_support_tickets,3,0.025,billing,oracle_order,PASS,3,1,0,0,0,0,0,
q3_support_tickets,3,0.1,analytics,reference,PASS,3,1,0,0,0,0,0,
q3_support_tickets,3,0.1,analytics,post_join_filter,PASS,3,1,0,0,0,0,0,
q3_support_tickets,3,0.1,analytics,view_barrier,PASS,8,1,1,1,0,0,0,
q3_support_tickets,3,0.1,analytics,predicate_injection,PASS,3,1,0,0,0,0,0,
q3_support_tickets,3,0.1,analytics,pcqv_forced,PASS,3,1,0,0,0,0,0,
q3_support_tickets,3,0.1,analytics,pcqv,PASS,3,1,0,0,0,0,0,
q3_support_tickets,3,0.1,analytics,oracle_order,PASS,3,1,0,0,0,0,0,
q3_support_tickets,3,0.1,support,reference,PASS,3,1,0,0,0,0,0,
q3_support_tickets,3,0.1,support,post_join_filter,PASS,3,1,0,0,0,0,0,
q3_support_tickets,3,0.1,support,view_barrier,PASS,8,1,1,1,0,0,0,
q3_support_tickets,3,0.1,support,predicate_injection,PASS,3,1,0,0,0,0,0,
q3_support_tickets,3,0.1,support,pcqv_forced,PASS,3,1,0,0,0,0,0,
q3_support_tickets,3,0.1,support,pcqv,PASS,3,1,0,0,0,0,0,
q3_support_tickets,3,0.1,support,oracle_order,PASS,3,1,0,0,0,0,0,
q3_support_tickets,3,0.1,billing,reference,PASS,3,1,0,0,0,0,0,
q3_support_tickets,3,0.1,billing,post_join_filter,PASS,3,1,0,0,0,0,0,
q3_support_tickets,3,0.1,billing,view_barrier,PASS,8,1,1,1,0,0,0,
q3_support_tickets,3,0.1,billing,predicate_injection,PASS,3,1,0,0,0,0,0,
q3_support_tickets,3,0.1,billing,pcqv_forced,PASS,3,1,0,0,0,0,0,
q3_support_tickets,3,0.1,billing,pcqv,PASS,3,1,0,0,0,0,0,
q3_support_tickets,3,0.1,billing,oracle_order,PASS,3,1,0,0,0,0,0,
q3_support_tickets,3,0.5,analytics,reference,PASS,3,1,0,0,0,0,0,
q3_support_tickets,3,0.5,analytics,post_join_filter,PASS,3,1,0,0,0,0,0,
q3_support_tickets,3,0.5,analytics,view_barrier,PASS,8,1,1,1,0,0,0,
q3_support_tickets,3,0.5,analytics,predicate_injection,PASS,3,1,0,0,0,0,0,
q3_support_tickets,3,0.5,analytics,pcqv_forced,PASS,3,1,0,0,0,0,0,
q3_support_tickets,3,0.5,analytics,pcqv,PASS,3,1,0,0,0,0,0,
q3_support_tickets,3,0.5,analytics,oracle_order,PASS,3,1,0,0,0,0,0,
q3_support_tickets,3,0.5,support,reference,PASS,3,1,0,0,0,0,0,
q3_support_tickets,3,0.5,support,post_join_filter,PASS,3,1,0,0,0,0,0,
q3_support_tickets,3,0.5,support,view_barrier,PASS,8,1,1,1,0,0,0,
q3_support_tickets,3,0.5,support,predicate_injection,PASS,3,1,0,0,0,0,0,
q3_support_tickets,3,0.5,support,pcqv_forced,PASS,3,1,0,0,0,0,0,
q3_support_tickets,3,0.5,support,pcqv,PASS,3,1,0,0,0,0,0,
q3_support_tickets,3,0.5,support,oracle_order,PASS,3,1,0,0,0,0,0,
q3_support_tickets,3,0.5,billing,reference,PASS,3,1,0,0,0,0,0,
q3_support_tickets,3,0.5,billing,post_join_filter,PASS,3,1,0,0,0,0,0,
q3_support_tickets,3,0.5,billing,view_barrier,PASS,8,1,1,1,0,0,0,
q3_support_tickets,3,0.5,billing,predicate_injection,PASS,3,1,0,0,0,0,0,
q3_support_tickets,3,0.5,billing,pcqv_forced,PASS,3,1,0,0,0,0,0,
q3_support_tickets,3,0.5,billing,pcqv,PASS,3,1,0,0,0,0,0,
q3_support_tickets,3,0.5,billing,oracle_order,PASS,3,1,0,0,0,0,0,
q3_support_tickets,4,0.025,analytics,reference,PASS,3,1,0,0,0,0,0,
q3_support_tickets,4,0.025,analytics,post_join_filter,PASS,3,1,0,0,0,0,0,
q3_support_tickets,4,0.025,analytics,view_barrier,PASS,8,1,1,1,0,0,0,
q3_support_tickets,4,0.025,analytics,predicate_injection,PASS,3,1,0,0,0,0,0,
q3_support_tickets,4,0.025,analytics,pcqv_forced,PASS,3,1,0,0,0,0,0,
q3_support_tickets,4,0.025,analytics,pcqv,PASS,3,1,0,0,0,0,0,
q3_support_tickets,4,0.025,analytics,oracle_order,PASS,3,1,0,0,0,0,0,
q3_support_tickets,4,0.025,support,reference,PASS,3,1,0,0,0,0,0,
q3_support_tickets,4,0.025,support,post_join_filter,PASS,3,1,0,0,0,0,0,
q3_support_tickets,4,0.025,support,view_barrier,PASS,8,1,1,1,0,0,0,
q3_support_tickets,4,0.025,support,predicate_injection,PASS,3,1,0,0,0,0,0,
q3_support_tickets,4,0.025,support,pcqv_forced,PASS,3,1,0,0,0,0,0,
q3_support_tickets,4,0.025,support,pcqv,PASS,3,1,0,0,0,0,0,
q3_support_tickets,4,0.025,support,oracle_order,PASS,3,1,0,0,0,0,0,
q3_support_tickets,4,0.025,billing,reference,PASS,3,1,0,0,0,0,0,
q3_support_tickets,4,0.025,billing,post_join_filter,PASS,3,1,0,0,0,0,0,
q3_support_tickets,4,0.025,billing,view_barrier,PASS,8,1,1,1,0,0,0,
q3_support_tickets,4,0.025,billing,predicate_injection,PASS,3,1,0,0,0,0,0,
q3_support_tickets,4,0.025,billing,pcqv_forced,PASS,3,1,0,0,0,0,0,
q3_support_tickets,4,0.025,billing,pcqv,PASS,3,1,0,0,0,0,0,
q3_support_tickets,4,0.025,billing,oracle_order,PASS,3,1,0,0,0,0,0,
q3_support_tickets,4,0.1,analytics,reference,PASS,3,1,0,0,0,0,0,
q3_support_tickets,4,0.1,analytics,post_join_filter,PASS,3,1,0,0,0,0,0,
q3_support_tickets,4,0.1,analytics,view_barrier,PASS,8,1,1,1,0,0,0,
q3_support_tickets,4,0.1,analytics,predicate_injection,PASS,3,1,0,0,0,0,0,
q3_support_tickets,4,0.1,analytics,pcqv_forced,PASS,3,1,0,0,0,0,0,
q3_support_tickets,4,0.1,analytics,pcqv,PASS,3,1,0,0,0,0,0,
q3_support_tickets,4,0.1,analytics,oracle_order,PASS,3,1,0,0,0,0,0,
q3_support_tickets,4,0.1,support,reference,PASS,3,1,0,0,0,0,0,
q3_support_tickets,4,0.1,support,post_join_filter,PASS,3,1,0,0,0,0,0,
q3_support_tickets,4,0.1,support,view_barrier,PASS,8,1,1,1,0,0,0,
q3_support_tickets,4,0.1,support,predicate_injection,PASS,3,1,0,0,0,0,0,
q3_support_tickets,4,0.1,support,pcqv_forced,PASS,3,1,0,0,0,0,0,
q3_support_tickets,4,0.1,support,pcqv,PASS,3,1,0,0,0,0,0,
q3_support_tickets,4,0.1,support,oracle_order,PASS,3,1,0,0,0,0,0,
q3_support_tickets,4,0.1,billing,reference,PASS,3,1,0,0,0,0,0,
q3_support_tickets,4,0.1,billing,post_join_filter,PASS,3,1,0,0,0,0,0,
q3_support_tickets,4,0.1,billing,view_barrier,PASS,8,1,1,1,0,0,0,
q3_support_tickets,4,0.1,billing,predicate_injection,PASS,3,1,0,0,0,0,0,
q3_support_tickets,4,0.1,billing,pcqv_forced,PASS,3,1,0,0,0,0,0,
q3_support_tickets,4,0.1,billing,pcqv,PASS,3,1,0,0,0,0,0,
q3_support_tickets,4,0.1,billing,oracle_order,PASS,3,1,0,0,0,0,0,
q3_support_tickets,4,0.5,analytics,reference,PASS,3,1,0,0,0,0,0,
q3_support_tickets,4,0.5,analytics,post_join_filter,PASS,3,1,0,0,0,0,0,
q3_support_tickets,4,0.5,analytics,view_barrier,PASS,8,1,1,1,0,0,0,
q3_support_tickets,4,0.5,analytics,predicate_injection,PASS,3,1,0,0,0,0,0,
q3_support_tickets,4,0.5,analytics,pcqv_forced,PASS,3,1,0,0,0,0,0,
q3_support_tickets,4,0.5,analytics,pcqv,PASS,3,1,0,0,0,0,0,
q3_support_tickets,4,0.5,analytics,oracle_order,PASS,3,1,0,0,0,0,0,
q3_support_tickets,4,0.5,support,reference,PASS,3,1,0,0,0,0,0,
q3_support_tickets,4,0.5,support,post_join_filter,PASS,3,1,0,0,0,0,0,
q3_support_tickets,4,0.5,support,view_barrier,PASS,8,1,1,1,0,0,0,
q3_support_tickets,4,0.5,support,predicate_injection,PASS,3,1,0,0,0,0,0,
q3_support_tickets,4,0.5,support,pcqv_forced,PASS,3,1,0,0,0,0,0,
q3_support_tickets,4,0.5,support,pcqv,PASS,3,1,0,0,0,0,0,
q3_support_tickets,4,0.5,support,oracle_order,PASS,3,1,0,0,0,0,0,
q3_support_tickets,4,0.5,billing,reference,PASS,3,1,0,0,0,0,0,
q3_support_tickets,4,0.5,billing,post_join_filter,PASS,3,1,0,0,0,0,0,
q3_support_tickets,4,0.5,billing,view_barrier,PASS,8,1,1,1,0,0,0,
q3_support_tickets,4,0.5,billing,predicate_injection,PASS,3,1,0,0,0,0,0,
q3_support_tickets,4,0.5,billing,pcqv_forced,PASS,3,1,0,0,0,0,0,
q3_support_tickets,4,0.5,billing,pcqv,PASS,3,1,0,0,0,0,0,
q3_support_tickets,4,0.5,billing,oracle_order,PASS,3,1,0,0,0,0,0,
q3_support_tickets,5,0.025,analytics,reference,PASS,5,1,0,1,0,0,0,
q3_support_tickets,5,0.025,analytics,post_join_filter,PASS,5,1,0,1,0,0,0,
q3_support_tickets,5,0.025,analytics,view_barrier,PASS,10,1,1,1,0,0,0,
q3_support_tickets,5,0.025,analytics,predicate_injection,PASS,5,1,0,1,0,0,0,
q3_support_tickets,5,0.025,analytics,pcqv_forced,PASS,5,1,0,1,0,0,0,
q3_support_tickets,5,0.025,analytics,pcqv,PASS,5,1,0,1,0,0,0,
q3_support_tickets,5,0.025,analytics,oracle_order,PASS,5,1,0,1,0,0,0,
q3_support_tickets,5,0.025,support,reference,PASS,5,1,0,1,0,0,0,
q3_support_tickets,5,0.025,support,post_join_filter,PASS,5,1,0,1,0,0,0,
q3_support_tickets,5,0.025,support,view_barrier,PASS,10,1,1,1,0,0,0,
q3_support_tickets,5,0.025,support,predicate_injection,PASS,5,1,0,1,0,0,0,
q3_support_tickets,5,0.025,support,pcqv_forced,PASS,5,1,0,1,0,0,0,
q3_support_tickets,5,0.025,support,pcqv,PASS,5,1,0,1,0,0,0,
q3_support_tickets,5,0.025,support,oracle_order,PASS,5,1,0,1,0,0,0,
q3_support_tickets,5,0.025,billing,reference,PASS,5,1,0,1,0,0,0,
q3_support_tickets,5,0.025,billing,post_join_filter,PASS,5,1,0,1,0,0,0,
q3_support_tickets,5,0.025,billing,view_barrier,PASS,10,1,1,1,0,0,0,
q3_support_tickets,5,0.025,billing,predicate_injection,PASS,5,1,0,1,0,0,0,
q3_support_tickets,5,0.025,billing,pcqv_forced,PASS,5,1,0,1,0,0,0,
q3_support_tickets,5,0.025,billing,pcqv,PASS,5,1,0,1,0,0,0,
q3_support_tickets,5,0.025,billing,oracle_order,PASS,5,1,0,1,0,0,0,
q3_support_tickets,5,0.1,analytics,reference,PASS,5,1,0,1,0,0,0,
q3_support_tickets,5,0.1,analytics,post_join_filter,PASS,5,1,0,1,0,0,0,
q3_support_tickets,5,0.1,analytics,view_barrier,PASS,10,1,1,1,0,0,0,
q3_support_tickets,5,0.1,analytics,predicate_injection,PASS,5,1,0,1,0,0,0,
q3_support_tickets,5,0.1,analytics,pcqv_forced,PASS,5,1,0,1,0,0,0,
q3_support_tickets,5,0.1,analytics,pcqv,PASS,5,1,0,1,0,0,0,
q3_support_tickets,5,0.1,analytics,oracle_order,PASS,5,1,0,1,0,0,0,
q3_support_tickets,5,0.1,support,reference,PASS,5,1,0,1,0,0,0,
q3_support_tickets,5,0.1,support,post_join_filter,PASS,5,1,0,1,0,0,0,
q3_support_tickets,5,0.1,support,view_barrier,PASS,10,1,1,1,0,0,0,
q3_support_tickets,5,0.1,support,predicate_injection,PASS,5,1,0,1,0,0,0,
q3_support_tickets,5,0.1,support,pcqv_forced,PASS,5,1,0,1,0,0,0,
q3_support_tickets,5,0.1,support,pcqv,PASS,5,1,0,1,0,0,0,
q3_support_tickets,5,0.1,support,oracle_order,PASS,5,1,0,1,0,0,0,
q3_support_tickets,5,0.1,billing,reference,PASS,5,1,0,1,0,0,0,
q3_support_tickets,5,0.1,billing,post_join_filter,PASS,5,1,0,1,0,0,0,
q3_support_tickets,5,0.1,billing,view_barrier,PASS,10,1,1,1,0,0,0,
q3_support_tickets,5,0.1,billing,predicate_injection,PASS,5,1,0,1,0,0,0,
q3_support_tickets,5,0.1,billing,pcqv_forced,PASS,5,1,0,1,0,0,0,
q3_support_tickets,5,0.1,billing,pcqv,PASS,5,1,0,1,0,0,0,
q3_support_tickets,5,0.1,billing,oracle_order,PASS,5,1,0,1,0,0,0,
q3_support_tickets,5,0.5,analytics,reference,PASS,5,1,0,1,0,0,0,
q3_support_tickets,5,0.5,analytics,post_join_filter,PASS,5,1,0,1,0,0,0,
q3_support_tickets,5,0.5,analytics,view_barrier,PASS,10,1,1,1,0,0,0,
q3_support_tickets,5,0.5,analytics,predicate_injection,PASS,5,1,0,1,0,0,0,
q3_support_tickets,5,0.5,analytics,pcqv_forced,PASS,5,1,0,1,0,0,0,
q3_support_tickets,5,0.5,analytics,pcqv,PASS,5,1,0,1,0,0,0,
q3_support_tickets,5,0.5,analytics,oracle_order,PASS,5,1,0,1,0,0,0,
q3_support_tickets,5,0.5,support,reference,PASS,5,1,0,1,0,0,0,
q3_support_tickets,5,0.5,support,post_join_filter,PASS,5,1,0,1,0,0,0,
q3_support_tickets,5,0.5,support,view_barrier,PASS,10,1,1,1,0,0,0,
q3_support_tickets,5,0.5,support,predicate_injection,PASS,5,1,0,1,0,0,0,
q3_support_tickets,5,0.5,support,pcqv_forced,PASS,5,1,0,1,0,0,0,
q3_support_tickets,5,0.5,support,pcqv,PASS,5,1,0,1,0,0,0,
q3_support_tickets,5,0.5,support,oracle_order,PASS,5,1,0,1,0,0,0,
q3_support_tickets,5,0.5,billing,reference,PASS,5,1,0,1,0,0,0,
q3_support_tickets,5,0.5,billing,post_join_filter,PASS,5,1,0,1,0,0,0,
q3_support_tickets,5,0.5,billing,view_barrier,PASS,10,1,1,1,0,0,0,
q3_support_tickets,5,0.5,billing,predicate_injection,PASS,5,1,0,1,0,0,0,
q3_support_tickets,5,0.5,billing,pcqv_forced,PASS,5,1,0,1,0,0,0,
q3_support_tickets,5,0.5,billing,pcqv,PASS,5,1,0,1,0,0,0,
q3_support_tickets,5,0.5,billing,oracle_order,PASS,5,1,0,1,0,0,0,
q3_support_tickets,6,0.025,analytics,reference,PASS,5,1,0,1,0,0,0,
q3_support_tickets,6,0.025,analytics,post_join_filter,PASS,5,1,0,1,0,0,0,
q3_support_tickets,6,0.025,analytics,view_barrier,PASS,10,1,1,1,0,0,0,
q3_support_tickets,6,0.025,analytics,predicate_injection,PASS,5,1,0,1,0,0,0,
q3_support_tickets,6,0.025,analytics,pcqv_forced,PASS,5,1,0,1,0,0,0,
q3_support_tickets,6,0.025,analytics,pcqv,PASS,5,1,0,1,0,0,0,
q3_support_tickets,6,0.025,analytics,oracle_order,PASS,5,1,0,1,0,0,0,
q3_support_tickets,6,0.025,support,reference,PASS,5,1,0,1,0,0,0,
q3_support_tickets,6,0.025,support,post_join_filter,PASS,5,1,0,1,0,0,0,
q3_support_tickets,6,0.025,support,view_barrier,PASS,10,1,1,1,0,0,0,
q3_support_tickets,6,0.025,support,predicate_injection,PASS,5,1,0,1,0,0,0,
q3_support_tickets,6,0.025,support,pcqv_forced,PASS,5,1,0,1,0,0,0,
q3_support_tickets,6,0.025,support,pcqv,PASS,5,1,0,1,0,0,0,
q3_support_tickets,6,0.025,support,oracle_order,PASS,5,1,0,1,0,0,0,
q3_support_tickets,6,0.025,billing,reference,PASS,5,1,0,1,0,0,0,
q3_support_tickets,6,0.025,billing,post_join_filter,PASS,5,1,0,1,0,0,0,
q3_support_tickets,6,0.025,billing,view_barrier,PASS,10,1,1,1,0,0,0,
q3_support_tickets,6,0.025,billing,predicate_injection,PASS,5,1,0,1,0,0,0,
q3_support_tickets,6,0.025,billing,pcqv_forced,PASS,5,1,0,1,0,0,0,
q3_support_tickets,6,0.025,billing,pcqv,PASS,5,1,0,1,0,0,0,
q3_support_tickets,6,0.025,billing,oracle_order,PASS,5,1,0,1,0,0,0,
q3_support_tickets,6,0.1,analytics,reference,PASS,5,1,0,1,0,0,0,
q3_support_tickets,6,0.1,analytics,post_join_filter,PASS,5,1,0,1,0,0,0,
q3_support_tickets,6,0.1,analytics,view_barrier,PASS,10,1,1,1,0,0,0,
q3_support_tickets,6,0.1,analytics,predicate_injection,PASS,5,1,0,1,0,0,0,
q3_support_tickets,6,0.1,analytics,pcqv_forced,PASS,5,1,0,1,0,0,0,
q3_support_tickets,6,0.1,analytics,pcqv,PASS,5,1,0,1,0,0,0,
q3_support_tickets,6,0.1,analytics,oracle_order,PASS,5,1,0,1,0,0,0,
q3_support_tickets,6,0.1,support,reference,PASS,5,1,0,1,0,0,0,
q3_support_tickets,6,0.1,support,post_join_filter,PASS,5,1,0,1,0,0,0,
q3_support_tickets,6,0.1,support,view_barrier,PASS,10,1,1,1,0,0,0,
q3_support_tickets,6,0.1,support,predicate_injection,PASS,5,1,0,1,0,0,0,
q3_support_tickets,6,0.1,support,pcqv_forced,PASS,5,1,0,1,0,0,0,
q3_support_tickets,6,0.1,support,pcqv,PASS,5,1,0,1,0,0,0,
q3_support_tickets,6,0.1,support,oracle_order,PASS,5,1,0,1,0,0,0,
q3_support_tickets,6,0.1,billing,reference,PASS,5,1,0,1,0,0,0,
q3_support_tickets,6,0.1,billing,post_join_filter,PASS,5,1,0,1,0,0,0,
q3_support_tickets,6,0.1,billing,view_barrier,PASS,10,1,1,1,0,0,0,
q3_support_tickets,6,0.1,billing,predicate_injection,PASS,5,1,0,1,0,0,0,
q3_support_tickets,6,0.1,billing,pcqv_forced,PASS,5,1,0,1,0,0,0,
q3_support_tickets,6,0.1,billing,pcqv,PASS,5,1,0,1,0,0,0,
q3_support_tickets,6,0.1,billing,oracle_order,PASS,5,1,0,1,0,0,0,
q3_support_tickets,6,0.5,analytics,reference,PASS,5,1,0,1,0,0,0,
q3_support_tickets,6,0.5,analytics,post_join_filter,PASS,5,1,0,1,0,0,0,
q3_support_tickets,6,0.5,analytics,view_barrier,PASS,10,1,1,1,0,0,0,
q3_support_tickets,6,0.5,analytics,predicate_injection,PASS,5,1,0,1,0,0,0,
q3_support_tickets,6,0.5,analytics,pcqv_forced,PASS,5,1,0,1,0,0,0,
q3_support_tickets,6,0.5,analytics,pcqv,PASS,5,1,0,1,0,0,0,
q3_support_tickets,6,0.5,analytics,oracle_order,PASS,5,1,0,1,0,0,0,
q3_support_tickets,6,0.5,support,reference,PASS,5,1,0,1,0,0,0,
q3_support_tickets,6,0.5,support,post_join_filter,PASS,5,1,0,1,0,0,0,
q3_support_tickets,6,0.5,support,view_barrier,PASS,10,1,1,1,0,0,0,
q3_support_tickets,6,0.5,support,predicate_injection,PASS,5,1,0,1,0,0,0,
q3_support_tickets,6,0.5,support,pcqv_forced,PASS,5,1,0,1,0,0,0,
q3_support_tickets,6,0.5,support,pcqv,PASS,5,1,0,1,0,0,0,
q3_support_tickets,6,0.5,support,oracle_order,PASS,5,1,0,1,0,0,0,
q3_support_tickets,6,0.5,billing,reference,PASS,5,1,0,1,0,0,0,
q3_support_tickets,6,0.5,billing,post_join_filter,PASS,5,1,0,1,0,0,0,
q3_support_tickets,6,0.5,billing,view_barrier,PASS,10,1,1,1,0,0,0,
q3_support_tickets,6,0.5,billing,predicate_injection,PASS,5,1,0,1,0,0,0,
q3_support_tickets,6,0.5,billing,pcqv_forced,PASS,5,1,0,1,0,0,0,
q3_support_tickets,6,0.5,billing,pcqv,PASS,5,1,0,1,0,0,0,
q3_support_tickets,6,0.5,billing,oracle_order,PASS,5,1,0,1,0,0,0,
q4_revenue_by_region,1,0.025,analytics,reference,PASS,4,1,0,0,0,0,0,
q4_revenue_by_region,1,0.025,analytics,post_join_filter,PASS,5,1,0,0,0,0,0,
q4_revenue_by_region,1,0.025,analytics,view_barrier,PASS,13,1,1,1,0,0,0,
q4_revenue_by_region,1,0.025,analytics,predicate_injection,PASS,4,1,0,0,0,0,0,
q4_revenue_by_region,1,0.025,analytics,pcqv_forced,PASS,4,1,0,0,0,0,0,
q4_revenue_by_region,1,0.025,analytics,pcqv,PASS,4,1,0,0,0,0,0,
q4_revenue_by_region,1,0.025,analytics,oracle_order,PASS,4,1,0,0,0,0,0,
q4_revenue_by_region,1,0.025,support,reference,PASS,4,1,0,0,0,0,0,
q4_revenue_by_region,1,0.025,support,post_join_filter,PASS,5,1,0,0,0,0,0,
q4_revenue_by_region,1,0.025,support,view_barrier,PASS,13,1,1,1,0,0,0,
q4_revenue_by_region,1,0.025,support,predicate_injection,PASS,4,1,0,0,0,0,0,
q4_revenue_by_region,1,0.025,support,pcqv_forced,PASS,4,1,0,0,0,0,0,
q4_revenue_by_region,1,0.025,support,pcqv,PASS,4,1,0,0,0,0,0,
q4_revenue_by_region,1,0.025,support,oracle_order,PASS,4,1,0,0,0,0,0,
q4_revenue_by_region,1,0.025,billing,reference,PASS,4,1,0,0,0,0,0,
q4_revenue_by_region,1,0.025,billing,post_join_filter,PASS,5,1,0,0,0,0,0,
q4_revenue_by_region,1,0.025,billing,view_barrier,PASS,13,1,1,1,0,0,0,
q4_revenue_by_region,1,0.025,billing,predicate_injection,PASS,4,1,0,0,0,0,0,
q4_revenue_by_region,1,0.025,billing,pcqv_forced,PASS,4,1,0,0,0,0,0,
q4_revenue_by_region,1,0.025,billing,pcqv,PASS,4,1,0,0,0,0,0,
q4_revenue_by_region,1,0.025,billing,oracle_order,PASS,4,1,0,0,0,0,0,
q4_revenue_by_region,1,0.1,analytics,reference,PASS,5,1,0,0,0,0,0,
q4_revenue_by_region,1,0.1,analytics,post_join_filter,PASS,5,1,0,0,0,0,0,
q4_revenue_by_region,1,0.1,analytics,view_barrier,PASS,13,1,1,1,0,0,0,
q4_revenue_by_region,1,0.1,analytics,predicate_injection,PASS,5,1,0,0,0,0,0,
q4_revenue_by_region,1,0.1,analytics,pcqv_forced,PASS,5,1,0,0,0,0,0,
q4_revenue_by_region,1,0.1,analytics,pcqv,PASS,5,1,0,0,0,0,0,
q4_revenue_by_region,1,0.1,analytics,oracle_order,PASS,5,1,0,0,0,0,0,
q4_revenue_by_region,1,0.1,support,reference,PASS,5,1,0,0,0,0,0,
q4_revenue_by_region,1,0.1,support,post_join_filter,PASS,5,1,0,0,0,0,0,
q4_revenue_by_region,1,0.1,support,view_barrier,PASS,13,1,1,1,0,0,0,
q4_revenue_by_region,1,0.1,support,predicate_injection,PASS,5,1,0,0,0,0,0,
q4_revenue_by_region,1,0.1,support,pcqv_forced,PASS,5,1,0,0,0,0,0,
q4_revenue_by_region,1,0.1,support,pcqv,PASS,5,1,0,0,0,0,0,
q4_revenue_by_region,1,0.1,support,oracle_order,PASS,5,1,0,0,0,0,0,
q4_revenue_by_region,1,0.1,billing,reference,PASS,5,1,0,0,0,0,0,
q4_revenue_by_region,1,0.1,billing,post_join_filter,PASS,5,1,0,0,0,0,0,
q4_revenue_by_region,1,0.1,billing,view_barrier,PASS,13,1,1,1,0,0,0,
q4_revenue_by_region,1,0.1,billing,predicate_injection,PASS,5,1,0,0,0,0,0,
q4_revenue_by_region,1,0.1,billing,pcqv_forced,PASS,5,1,0,0,0,0,0,
q4_revenue_by_region,1,0.1,billing,pcqv,PASS,5,1,0,0,0,0,0,
q4_revenue_by_region,1,0.1,billing,oracle_order,PASS,5,1,0,0,0,0,0,
q4_revenue_by_region,1,0.5,analytics,reference,PASS,5,1,0,0,0,0,0,
q4_revenue_by_region,1,0.5,analytics,post_join_filter,PASS,7,1,0,0,0,0,0,
q4_revenue_by_region,1,0.5,analytics,view_barrier,PASS,13,1,1,1,0,0,0,
q4_revenue_by_region,1,0.5,analytics,predicate_injection,PASS,5,1,0,0,0,0,0,
q4_revenue_by_region,1,0.5,analytics,pcqv_forced,PASS,5,1,0,0,0,0,0,
q4_revenue_by_region,1,0.5,analytics,pcqv,PASS,5,1,0,0,0,0,0,
q4_revenue_by_region,1,0.5,analytics,oracle_order,PASS,5,1,0,0,0,0,0,
q4_revenue_by_region,1,0.5,support,reference,PASS,5,1,0,0,0,0,0,
q4_revenue_by_region,1,0.5,support,post_join_filter,PASS,7,1,0,0,0,0,0,
q4_revenue_by_region,1,0.5,support,view_barrier,PASS,13,1,1,1,0,0,0,
q4_revenue_by_region,1,0.5,support,predicate_injection,PASS,5,1,0,0,0,0,0,
q4_revenue_by_region,1,0.5,support,pcqv_forced,PASS,5,1,0,0,0,0,0,
q4_revenue_by_region,1,0.5,support,pcqv,PASS,5,1,0,0,0,0,0,
q4_revenue_by_region,1,0.5,support,oracle_order,PASS,5,1,0,0,0,0,0,
q4_revenue_by_region,1,0.5,billing,reference,PASS,5,1,0,0,0,0,0,
q4_revenue_by_region,1,0.5,billing,post_join_filter,PASS,7,1,0,0,0,0,0,
q4_revenue_by_region,1,0.5,billing,view_barrier,PASS,13,1,1,1,0,0,0,
q4_revenue_by_region,1,0.5,billing,predicate_injection,PASS,5,1,0,0,0,0,0,
q4_revenue_by_region,1,0.5,billing,pcqv_forced,PASS,5,1,0,0,0,0,0,
q4_revenue_by_region,1,0.5,billing,pcqv,PASS,5,1,0,0,0,0,0,
q4_revenue_by_region,1,0.5,billing,oracle_order,PASS,5,1,0,0,0,0,0,
q4_revenue_by_region,2,0.025,analytics,reference,PASS,4,1,0,0,0,0,0,
q4_revenue_by_region,2,0.025,analytics,post_join_filter,PASS,5,1,0,0,0,0,0,
q4_revenue_by_region,2,0.025,analytics,view_barrier,PASS,13,1,1,1,0,0,0,
q4_revenue_by_region,2,0.025,analytics,predicate_injection,PASS,4,1,0,0,0,0,0,
q4_revenue_by_region,2,0.025,analytics,pcqv_forced,PASS,4,1,0,0,0,0,0,
q4_revenue_by_region,2,0.025,analytics,pcqv,PASS,4,1,0,0,0,0,0,
q4_revenue_by_region,2,0.025,analytics,oracle_order,PASS,4,1,0,0,0,0,0,
q4_revenue_by_region,2,0.025,support,reference,PASS,4,1,0,0,0,0,0,
q4_revenue_by_region,2,0.025,support,post_join_filter,PASS,5,1,0,0,0,0,0,
q4_revenue_by_region,2,0.025,support,view_barrier,PASS,13,1,1,1,0,0,0,
q4_revenue_by_region,2,0.025,support,predicate_injection,PASS,4,1,0,0,0,0,0,
q4_revenue_by_region,2,0.025,support,pcqv_forced,PASS,4,1,0,0,0,0,0,
q4_revenue_by_region,2,0.025,support,pcqv,PASS,4,1,0,0,0,0,0,
q4_revenue_by_region,2,0.025,support,oracle_order,PASS,4,1,0,0,0,0,0,
q4_revenue_by_region,2,0.025,billing,reference,PASS,4,1,0,0,0,0,0,
q4_revenue_by_region,2,0.025,billing,post_join_filter,PASS,5,1,0,0,0,0,0,
q4_revenue_by_region,2,0.025,billing,view_barrier,PASS,13,1,1,1,0,0,0,
q4_revenue_by_region,2,0.025,billing,predicate_injection,PASS,4,1,0,0,0,0,0,
q4_revenue_by_region,2,0.025,billing,pcqv_forced,PASS,4,1,0,0,0,0,0,
q4_revenue_by_region,2,0.025,billing,pcqv,PASS,4,1,0,0,0,0,0,
q4_revenue_by_region,2,0.025,billing,oracle_order,PASS,4,1,0,0,0,0,0,
q4_revenue_by_region,2,0.1,analytics,reference,PASS,5,1,0,0,0,0,0,
q4_revenue_by_region,2,0.1,analytics,post_join_filter,PASS,5,1,0,0,0,0,0,
q4_revenue_by_region,2,0.1,analytics,view_barrier,PASS,13,1,1,1,0,0,0,
q4_revenue_by_region,2,0.1,analytics,predicate_injection,PASS,5,1,0,0,0,0,0,
q4_revenue_by_region,2,0.1,analytics,pcqv_forced,PASS,4,1,0,0,0,0,0,
q4_revenue_by_region,2,0.1,analytics,pcqv,PASS,4,1,0,0,0,0,0,
q4_revenue_by_region,2,0.1,analytics,oracle_order,PASS,4,1,0,0,0,0,0,
q4_revenue_by_region,2,0.1,support,reference,PASS,5,1,0,0,0,0,0,
q4_revenue_by_region,2,0.1,support,post_join_filter,PASS,5,1,0,0,0,0,0,
q4_revenue_by_region,2,0.1,support,view_barrier,PASS,13,1,1,1,0,0,0,
q4_revenue_by_region,2,0.1,support,predicate_injection,PASS,5,1,0,0,0,0,0,
q4_revenue_by_region,2,0.1,support,pcqv_forced,PASS,4,1,0,0,0,0,0,
q4_revenue_by_region,2,0.1,support,pcqv,PASS,4,1,0,0,0,0,0,
q4_revenue_by_region,2,0.1,support,oracle_order,PASS,4,1,0,0,0,0,0,
q4_revenue_by_region,2,0.1,billing,reference,PASS,5,1,0,0,0,0,0,
q4_revenue_by_region,2,0.1,billing,post_join_filter,PASS,5,1,0,0,0,0,0,
q4_revenue_by_region,2,0.1,billing,view_barrier,PASS,13,1,1,1,0,0,0,
q4_revenue_by_region,2,0.1,billing,predicate_injection,PASS,5,1,0,0,0,0,0,
q4_revenue_by_region,2,0.1,billing,pcqv_forced,PASS,4,1,0,0,0,0,0,
q4_revenue_by_region,2,0.1,billing,pcqv,PASS,4,1,0,0,0,0,0,
q4_revenue_by_region,2,0.1,billing,oracle_order,PASS,4,1,0,0,0,0,0,
q4_revenue_by_region,2,0.5,analytics,reference,PASS,4,1,0,0,0,0,0,
q4_revenue_by_region,2,0.5,analytics,post_join_filter,PASS,7,1,0,0,0,0,0,
q4_revenue_by_region,2,0.5,analytics,view_barrier,PASS,13,1,1,1,0,0,0,
q4_revenue_by_region,2,0.5,analytics,predicate_injection,PASS,4,1,0,0,0,0,0,
q4_revenue_by_region,2,0.5,analytics,pcqv_forced,PASS,4,1,0,0,0,0,0,
q4_revenue_by_region,2,0.5,analytics,pcqv,PASS,4,1,0,0,0,0,0,
q4_revenue_by_region,2,0.5,analytics,oracle_order,PASS,4,1,0,0,0,0,0,
q4_revenue_by_region,2,0.5,support,reference,PASS,4,1,0,0,0,0,0,
q4_revenue_by_region,2,0.5,support,post_join_filter,PASS,7,1,0,0,0,0,0,
q4_revenue_by_region,2,0.5,support,view_barrier,PASS,13,1,1,1,0,0,0,
q4_revenue_by_region,2,0.5,support,predicate_injection,PASS,4,1,0,0,0,0,0,
q4_revenue_by_region,2,0.5,support,pcqv_forced,PASS,4,1,0,0,0,0,0,
q4_revenue_by_region,2,0.5,support,pcqv,PASS,4,1,0,0,0,0,0,
q4_revenue_by_region,2,0.5,support,oracle_order,PASS,4,1,0,0,0,0,0,
q4_revenue_by_region,2,0.5,billing,reference,PASS,4,1,0,0,0,0,0,
q4_revenue_by_region,2,0.5,billing,post_join_filter,PASS,7,1,0,0,0,0,0,
q4_revenue_by_region,2,0.5,billing,view_barrier,PASS,13,1,1,1,0,0,0,
q4_revenue_by_region,2,0.5,billing,predicate_injection,PASS,4,1,0,0,0,0,0,
q4_revenue_by_region,2,0.5,billing,pcqv_forced,PASS,4,1,0,0,0,0,0,
q4_revenue_by_region,2,0.5,billing,pcqv,PASS,4,1,0,0,0,0,0,
q4_revenue_by_region,2,0.5,billing,oracle_order,PASS,4,1,0,0,0,0,0,
q4_revenue_by_region,3,0.025,analytics,reference,PASS,4,1,0,0,0,0,0,
q4_revenue_by_region,3,0.025,analytics,post_join_filter,PASS,5,1,0,0,0,0,0,
q4_revenue_by_region,3,0.025,analytics,view_barrier,PASS,13,1,1,1,0,0,0,
q4_revenue_by_region,3,0.025,analytics,predicate_injection,PASS,4,1,0,0,0,0,0,
q4_revenue_by_region,3,0.025,analytics,pcqv_forced,PASS,4,1,0,0,0,0,0,
q4_revenue_by_region,3,0.025,analytics,pcqv,PASS,4,1,0,0,0,0,0,
q4_revenue_by_region,3,0.025,analytics,oracle_order,PASS,4,1,0,0,0,0,0,
q4_revenue_by_region,3,0.025,support,reference,PASS,4,1,0,0,0,0,0,
q4_revenue_by_region,3,0.025,support,post_join_filter,PASS,5,1,0,0,0,0,0,
q4_revenue_by_region,3,0.025,support,view_barrier,PASS,13,1,1,1,0,0,0,
q4_revenue_by_region,3,0.025,support,predicate_injection,PASS,4,1,0,0,0,0,0,
q4_revenue_by_region,3,0.025,support,pcqv_forced,PASS,4,1,0,0,0,0,0,
q4_revenue_by_region,3,0.025,support,pcqv,PASS,4,1,0,0,0,0,0,
q4_revenue_by_region,3,0.025,support,oracle_order,PASS,4,1,0,0,0,0,0,
q4_revenue_by_region,3,0.025,billing,reference,PASS,4,1,0,0,0,0,0,
q4_revenue_by_region,3,0.025,billing,post_join_filter,PASS,5,1,0,0,0,0,0,
q4_revenue_by_region,3,0.025,billing,view_barrier,PASS,13,1,1,1,0,0,0,
q4_revenue_by_region,3,0.025,billing,predicate_injection,PASS,4,1,0,0,0,0,0,
q4_revenue_by_region,3,0.025,billing,pcqv_forced,PASS,4,1,0,0,0,0,0,
q4_revenue_by_region,3,0.025,billing,pcqv,PASS,4,1,0,0,0,0,0,
q4_revenue_by_region,3,0.025,billing,oracle_order,PASS,4,1,0,0,0,0,0,
q4_revenue_by_region,3,0.1,analytics,reference,PASS,5,1,0,0,0,0,0,
q4_revenue_by_region,3,0.1,analytics,post_join_filter,PASS,5,1,0,0,0,0,0,
q4_revenue_by_region,3,0.1,analytics,view_barrier,PASS,13,1,1,1,0,0,0,
q4_revenue_by_region,3,0.1,analytics,predicate_injection,PASS,5,1,0,0,0,0,0,
q4_revenue_by_region,3,0.1,analytics,pcqv_forced,PASS,4,1,0,0,0,0,0,
q4_revenue_by_region,3,0.1,analytics,pcqv,PASS,4,1,0,0,0,0,0,
q4_revenue_by_region,3,0.1,analytics,oracle_order,PASS,4,1,0,0,0,0,0,
q4_revenue_by_region,3,0.1,support,reference,PASS,5,1,0,0,0,0,0,
q4_revenue_by_region,3,0.1,support,post_join_filter,PASS,5,1,0,0,0,0,0,
q4_revenue_by_region,3,0.1,support,view_barrier,PASS,13,1,1,1,0,0,0,
q4_revenue_by_region,3,0.1,support,predicate_injection,PASS,5,1,0,0,0,0,0,
q4_revenue_by_region,3,0.1,support,pcqv_forced,PASS,4,1,0,0,0,0,0,
q4_revenue_by_region,3,0.1,support,pcqv,PASS,4,1,0,0,0,0,0,
q4_revenue_by_region,3,0.1,support,oracle_order,PASS,4,1,0,0,0,0,0,
q4_revenue_by_region,3,0.1,billing,reference,PASS,5,1,0,0,0,0,0,
q4_revenue_by_region,3,0.1,billing,post_join_filter,PASS,5,1,0,0,0,0,0,
q4_revenue_by_region,3,0.1,billing,view_barrier,PASS,13,1,1,1,0,0,0,
q4_revenue_by_region,3,0.1,billing,predicate_injection,PASS,5,1,0,0,0,0,0,
q4_revenue_by_region,3,0.1,billing,pcqv_forced,PASS,4,1,0,0,0,0,0,
q4_revenue_by_region,3,0.1,billing,pcqv,PASS,4,1,0,0,0,0,0,
q4_revenue_by_region,3,0.1,billing,oracle_order,PASS,4,1,0,0,0,0,0,
q4_revenue_by_region,3,0.5,analytics,reference,PASS,6,1,0,0,0,0,0,
q4_revenue_by_region,3,0.5,analytics,post_join_filter,PASS,7,1,0,0,0,0,0,
q4_revenue_by_region,3,0.5,analytics,view_barrier,PASS,13,1,1,1,0,0,0,
q4_revenue_by_region,3,0.5,analytics,predicate_injection,PASS,6,1,0,0,0,0,0,
q4_revenue_by_region,3,0.5,analytics,pcqv_forced,PASS,4,1,0,0,0,0,0,
q4_revenue_by_region,3,0.5,analytics,pcqv,PASS,4,1,0,0,0,0,0,
q4_revenue_by_region,3,0.5,analytics,oracle_order,PASS,4,1,0,0,0,0,0,
q4_revenue_by_region,3,0.5,support,reference,PASS,6,1,0,0,0,0,0,
q4_revenue_by_region,3,0.5,support,post_join_filter,PASS,7,1,0,0,0,0,0,
q4_revenue_by_region,3,0.5,support,view_barrier,PASS,13,1,1,1,0,0,0,
q4_revenue_by_region,3,0.5,support,predicate_injection,PASS,6,1,0,0,0,0,0,
q4_revenue_by_region,3,0.5,support,pcqv_forced,PASS,4,1,0,0,0,0,0,
q4_revenue_by_region,3,0.5,support,pcqv,PASS,4,1,0,0,0,0,0,
q4_revenue_by_region,3,0.5,support,oracle_order,PASS,4,1,0,0,0,0,0,
q4_revenue_by_region,3,0.5,billing,reference,PASS,6,1,0,0,0,0,0,
q4_revenue_by_region,3,0.5,billing,post_join_filter,PASS,7,1,0,0,0,0,0,
q4_revenue_by_region,3,0.5,billing,view_barrier,PASS,13,1,1,1,0,0,0,
q4_revenue_by_region,3,0.5,billing,predicate_injection,PASS,6,1,0,0,0,0,0,
q4_revenue_by_region,3,0.5,billing,pcqv_forced,PASS,4,1,0,0,0,0,0,
q4_revenue_by_region,3,0.5,billing,pcqv,PASS,4,1,0,0,0,0,0,
q4_revenue_by_region,3,0.5,billing,oracle_order,PASS,4,1,0,0,0,0,0,
q4_revenue_by_region,4,0.025,analytics,reference,PASS,8,1,0,1,0,0,0,
q4_revenue_by_region,4,0.025,analytics,post_join_filter,PASS,5,1,0,0,0,0,0,
q4_revenue_by_region,4,0.025,analytics,view_barrier,PASS,17,1,1,1,0,0,0,
q4_revenue_by_region,4,0.025,analytics,predicate_injection,PASS,8,1,0,1,0,0,0,
q4_revenue_by_region,4,0.025,analytics,pcqv_forced,PASS,8,1,0,1,0,0,0,
q4_revenue_by_region,4,0.025,analytics,pcqv,PASS,8,1,0,1,0,0,0,
q4_revenue_by_region,4,0.025,analytics,oracle_order,PASS,8,1,0,1,0,0,0,
q4_revenue_by_region,4,0.025,support,reference,PASS,8,1,0,1,0,0,0,
q4_revenue_by_region,4,0.025,support,post_join_filter,PASS,5,1,0,0,0,0,0,
q4_revenue_by_region,4,0.025,support,view_barrier,PASS,17,1,1,1,0,0,0,
q4_revenue_by_region,4,0.025,support,predicate_injection,PASS,8,1,0,1,0,0,0,
q4_revenue_by_region,4,0.025,support,pcqv_forced,PASS,8,1,0,1,0,0,0,
q4_revenue_by_region,4,0.025,support,pcqv,PASS,8,1,0,1,0,0,0,
q4_revenue_by_region,4,0.025,support,oracle_order,PASS,8,1,0,1,0,0,0,
q4_revenue_by_region,4,0.025,billing,reference,PASS,8,1,0,1,0,0,0,
q4_revenue_by_region,4,0.025,billing,post_join_filter,PASS,5,1,0,0,0,0,0,
q4_revenue_by_region,4,0.025,billing,view_barrier,PASS,17,1,1,1,0,0,0,
q4_revenue_by_region,4,0.025,billing,predicate_injection,PASS,8,1,0,1,0,0,0,
q4_revenue_by_region,4,0.025,billing,pcqv_forced,PASS,8,1,0,1,0,0,0,
q4_revenue_by_region,4,0.025,billing,pcqv,PASS,8,1,0,1,0,0,0,
q4_revenue_by_region,4,0.025,billing,oracle_order,PASS,8,1,0,1,0,0,0,
q4_revenue_by_region,4,0.1,analytics,reference,PASS,9,1,0,1,0,0,0,
q4_revenue_by_region,4,0.1,analytics,post_join_filter,PASS,5,1,0,0,0,0,0,
q4_revenue_by_region,4,0.1,analytics,view_barrier,PASS,17,1,1,1,0,0,0,
q4_revenue_by_region,4,0.1,analytics,predicate_injection,PASS,9,1,0,1,0,0,0,
q4_revenue_by_region,4,0.1,analytics,pcqv_forced,PASS,8,1,0,1,0,0,0,
q4_revenue_by_region,4,0.1,analytics,pcqv,PASS,8,1,0,1,0,0,0,
q4_revenue_by_region,4,0.1,analytics,oracle_order,PASS,9,1,0,1,0,0,0,
q4_revenue_by_region,4,0.1,support,reference,PASS,9,1,0,1,0,0,0,
q4_revenue_by_region,4,0.1,support,post_join_filter,PASS,5,1,0,0,0,0,0,
q4_revenue_by_region,4,0.1,support,view_barrier,PASS,17,1,1,1,0,0,0,
q4_revenue_by_region,4,0.1,support,predicate_injection,PASS,9,1,0,1,0,0,0,
q4_revenue_by_region,4,0.1,support,pcqv_forced,PASS,8,1,0,1,0,0,0,
q4_revenue_by_region,4,0.1,support,pcqv,PASS,8,1,0,1,0,0,0,
q4_revenue_by_region,4,0.1,support,oracle_order,PASS,8,1,0,1,0,0,0,
q4_revenue_by_region,4,0.1,billing,reference,PASS,9,1,0,1,0,0,0,
q4_revenue_by_region,4,0.1,billing,post_join_filter,PASS,5,1,0,0,0,0,0,
q4_revenue_by_region,4,0.1,billing,view_barrier,PASS,17,1,1,1,0,0,0,
q4_revenue_by_region,4,0.1,billing,predicate_injection,PASS,9,1,0,1,0,0,0,
q4_revenue_by_region,4,0.1,billing,pcqv_forced,PASS,8,1,0,1,0,0,0,
q4_revenue_by_region,4,0.1,billing,pcqv,PASS,8,1,0,1,0,0,0,
q4_revenue_by_region,4,0.1,billing,oracle_order,PASS,9,1,0,1,0,0,0,
q4_revenue_by_region,4,0.5,analytics,reference,PASS,9,1,0,1,0,0,0,
q4_revenue_by_region,4,0.5,analytics,post_join_filter,PASS,7,1,0,0,0,0,0,
q4_revenue_by_region,4,0.5,analytics,view_barrier,PASS,17,1,1,1,0,0,0,
q4_revenue_by_region,4,0.5,analytics,predicate_injection,PASS,9,1,0,1,0,0,0,
q4_revenue_by_region,4,0.5,analytics,pcqv_forced,PASS,8,1,0,1,0,0,0,
q4_revenue_by_region,4,0.5,analytics,pcqv,PASS,8,1,0,1,0,0,0,
q4_revenue_by_region,4,0.5,analytics,oracle_order,PASS,9,1,0,1,0,0,0,
q4_revenue_by_region,4,0.5,support,reference,PASS,9,1,0,1,0,0,0,
q4_revenue_by_region,4,0.5,support,post_join_filter,PASS,7,1,0,0,0,0,0,
q4_revenue_by_region,4,0.5,support,view_barrier,PASS,17,1,1,1,0,0,0,
q4_revenue_by_region,4,0.5,support,predicate_injection,PASS,9,1,0,1,0,0,0,
q4_revenue_by_region,4,0.5,support,pcqv_forced,PASS,8,1,0,1,0,0,0,
q4_revenue_by_region,4,0.5,support,pcqv,PASS,8,1,0,1,0,0,0,
q4_revenue_by_region,4,0.5,support,oracle_order,PASS,9,1,0,1,0,0,0,
q4_revenue_by_region,4,0.5,billing,reference,PASS,9,1,0,1,0,0,0,
q4_revenue_by_region,4,0.5,billing,post_join_filter,PASS,7,1,0,0,0,0,0,
q4_revenue_by_region,4,0.5,billing,view_barrier,PASS,17,1,1,1,0,0,0,
q4_revenue_by_region,4,0.5,billing,predicate_injection,PASS,9,1,0,1,0,0,0,
q4_revenue_by_region,4,0.5,billing,pcqv_forced,PASS,8,1,0,1,0,0,0,
q4_revenue_by_region,4,0.5,billing,pcqv,PASS,8,1,0,1,0,0,0,
q4_revenue_by_region,4,0.5,billing,oracle_order,PASS,8,1,0,1,0,0,0,
q4_revenue_by_region,5,0.025,analytics,reference,PASS,10,1,0,1,0,0,0,
q4_revenue_by_region,5,0.025,analytics,post_join_filter,PASS,7,1,0,1,0,0,0,
q4_revenue_by_region,5,0.025,analytics,view_barrier,PASS,19,1,1,1,0,0,0,
q4_revenue_by_region,5,0.025,analytics,predicate_injection,PASS,10,1,0,1,0,0,0,
q4_revenue_by_region,5,0.025,analytics,pcqv_forced,PASS,10,1,0,1,0,0,0,
q4_revenue_by_region,5,0.025,analytics,pcqv,PASS,10,1,0,1,0,0,0,
q4_revenue_by_region,5,0.025,analytics,oracle_order,PASS,11,1,0,1,0,0,0,
q4_revenue_by_region,5,0.025,support,reference,PASS,10,1,0,1,0,0,0,
q4_revenue_by_region,5,0.025,support,post_join_filter,PASS,7,1,0,1,0,0,0,
q4_revenue_by_region,5,0.025,support,view_barrier,PASS,19,1,1,1,0,0,0,
q4_revenue_by_region,5,0.025,support,predicate_injection,PASS,10,1,0,1,0,0,0,
q4_revenue_by_region,5,0.025,support,pcqv_forced,PASS,10,1,0,1,0,0,0,
q4_revenue_by_region,5,0.025,support,pcqv,PASS,10,1,0,1,0,0,0,
q4_revenue_by_region,5,0.025,support,oracle_order,PASS,11,1,0,1,0,0,0,
q4_revenue_by_region,5,0.025,billing,reference,PASS,10,1,0,1,0,0,0,
q4_revenue_by_region,5,0.025,billing,post_join_filter,PASS,7,1,0,1,0,0,0,
q4_revenue_by_region,5,0.025,billing,view_barrier,PASS,19,1,1,1,0,0,0,
q4_revenue_by_region,5,0.025,billing,predicate_injection,PASS,10,1,0,1,0,0,0,
q4_revenue_by_region,5,0.025,billing,pcqv_forced,PASS,10,1,0,1,0,0,0,
q4_revenue_by_region,5,0.025,billing,pcqv,PASS,10,1,0,1,0,0,0,
q4_revenue_by_region,5,0.025,billing,oracle_order,PASS,11,1,0,1,0,0,0,
q4_revenue_by_region,5,0.1,analytics,reference,PASS,11,1,0,1,0,0,0,
q4_revenue_by_region,5,0.1,analytics,post_join_filter,PASS,7,1,0,1,0,0,0,
q4_revenue_by_region,5,0.1,analytics,view_barrier,PASS,19,1,1,1,0,0,0,
q4_revenue_by_region,5,0.1,analytics,predicate_injection,PASS,11,1,0,1,0,0,0,
q4_revenue_by_region,5,0.1,analytics,pcqv_forced,PASS,11,1,0,1,0,0,0,
q4_revenue_by_region,5,0.1,analytics,pcqv,PASS,11,1,0,1,0,0,0,
q4_revenue_by_region,5,0.1,analytics,oracle_order,PASS,11,1,0,1,0,0,0,
q4_revenue_by_region,5,0.1,support,reference,PASS,11,1,0,1,0,0,0,
q4_revenue_by_region,5,0.1,support,post_join_filter,PASS,7,1,0,1,0,0,0,
q4_revenue_by_region,5,0.1,support,view_barrier,PASS,19,1,1,1,0,0,0,
q4_revenue_by_region,5,0.1,support,predicate_injection,PASS,11,1,0,1,0,0,0,
q4_revenue_by_region,5,0.1,support,pcqv_forced,PASS,11,1,0,1,0,0,0,
q4_revenue_by_region,5,0.1,support,pcqv,PASS,11,1,0,1,0,0,0,
q4_revenue_by_region,5,0.1,support,oracle_order,PASS,11,1,0,1,0,0,0,
q4_revenue_by_region,5,0.1,billing,reference,PASS,11,1,0,1,0,0,0,
q4_revenue_by_region,5,0.1,billing,post_join_filter,PASS,7,1,0,1,0,0,0,
q4_revenue_by_region,5,0.1,billing,view_barrier,PASS,19,1,1,1,0,0,0,
q4_revenue_by_region,5,0.1,billing,predicate_injection,PASS,11,1,0,1,0,0,0,
q4_revenue_by_region,5,0.1,billing,pcqv_forced,PASS,11,1,0,1,0,0,0,
q4_revenue_by_region,5,0.1,billing,pcqv,PASS,11,1,0,1,0,0,0,
q4_revenue_by_region,5,0.1,billing,oracle_order,PASS,11,1,0,1,0,0,0,
q4_revenue_by_region,5,0.5,analytics,reference,PASS,11,1,0,1,0,0,0,
q4_revenue_by_region,5,0.5,analytics,post_join_filter,PASS,9,1,0,1,0,0,0,
q4_revenue_by_region,5,0.5,analytics,view_barrier,PASS,19,1,1,1,0,0,0,
q4_revenue_by_region,5,0.5,analytics,predicate_injection,PASS,11,1,0,1,0,0,0,
q4_revenue_by_region,5,0.5,analytics,pcqv_forced,PASS,11,1,0,1,0,0,0,
q4_revenue_by_region,5,0.5,analytics,pcqv,PASS,11,1,0,1,0,0,0,
q4_revenue_by_region,5,0.5,analytics,oracle_order,PASS,11,1,0,1,0,0,0,
q4_revenue_by_region,5,0.5,support,reference,PASS,11,1,0,1,0,0,0,
q4_revenue_by_region,5,0.5,support,post_join_filter,PASS,9,1,0,1,0,0,0,
q4_revenue_by_region,5,0.5,support,view_barrier,PASS,19,1,1,1,0,0,0,
q4_revenue_by_region,5,0.5,support,predicate_injection,PASS,11,1,0,1,0,0,0,
q4_revenue_by_region,5,0.5,support,pcqv_forced,PASS,11,1,0,1,0,0,0,
q4_revenue_by_region,5,0.5,support,pcqv,PASS,11,1,0,1,0,0,0,
q4_revenue_by_region,5,0.5,support,oracle_order,PASS,11,1,0,1,0,0,0,
q4_revenue_by_region,5,0.5,billing,reference,PASS,11,1,0,1,0,0,0,
q4_revenue_by_region,5,0.5,billing,post_join_filter,PASS,9,1,0,1,0,0,0,
q4_revenue_by_region,5,0.5,billing,view_barrier,PASS,19,1,1,1,0,0,0,
q4_revenue_by_region,5,0.5,billing,predicate_injection,PASS,11,1,0,1,0,0,0,
q4_revenue_by_region,5,0.5,billing,pcqv_forced,PASS,11,1,0,1,0,0,0,
q4_revenue_by_region,5,0.5,billing,pcqv,PASS,11,1,0,1,0,0,0,
q4_revenue_by_region,5,0.5,billing,oracle_order,PASS,11,1,0,1,0,0,0,
q4_revenue_by_region,6,0.025,analytics,reference,PASS,10,1,0,1,0,0,0,
q4_revenue_by_region,6,0.025,analytics,post_join_filter,PASS,7,1,0,1,0,0,0,
q4_revenue_by_region,6,0.025,analytics,view_barrier,PASS,19,1,1,1,0,0,0,
q4_revenue_by_region,6,0.025,analytics,predicate_injection,PASS,10,1,0,1,0,0,0,
q4_revenue_by_region,6,0.025,analytics,pcqv_forced,PASS,10,1,0,1,0,0,0,
q4_revenue_by_region,6,0.025,analytics,pcqv,PASS,10,1,0,1,0,0,0,
q4_revenue_by_region,6,0.025,analytics,oracle_order,PASS,11,1,0,1,0,0,0,
q4_revenue_by_region,6,0.025,support,reference,PASS,10,1,0,1,0,0,0,
q4_revenue_by_region,6,0.025,support,post_join_filter,PASS,7,1,0,1,0,0,0,
q4_revenue_by_region,6,0.025,support,view_barrier,PASS,19,1,1,1,0,0,0,
q4_revenue_by_region,6,0.025,support,predicate_injection,PASS,10,1,0,1,0,0,0,
q4_revenue_by_region,6,0.025,support,pcqv_forced,PASS,10,1,0,1,0,0,0,
q4_revenue_by_region,6,0.025,support,pcqv,PASS,10,1,0,1,0,0,0,
q4_revenue_by_region,6,0.025,support,oracle_order,PASS,11,1,0,1,0,0,0,
q4_revenue_by_region,6,0.025,billing,reference,PASS,10,1,0,1,0,0,0,
q4_revenue_by_region,6,0.025,billing,post_join_filter,PASS,7,1,0,1,0,0,0,
q4_revenue_by_region,6,0.025,billing,view_barrier,PASS,19,1,1,1,0,0,0,
q4_revenue_by_region,6,0.025,billing,predicate_injection,PASS,10,1,0,1,0,0,0,
q4_revenue_by_region,6,0.025,billing,pcqv_forced,PASS,10,1,0,1,0,0,0,
q4_revenue_by_region,6,0.025,billing,pcqv,PASS,10,1,0,1,0,0,0,
q4_revenue_by_region,6,0.025,billing,oracle_order,PASS,11,1,0,1,0,0,0,
q4_revenue_by_region,6,0.1,analytics,reference,PASS,11,1,0,1,0,0,0,
q4_revenue_by_region,6,0.1,analytics,post_join_filter,PASS,7,1,0,1,0,0,0,
q4_revenue_by_region,6,0.1,analytics,view_barrier,PASS,19,1,1,1,0,0,0,
q4_revenue_by_region,6,0.1,analytics,predicate_injection,PASS,11,1,0,1,0,0,0,
q4_revenue_by_region,6,0.1,analytics,pcqv_forced,PASS,11,1,0,1,0,0,0,
q4_revenue_by_region,6,0.1,analytics,pcqv,PASS,11,1,0,1,0,0,0,
q4_revenue_by_region,6,0.1,analytics,oracle_order,PASS,11,1,0,1,0,0,0,
q4_revenue_by_region,6,0.1,support,reference,PASS,11,1,0,1,0,0,0,
q4_revenue_by_region,6,0.1,support,post_join_filter,PASS,7,1,0,1,0,0,0,
q4_revenue_by_region,6,0.1,support,view_barrier,PASS,19,1,1,1,0,0,0,
q4_revenue_by_region,6,0.1,support,predicate_injection,PASS,11,1,0,1,0,0,0,
q4_revenue_by_region,6,0.1,support,pcqv_forced,PASS,11,1,0,1,0,0,0,
q4_revenue_by_region,6,0.1,support,pcqv,PASS,11,1,0,1,0,0,0,
q4_revenue_by_region,6,0.1,support,oracle_order,PASS,11,1,0,1,0,0,0,
q4_revenue_by_region,6,0.1,billing,reference,PASS,11,1,0,1,0,0,0,
q4_revenue_by_region,6,0.1,billing,post_join_filter,PASS,7,1,0,1,0,0,0,
q4_revenue_by_region,6,0.1,billing,view_barrier,PASS,19,1,1,1,0,0,0,
q4_revenue_by_region,6,0.1,billing,predicate_injection,PASS,11,1,0,1,0,0,0,
q4_revenue_by_region,6,0.1,billing,pcqv_forced,PASS,11,1,0,1,0,0,0,
q4_revenue_by_region,6,0.1,billing,pcqv,PASS,11,1,0,1,0,0,0,
q4_revenue_by_region,6,0.1,billing,oracle_order,PASS,11,1,0,1,0,0,0,
q4_revenue_by_region,6,0.5,analytics,reference,PASS,11,1,0,1,0,0,0,
q4_revenue_by_region,6,0.5,analytics,post_join_filter,PASS,9,1,0,1,0,0,0,
q4_revenue_by_region,6,0.5,analytics,view_barrier,PASS,19,1,1,1,0,0,0,
q4_revenue_by_region,6,0.5,analytics,predicate_injection,PASS,11,1,0,1,0,0,0,
q4_revenue_by_region,6,0.5,analytics,pcqv_forced,PASS,11,1,0,1,0,0,0,
q4_revenue_by_region,6,0.5,analytics,pcqv,PASS,11,1,0,1,0,0,0,
q4_revenue_by_region,6,0.5,analytics,oracle_order,PASS,11,1,0,1,0,0,0,
q4_revenue_by_region,6,0.5,support,reference,PASS,11,1,0,1,0,0,0,
q4_revenue_by_region,6,0.5,support,post_join_filter,PASS,9,1,0,1,0,0,0,
q4_revenue_by_region,6,0.5,support,view_barrier,PASS,19,1,1,1,0,0,0,
q4_revenue_by_region,6,0.5,support,predicate_injection,PASS,11,1,0,1,0,0,0,
q4_revenue_by_region,6,0.5,support,pcqv_forced,PASS,11,1,0,1,0,0,0,
q4_revenue_by_region,6,0.5,support,pcqv,PASS,11,1,0,1,0,0,0,
q4_revenue_by_region,6,0.5,support,oracle_order,PASS,11,1,0,1,0,0,0,
q4_revenue_by_region,6,0.5,billing,reference,PASS,11,1,0,1,0,0,0,
q4_revenue_by_region,6,0.5,billing,post_join_filter,PASS,9,1,0,1,0,0,0,
q4_revenue_by_region,6,0.5,billing,view_barrier,PASS,19,1,1,1,0,0,0,
q4_revenue_by_region,6,0.5,billing,predicate_injection,PASS,11,1,0,1,0,0,0,
q4_revenue_by_region,6,0.5,billing,pcqv_forced,PASS,11,1,0,1,0,0,0,
q4_revenue_by_region,6,0.5,billing,pcqv,PASS,11,1,0,1,0,0,0,
q4_revenue_by_region,6,0.5,billing,oracle_order,PASS,11,1,0,1,0,0,0,
q5_high_value_segments,1,0.025,analytics,reference,PASS,3,1,0,0,0,0,0,
q5_high_value_segments,1,0.025,analytics,post_join_filter,PASS,3,1,0,0,0,0,0,
q5_high_value_segments,1,0.025,analytics,view_barrier,PASS,8,1,1,1,0,0,0,
q5_high_value_segments,1,0.025,analytics,predicate_injection,PASS,3,1,0,0,0,0,0,
q5_high_value_segments,1,0.025,analytics,pcqv_forced,PASS,3,1,0,0,0,0,0,
q5_high_value_segments,1,0.025,analytics,pcqv,PASS,3,1,0,0,0,0,0,
q5_high_value_segments,1,0.025,analytics,oracle_order,PASS,3,1,0,0,0,0,0,
q5_high_value_segments,1,0.025,support,reference,PASS,3,1,0,0,0,0,0,
q5_high_value_segments,1,0.025,support,post_join_filter,PASS,3,1,0,0,0,0,0,
q5_high_value_segments,1,0.025,support,view_barrier,PASS,8,1,1,1,0,0,0,
q5_high_value_segments,1,0.025,support,predicate_injection,PASS,3,1,0,0,0,0,0,
q5_high_value_segments,1,0.025,support,pcqv_forced,PASS,3,1,0,0,0,0,0,
q5_high_value_segments,1,0.025,support,pcqv,PASS,3,1,0,0,0,0,0,
q5_high_value_segments,1,0.025,support,oracle_order,PASS,3,1,0,0,0,0,0,
q5_high_value_segments,1,0.025,billing,reference,PASS,3,1,0,0,0,0,0,
q5_high_value_segments,1,0.025,billing,post_join_filter,PASS,3,1,0,0,0,0,0,
q5_high_value_segments,1,0.025,billing,view_barrier,PASS,8,1,1,1,0,0,0,
q5_high_value_segments,1,0.025,billing,predicate_injection,PASS,3,1,0,0,0,0,0,
q5_high_value_segments,1,0.025,billing,pcqv_forced,PASS,3,1,0,0,0,0,0,
q5_high_value_segments,1,0.025,billing,pcqv,PASS,3,1,0,0,0,0,0,
q5_high_value_segments,1,0.025,billing,oracle_order,PASS,3,1,0,0,0,0,0,
q5_high_value_segments,1,0.1,analytics,reference,PASS,3,1,0,0,0,0,0,
q5_high_value_segments,1,0.1,analytics,post_join_filter,PASS,3,1,0,0,0,0,0,
q5_high_value_segments,1,0.1,analytics,view_barrier,PASS,8,1,1,1,0,0,0,
q5_high_value_segments,1,0.1,analytics,predicate_injection,PASS,3,1,0,0,0,0,0,
q5_high_value_segments,1,0.1,analytics,pcqv_forced,PASS,3,1,0,0,0,0,0,
q5_high_value_segments,1,0.1,analytics,pcqv,PASS,3,1,0,0,0,0,0,
q5_high_value_segments,1,0.1,analytics,oracle_order,PASS,3,1,0,0,0,0,0,
q5_high_value_segments,1,0.1,support,reference,PASS,3,1,0,0,0,0,0,
q5_high_value_segments,1,0.1,support,post_join_filter,PASS,3,1,0,0,0,0,0,
q5_high_value_segments,1,0.1,support,view_barrier,PASS,8,1,1,1,0,0,0,
q5_high_value_segments,1,0.1,support,predicate_injection,PASS,3,1,0,0,0,0,0,
q5_high_value_segments,1,0.1,support,pcqv_forced,PASS,3,1,0,0,0,0,0,
q5_high_value_segments,1,0.1,support,pcqv,PASS,3,1,0,0,0,0,0,
q5_high_value_segments,1,0.1,support,oracle_order,PASS,3,1,0,0,0,0,0,
q5_high_value_segments,1,0.1,billing,reference,PASS,3,1,0,0,0,0,0,
q5_high_value_segments,1,0.1,billing,post_join_filter,PASS,3,1,0,0,0,0,0,
q5_high_value_segments,1,0.1,billing,view_barrier,PASS,8,1,1,1,0,0,0,
q5_high_value_segments,1,0.1,billing,predicate_injection,PASS,3,1,0,0,0,0,0,
q5_high_value_segments,1,0.1,billing,pcqv_forced,PASS,3,1,0,0,0,0,0,
q5_high_value_segments,1,0.1,billing,pcqv,PASS,3,1,0,0,0,0,0,
q5_high_value_segments,1,0.1,billing,oracle_order,PASS,3,1,0,0,0,0,0,
q5_high_value_segments,1,0.5,analytics,reference,PASS,3,1,0,0,0,0,0,
q5_high_value_segments,1,0.5,analytics,post_join_filter,PASS,3,1,0,0,0,0,0,
q5_high_value_segments,1,0.5,analytics,view_barrier,PASS,8,1,1,1,0,0,0,
q5_high_value_segments,1,0.5,analytics,predicate_injection,PASS,3,1,0,0,0,0,0,
q5_high_value_segments,1,0.5,analytics,pcqv_forced,PASS,3,1,0,0,0,0,0,
q5_high_value_segments,1,0.5,analytics,pcqv,PASS,3,1,0,0,0,0,0,
q5_high_value_segments,1,0.5,analytics,oracle_order,PASS,3,1,0,0,0,0,0,
q5_high_value_segments,1,0.5,support,reference,PASS,3,1,0,0,0,0,0,
q5_high_value_segments,1,0.5,support,post_join_filter,PASS,3,1,0,0,0,0,0,
q5_high_value_segments,1,0.5,support,view_barrier,PASS,8,1,1,1,0,0,0,
q5_high_value_segments,1,0.5,support,predicate_injection,PASS,3,1,0,0,0,0,0,
q5_high_value_segments,1,0.5,support,pcqv_forced,PASS,3,1,0,0,0,0,0,
q5_high_value_segments,1,0.5,support,pcqv,PASS,3,1,0,0,0,0,0,
q5_high_value_segments,1,0.5,support,oracle_order,PASS,3,1,0,0,0,0,0,
q5_high_value_segments,1,0.5,billing,reference,PASS,3,1,0,0,0,0,0,
q5_high_value_segments,1,0.5,billing,post_join_filter,PASS,3,1,0,0,0,0,0,
q5_high_value_segments,1,0.5,billing,view_barrier,PASS,8,1,1,1,0,0,0,
q5_high_value_segments,1,0.5,billing,predicate_injection,PASS,3,1,0,0,0,0,0,
q5_high_value_segments,1,0.5,billing,pcqv_forced,PASS,3,1,0,0,0,0,0,
q5_high_value_segments,1,0.5,billing,pcqv,PASS,3,1,0,0,0,0,0,
q5_high_value_segments,1,0.5,billing,oracle_order,PASS,3,1,0,0,0,0,0,
q5_high_value_segments,2,0.025,analytics,reference,PASS,3,1,0,0,0,0,0,
q5_high_value_segments,2,0.025,analytics,post_join_filter,PASS,3,1,0,0,0,0,0,
q5_high_value_segments,2,0.025,analytics,view_barrier,PASS,8,1,1,1,0,0,0,
q5_high_value_segments,2,0.025,analytics,predicate_injection,PASS,3,1,0,0,0,0,0,
q5_high_value_segments,2,0.025,analytics,pcqv_forced,PASS,3,1,0,0,0,0,0,
q5_high_value_segments,2,0.025,analytics,pcqv,PASS,3,1,0,0,0,0,0,
q5_high_value_segments,2,0.025,analytics,oracle_order,PASS,3,1,0,0,0,0,0,
q5_high_value_segments,2,0.025,support,reference,PASS,3,1,0,0,0,0,0,
q5_high_value_segments,2,0.025,support,post_join_filter,PASS,3,1,0,0,0,0,0,
q5_high_value_segments,2,0.025,support,view_barrier,PASS,8,1,1,1,0,0,0,
q5_high_value_segments,2,0.025,support,predicate_injection,PASS,3,1,0,0,0,0,0,
q5_high_value_segments,2,0.025,support,pcqv_forced,PASS,3,1,0,0,0,0,0,
q5_high_value_segments,2,0.025,support,pcqv,PASS,3,1,0,0,0,0,0,
q5_high_value_segments,2,0.025,support,oracle_order,PASS,3,1,0,0,0,0,0,
q5_high_value_segments,2,0.025,billing,reference,PASS,3,1,0,0,0,0,0,
q5_high_value_segments,2,0.025,billing,post_join_filter,PASS,3,1,0,0,0,0,0,
q5_high_value_segments,2,0.025,billing,view_barrier,PASS,8,1,1,1,0,0,0,
q5_high_value_segments,2,0.025,billing,predicate_injection,PASS,3,1,0,0,0,0,0,
q5_high_value_segments,2,0.025,billing,pcqv_forced,PASS,3,1,0,0,0,0,0,
q5_high_value_segments,2,0.025,billing,pcqv,PASS,3,1,0,0,0,0,0,
q5_high_value_segments,2,0.025,billing,oracle_order,PASS,3,1,0,0,0,0,0,
q5_high_value_segments,2,0.1,analytics,reference,PASS,3,1,0,0,0,0,0,
q5_high_value_segments,2,0.1,analytics,post_join_filter,PASS,3,1,0,0,0,0,0,
q5_high_value_segments,2,0.1,analytics,view_barrier,PASS,8,1,1,1,0,0,0,
q5_high_value_segments,2,0.1,analytics,predicate_injection,PASS,3,1,0,0,0,0,0,
q5_high_value_segments,2,0.1,analytics,pcqv_forced,PASS,3,1,0,0,0,0,0,
q5_high_value_segments,2,0.1,analytics,pcqv,PASS,3,1,0,0,0,0,0,
q5_high_value_segments,2,0.1,analytics,oracle_order,PASS,3,1,0,0,0,0,0,
q5_high_value_segments,2,0.1,support,reference,PASS,3,1,0,0,0,0,0,
q5_high_value_segments,2,0.1,support,post_join_filter,PASS,3,1,0,0,0,0,0,
q5_high_value_segments,2,0.1,support,view_barrier,PASS,8,1,1,1,0,0,0,
q5_high_value_segments,2,0.1,support,predicate_injection,PASS,3,1,0,0,0,0,0,
q5_high_value_segments,2,0.1,support,pcqv_forced,PASS,3,1,0,0,0,0,0,
q5_high_value_segments,2,0.1,support,pcqv,PASS,3,1,0,0,0,0,0,
q5_high_value_segments,2,0.1,support,oracle_order,PASS,3,1,0,0,0,0,0,
q5_high_value_segments,2,0.1,billing,reference,PASS,3,1,0,0,0,0,0,
q5_high_value_segments,2,0.1,billing,post_join_filter,PASS,3,1,0,0,0,0,0,
q5_high_value_segments,2,0.1,billing,view_barrier,PASS,8,1,1,1,0,0,0,
q5_high_value_segments,2,0.1,billing,predicate_injection,PASS,3,1,0,0,0,0,0,
q5_high_value_segments,2,0.1,billing,pcqv_forced,PASS,3,1,0,0,0,0,0,
q5_high_value_segments,2,0.1,billing,pcqv,PASS,3,1,0,0,0,0,0,
q5_high_value_segments,2,0.1,billing,oracle_order,PASS,3,1,0,0,0,0,0,
q5_high_value_segments,2,0.5,analytics,reference,PASS,3,1,0,0,0,0,0,
q5_high_value_segments,2,0.5,analytics,post_join_filter,PASS,3,1,0,0,0,0,0,
q5_high_value_segments,2,0.5,analytics,view_barrier,PASS,8,1,1,1,0,0,0,
q5_high_value_segments,2,0.5,analytics,predicate_injection,PASS,3,1,0,0,0,0,0,
q5_high_value_segments,2,0.5,analytics,pcqv_forced,PASS,3,1,0,0,0,0,0,
q5_high_value_segments,2,0.5,analytics,pcqv,PASS,3,1,0,0,0,0,0,
q5_high_value_segments,2,0.5,analytics,oracle_order,PASS,3,1,0,0,0,0,0,
q5_high_value_segments,2,0.5,support,reference,PASS,3,1,0,0,0,0,0,
q5_high_value_segments,2,0.5,support,post_join_filter,PASS,3,1,0,0,0,0,0,
q5_high_value_segments,2,0.5,support,view_barrier,PASS,8,1,1,1,0,0,0,
q5_high_value_segments,2,0.5,support,predicate_injection,PASS,3,1,0,0,0,0,0,
q5_high_value_segments,2,0.5,support,pcqv_forced,PASS,3,1,0,0,0,0,0,
q5_high_value_segments,2,0.5,support,pcqv,PASS,3,1,0,0,0,0,0,
q5_high_value_segments,2,0.5,support,oracle_order,PASS,3,1,0,0,0,0,0,
q5_high_value_segments,2,0.5,billing,reference,PASS,3,1,0,0,0,0,0,
q5_high_value_segments,2,0.5,billing,post_join_filter,PASS,3,1,0,0,0,0,0,
q5_high_value_segments,2,0.5,billing,view_barrier,PASS,8,1,1,1,0,0,0,
q5_high_value_segments,2,0.5,billing,predicate_injection,PASS,3,1,0,0,0,0,0,
q5_high_value_segments,2,0.5,billing,pcqv_forced,PASS,3,1,0,0,0,0,0,
q5_high_value_segments,2,0.5,billing,pcqv,PASS,3,1,0,0,0,0,0,
q5_high_value_segments,2,0.5,billing,oracle_order,PASS,3,1,0,0,0,0,0,
q5_high_value_segments,3,0.025,analytics,reference,PASS,3,1,0,0,0,0,0,
q5_high_value_segments,3,0.025,analytics,post_join_filter,PASS,3,1,0,0,0,0,0,
q5_high_value_segments,3,0.025,analytics,view_barrier,PASS,8,1,1,1,0,0,0,
q5_high_value_segments,3,0.025,analytics,predicate_injection,PASS,3,1,0,0,0,0,0,
q5_high_value_segments,3,0.025,analytics,pcqv_forced,PASS,3,1,0,0,0,0,0,
q5_high_value_segments,3,0.025,analytics,pcqv,PASS,3,1,0,0,0,0,0,
q5_high_value_segments,3,0.025,analytics,oracle_order,PASS,3,1,0,0,0,0,0,
q5_high_value_segments,3,0.025,support,reference,PASS,3,1,0,0,0,0,0,
q5_high_value_segments,3,0.025,support,post_join_filter,PASS,3,1,0,0,0,0,0,
q5_high_value_segments,3,0.025,support,view_barrier,PASS,8,1,1,1,0,0,0,
q5_high_value_segments,3,0.025,support,predicate_injection,PASS,3,1,0,0,0,0,0,
q5_high_value_segments,3,0.025,support,pcqv_forced,PASS,3,1,0,0,0,0,0,
q5_high_value_segments,3,0.025,support,pcqv,PASS,3,1,0,0,0,0,0,
q5_high_value_segments,3,0.025,support,oracle_order,PASS,3,1,0,0,0,0,0,
q5_high_value_segments,3,0.025,billing,reference,PASS,3,1,0,0,0,0,0,
q5_high_value_segments,3,0.025,billing,post_join_filter,PASS,3,1,0,0,0,0,0,
q5_high_value_segments,3,0.025,billing,view_barrier,PASS,8,1,1,1,0,0,0,
q5_high_value_segments,3,0.025,billing,predicate_injection,PASS,3,1,0,0,0,0,0,
q5_high_value_segments,3,0.025,billing,pcqv_forced,PASS,3,1,0,0,0,0,0,
q5_high_value_segments,3,0.025,billing,pcqv,PASS,3,1,0,0,0,0,0,
q5_high_value_segments,3,0.025,billing,oracle_order,PASS,3,1,0,0,0,0,0,
q5_high_value_segments,3,0.1,analytics,reference,PASS,3,1,0,0,0,0,0,
q5_high_value_segments,3,0.1,analytics,post_join_filter,PASS,3,1,0,0,0,0,0,
q5_high_value_segments,3,0.1,analytics,view_barrier,PASS,8,1,1,1,0,0,0,
q5_high_value_segments,3,0.1,analytics,predicate_injection,PASS,3,1,0,0,0,0,0,
q5_high_value_segments,3,0.1,analytics,pcqv_forced,PASS,3,1,0,0,0,0,0,
q5_high_value_segments,3,0.1,analytics,pcqv,PASS,3,1,0,0,0,0,0,
q5_high_value_segments,3,0.1,analytics,oracle_order,PASS,3,1,0,0,0,0,0,
q5_high_value_segments,3,0.1,support,reference,PASS,3,1,0,0,0,0,0,
q5_high_value_segments,3,0.1,support,post_join_filter,PASS,3,1,0,0,0,0,0,
q5_high_value_segments,3,0.1,support,view_barrier,PASS,8,1,1,1,0,0,0,
q5_high_value_segments,3,0.1,support,predicate_injection,PASS,3,1,0,0,0,0,0,
q5_high_value_segments,3,0.1,support,pcqv_forced,PASS,3,1,0,0,0,0,0,
q5_high_value_segments,3,0.1,support,pcqv,PASS,3,1,0,0,0,0,0,
q5_high_value_segments,3,0.1,support,oracle_order,PASS,3,1,0,0,0,0,0,
q5_high_value_segments,3,0.1,billing,reference,PASS,3,1,0,0,0,0,0,
q5_high_value_segments,3,0.1,billing,post_join_filter,PASS,3,1,0,0,0,0,0,
q5_high_value_segments,3,0.1,billing,view_barrier,PASS,8,1,1,1,0,0,0,
q5_high_value_segments,3,0.1,billing,predicate_injection,PASS,3,1,0,0,0,0,0,
q5_high_value_segments,3,0.1,billing,pcqv_forced,PASS,3,1,0,0,0,0,0,
q5_high_value_segments,3,0.1,billing,pcqv,PASS,3,1,0,0,0,0,0,
q5_high_value_segments,3,0.1,billing,oracle_order,PASS,3,1,0,0,0,0,0,
q5_high_value_segments,3,0.5,analytics,reference,PASS,3,1,0,0,0,0,0,
q5_high_value_segments,3,0.5,analytics,post_join_filter,PASS,3,1,0,0,0,0,0,
q5_high_value_segments,3,0.5,analytics,view_barrier,PASS,8,1,1,1,0,0,0,
q5_high_value_segments,3,0.5,analytics,predicate_injection,PASS,3,1,0,0,0,0,0,
q5_high_value_segments,3,0.5,analytics,pcqv_forced,PASS,3,1,0,0,0,0,0,
q5_high_value_segments,3,0.5,analytics,pcqv,PASS,3,1,0,0,0,0,0,
q5_high_value_segments,3,0.5,analytics,oracle_order,PASS,3,1,0,0,0,0,0,
q5_high_value_segments,3,0.5,support,reference,PASS,3,1,0,0,0,0,0,
q5_high_value_segments,3,0.5,support,post_join_filter,PASS,3,1,0,0,0,0,0,
q5_high_value_segments,3,0.5,support,view_barrier,PASS,8,1,1,1,0,0,0,
q5_high_value_segments,3,0.5,support,predicate_injection,PASS,3,1,0,0,0,0,0,
q5_high_value_segments,3,0.5,support,pcqv_forced,PASS,3,1,0,0,0,0,0,
q5_high_value_segments,3,0.5,support,pcqv,PASS,3,1,0,0,0,0,0,
q5_high_value_segments,3,0.5,support,oracle_order,PASS,3,1,0,0,0,0,0,
q5_high_value_segments,3,0.5,billing,reference,PASS,3,1,0,0,0,0,0,
q5_high_value_segments,3,0.5,billing,post_join_filter,PASS,3,1,0,0,0,0,0,
q5_high_value_segments,3,0.5,billing,view_barrier,PASS,8,1,1,1,0,0,0,
q5_high_value_segments,3,0.5,billing,predicate_injection,PASS,3,1,0,0,0,0,0,
q5_high_value_segments,3,0.5,billing,pcqv_forced,PASS,3,1,0,0,0,0,0,
q5_high_value_segments,3,0.5,billing,pcqv,PASS,3,1,0,0,0,0,0,
q5_high_value_segments,3,0.5,billing,oracle_order,PASS,3,1,0,0,0,0,0,
q5_high_value_segments,4,0.025,analytics,reference,PASS,5,1,0,1,0,0,0,
q5_high_value_segments,4,0.025,analytics,post_join_filter,PASS,3,1,0,0,0,0,0,
q5_high_value_segments,4,0.025,analytics,view_barrier,PASS,10,1,1,1,0,0,0,
q5_high_value_segments,4,0.025,analytics,predicate_injection,PASS,5,1,0,1,0,0,0,
q5_high_value_segments,4,0.025,analytics,pcqv_forced,PASS,5,1,0,1,0,0,0,
q5_high_value_segments,4,0.025,analytics,pcqv,PASS,5,1,0,1,0,0,0,
q5_high_value_segments,4,0.025,analytics,oracle_order,PASS,5,1,0,1,0,0,0,
q5_high_value_segments,4,0.025,support,reference,PASS,5,1,0,1,0,0,0,
q5_high_value_segments,4,0.025,support,post_join_filter,PASS,3,1,0,0,0,0,0,
q5_high_value_segments,4,0.025,support,view_barrier,PASS,10,1,1,1,0,0,0,
q5_high_value_segments,4,0.025,support,predicate_injection,PASS,5,1,0,1,0,0,0,
q5_high_value_segments,4,0.025,support,pcqv_forced,PASS,5,1,0,1,0,0,0,
q5_high_value_segments,4,0.025,support,pcqv,PASS,5,1,0,1,0,0,0,
q5_high_value_segments,4,0.025,support,oracle_order,PASS,5,1,0,1,0,0,0,
q5_high_value_segments,4,0.025,billing,reference,PASS,5,1,0,1,0,0,0,
q5_high_value_segments,4,0.025,billing,post_join_filter,PASS,3,1,0,0,0,0,0,
q5_high_value_segments,4,0.025,billing,view_barrier,PASS,10,1,1,1,0,0,0,
q5_high_value_segments,4,0.025,billing,predicate_injection,PASS,5,1,0,1,0,0,0,
q5_high_value_segments,4,0.025,billing,pcqv_forced,PASS,5,1,0,1,0,0,0,
q5_high_value_segments,4,0.025,billing,pcqv,PASS,5,1,0,1,0,0,0,
q5_high_value_segments,4,0.025,billing,oracle_order,PASS,5,1,0,1,0,0,0,
q5_high_value_segments,4,0.1,analytics,reference,PASS,5,1,0,1,0,0,0,
q5_high_value_segments,4,0.1,analytics,post_join_filter,PASS,3,1,0,0,0,0,0,
q5_high_value_segments,4,0.1,analytics,view_barrier,PASS,10,1,1,1,0,0,0,
q5_high_value_segments,4,0.1,analytics,predicate_injection,PASS,5,1,0,1,0,0,0,
q5_high_value_segments,4,0.1,analytics,pcqv_forced,PASS,5,1,0,1,0,0,0,
q5_high_value_segments,4,0.1,analytics,pcqv,PASS,5,1,0,1,0,0,0,
q5_high_value_segments,4,0.1,analytics,oracle_order,PASS,5,1,0,1,0,0,0,
q5_high_value_segments,4,0.1,support,reference,PASS,5,1,0,1,0,0,0,
q5_high_value_segments,4,0.1,support,post_join_filter,PASS,3,1,0,0,0,0,0,
q5_high_value_segments,4,0.1,support,view_barrier,PASS,10,1,1,1,0,0,0,
q5_high_value_segments,4,0.1,support,predicate_injection,PASS,5,1,0,1,0,0,0,
q5_high_value_segments,4,0.1,support,pcqv_forced,PASS,5,1,0,1,0,0,0,
q5_high_value_segments,4,0.1,support,pcqv,PASS,5,1,0,1,0,0,0,
q5_high_value_segments,4,0.1,support,oracle_order,PASS,5,1,0,1,0,0,0,
q5_high_value_segments,4,0.1,billing,reference,PASS,5,1,0,1,0,0,0,
q5_high_value_segments,4,0.1,billing,post_join_filter,PASS,3,1,0,0,0,0,0,
q5_high_value_segments,4,0.1,billing,view_barrier,PASS,10,1,1,1,0,0,0,
q5_high_value_segments,4,0.1,billing,predicate_injection,PASS,5,1,0,1,0,0,0,
q5_high_value_segments,4,0.1,billing,pcqv_forced,PASS,5,1,0,1,0,0,0,
q5_high_value_segments,4,0.1,billing,pcqv,PASS,5,1,0,1,0,0,0,
q5_high_value_segments,4,0.1,billing,oracle_order,PASS,5,1,0,1,0,0,0,
q5_high_value_segments,4,0.5,analytics,reference,PASS,5,1,0,1,0,0,0,
q5_high_value_segments,4,0.5,analytics,post_join_filter,PASS,3,1,0,0,0,0,0,
q5_high_value_segments,4,0.5,analytics,view_barrier,PASS,10,1,1,1,0,0,0,
q5_high_value_segments,4,0.5,analytics,predicate_injection,PASS,5,1,0,1,0,0,0,
q5_high_value_segments,4,0.5,analytics,pcqv_forced,PASS,5,1,0,1,0,0,0,
q5_high_value_segments,4,0.5,analytics,pcqv,PASS,5,1,0,1,0,0,0,
q5_high_value_segments,4,0.5,analytics,oracle_order,PASS,5,1,0,1,0,0,0,
q5_high_value_segments,4,0.5,support,reference,PASS,5,1,0,1,0,0,0,
q5_high_value_segments,4,0.5,support,post_join_filter,PASS,3,1,0,0,0,0,0,
q5_high_value_segments,4,0.5,support,view_barrier,PASS,10,1,1,1,0,0,0,
q5_high_value_segments,4,0.5,support,predicate_injection,PASS,5,1,0,1,0,0,0,
q5_high_value_segments,4,0.5,support,pcqv_forced,PASS,5,1,0,1,0,0,0,
q5_high_value_segments,4,0.5,support,pcqv,PASS,5,1,0,1,0,0,0,
q5_high_value_segments,4,0.5,support,oracle_order,PASS,5,1,0,1,0,0,0,
q5_high_value_segments,4,0.5,billing,reference,PASS,5,1,0,1,0,0,0,
q5_high_value_segments,4,0.5,billing,post_join_filter,PASS,3,1,0,0,0,0,0,
q5_high_value_segments,4,0.5,billing,view_barrier,PASS,10,1,1,1,0,0,0,
q5_high_value_segments,4,0.5,billing,predicate_injection,PASS,5,1,0,1,0,0,0,
q5_high_value_segments,4,0.5,billing,pcqv_forced,PASS,5,1,0,1,0,0,0,
q5_high_value_segments,4,0.5,billing,pcqv,PASS,5,1,0,1,0,0,0,
q5_high_value_segments,4,0.5,billing,oracle_order,PASS,5,1,0,1,0,0,0,
q5_high_value_segments,5,0.025,analytics,reference,PASS,7,1,0,1,0,0,0,
q5_high_value_segments,5,0.025,analytics,post_join_filter,PASS,5,1,0,1,0,0,0,
q5_high_value_segments,5,0.025,analytics,view_barrier,PASS,12,1,1,1,0,0,0,
q5_high_value_segments,5,0.025,analytics,predicate_injection,PASS,7,1,0,1,0,0,0,
q5_high_value_segments,5,0.025,analytics,pcqv_forced,PASS,7,1,0,1,0,0,0,
q5_high_value_segments,5,0.025,analytics,pcqv,PASS,7,1,0,1,0,0,0,
q5_high_value_segments,5,0.025,analytics,oracle_order,PASS,7,1,0,1,0,0,0,
q5_high_value_segments,5,0.025,support,reference,PASS,7,1,0,1,0,0,0,
q5_high_value_segments,5,0.025,support,post_join_filter,PASS,5,1,0,1,0,0,0,
q5_high_value_segments,5,0.025,support,view_barrier,PASS,12,1,1,1,0,0,0,
q5_high_value_segments,5,0.025,support,predicate_injection,PASS,7,1,0,1,0,0,0,
q5_high_value_segments,5,0.025,support,pcqv_forced,PASS,7,1,0,1,0,0,0,
q5_high_value_segments,5,0.025,support,pcqv,PASS,7,1,0,1,0,0,0,
q5_high_value_segments,5,0.025,support,oracle_order,PASS,7,1,0,1,0,0,0,
q5_high_value_segments,5,0.025,billing,reference,PASS,7,1,0,1,0,0,0,
q5_high_value_segments,5,0.025,billing,post_join_filter,PASS,5,1,0,1,0,0,0,
q5_high_value_segments,5,0.025,billing,view_barrier,PASS,12,1,1,1,0,0,0,
q5_high_value_segments,5,0.025,billing,predicate_injection,PASS,7,1,0,1,0,0,0,
q5_high_value_segments,5,0.025,billing,pcqv_forced,PASS,7,1,0,1,0,0,0,
q5_high_value_segments,5,0.025,billing,pcqv,PASS,7,1,0,1,0,0,0,
q5_high_value_segments,5,0.025,billing,oracle_order,PASS,7,1,0,1,0,0,0,
q5_high_value_segments,5,0.1,analytics,reference,PASS,7,1,0,1,0,0,0,
q5_high_value_segments,5,0.1,analytics,post_join_filter,PASS,5,1,0,1,0,0,0,
q5_high_value_segments,5,0.1,analytics,view_barrier,PASS,12,1,1,1,0,0,0,
q5_high_value_segments,5,0.1,analytics,predicate_injection,PASS,7,1,0,1,0,0,0,
q5_high_value_segments,5,0.1,analytics,pcqv_forced,PASS,7,1,0,1,0,0,0,
q5_high_value_segments,5,0.1,analytics,pcqv,PASS,7,1,0,1,0,0,0,
q5_high_value_segments,5,0.1,analytics,oracle_order,PASS,7,1,0,1,0,0,0,
q5_high_value_segments,5,0.1,support,reference,PASS,7,1,0,1,0,0,0,
q5_high_value_segments,5,0.1,support,post_join_filter,PASS,5,1,0,1,0,0,0,
q5_high_value_segments,5,0.1,support,view_barrier,PASS,12,1,1,1,0,0,0,
q5_high_value_segments,5,0.1,support,predicate_injection,PASS,7,1,0,1,0,0,0,
q5_high_value_segments,5,0.1,support,pcqv_forced,PASS,7,1,0,1,0,0,0,
q5_high_value_segments,5,0.1,support,pcqv,PASS,7,1,0,1,0,0,0,
q5_high_value_segments,5,0.1,support,oracle_order,PASS,7,1,0,1,0,0,0,
q5_high_value_segments,5,0.1,billing,reference,PASS,7,1,0,1,0,0,0,
q5_high_value_segments,5,0.1,billing,post_join_filter,PASS,5,1,0,1,0,0,0,
q5_high_value_segments,5,0.1,billing,view_barrier,PASS,12,1,1,1,0,0,0,
q5_high_value_segments,5,0.1,billing,predicate_injection,PASS,7,1,0,1,0,0,0,
q5_high_value_segments,5,0.1,billing,pcqv_forced,PASS,7,1,0,1,0,0,0,
q5_high_value_segments,5,0.1,billing,pcqv,PASS,7,1,0,1,0,0,0,
q5_high_value_segments,5,0.1,billing,oracle_order,PASS,7,1,0,1,0,0,0,
q5_high_value_segments,5,0.5,analytics,reference,PASS,7,1,0,1,0,0,0,
q5_high_value_segments,5,0.5,analytics,post_join_filter,PASS,5,1,0,1,0,0,0,
q5_high_value_segments,5,0.5,analytics,view_barrier,PASS,12,1,1,1,0,0,0,
q5_high_value_segments,5,0.5,analytics,predicate_injection,PASS,7,1,0,1,0,0,0,
q5_high_value_segments,5,0.5,analytics,pcqv_forced,PASS,7,1,0,1,0,0,0,
q5_high_value_segments,5,0.5,analytics,pcqv,PASS,7,1,0,1,0,0,0,
q5_high_value_segments,5,0.5,analytics,oracle_order,PASS,7,1,0,1,0,0,0,
q5_high_value_segments,5,0.5,support,reference,PASS,7,1,0,1,0,0,0,
q5_high_value_segments,5,0.5,support,post_join_filter,PASS,5,1,0,1,0,0,0,
q5_high_value_segments,5,0.5,support,view_barrier,PASS,12,1,1,1,0,0,0,
q5_high_value_segments,5,0.5,support,predicate_injection,PASS,7,1,0,1,0,0,0,
q5_high_value_segments,5,0.5,support,pcqv_forced,PASS,7,1,0,1,0,0,0,
q5_high_value_segments,5,0.5,support,pcqv,PASS,7,1,0,1,0,0,0,
q5_high_value_segments,5,0.5,support,oracle_order,PASS,7,1,0,1,0,0,0,
q5_high_value_segments,5,0.5,billing,reference,PASS,7,1,0,1,0,0,0,
q5_high_value_segments,5,0.5,billing,post_join_filter,PASS,5,1,0,1,0,0,0,
q5_high_value_segments,5,0.5,billing,view_barrier,PASS,12,1,1,1,0,0,0,
q5_high_value_segments,5,0.5,billing,predicate_injection,PASS,7,1,0,1,0,0,0,
q5_high_value_segments,5,0.5,billing,pcqv_forced,PASS,7,1,0,1,0,0,0,
q5_high_value_segments,5,0.5,billing,pcqv,PASS,7,1,0,1,0,0,0,
q5_high_value_segments,5,0.5,billing,oracle_order,PASS,7,1,0,1,0,0,0,
q5_high_value_segments,6,0.025,analytics,reference,PASS,7,1,0,1,0,0,0,
q5_high_value_segments,6,0.025,analytics,post_join_filter,PASS,5,1,0,1,0,0,0,
q5_high_value_segments,6,0.025,analytics,view_barrier,PASS,12,1,1,1,0,0,0,
q5_high_value_segments,6,0.025,analytics,predicate_injection,PASS,7,1,0,1,0,0,0,
q5_high_value_segments,6,0.025,analytics,pcqv_forced,PASS,7,1,0,1,0,0,0,
q5_high_value_segments,6,0.025,analytics,pcqv,PASS,7,1,0,1,0,0,0,
q5_high_value_segments,6,0.025,analytics,oracle_order,PASS,7,1,0,1,0,0,0,
q5_high_value_segments,6,0.025,support,reference,PASS,7,1,0,1,0,0,0,
q5_high_value_segments,6,0.025,support,post_join_filter,PASS,5,1,0,1,0,0,0,
q5_high_value_segments,6,0.025,support,view_barrier,PASS,12,1,1,1,0,0,0,
q5_high_value_segments,6,0.025,support,predicate_injection,PASS,7,1,0,1,0,0,0,
q5_high_value_segments,6,0.025,support,pcqv_forced,PASS,7,1,0,1,0,0,0,
q5_high_value_segments,6,0.025,support,pcqv,PASS,7,1,0,1,0,0,0,
q5_high_value_segments,6,0.025,support,oracle_order,PASS,7,1,0,1,0,0,0,
q5_high_value_segments,6,0.025,billing,reference,PASS,7,1,0,1,0,0,0,
q5_high_value_segments,6,0.025,billing,post_join_filter,PASS,5,1,0,1,0,0,0,
q5_high_value_segments,6,0.025,billing,view_barrier,PASS,12,1,1,1,0,0,0,
q5_high_value_segments,6,0.025,billing,predicate_injection,PASS,7,1,0,1,0,0,0,
q5_high_value_segments,6,0.025,billing,pcqv_forced,PASS,7,1,0,1,0,0,0,
q5_high_value_segments,6,0.025,billing,pcqv,PASS,7,1,0,1,0,0,0,
q5_high_value_segments,6,0.025,billing,oracle_order,PASS,7,1,0,1,0,0,0,
q5_high_value_segments,6,0.1,analytics,reference,PASS,7,1,0,1,0,0,0,
q5_high_value_segments,6,0.1,analytics,post_join_filter,PASS,5,1,0,1,0,0,0,
q5_high_value_segments,6,0.1,analytics,view_barrier,PASS,12,1,1,1,0,0,0,
q5_high_value_segments,6,0.1,analytics,predicate_injection,PASS,7,1,0,1,0,0,0,
q5_high_value_segments,6,0.1,analytics,pcqv_forced,PASS,7,1,0,1,0,0,0,
q5_high_value_segments,6,0.1,analytics,pcqv,PASS,7,1,0,1,0,0,0,
q5_high_value_segments,6,0.1,analytics,oracle_order,PASS,7,1,0,1,0,0,0,
q5_high_value_segments,6,0.1,support,reference,PASS,7,1,0,1,0,0,0,
q5_high_value_segments,6,0.1,support,post_join_filter,PASS,5,1,0,1,0,0,0,
q5_high_value_segments,6,0.1,support,view_barrier,PASS,12,1,1,1,0,0,0,
q5_high_value_segments,6,0.1,support,predicate_injection,PASS,7,1,0,1,0,0,0,
q5_high_value_segments,6,0.1,support,pcqv_forced,PASS,7,1,0,1,0,0,0,
q5_high_value_segments,6,0.1,support,pcqv,PASS,7,1,0,1,0,0,0,
q5_high_value_segments,6,0.1,support,oracle_order,PASS,7,1,0,1,0,0,0,
q5_high_value_segments,6,0.1,billing,reference,PASS,7,1,0,1,0,0,0,
q5_high_value_segments,6,0.1,billing,post_join_filter,PASS,5,1,0,1,0,0,0,
q5_high_value_segments,6,0.1,billing,view_barrier,PASS,12,1,1,1,0,0,0,
q5_high_value_segments,6,0.1,billing,predicate_injection,PASS,7,1,0,1,0,0,0,
q5_high_value_segments,6,0.1,billing,pcqv_forced,PASS,7,1,0,1,0,0,0,
q5_high_value_segments,6,0.1,billing,pcqv,PASS,7,1,0,1,0,0,0,
q5_high_value_segments,6,0.1,billing,oracle_order,PASS,7,1,0,1,0,0,0,
q5_high_value_segments,6,0.5,analytics,reference,PASS,7,1,0,1,0,0,0,
q5_high_value_segments,6,0.5,analytics,post_join_filter,PASS,5,1,0,1,0,0,0,
q5_high_value_segments,6,0.5,analytics,view_barrier,PASS,12,1,1,1,0,0,0,
q5_high_value_segments,6,0.5,analytics,predicate_injection,PASS,7,1,0,1,0,0,0,
q5_high_value_segments,6,0.5,analytics,pcqv_forced,PASS,7,1,0,1,0,0,0,
q5_high_value_segments,6,0.5,analytics,pcqv,PASS,7,1,0,1,0,0,0,
q5_high_value_segments,6,0.5,analytics,oracle_order,PASS,7,1,0,1,0,0,0,
q5_high_value_segments,6,0.5,support,reference,PASS,7,1,0,1,0,0,0,
q5_high_value_segments,6,0.5,support,post_join_filter,PASS,5,1,0,1,0,0,0,
q5_high_value_segments,6,0.5,support,view_barrier,PASS,12,1,1,1,0,0,0,
q5_high_value_segments,6,0.5,support,predicate_injection,PASS,7,1,0,1,0,0,0,
q5_high_value_segments,6,0.5,support,pcqv_forced,PASS,7,1,0,1,0,0,0,
q5_high_value_segments,6,0.5,support,pcqv,PASS,7,1,0,1,0,0,0,
q5_high_value_segments,6,0.5,support,oracle_order,PASS,7,1,0,1,0,0,0,
q5_high_value_segments,6,0.5,billing,reference,PASS,7,1,0,1,0,0,0,
q5_high_value_segments,6,0.5,billing,post_join_filter,PASS,5,1,0,1,0,0,0,
q5_high_value_segments,6,0.5,billing,view_barrier,PASS,12,1,1,1,0,0,0,
q5_high_value_segments,6,0.5,billing,predicate_injection,PASS,7,1,0,1,0,0,0,
q5_high_value_segments,6,0.5,billing,pcqv_forced,PASS,7,1,0,1,0,0,0,
q5_high_value_segments,6,0.5,billing,pcqv,PASS,7,1,0,1,0,0,0,
q5_high_value_segments,6,0.5,billing,oracle_order,PASS,7,1,0,1,0,0,0,
q6_lineitem_product_count,1,0.025,analytics,reference,PASS,4,1,0,0,0,0,0,
q6_lineitem_product_count,1,0.025,analytics,post_join_filter,PASS,5,1,0,0,0,0,0,
q6_lineitem_product_count,1,0.025,analytics,view_barrier,PASS,16,1,1,1,0,0,0,
q6_lineitem_product_count,1,0.025,analytics,predicate_injection,PASS,4,1,0,0,0,0,0,
q6_lineitem_product_count,1,0.025,analytics,pcqv_forced,PASS,4,1,0,0,0,0,0,
q6_lineitem_product_count,1,0.025,analytics,pcqv,PASS,4,1,0,0,0,0,0,
q6_lineitem_product_count,1,0.025,analytics,oracle_order,PASS,4,1,0,0,0,0,0,
q6_lineitem_product_count,1,0.025,support,reference,PASS,4,1,0,0,0,0,0,
q6_lineitem_product_count,1,0.025,support,post_join_filter,PASS,5,1,0,0,0,0,0,
q6_lineitem_product_count,1,0.025,support,view_barrier,PASS,16,1,1,1,0,0,0,
q6_lineitem_product_count,1,0.025,support,predicate_injection,PASS,4,1,0,0,0,0,0,
q6_lineitem_product_count,1,0.025,support,pcqv_forced,PASS,4,1,0,0,0,0,0,
q6_lineitem_product_count,1,0.025,support,pcqv,PASS,4,1,0,0,0,0,0,
q6_lineitem_product_count,1,0.025,support,oracle_order,PASS,4,1,0,0,0,0,0,
q6_lineitem_product_count,1,0.025,billing,reference,PASS,4,1,0,0,0,0,0,
q6_lineitem_product_count,1,0.025,billing,post_join_filter,PASS,5,1,0,0,0,0,0,
q6_lineitem_product_count,1,0.025,billing,view_barrier,PASS,16,1,1,1,0,0,0,
q6_lineitem_product_count,1,0.025,billing,predicate_injection,PASS,4,1,0,0,0,0,0,
q6_lineitem_product_count,1,0.025,billing,pcqv_forced,PASS,4,1,0,0,0,0,0,
q6_lineitem_product_count,1,0.025,billing,pcqv,PASS,4,1,0,0,0,0,0,
q6_lineitem_product_count,1,0.025,billing,oracle_order,PASS,4,1,0,0,0,0,0,
q6_lineitem_product_count,1,0.1,analytics,reference,PASS,5,1,0,0,0,0,0,
q6_lineitem_product_count,1,0.1,analytics,post_join_filter,PASS,6,1,0,0,0,0,0,
q6_lineitem_product_count,1,0.1,analytics,view_barrier,PASS,16,1,1,1,0,0,0,
q6_lineitem_product_count,1,0.1,analytics,predicate_injection,PASS,5,1,0,0,0,0,0,
q6_lineitem_product_count,1,0.1,analytics,pcqv_forced,PASS,5,1,0,0,0,0,0,
q6_lineitem_product_count,1,0.1,analytics,pcqv,PASS,5,1,0,0,0,0,0,
q6_lineitem_product_count,1,0.1,analytics,oracle_order,PASS,5,1,0,0,0,0,0,
q6_lineitem_product_count,1,0.1,support,reference,PASS,5,1,0,0,0,0,0,
q6_lineitem_product_count,1,0.1,support,post_join_filter,PASS,6,1,0,0,0,0,0,
q6_lineitem_product_count,1,0.1,support,view_barrier,PASS,16,1,1,1,0,0,0,
q6_lineitem_product_count,1,0.1,support,predicate_injection,PASS,5,1,0,0,0,0,0,
q6_lineitem_product_count,1,0.1,support,pcqv_forced,PASS,5,1,0,0,0,0,0,
q6_lineitem_product_count,1,0.1,support,pcqv,PASS,5,1,0,0,0,0,0,
q6_lineitem_product_count,1,0.1,support,oracle_order,PASS,5,1,0,0,0,0,0,
q6_lineitem_product_count,1,0.1,billing,reference,PASS,5,1,0,0,0,0,0,
q6_lineitem_product_count,1,0.1,billing,post_join_filter,PASS,6,1,0,0,0,0,0,
q6_lineitem_product_count,1,0.1,billing,view_barrier,PASS,16,1,1,1,0,0,0,
q6_lineitem_product_count,1,0.1,billing,predicate_injection,PASS,5,1,0,0,0,0,0,
q6_lineitem_product_count,1,0.1,billing,pcqv_forced,PASS,5,1,0,0,0,0,0,
q6_lineitem_product_count,1,0.1,billing,pcqv,PASS,5,1,0,0,0,0,0,
q6_lineitem_product_count,1,0.1,billing,oracle_order,PASS,5,1,0,0,0,0,0,
q6_lineitem_product_count,1,0.5,analytics,reference,PASS,7,1,0,0,0,0,0,
q6_lineitem_product_count,1,0.5,analytics,post_join_filter,PASS,7,1,0,0,0,0,0,
q6_lineitem_product_count,1,0.5,analytics,view_barrier,PASS,16,1,1,1,0,0,0,
q6_lineitem_product_count,1,0.5,analytics,predicate_injection,PASS,7,1,0,0,0,0,0,
q6_lineitem_product_count,1,0.5,analytics,pcqv_forced,PASS,6,1,0,0,0,0,0,
q6_lineitem_product_count,1,0.5,analytics,pcqv,PASS,7,1,0,0,0,0,0,
q6_lineitem_product_count,1,0.5,analytics,oracle_order,PASS,7,1,0,0,0,0,0,
q6_lineitem_product_count,1,0.5,support,reference,PASS,7,1,0,0,0,0,0,
q6_lineitem_product_count,1,0.5,support,post_join_filter,PASS,7,1,0,0,0,0,0,
q6_lineitem_product_count,1,0.5,support,view_barrier,PASS,16,1,1,1,0,0,0,
q6_lineitem_product_count,1,0.5,support,predicate_injection,PASS,7,1,0,0,0,0,0,
q6_lineitem_product_count,1,0.5,support,pcqv_forced,PASS,6,1,0,0,0,0,0,
q6_lineitem_product_count,1,0.5,support,pcqv,PASS,7,1,0,0,0,0,0,
q6_lineitem_product_count,1,0.5,support,oracle_order,PASS,7,1,0,0,0,0,0,
q6_lineitem_product_count,1,0.5,billing,reference,PASS,7,1,0,0,0,0,0,
q6_lineitem_product_count,1,0.5,billing,post_join_filter,PASS,7,1,0,0,0,0,0,
q6_lineitem_product_count,1,0.5,billing,view_barrier,PASS,16,1,1,1,0,0,0,
q6_lineitem_product_count,1,0.5,billing,predicate_injection,PASS,7,1,0,0,0,0,0,
q6_lineitem_product_count,1,0.5,billing,pcqv_forced,PASS,6,1,0,0,0,0,0,
q6_lineitem_product_count,1,0.5,billing,pcqv,PASS,7,1,0,0,0,0,0,
q6_lineitem_product_count,1,0.5,billing,oracle_order,PASS,7,1,0,0,0,0,0,
q6_lineitem_product_count,2,0.025,analytics,reference,PASS,5,1,0,0,0,0,0,
q6_lineitem_product_count,2,0.025,analytics,post_join_filter,PASS,5,1,0,0,0,0,0,
q6_lineitem_product_count,2,0.025,analytics,view_barrier,PASS,15,1,1,1,0,0,0,
q6_lineitem_product_count,2,0.025,analytics,predicate_injection,PASS,5,1,0,0,0,0,0,
q6_lineitem_product_count,2,0.025,analytics,pcqv_forced,PASS,5,1,0,0,0,0,0,
q6_lineitem_product_count,2,0.025,analytics,pcqv,PASS,5,1,0,0,0,0,0,
q6_lineitem_product_count,2,0.025,analytics,oracle_order,PASS,6,1,0,0,0,0,0,
q6_lineitem_product_count,2,0.025,support,reference,PASS,5,1,0,0,0,0,0,
q6_lineitem_product_count,2,0.025,support,post_join_filter,PASS,5,1,0,0,0,0,0,
q6_lineitem_product_count,2,0.025,support,view_barrier,PASS,15,1,1,1,0,0,0,
q6_lineitem_product_count,2,0.025,support,predicate_injection,PASS,5,1,0,0,0,0,0,
q6_lineitem_product_count,2,0.025,support,pcqv_forced,PASS,5,1,0,0,0,0,0,
q6_lineitem_product_count,2,0.025,support,pcqv,PASS,5,1,0,0,0,0,0,
q6_lineitem_product_count,2,0.025,support,oracle_order,PASS,6,1,0,0,0,0,0,
q6_lineitem_product_count,2,0.025,billing,reference,PASS,5,1,0,0,0,0,0,
q6_lineitem_product_count,2,0.025,billing,post_join_filter,PASS,5,1,0,0,0,0,0,
q6_lineitem_product_count,2,0.025,billing,view_barrier,PASS,15,1,1,1,0,0,0,
q6_lineitem_product_count,2,0.025,billing,predicate_injection,PASS,5,1,0,0,0,0,0,
q6_lineitem_product_count,2,0.025,billing,pcqv_forced,PASS,5,1,0,0,0,0,0,
q6_lineitem_product_count,2,0.025,billing,pcqv,PASS,5,1,0,0,0,0,0,
q6_lineitem_product_count,2,0.025,billing,oracle_order,PASS,6,1,0,0,0,0,0,
q6_lineitem_product_count,2,0.1,analytics,reference,PASS,5,1,0,0,0,0,0,
q6_lineitem_product_count,2,0.1,analytics,post_join_filter,PASS,6,1,0,0,0,0,0,
q6_lineitem_product_count,2,0.1,analytics,view_barrier,PASS,16,1,1,1,0,0,0,
q6_lineitem_product_count,2,0.1,analytics,predicate_injection,PASS,5,1,0,0,0,0,0,
q6_lineitem_product_count,2,0.1,analytics,pcqv_forced,PASS,5,1,0,0,0,0,0,
q6_lineitem_product_count,2,0.1,analytics,pcqv,PASS,5,1,0,0,0,0,0,
q6_lineitem_product_count,2,0.1,analytics,oracle_order,PASS,5,1,0,0,0,0,0,
q6_lineitem_product_count,2,0.1,support,reference,PASS,5,1,0,0,0,0,0,
q6_lineitem_product_count,2,0.1,support,post_join_filter,PASS,6,1,0,0,0,0,0,
q6_lineitem_product_count,2,0.1,support,view_barrier,PASS,16,1,1,1,0,0,0,
q6_lineitem_product_count,2,0.1,support,predicate_injection,PASS,5,1,0,0,0,0,0,
q6_lineitem_product_count,2,0.1,support,pcqv_forced,PASS,5,1,0,0,0,0,0,
q6_lineitem_product_count,2,0.1,support,pcqv,PASS,5,1,0,0,0,0,0,
q6_lineitem_product_count,2,0.1,support,oracle_order,PASS,5,1,0,0,0,0,0,
q6_lineitem_product_count,2,0.1,billing,reference,PASS,5,1,0,0,0,0,0,
q6_lineitem_product_count,2,0.1,billing,post_join_filter,PASS,6,1,0,0,0,0,0,
q6_lineitem_product_count,2,0.1,billing,view_barrier,PASS,16,1,1,1,0,0,0,
q6_lineitem_product_count,2,0.1,billing,predicate_injection,PASS,5,1,0,0,0,0,0,
q6_lineitem_product_count,2,0.1,billing,pcqv_forced,PASS,5,1,0,0,0,0,0,
q6_lineitem_product_count,2,0.1,billing,pcqv,PASS,5,1,0,0,0,0,0,
q6_lineitem_product_count,2,0.1,billing,oracle_order,PASS,5,1,0,0,0,0,0,
q6_lineitem_product_count,2,0.5,analytics,reference,PASS,6,1,0,0,0,0,0,
q6_lineitem_product_count,2,0.5,analytics,post_join_filter,PASS,7,1,0,0,0,0,0,
q6_lineitem_product_count,2,0.5,analytics,view_barrier,PASS,16,1,1,1,0,0,0,
q6_lineitem_product_count,2,0.5,analytics,predicate_injection,PASS,6,1,0,0,0,0,0,
q6_lineitem_product_count,2,0.5,analytics,pcqv_forced,PASS,6,1,0,0,0,0,0,
q6_lineitem_product_count,2,0.5,analytics,pcqv,PASS,6,1,0,0,0,0,0,
q6_lineitem_product_count,2,0.5,analytics,oracle_order,PASS,6,1,0,0,0,0,0,
q6_lineitem_product_count,2,0.5,support,reference,PASS,6,1,0,0,0,0,0,
q6_lineitem_product_count,2,0.5,support,post_join_filter,PASS,7,1,0,0,0,0,0,
q6_lineitem_product_count,2,0.5,support,view_barrier,PASS,16,1,1,1,0,0,0,
q6_lineitem_product_count,2,0.5,support,predicate_injection,PASS,6,1,0,0,0,0,0,
q6_lineitem_product_count,2,0.5,support,pcqv_forced,PASS,6,1,0,0,0,0,0,
q6_lineitem_product_count,2,0.5,support,pcqv,PASS,6,1,0,0,0,0,0,
q6_lineitem_product_count,2,0.5,support,oracle_order,PASS,6,1,0,0,0,0,0,
q6_lineitem_product_count,2,0.5,billing,reference,PASS,6,1,0,0,0,0,0,
q6_lineitem_product_count,2,0.5,billing,post_join_filter,PASS,7,1,0,0,0,0,0,
q6_lineitem_product_count,2,0.5,billing,view_barrier,PASS,16,1,1,1,0,0,0,
q6_lineitem_product_count,2,0.5,billing,predicate_injection,PASS,6,1,0,0,0,0,0,
q6_lineitem_product_count,2,0.5,billing,pcqv_forced,PASS,6,1,0,0,0,0,0,
q6_lineitem_product_count,2,0.5,billing,pcqv,PASS,6,1,0,0,0,0,0,
q6_lineitem_product_count,2,0.5,billing,oracle_order,PASS,6,1,0,0,0,0,0,
q6_lineitem_product_count,3,0.025,analytics,reference,PASS,5,1,0,0,0,0,0,
q6_lineitem_product_count,3,0.025,analytics,post_join_filter,PASS,5,1,0,0,0,0,0,
q6_lineitem_product_count,3,0.025,analytics,view_barrier,PASS,15,1,1,1,0,0,0,
q6_lineitem_product_count,3,0.025,analytics,predicate_injection,PASS,5,1,0,0,0,0,0,
q6_lineitem_product_count,3,0.025,analytics,pcqv_forced,PASS,5,1,0,0,0,0,0,
q6_lineitem_product_count,3,0.025,analytics,pcqv,PASS,5,1,0,0,0,0,0,
q6_lineitem_product_count,3,0.025,analytics,oracle_order,PASS,6,1,0,0,0,0,0,
q6_lineitem_product_count,3,0.025,support,reference,PASS,5,1,0,0,0,0,0,
q6_lineitem_product_count,3,0.025,support,post_join_filter,PASS,5,1,0,0,0,0,0,
q6_lineitem_product_count,3,0.025,support,view_barrier,PASS,15,1,1,1,0,0,0,
q6_lineitem_product_count,3,0.025,support,predicate_injection,PASS,5,1,0,0,0,0,0,
q6_lineitem_product_count,3,0.025,support,pcqv_forced,PASS,5,1,0,0,0,0,0,
q6_lineitem_product_count,3,0.025,support,pcqv,PASS,5,1,0,0,0,0,0,
q6_lineitem_product_count,3,0.025,support,oracle_order,PASS,6,1,0,0,0,0,0,
q6_lineitem_product_count,3,0.025,billing,reference,PASS,5,1,0,0,0,0,0,
q6_lineitem_product_count,3,0.025,billing,post_join_filter,PASS,5,1,0,0,0,0,0,
q6_lineitem_product_count,3,0.025,billing,view_barrier,PASS,15,1,1,1,0,0,0,
q6_lineitem_product_count,3,0.025,billing,predicate_injection,PASS,5,1,0,0,0,0,0,
q6_lineitem_product_count,3,0.025,billing,pcqv_forced,PASS,5,1,0,0,0,0,0,
q6_lineitem_product_count,3,0.025,billing,pcqv,PASS,5,1,0,0,0,0,0,
q6_lineitem_product_count,3,0.025,billing,oracle_order,PASS,6,1,0,0,0,0,0,
q6_lineitem_product_count,3,0.1,analytics,reference,PASS,5,1,0,0,0,0,0,
q6_lineitem_product_count,3,0.1,analytics,post_join_filter,PASS,6,1,0,0,0,0,0,
q6_lineitem_product_count,3,0.1,analytics,view_barrier,PASS,16,1,1,1,0,0,0,
q6_lineitem_product_count,3,0.1,analytics,predicate_injection,PASS,5,1,0,0,0,0,0,
q6_lineitem_product_count,3,0.1,analytics,pcqv_forced,PASS,5,1,0,0,0,0,0,
q6_lineitem_product_count,3,0.1,analytics,pcqv,PASS,5,1,0,0,0,0,0,
q6_lineitem_product_count,3,0.1,analytics,oracle_order,PASS,5,1,0,0,0,0,0,
q6_lineitem_product_count,3,0.1,support,reference,PASS,5,1,0,0,0,0,0,
q6_lineitem_product_count,3,0.1,support,post_join_filter,PASS,6,1,0,0,0,0,0,
q6_lineitem_product_count,3,0.1,support,view_barrier,PASS,16,1,1,1,0,0,0,
q6_lineitem_product_count,3,0.1,support,predicate_injection,PASS,5,1,0,0,0,0,0,
q6_lineitem_product_count,3,0.1,support,pcqv_forced,PASS,5,1,0,0,0,0,0,
q6_lineitem_product_count,3,0.1,support,pcqv,PASS,5,1,0,0,0,0,0,
q6_lineitem_product_count,3,0.1,support,oracle_order,PASS,5,1,0,0,0,0,0,
q6_lineitem_product_count,3,0.1,billing,reference,PASS,5,1,0,0,0,0,0,
q6_lineitem_product_count,3,0.1,billing,post_join_filter,PASS,6,1,0,0,0,0,0,
q6_lineitem_product_count,3,0.1,billing,view_barrier,PASS,16,1,1,1,0,0,0,
q6_lineitem_product_count,3,0.1,billing,predicate_injection,PASS,5,1,0,0,0,0,0,
q6_lineitem_product_count,3,0.1,billing,pcqv_forced,PASS,5,1,0,0,0,0,0,
q6_lineitem_product_count,3,0.1,billing,pcqv,PASS,5,1,0,0,0,0,0,
q6_lineitem_product_count,3,0.1,billing,oracle_order,PASS,5,1,0,0,0,0,0,
q6_lineitem_product_count,3,0.5,analytics,reference,PASS,5,1,0,0,0,0,0,
q6_lineitem_product_count,3,0.5,analytics,post_join_filter,PASS,7,1,0,0,0,0,0,
q6_lineitem_product_count,3,0.5,analytics,view_barrier,PASS,16,1,1,1,0,0,0,
q6_lineitem_product_count,3,0.5,analytics,predicate_injection,PASS,5,1,0,0,0,0,0,
q6_lineitem_product_count,3,0.5,analytics,pcqv_forced,PASS,6,1,0,0,0,0,0,
q6_lineitem_product_count,3,0.5,analytics,pcqv,PASS,6,1,0,0,0,0,0,
q6_lineitem_product_count,3,0.5,analytics,oracle_order,PASS,6,1,0,0,0,0,0,
q6_lineitem_product_count,3,0.5,support,reference,PASS,5,1,0,0,0,0,0,
q6_lineitem_product_count,3,0.5,support,post_join_filter,PASS,7,1,0,0,0,0,0,
q6_lineitem_product_count,3,0.5,support,view_barrier,PASS,16,1,1,1,0,0,0,
q6_lineitem_product_count,3,0.5,support,predicate_injection,PASS,5,1,0,0,0,0,0,
q6_lineitem_product_count,3,0.5,support,pcqv_forced,PASS,6,1,0,0,0,0,0,
q6_lineitem_product_count,3,0.5,support,pcqv,PASS,6,1,0,0,0,0,0,
q6_lineitem_product_count,3,0.5,support,oracle_order,PASS,6,1,0,0,0,0,0,
q6_lineitem_product_count,3,0.5,billing,reference,PASS,5,1,0,0,0,0,0,
q6_lineitem_product_count,3,0.5,billing,post_join_filter,PASS,7,1,0,0,0,0,0,
q6_lineitem_product_count,3,0.5,billing,view_barrier,PASS,16,1,1,1,0,0,0,
q6_lineitem_product_count,3,0.5,billing,predicate_injection,PASS,5,1,0,0,0,0,0,
q6_lineitem_product_count,3,0.5,billing,pcqv_forced,PASS,6,1,0,0,0,0,0,
q6_lineitem_product_count,3,0.5,billing,pcqv,PASS,6,1,0,0,0,0,0,
q6_lineitem_product_count,3,0.5,billing,oracle_order,PASS,6,1,0,0,0,0,0,
q6_lineitem_product_count,4,0.025,analytics,reference,PASS,9,1,0,1,0,0,0,
q6_lineitem_product_count,4,0.025,analytics,post_join_filter,PASS,5,1,0,0,0,0,0,
q6_lineitem_product_count,4,0.025,analytics,view_barrier,PASS,19,1,1,1,0,0,0,
q6_lineitem_product_count,4,0.025,analytics,predicate_injection,PASS,9,1,0,1,0,0,0,
q6_lineitem_product_count,4,0.025,analytics,pcqv_forced,PASS,8,1,0,1,0,0,0,
q6_lineitem_product_count,4,0.025,analytics,pcqv,PASS,8,1,0,1,0,0,0,
q6_lineitem_product_count,4,0.025,analytics,oracle_order,PASS,10,1,0,1,0,0,0,
q6_lineitem_product_count,4,0.025,support,reference,PASS,9,1,0,1,0,0,0,
q6_lineitem_product_count,4,0.025,support,post_join_filter,PASS,5,1,0,0,0,0,0,
q6_lineitem_product_count,4,0.025,support,view_barrier,PASS,19,1,1,1,0,0,0,
q6_lineitem_product_count,4,0.025,support,predicate_injection,PASS,9,1,0,1,0,0,0,
q6_lineitem_product_count,4,0.025,support,pcqv_forced,PASS,8,1,0,1,0,0,0,
q6_lineitem_product_count,4,0.025,support,pcqv,PASS,8,1,0,1,0,0,0,
q6_lineitem_product_count,4,0.025,support,oracle_order,PASS,10,1,0,1,0,0,0,
q6_lineitem_product_count,4,0.025,billing,reference,PASS,9,1,0,1,0,0,0,
q6_lineitem_product_count,4,0.025,billing,post_join_filter,PASS,5,1,0,0,0,0,0,
q6_lineitem_product_count,4,0.025,billing,view_barrier,PASS,19,1,1,1,0,0,0,
q6_lineitem_product_count,4,0.025,billing,predicate_injection,PASS,9,1,0,1,0,0,0,
q6_lineitem_product_count,4,0.025,billing,pcqv_forced,PASS,8,1,0,1,0,0,0,
q6_lineitem_product_count,4,0.025,billing,pcqv,PASS,8,1,0,1,0,0,0,
q6_lineitem_product_count,4,0.025,billing,oracle_order,PASS,10,1,0,1,0,0,0,
q6_lineitem_product_count,4,0.1,analytics,reference,PASS,9,1,0,1,0,0,0,
q6_lineitem_product_count,4,0.1,analytics,post_join_filter,PASS,6,1,0,0,0,0,0,
q6_lineitem_product_count,4,0.1,analytics,view_barrier,PASS,20,1,1,1,0,0,0,
q6_lineitem_product_count,4,0.1,analytics,predicate_injection,PASS,9,1,0,1,0,0,0,
q6_lineitem_product_count,4,0.1,analytics,pcqv_forced,PASS,9,1,0,1,0,0,0,
q6_lineitem_product_count,4,0.1,analytics,pcqv,PASS,9,1,0,1,0,0,0,
q6_lineitem_product_count,4,0.1,analytics,oracle_order,PASS,10,1,0,1,0,0,0,
q6_lineitem_product_count,4,0.1,support,reference,PASS,9,1,0,1,0,0,0,
q6_lineitem_product_count,4,0.1,support,post_join_filter,PASS,6,1,0,0,0,0,0,
q6_lineitem_product_count,4,0.1,support,view_barrier,PASS,20,1,1,1,0,0,0,
q6_lineitem_product_count,4,0.1,support,predicate_injection,PASS,9,1,0,1,0,0,0,
q6_lineitem_product_count,4,0.1,support,pcqv_forced,PASS,9,1,0,1,0,0,0,
q6_lineitem_product_count,4,0.1,support,pcqv,PASS,9,1,0,1,0,0,0,
q6_lineitem_product_count,4,0.1,support,oracle_order,PASS,9,1,0,1,0,0,0,
q6_lineitem_product_count,4,0.1,billing,reference,PASS,9,1,0,1,0,0,0,
q6_lineitem_product_count,4,0.1,billing,post_join_filter,PASS,6,1,0,0,0,0,0,
q6_lineitem_product_count,4,0.1,billing,view_barrier,PASS,20,1,1,1,0,0,0,
q6_lineitem_product_count,4,0.1,billing,predicate_injection,PASS,9,1,0,1,0,0,0,
q6_lineitem_product_count,4,0.1,billing,pcqv_forced,PASS,9,1,0,1,0,0,0,
q6_lineitem_product_count,4,0.1,billing,pcqv,PASS,9,1,0,1,0,0,0,
q6_lineitem_product_count,4,0.1,billing,oracle_order,PASS,10,1,0,1,0,0,0,
q6_lineitem_product_count,4,0.5,analytics,reference,PASS,9,1,0,1,0,0,0,
q6_lineitem_product_count,4,0.5,analytics,post_join_filter,PASS,7,1,0,0,0,0,0,
q6_lineitem_product_count,4,0.5,analytics,view_barrier,PASS,20,1,1,1,0,0,0,
q6_lineitem_product_count,4,0.5,analytics,predicate_injection,PASS,9,1,0,1,0,0,0,
q6_lineitem_product_count,4,0.5,analytics,pcqv_forced,PASS,10,1,0,1,0,0,0,
q6_lineitem_product_count,4,0.5,analytics,pcqv,PASS,10,1,0,1,0,0,0,
q6_lineitem_product_count,4,0.5,analytics,oracle_order,PASS,10,1,1,1,0,0,0,
q6_lineitem_product_count,4,0.5,support,reference,PASS,9,1,0,1,0,0,0,
q6_lineitem_product_count,4,0.5,support,post_join_filter,PASS,7,1,0,0,0,0,0,
q6_lineitem_product_count,4,0.5,support,view_barrier,PASS,20,1,1,1,0,0,0,
q6_lineitem_product_count,4,0.5,support,predicate_injection,PASS,9,1,0,1,0,0,0,
q6_lineitem_product_count,4,0.5,support,pcqv_forced,PASS,10,1,0,1,0,0,0,
q6_lineitem_product_count,4,0.5,support,pcqv,PASS,10,1,0,1,0,0,0,
q6_lineitem_product_count,4,0.5,support,oracle_order,PASS,10,1,1,1,0,0,0,
q6_lineitem_product_count,4,0.5,billing,reference,PASS,9,1,0,1,0,0,0,
q6_lineitem_product_count,4,0.5,billing,post_join_filter,PASS,7,1,0,0,0,0,0,
q6_lineitem_product_count,4,0.5,billing,view_barrier,PASS,20,1,1,1,0,0,0,
q6_lineitem_product_count,4,0.5,billing,predicate_injection,PASS,9,1,0,1,0,0,0,
q6_lineitem_product_count,4,0.5,billing,pcqv_forced,PASS,10,1,0,1,0,0,0,
q6_lineitem_product_count,4,0.5,billing,pcqv,PASS,10,1,0,1,0,0,0,
q6_lineitem_product_count,4,0.5,billing,oracle_order,PASS,10,1,0,1,0,0,0,
q6_lineitem_product_count,5,0.025,analytics,reference,PASS,10,1,0,1,0,0,0,
q6_lineitem_product_count,5,0.025,analytics,post_join_filter,PASS,7,1,0,1,0,0,0,
q6_lineitem_product_count,5,0.025,analytics,view_barrier,PASS,22,1,1,1,0,0,0,
q6_lineitem_product_count,5,0.025,analytics,predicate_injection,PASS,10,1,0,1,0,0,0,
q6_lineitem_product_count,5,0.025,analytics,pcqv_forced,PASS,10,1,0,1,0,0,0,
q6_lineitem_product_count,5,0.025,analytics,pcqv,PASS,10,1,0,1,0,0,0,
q6_lineitem_product_count,5,0.025,analytics,oracle_order,PASS,12,1,0,1,0,0,0,
q6_lineitem_product_count,5,0.025,support,reference,PASS,10,1,0,1,0,0,0,
q6_lineitem_product_count,5,0.025,support,post_join_filter,PASS,7,1,0,1,0,0,0,
q6_lineitem_product_count,5,0.025,support,view_barrier,PASS,22,1,1,1,0,0,0,
q6_lineitem_product_count,5,0.025,support,predicate_injection,PASS,10,1,0,1,0,0,0,
q6_lineitem_product_count,5,0.025,support,pcqv_forced,PASS,10,1,0,1,0,0,0,
q6_lineitem_product_count,5,0.025,support,pcqv,PASS,10,1,0,1,0,0,0,
q6_lineitem_product_count,5,0.025,support,oracle_order,PASS,12,1,0,1,0,0,0,
q6_lineitem_product_count,5,0.025,billing,reference,PASS,10,1,0,1,0,0,0,
q6_lineitem_product_count,5,0.025,billing,post_join_filter,PASS,7,1,0,1,0,0,0,
q6_lineitem_product_count,5,0.025,billing,view_barrier,PASS,22,1,1,1,0,0,0,
q6_lineitem_product_count,5,0.025,billing,predicate_injection,PASS,10,1,0,1,0,0,0,
q6_lineitem_product_count,5,0.025,billing,pcqv_forced,PASS,10,1,0,1,0,0,0,
q6_lineitem_product_count,5,0.025,billing,pcqv,PASS,10,1,0,1,0,0,0,
q6_lineitem_product_count,5,0.025,billing,oracle_order,PASS,12,1,0,1,0,0,0,
q6_lineitem_product_count,5,0.1,analytics,reference,PASS,12,1,0,1,0,0,0,
q6_lineitem_product_count,5,0.1,analytics,post_join_filter,PASS,8,1,0,1,0,0,0,
q6_lineitem_product_count,5,0.1,analytics,view_barrier,PASS,22,1,1,1,0,0,0,
q6_lineitem_product_count,5,0.1,analytics,predicate_injection,PASS,12,1,0,1,0,0,0,
q6_lineitem_product_count,5,0.1,analytics,pcqv_forced,PASS,12,1,0,1,0,0,0,
q6_lineitem_product_count,5,0.1,analytics,pcqv,PASS,12,1,0,1,0,0,0,
q6_lineitem_product_count,5,0.1,analytics,oracle_order,PASS,12,1,0,1,0,0,0,
q6_lineitem_product_count,5,0.1,support,reference,PASS,12,1,0,1,0,0,0,
q6_lineitem_product_count,5,0.1,support,post_join_filter,PASS,8,1,0,1,0,0,0,
q6_lineitem_product_count,5,0.1,support,view_barrier,PASS,22,1,1,1,0,0,0,
q6_lineitem_product_count,5,0.1,support,predicate_injection,PASS,12,1,0,1,0,0,0,
q6_lineitem_product_count,5,0.1,support,pcqv_forced,PASS,12,1,0,1,0,0,0,
q6_lineitem_product_count,5,0.1,support,pcqv,PASS,12,1,0,1,0,0,0,
q6_lineitem_product_count,5,0.1,support,oracle_order,PASS,12,1,0,1,0,0,0,
q6_lineitem_product_count,5,0.1,billing,reference,PASS,12,1,0,1,0,0,0,
q6_lineitem_product_count,5,0.1,billing,post_join_filter,PASS,8,1,0,1,0,0,0,
q6_lineitem_product_count,5,0.1,billing,view_barrier,PASS,22,1,1,1,0,0,0,
q6_lineitem_product_count,5,0.1,billing,predicate_injection,PASS,12,1,0,1,0,0,0,
q6_lineitem_product_count,5,0.1,billing,pcqv_forced,PASS,12,1,0,1,0,0,0,
q6_lineitem_product_count,5,0.1,billing,pcqv,PASS,12,1,0,1,0,0,0,
q6_lineitem_product_count,5,0.1,billing,oracle_order,PASS,12,1,0,1,0,0,0,
q6_lineitem_product_count,5,0.5,analytics,reference,PASS,11,1,0,1,0,0,0,
q6_lineitem_product_count,5,0.5,analytics,post_join_filter,PASS,9,1,0,1,0,0,0,
q6_lineitem_product_count,5,0.5,analytics,view_barrier,PASS,22,1,1,1,0,0,0,
q6_lineitem_product_count,5,0.5,analytics,predicate_injection,PASS,11,1,0,1,0,0,0,
q6_lineitem_product_count,5,0.5,analytics,pcqv_forced,PASS,12,1,0,1,0,0,0,
q6_lineitem_product_count,5,0.5,analytics,pcqv,PASS,12,1,0,1,0,0,0,
q6_lineitem_product_count,5,0.5,analytics,oracle_order,PASS,12,1,1,1,0,0,0,
q6_lineitem_product_count,5,0.5,support,reference,PASS,11,1,0,1,0,0,0,
q6_lineitem_product_count,5,0.5,support,post_join_filter,PASS,9,1,0,1,0,0,0,
q6_lineitem_product_count,5,0.5,support,view_barrier,PASS,22,1,1,1,0,0,0,
q6_lineitem_product_count,5,0.5,support,predicate_injection,PASS,11,1,0,1,0,0,0,
q6_lineitem_product_count,5,0.5,support,pcqv_forced,PASS,12,1,0,1,0,0,0,
q6_lineitem_product_count,5,0.5,support,pcqv,PASS,12,1,0,1,0,0,0,
q6_lineitem_product_count,5,0.5,support,oracle_order,PASS,12,1,1,1,0,0,0,
q6_lineitem_product_count,5,0.5,billing,reference,PASS,11,1,0,1,0,0,0,
q6_lineitem_product_count,5,0.5,billing,post_join_filter,PASS,9,1,0,1,0,0,0,
q6_lineitem_product_count,5,0.5,billing,view_barrier,PASS,22,1,1,1,0,0,0,
q6_lineitem_product_count,5,0.5,billing,predicate_injection,PASS,11,1,0,1,0,0,0,
q6_lineitem_product_count,5,0.5,billing,pcqv_forced,PASS,12,1,0,1,0,0,0,
q6_lineitem_product_count,5,0.5,billing,pcqv,PASS,12,1,0,1,0,0,0,
q6_lineitem_product_count,5,0.5,billing,oracle_order,PASS,12,1,1,1,0,0,0,
q6_lineitem_product_count,6,0.025,analytics,reference,PASS,10,1,0,1,0,0,0,
q6_lineitem_product_count,6,0.025,analytics,post_join_filter,PASS,7,1,0,1,0,0,0,
q6_lineitem_product_count,6,0.025,analytics,view_barrier,PASS,22,1,1,1,0,0,0,
q6_lineitem_product_count,6,0.025,analytics,predicate_injection,PASS,10,1,0,1,0,0,0,
q6_lineitem_product_count,6,0.025,analytics,pcqv_forced,PASS,10,1,0,1,0,0,0,
q6_lineitem_product_count,6,0.025,analytics,pcqv,PASS,10,1,0,1,0,0,0,
q6_lineitem_product_count,6,0.025,analytics,oracle_order,PASS,12,1,0,1,0,0,0,
q6_lineitem_product_count,6,0.025,support,reference,PASS,10,1,0,1,0,0,0,
q6_lineitem_product_count,6,0.025,support,post_join_filter,PASS,7,1,0,1,0,0,0,
q6_lineitem_product_count,6,0.025,support,view_barrier,PASS,22,1,1,1,0,0,0,
q6_lineitem_product_count,6,0.025,support,predicate_injection,PASS,10,1,0,1,0,0,0,
q6_lineitem_product_count,6,0.025,support,pcqv_forced,PASS,10,1,0,1,0,0,0,
q6_lineitem_product_count,6,0.025,support,pcqv,PASS,10,1,0,1,0,0,0,
q6_lineitem_product_count,6,0.025,support,oracle_order,PASS,12,1,0,1,0,0,0,
q6_lineitem_product_count,6,0.025,billing,reference,PASS,10,1,0,1,0,0,0,
q6_lineitem_product_count,6,0.025,billing,post_join_filter,PASS,7,1,0,1,0,0,0,
q6_lineitem_product_count,6,0.025,billing,view_barrier,PASS,22,1,1,1,0,0,0,
q6_lineitem_product_count,6,0.025,billing,predicate_injection,PASS,10,1,0,1,0,0,0,
q6_lineitem_product_count,6,0.025,billing,pcqv_forced,PASS,10,1,0,1,0,0,0,
q6_lineitem_product_count,6,0.025,billing,pcqv,PASS,10,1,0,1,0,0,0,
q6_lineitem_product_count,6,0.025,billing,oracle_order,PASS,12,1,0,1,0,0,0,
q6_lineitem_product_count,6,0.1,analytics,reference,PASS,12,1,0,1,0,0,0,
q6_lineitem_product_count,6,0.1,analytics,post_join_filter,PASS,8,1,0,1,0,0,0,
q6_lineitem_product_count,6,0.1,analytics,view_barrier,PASS,22,1,1,1,0,0,0,
q6_lineitem_product_count,6,0.1,analytics,predicate_injection,PASS,12,1,0,1,0,0,0,
q6_lineitem_product_count,6,0.1,analytics,pcqv_forced,PASS,12,1,0,1,0,0,0,
q6_lineitem_product_count,6,0.1,analytics,pcqv,PASS,12,1,0,1,0,0,0,
q6_lineitem_product_count,6,0.1,analytics,oracle_order,PASS,12,1,0,1,0,0,0,
q6_lineitem_product_count,6,0.1,support,reference,PASS,12,1,0,1,0,0,0,
q6_lineitem_product_count,6,0.1,support,post_join_filter,PASS,8,1,0,1,0,0,0,
q6_lineitem_product_count,6,0.1,support,view_barrier,PASS,22,1,1,1,0,0,0,
q6_lineitem_product_count,6,0.1,support,predicate_injection,PASS,12,1,0,1,0,0,0,
q6_lineitem_product_count,6,0.1,support,pcqv_forced,PASS,12,1,0,1,0,0,0,
q6_lineitem_product_count,6,0.1,support,pcqv,PASS,12,1,0,1,0,0,0,
q6_lineitem_product_count,6,0.1,support,oracle_order,PASS,12,1,0,1,0,0,0,
q6_lineitem_product_count,6,0.1,billing,reference,PASS,12,1,0,1,0,0,0,
q6_lineitem_product_count,6,0.1,billing,post_join_filter,PASS,8,1,0,1,0,0,0,
q6_lineitem_product_count,6,0.1,billing,view_barrier,PASS,22,1,1,1,0,0,0,
q6_lineitem_product_count,6,0.1,billing,predicate_injection,PASS,12,1,0,1,0,0,0,
q6_lineitem_product_count,6,0.1,billing,pcqv_forced,PASS,12,1,0,1,0,0,0,
q6_lineitem_product_count,6,0.1,billing,pcqv,PASS,12,1,0,1,0,0,0,
q6_lineitem_product_count,6,0.1,billing,oracle_order,PASS,12,1,0,1,0,0,0,
q6_lineitem_product_count,6,0.5,analytics,reference,PASS,11,1,0,1,0,0,0,
q6_lineitem_product_count,6,0.5,analytics,post_join_filter,PASS,9,1,0,1,0,0,0,
q6_lineitem_product_count,6,0.5,analytics,view_barrier,PASS,22,1,1,1,0,0,0,
q6_lineitem_product_count,6,0.5,analytics,predicate_injection,PASS,11,1,0,1,0,0,0,
q6_lineitem_product_count,6,0.5,analytics,pcqv_forced,PASS,12,1,0,1,0,0,0,
q6_lineitem_product_count,6,0.5,analytics,pcqv,PASS,12,1,0,1,0,0,0,
q6_lineitem_product_count,6,0.5,analytics,oracle_order,PASS,12,1,1,1,0,0,0,
q6_lineitem_product_count,6,0.5,support,reference,PASS,11,1,0,1,0,0,0,
q6_lineitem_product_count,6,0.5,support,post_join_filter,PASS,9,1,0,1,0,0,0,
q6_lineitem_product_count,6,0.5,support,view_barrier,PASS,22,1,1,1,0,0,0,
q6_lineitem_product_count,6,0.5,support,predicate_injection,PASS,11,1,0,1,0,0,0,
q6_lineitem_product_count,6,0.5,support,pcqv_forced,PASS,12,1,0,1,0,0,0,
q6_lineitem_product_count,6,0.5,support,pcqv,PASS,12,1,0,1,0,0,0,
q6_lineitem_product_count,6,0.5,support,oracle_order,PASS,12,1,1,1,0,0,0,
q6_lineitem_product_count,6,0.5,billing,reference,PASS,11,1,0,1,0,0,0,
q6_lineitem_product_count,6,0.5,billing,post_join_filter,PASS,9,1,0,1,0,0,0,
q6_lineitem_product_count,6,0.5,billing,view_barrier,PASS,22,1,1,1,0,0,0,
q6_lineitem_product_count,6,0.5,billing,predicate_injection,PASS,11,1,0,1,0,0,0,
q6_lineitem_product_count,6,0.5,billing,pcqv_forced,PASS,12,1,0,1,0,0,0,
q6_lineitem_product_count,6,0.5,billing,pcqv,PASS,12,1,0,1,0,0,0,
q6_lineitem_product_count,6,0.5,billing,oracle_order,PASS,12,1,1,1,0,0,0,
q7_customer_summary,1,0.025,analytics,reference,PASS,3,1,0,0,0,0,0,
q7_customer_summary,1,0.025,analytics,post_join_filter,PASS,3,1,0,0,0,0,0,
q7_customer_summary,1,0.025,analytics,view_barrier,PASS,8,1,1,1,0,0,0,
q7_customer_summary,1,0.025,analytics,predicate_injection,PASS,3,1,0,0,0,0,0,
q7_customer_summary,1,0.025,analytics,pcqv_forced,PASS,3,1,0,0,0,0,0,
q7_customer_summary,1,0.025,analytics,pcqv,PASS,3,1,0,0,0,0,0,
q7_customer_summary,1,0.025,analytics,oracle_order,PASS,3,1,0,0,0,0,0,
q7_customer_summary,1,0.025,support,reference,PASS,3,1,0,0,0,0,0,
q7_customer_summary,1,0.025,support,post_join_filter,PASS,3,1,0,0,0,0,0,
q7_customer_summary,1,0.025,support,view_barrier,PASS,8,1,1,1,0,0,0,
q7_customer_summary,1,0.025,support,predicate_injection,PASS,3,1,0,0,0,0,0,
q7_customer_summary,1,0.025,support,pcqv_forced,PASS,3,1,0,0,0,0,0,
q7_customer_summary,1,0.025,support,pcqv,PASS,3,1,0,0,0,0,0,
q7_customer_summary,1,0.025,support,oracle_order,PASS,3,1,0,0,0,0,0,
q7_customer_summary,1,0.025,billing,reference,PASS,3,1,0,0,0,0,0,
q7_customer_summary,1,0.025,billing,post_join_filter,PASS,3,1,0,0,0,0,0,
q7_customer_summary,1,0.025,billing,view_barrier,PASS,8,1,1,1,0,0,0,
q7_customer_summary,1,0.025,billing,predicate_injection,PASS,3,1,0,0,0,0,0,
q7_customer_summary,1,0.025,billing,pcqv_forced,PASS,3,1,0,0,0,0,0,
q7_customer_summary,1,0.025,billing,pcqv,PASS,3,1,0,0,0,0,0,
q7_customer_summary,1,0.025,billing,oracle_order,PASS,3,1,0,0,0,0,0,
q7_customer_summary,1,0.1,analytics,reference,PASS,3,1,0,0,0,0,0,
q7_customer_summary,1,0.1,analytics,post_join_filter,PASS,3,1,0,0,0,0,0,
q7_customer_summary,1,0.1,analytics,view_barrier,PASS,8,1,1,1,0,0,0,
q7_customer_summary,1,0.1,analytics,predicate_injection,PASS,3,1,0,0,0,0,0,
q7_customer_summary,1,0.1,analytics,pcqv_forced,PASS,3,1,0,0,0,0,0,
q7_customer_summary,1,0.1,analytics,pcqv,PASS,3,1,0,0,0,0,0,
q7_customer_summary,1,0.1,analytics,oracle_order,PASS,3,1,0,0,0,0,0,
q7_customer_summary,1,0.1,support,reference,PASS,3,1,0,0,0,0,0,
q7_customer_summary,1,0.1,support,post_join_filter,PASS,3,1,0,0,0,0,0,
q7_customer_summary,1,0.1,support,view_barrier,PASS,8,1,1,1,0,0,0,
q7_customer_summary,1,0.1,support,predicate_injection,PASS,3,1,0,0,0,0,0,
q7_customer_summary,1,0.1,support,pcqv_forced,PASS,3,1,0,0,0,0,0,
q7_customer_summary,1,0.1,support,pcqv,PASS,3,1,0,0,0,0,0,
q7_customer_summary,1,0.1,support,oracle_order,PASS,3,1,0,0,0,0,0,
q7_customer_summary,1,0.1,billing,reference,PASS,3,1,0,0,0,0,0,
q7_customer_summary,1,0.1,billing,post_join_filter,PASS,3,1,0,0,0,0,0,
q7_customer_summary,1,0.1,billing,view_barrier,PASS,8,1,1,1,0,0,0,
q7_customer_summary,1,0.1,billing,predicate_injection,PASS,3,1,0,0,0,0,0,
q7_customer_summary,1,0.1,billing,pcqv_forced,PASS,3,1,0,0,0,0,0,
q7_customer_summary,1,0.1,billing,pcqv,PASS,3,1,0,0,0,0,0,
q7_customer_summary,1,0.1,billing,oracle_order,PASS,3,1,0,0,0,0,0,
q7_customer_summary,1,0.5,analytics,reference,PASS,3,1,0,0,0,0,0,
q7_customer_summary,1,0.5,analytics,post_join_filter,PASS,4,1,0,0,0,0,0,
q7_customer_summary,1,0.5,analytics,view_barrier,PASS,8,1,1,1,0,0,0,
q7_customer_summary,1,0.5,analytics,predicate_injection,PASS,3,1,0,0,0,0,0,
q7_customer_summary,1,0.5,analytics,pcqv_forced,PASS,3,1,0,0,0,0,0,
q7_customer_summary,1,0.5,analytics,pcqv,PASS,3,1,0,0,0,0,0,
q7_customer_summary,1,0.5,analytics,oracle_order,PASS,3,1,0,0,0,0,0,
q7_customer_summary,1,0.5,support,reference,PASS,3,1,0,0,0,0,0,
q7_customer_summary,1,0.5,support,post_join_filter,PASS,4,1,0,0,0,0,0,
q7_customer_summary,1,0.5,support,view_barrier,PASS,8,1,1,1,0,0,0,
q7_customer_summary,1,0.5,support,predicate_injection,PASS,3,1,0,0,0,0,0,
q7_customer_summary,1,0.5,support,pcqv_forced,PASS,3,1,0,0,0,0,0,
q7_customer_summary,1,0.5,support,pcqv,PASS,3,1,0,0,0,0,0,
q7_customer_summary,1,0.5,support,oracle_order,PASS,3,1,0,0,0,0,0,
q7_customer_summary,1,0.5,billing,reference,PASS,3,1,0,0,0,0,0,
q7_customer_summary,1,0.5,billing,post_join_filter,PASS,4,1,0,0,0,0,0,
q7_customer_summary,1,0.5,billing,view_barrier,PASS,8,1,1,1,0,0,0,
q7_customer_summary,1,0.5,billing,predicate_injection,PASS,3,1,0,0,0,0,0,
q7_customer_summary,1,0.5,billing,pcqv_forced,PASS,3,1,0,0,0,0,0,
q7_customer_summary,1,0.5,billing,pcqv,PASS,3,1,0,0,0,0,0,
q7_customer_summary,1,0.5,billing,oracle_order,PASS,3,1,0,0,0,0,0,
q7_customer_summary,2,0.025,analytics,reference,PASS,3,1,0,0,0,0,0,
q7_customer_summary,2,0.025,analytics,post_join_filter,PASS,3,1,0,0,0,0,0,
q7_customer_summary,2,0.025,analytics,view_barrier,PASS,7,1,1,1,0,0,0,
q7_customer_summary,2,0.025,analytics,predicate_injection,PASS,3,1,0,0,0,0,0,
q7_customer_summary,2,0.025,analytics,pcqv_forced,PASS,3,1,0,0,0,0,0,
q7_customer_summary,2,0.025,analytics,pcqv,PASS,3,1,0,0,0,0,0,
q7_customer_summary,2,0.025,analytics,oracle_order,PASS,3,1,0,0,0,0,0,
q7_customer_summary,2,0.025,support,reference,PASS,3,1,0,0,0,0,0,
q7_customer_summary,2,0.025,support,post_join_filter,PASS,3,1,0,0,0,0,0,
q7_customer_summary,2,0.025,support,view_barrier,PASS,7,1,1,1,0,0,0,
q7_customer_summary,2,0.025,support,predicate_injection,PASS,3,1,0,0,0,0,0,
q7_customer_summary,2,0.025,support,pcqv_forced,PASS,3,1,0,0,0,0,0,
q7_customer_summary,2,0.025,support,pcqv,PASS,3,1,0,0,0,0,0,
q7_customer_summary,2,0.025,support,oracle_order,PASS,3,1,0,0,0,0,0,
q7_customer_summary,2,0.025,billing,reference,PASS,3,1,0,0,0,0,0,
q7_customer_summary,2,0.025,billing,post_join_filter,PASS,3,1,0,0,0,0,0,
q7_customer_summary,2,0.025,billing,view_barrier,PASS,7,1,1,1,0,0,0,
q7_customer_summary,2,0.025,billing,predicate_injection,PASS,3,1,0,0,0,0,0,
q7_customer_summary,2,0.025,billing,pcqv_forced,PASS,3,1,0,0,0,0,0,
q7_customer_summary,2,0.025,billing,pcqv,PASS,3,1,0,0,0,0,0,
q7_customer_summary,2,0.025,billing,oracle_order,PASS,3,1,0,0,0,0,0,
q7_customer_summary,2,0.1,analytics,reference,PASS,3,1,0,0,0,0,0,
q7_customer_summary,2,0.1,analytics,post_join_filter,PASS,3,1,0,0,0,0,0,
q7_customer_summary,2,0.1,analytics,view_barrier,PASS,8,1,1,1,0,0,0,
q7_customer_summary,2,0.1,analytics,predicate_injection,PASS,3,1,0,0,0,0,0,
q7_customer_summary,2,0.1,analytics,pcqv_forced,PASS,3,1,0,0,0,0,0,
q7_customer_summary,2,0.1,analytics,pcqv,PASS,3,1,0,0,0,0,0,
q7_customer_summary,2,0.1,analytics,oracle_order,PASS,3,1,0,0,0,0,0,
q7_customer_summary,2,0.1,support,reference,PASS,3,1,0,0,0,0,0,
q7_customer_summary,2,0.1,support,post_join_filter,PASS,3,1,0,0,0,0,0,
q7_customer_summary,2,0.1,support,view_barrier,PASS,8,1,1,1,0,0,0,
q7_customer_summary,2,0.1,support,predicate_injection,PASS,3,1,0,0,0,0,0,
q7_customer_summary,2,0.1,support,pcqv_forced,PASS,3,1,0,0,0,0,0,
q7_customer_summary,2,0.1,support,pcqv,PASS,3,1,0,0,0,0,0,
q7_customer_summary,2,0.1,support,oracle_order,PASS,3,1,0,0,0,0,0,
q7_customer_summary,2,0.1,billing,reference,PASS,3,1,0,0,0,0,0,
q7_customer_summary,2,0.1,billing,post_join_filter,PASS,3,1,0,0,0,0,0,
q7_customer_summary,2,0.1,billing,view_barrier,PASS,8,1,1,1,0,0,0,
q7_customer_summary,2,0.1,billing,predicate_injection,PASS,3,1,0,0,0,0,0,
q7_customer_summary,2,0.1,billing,pcqv_forced,PASS,3,1,0,0,0,0,0,
q7_customer_summary,2,0.1,billing,pcqv,PASS,3,1,0,0,0,0,0,
q7_customer_summary,2,0.1,billing,oracle_order,PASS,3,1,0,0,0,0,0,
q7_customer_summary,2,0.5,analytics,reference,PASS,3,1,0,0,0,0,0,
q7_customer_summary,2,0.5,analytics,post_join_filter,PASS,4,1,0,0,0,0,0,
q7_customer_summary,2,0.5,analytics,view_barrier,PASS,8,1,1,1,0,0,0,
q7_customer_summary,2,0.5,analytics,predicate_injection,PASS,3,1,0,0,0,0,0,
q7_customer_summary,2,0.5,analytics,pcqv_forced,PASS,3,1,0,0,0,0,0,
q7_customer_summary,2,0.5,analytics,pcqv,PASS,3,1,0,0,0,0,0,
q7_customer_summary,2,0.5,analytics,oracle_order,PASS,3,1,0,0,0,0,0,
q7_customer_summary,2,0.5,support,reference,PASS,3,1,0,0,0,0,0,
q7_customer_summary,2,0.5,support,post_join_filter,PASS,4,1,0,0,0,0,0,
q7_customer_summary,2,0.5,support,view_barrier,PASS,8,1,1,1,0,0,0,
q7_customer_summary,2,0.5,support,predicate_injection,PASS,3,1,0,0,0,0,0,
q7_customer_summary,2,0.5,support,pcqv_forced,PASS,3,1,0,0,0,0,0,
q7_customer_summary,2,0.5,support,pcqv,PASS,3,1,0,0,0,0,0,
q7_customer_summary,2,0.5,support,oracle_order,PASS,3,1,0,0,0,0,0,
q7_customer_summary,2,0.5,billing,reference,PASS,3,1,0,0,0,0,0,
q7_customer_summary,2,0.5,billing,post_join_filter,PASS,4,1,0,0,0,0,0,
q7_customer_summary,2,0.5,billing,view_barrier,PASS,8,1,1,1,0,0,0,
q7_customer_summary,2,0.5,billing,predicate_injection,PASS,3,1,0,0,0,0,0,
q7_customer_summary,2,0.5,billing,pcqv_forced,PASS,3,1,0,0,0,0,0,
q7_customer_summary,2,0.5,billing,pcqv,PASS,3,1,0,0,0,0,0,
q7_customer_summary,2,0.5,billing,oracle_order,PASS,3,1,0,0,0,0,0,
q7_customer_summary,3,0.025,analytics,reference,PASS,3,1,0,0,0,0,0,
q7_customer_summary,3,0.025,analytics,post_join_filter,PASS,3,1,0,0,0,0,0,
q7_customer_summary,3,0.025,analytics,view_barrier,PASS,7,1,1,1,0,0,0,
q7_customer_summary,3,0.025,analytics,predicate_injection,PASS,3,1,0,0,0,0,0,
q7_customer_summary,3,0.025,analytics,pcqv_forced,PASS,3,1,0,0,0,0,0,
q7_customer_summary,3,0.025,analytics,pcqv,PASS,3,1,0,0,0,0,0,
q7_customer_summary,3,0.025,analytics,oracle_order,PASS,3,1,0,0,0,0,0,
q7_customer_summary,3,0.025,support,reference,PASS,3,1,0,0,0,0,0,
q7_customer_summary,3,0.025,support,post_join_filter,PASS,3,1,0,0,0,0,0,
q7_customer_summary,3,0.025,support,view_barrier,PASS,7,1,1,1,0,0,0,
q7_customer_summary,3,0.025,support,predicate_injection,PASS,3,1,0,0,0,0,0,
q7_customer_summary,3,0.025,support,pcqv_forced,PASS,3,1,0,0,0,0,0,
q7_customer_summary,3,0.025,support,pcqv,PASS,3,1,0,0,0,0,0,
q7_customer_summary,3,0.025,support,oracle_order,PASS,3,1,0,0,0,0,0,
q7_customer_summary,3,0.025,billing,reference,PASS,3,1,0,0,0,0,0,
q7_customer_summary,3,0.025,billing,post_join_filter,PASS,3,1,0,0,0,0,0,
q7_customer_summary,3,0.025,billing,view_barrier,PASS,7,1,1,1,0,0,0,
q7_customer_summary,3,0.025,billing,predicate_injection,PASS,3,1,0,0,0,0,0,
q7_customer_summary,3,0.025,billing,pcqv_forced,PASS,3,1,0,0,0,0,0,
q7_customer_summary,3,0.025,billing,pcqv,PASS,3,1,0,0,0,0,0,
q7_customer_summary,3,0.025,billing,oracle_order,PASS,3,1,0,0,0,0,0,
q7_customer_summary,3,0.1,analytics,reference,PASS,3,1,0,0,0,0,0,
q7_customer_summary,3,0.1,analytics,post_join_filter,PASS,3,1,0,0,0,0,0,
q7_customer_summary,3,0.1,analytics,view_barrier,PASS,8,1,1,1,0,0,0,
q7_customer_summary,3,0.1,analytics,predicate_injection,PASS,3,1,0,0,0,0,0,
q7_customer_summary,3,0.1,analytics,pcqv_forced,PASS,3,1,0,0,0,0,0,
q7_customer_summary,3,0.1,analytics,pcqv,PASS,3,1,0,0,0,0,0,
q7_customer_summary,3,0.1,analytics,oracle_order,PASS,3,1,0,0,0,0,0,
q7_customer_summary,3,0.1,support,reference,PASS,3,1,0,0,0,0,0,
q7_customer_summary,3,0.1,support,post_join_filter,PASS,3,1,0,0,0,0,0,
q7_customer_summary,3,0.1,support,view_barrier,PASS,8,1,1,1,0,0,0,
q7_customer_summary,3,0.1,support,predicate_injection,PASS,3,1,0,0,0,0,0,
q7_customer_summary,3,0.1,support,pcqv_forced,PASS,3,1,0,0,0,0,0,
q7_customer_summary,3,0.1,support,pcqv,PASS,3,1,0,0,0,0,0,
q7_customer_summary,3,0.1,support,oracle_order,PASS,3,1,0,0,0,0,0,
q7_customer_summary,3,0.1,billing,reference,PASS,3,1,0,0,0,0,0,
q7_customer_summary,3,0.1,billing,post_join_filter,PASS,3,1,0,0,0,0,0,
q7_customer_summary,3,0.1,billing,view_barrier,PASS,8,1,1,1,0,0,0,
q7_customer_summary,3,0.1,billing,predicate_injection,PASS,3,1,0,0,0,0,0,
q7_customer_summary,3,0.1,billing,pcqv_forced,PASS,3,1,0,0,0,0,0,
q7_customer_summary,3,0.1,billing,pcqv,PASS,3,1,0,0,0,0,0,
q7_customer_summary,3,0.1,billing,oracle_order,PASS,3,1,0,0,0,0,0,
q7_customer_summary,3,0.5,analytics,reference,PASS,3,1,0,0,0,0,0,
q7_customer_summary,3,0.5,analytics,post_join_filter,PASS,3,0,1,0,0,0,0,
q7_customer_summary,3,0.5,analytics,view_barrier,PASS,8,1,1,1,0,0,0,
q7_customer_summary,3,0.5,analytics,predicate_injection,PASS,3,1,0,0,0,0,0,
q7_customer_summary,3,0.5,analytics,pcqv_forced,PASS,3,1,0,0,0,0,0,
q7_customer_summary,3,0.5,analytics,pcqv,PASS,3,1,0,0,0,0,0,
q7_customer_summary,3,0.5,analytics,oracle_order,PASS,3,1,0,0,0,0,0,
q7_customer_summary,3,0.5,support,reference,PASS,3,1,0,0,0,0,0,
q7_customer_summary,3,0.5,support,post_join_filter,PASS,3,0,1,0,0,0,0,
q7_customer_summary,3,0.5,support,view_barrier,PASS,8,1,1,1,0,0,0,
q7_customer_summary,3,0.5,support,predicate_injection,PASS,3,1,0,0,0,0,0,
q7_customer_summary,3,0.5,support,pcqv_forced,PASS,3,1,0,0,0,0,0,
q7_customer_summary,3,0.5,support,pcqv,PASS,3,1,0,0,0,0,0,
q7_customer_summary,3,0.5,support,oracle_order,PASS,3,1,0,0,0,0,0,
q7_customer_summary,3,0.5,billing,reference,PASS,3,1,0,0,0,0,0,
q7_customer_summary,3,0.5,billing,post_join_filter,PASS,3,0,1,0,0,0,0,
q7_customer_summary,3,0.5,billing,view_barrier,PASS,8,1,1,1,0,0,0,
q7_customer_summary,3,0.5,billing,predicate_injection,PASS,3,1,0,0,0,0,0,
q7_customer_summary,3,0.5,billing,pcqv_forced,PASS,3,1,0,0,0,0,0,
q7_customer_summary,3,0.5,billing,pcqv,PASS,3,1,0,0,0,0,0,
q7_customer_summary,3,0.5,billing,oracle_order,PASS,3,1,0,0,0,0,0,
q7_customer_summary,4,0.025,analytics,reference,PASS,5,1,0,1,0,0,0,
q7_customer_summary,4,0.025,analytics,post_join_filter,PASS,3,1,0,0,0,0,0,
q7_customer_summary,4,0.025,analytics,view_barrier,PASS,9,1,1,1,0,0,0,
q7_customer_summary,4,0.025,analytics,predicate_injection,PASS,5,1,0,1,0,0,0,
q7_customer_summary,4,0.025,analytics,pcqv_forced,PASS,5,1,0,1,0,0,0,
q7_customer_summary,4,0.025,analytics,pcqv,PASS,5,1,0,1,0,0,0,
q7_customer_summary,4,0.025,analytics,oracle_order,PASS,5,1,0,1,0,0,0,
q7_customer_summary,4,0.025,support,reference,PASS,5,1,0,1,0,0,0,
q7_customer_summary,4,0.025,support,post_join_filter,PASS,3,1,0,0,0,0,0,
q7_customer_summary,4,0.025,support,view_barrier,PASS,9,1,1,1,0,0,0,
q7_customer_summary,4,0.025,support,predicate_injection,PASS,5,1,0,1,0,0,0,
q7_customer_summary,4,0.025,support,pcqv_forced,PASS,5,1,0,1,0,0,0,
q7_customer_summary,4,0.025,support,pcqv,PASS,5,1,0,1,0,0,0,
q7_customer_summary,4,0.025,support,oracle_order,PASS,5,1,0,1,0,0,0,
q7_customer_summary,4,0.025,billing,reference,PASS,5,1,0,1,0,0,0,
q7_customer_summary,4,0.025,billing,post_join_filter,PASS,3,1,0,0,0,0,0,
q7_customer_summary,4,0.025,billing,view_barrier,PASS,9,1,1,1,0,0,0,
q7_customer_summary,4,0.025,billing,predicate_injection,PASS,5,1,0,1,0,0,0,
q7_customer_summary,4,0.025,billing,pcqv_forced,PASS,5,1,0,1,0,0,0,
q7_customer_summary,4,0.025,billing,pcqv,PASS,5,1,0,1,0,0,0,
q7_customer_summary,4,0.025,billing,oracle_order,PASS,5,1,0,1,0,0,0,
q7_customer_summary,4,0.1,analytics,reference,PASS,5,1,0,1,0,0,0,
q7_customer_summary,4,0.1,analytics,post_join_filter,PASS,3,1,0,0,0,0,0,
q7_customer_summary,4,0.1,analytics,view_barrier,PASS,10,1,1,1,0,0,0,
q7_customer_summary,4,0.1,analytics,predicate_injection,PASS,5,1,0,1,0,0,0,
q7_customer_summary,4,0.1,analytics,pcqv_forced,PASS,5,1,0,1,0,0,0,
q7_customer_summary,4,0.1,analytics,pcqv,PASS,5,1,0,1,0,0,0,
q7_customer_summary,4,0.1,analytics,oracle_order,PASS,5,1,0,1,0,0,0,
q7_customer_summary,4,0.1,support,reference,PASS,5,1,0,1,0,0,0,
q7_customer_summary,4,0.1,support,post_join_filter,PASS,3,1,0,0,0,0,0,
q7_customer_summary,4,0.1,support,view_barrier,PASS,10,1,1,1,0,0,0,
q7_customer_summary,4,0.1,support,predicate_injection,PASS,5,1,0,1,0,0,0,
q7_customer_summary,4,0.1,support,pcqv_forced,PASS,5,1,0,1,0,0,0,
q7_customer_summary,4,0.1,support,pcqv,PASS,5,1,0,1,0,0,0,
q7_customer_summary,4,0.1,support,oracle_order,PASS,5,1,0,1,0,0,0,
q7_customer_summary,4,0.1,billing,reference,PASS,5,1,0,1,0,0,0,
q7_customer_summary,4,0.1,billing,post_join_filter,PASS,3,1,0,0,0,0,0,
q7_customer_summary,4,0.1,billing,view_barrier,PASS,10,1,1,1,0,0,0,
q7_customer_summary,4,0.1,billing,predicate_injection,PASS,5,1,0,1,0,0,0,
q7_customer_summary,4,0.1,billing,pcqv_forced,PASS,5,1,0,1,0,0,0,
q7_customer_summary,4,0.1,billing,pcqv,PASS,5,1,0,1,0,0,0,
q7_customer_summary,4,0.1,billing,oracle_order,PASS,5,1,0,1,0,0,0,
q7_customer_summary,4,0.5,analytics,reference,PASS,5,1,0,1,0,0,0,
q7_customer_summary,4,0.5,analytics,post_join_filter,PASS,3,0,1,0,0,0,0,
q7_customer_summary,4,0.5,analytics,view_barrier,PASS,10,1,1,1,0,0,0,
q7_customer_summary,4,0.5,analytics,predicate_injection,PASS,5,1,0,1,0,0,0,
q7_customer_summary,4,0.5,analytics,pcqv_forced,PASS,5,1,0,1,0,0,0,
q7_customer_summary,4,0.5,analytics,pcqv,PASS,5,1,0,1,0,0,0,
q7_customer_summary,4,0.5,analytics,oracle_order,PASS,5,1,0,1,0,0,0,
q7_customer_summary,4,0.5,support,reference,PASS,5,1,0,1,0,0,0,
q7_customer_summary,4,0.5,support,post_join_filter,PASS,3,0,1,0,0,0,0,
q7_customer_summary,4,0.5,support,view_barrier,PASS,10,1,1,1,0,0,0,
q7_customer_summary,4,0.5,support,predicate_injection,PASS,5,1,0,1,0,0,0,
q7_customer_summary,4,0.5,support,pcqv_forced,PASS,5,1,0,1,0,0,0,
q7_customer_summary,4,0.5,support,pcqv,PASS,5,1,0,1,0,0,0,
q7_customer_summary,4,0.5,support,oracle_order,PASS,5,1,0,1,0,0,0,
q7_customer_summary,4,0.5,billing,reference,PASS,5,1,0,1,0,0,0,
q7_customer_summary,4,0.5,billing,post_join_filter,PASS,3,0,1,0,0,0,0,
q7_customer_summary,4,0.5,billing,view_barrier,PASS,10,1,1,1,0,0,0,
q7_customer_summary,4,0.5,billing,predicate_injection,PASS,5,1,0,1,0,0,0,
q7_customer_summary,4,0.5,billing,pcqv_forced,PASS,5,1,0,1,0,0,0,
q7_customer_summary,4,0.5,billing,pcqv,PASS,5,1,0,1,0,0,0,
q7_customer_summary,4,0.5,billing,oracle_order,PASS,5,1,0,1,0,0,0,
q7_customer_summary,5,0.025,analytics,reference,PASS,7,1,0,1,0,0,0,
q7_customer_summary,5,0.025,analytics,post_join_filter,PASS,5,1,0,1,0,0,0,
q7_customer_summary,5,0.025,analytics,view_barrier,PASS,12,1,1,1,0,0,0,
q7_customer_summary,5,0.025,analytics,predicate_injection,PASS,7,1,0,1,0,0,0,
q7_customer_summary,5,0.025,analytics,pcqv_forced,PASS,7,1,0,1,0,0,0,
q7_customer_summary,5,0.025,analytics,pcqv,PASS,7,1,0,1,0,0,0,
q7_customer_summary,5,0.025,analytics,oracle_order,PASS,7,1,0,1,0,0,0,
q7_customer_summary,5,0.025,support,reference,PASS,7,1,0,1,0,0,0,
q7_customer_summary,5,0.025,support,post_join_filter,PASS,5,1,0,1,0,0,0,
q7_customer_summary,5,0.025,support,view_barrier,PASS,12,1,1,1,0,0,0,
q7_customer_summary,5,0.025,support,predicate_injection,PASS,7,1,0,1,0,0,0,
q7_customer_summary,5,0.025,support,pcqv_forced,PASS,7,1,0,1,0,0,0,
q7_customer_summary,5,0.025,support,pcqv,PASS,7,1,0,1,0,0,0,
q7_customer_summary,5,0.025,support,oracle_order,PASS,7,1,0,1,0,0,0,
q7_customer_summary,5,0.025,billing,reference,PASS,7,1,0,1,0,0,0,
q7_customer_summary,5,0.025,billing,post_join_filter,PASS,5,1,0,1,0,0,0,
q7_customer_summary,5,0.025,billing,view_barrier,PASS,12,1,1,1,0,0,0,
q7_customer_summary,5,0.025,billing,predicate_injection,PASS,7,1,0,1,0,0,0,
q7_customer_summary,5,0.025,billing,pcqv_forced,PASS,7,1,0,1,0,0,0,
q7_customer_summary,5,0.025,billing,pcqv,PASS,7,1,0,1,0,0,0,
q7_customer_summary,5,0.025,billing,oracle_order,PASS,7,1,0,1,0,0,0,
q7_customer_summary,5,0.1,analytics,reference,PASS,7,1,0,1,0,0,0,
q7_customer_summary,5,0.1,analytics,post_join_filter,PASS,5,1,0,1,0,0,0,
q7_customer_summary,5,0.1,analytics,view_barrier,PASS,12,1,1,1,0,0,0,
q7_customer_summary,5,0.1,analytics,predicate_injection,PASS,7,1,0,1,0,0,0,
q7_customer_summary,5,0.1,analytics,pcqv_forced,PASS,7,1,0,1,0,0,0,
q7_customer_summary,5,0.1,analytics,pcqv,PASS,7,1,0,1,0,0,0,
q7_customer_summary,5,0.1,analytics,oracle_order,PASS,7,1,0,1,0,0,0,
q7_customer_summary,5,0.1,support,reference,PASS,7,1,0,1,0,0,0,
q7_customer_summary,5,0.1,support,post_join_filter,PASS,5,1,0,1,0,0,0,
q7_customer_summary,5,0.1,support,view_barrier,PASS,12,1,1,1,0,0,0,
q7_customer_summary,5,0.1,support,predicate_injection,PASS,7,1,0,1,0,0,0,
q7_customer_summary,5,0.1,support,pcqv_forced,PASS,7,1,0,1,0,0,0,
q7_customer_summary,5,0.1,support,pcqv,PASS,7,1,0,1,0,0,0,
q7_customer_summary,5,0.1,support,oracle_order,PASS,7,1,0,1,0,0,0,
q7_customer_summary,5,0.1,billing,reference,PASS,7,1,0,1,0,0,0,
q7_customer_summary,5,0.1,billing,post_join_filter,PASS,5,1,0,1,0,0,0,
q7_customer_summary,5,0.1,billing,view_barrier,PASS,12,1,1,1,0,0,0,
q7_customer_summary,5,0.1,billing,predicate_injection,PASS,7,1,0,1,0,0,0,
q7_customer_summary,5,0.1,billing,pcqv_forced,PASS,7,1,0,1,0,0,0,
q7_customer_summary,5,0.1,billing,pcqv,PASS,7,1,0,1,0,0,0,
q7_customer_summary,5,0.1,billing,oracle_order,PASS,7,1,0,1,0,0,0,
q7_customer_summary,5,0.5,analytics,reference,PASS,7,1,0,1,0,0,0,
q7_customer_summary,5,0.5,analytics,post_join_filter,PASS,5,1,1,1,0,0,0,
q7_customer_summary,5,0.5,analytics,view_barrier,PASS,12,1,1,1,0,0,0,
q7_customer_summary,5,0.5,analytics,predicate_injection,PASS,7,1,0,1,0,0,0,
q7_customer_summary,5,0.5,analytics,pcqv_forced,PASS,7,1,0,1,0,0,0,
q7_customer_summary,5,0.5,analytics,pcqv,PASS,7,1,0,1,0,0,0,
q7_customer_summary,5,0.5,analytics,oracle_order,PASS,7,1,0,1,0,0,0,
q7_customer_summary,5,0.5,support,reference,PASS,7,1,0,1,0,0,0,
q7_customer_summary,5,0.5,support,post_join_filter,PASS,5,1,1,1,0,0,0,
q7_customer_summary,5,0.5,support,view_barrier,PASS,12,1,1,1,0,0,0,
q7_customer_summary,5,0.5,support,predicate_injection,PASS,7,1,0,1,0,0,0,
q7_customer_summary,5,0.5,support,pcqv_forced,PASS,7,1,0,1,0,0,0,
q7_customer_summary,5,0.5,support,pcqv,PASS,7,1,0,1,0,0,0,
q7_customer_summary,5,0.5,support,oracle_order,PASS,7,1,0,1,0,0,0,
q7_customer_summary,5,0.5,billing,reference,PASS,7,1,0,1,0,0,0,
q7_customer_summary,5,0.5,billing,post_join_filter,PASS,5,1,1,1,0,0,0,
q7_customer_summary,5,0.5,billing,view_barrier,PASS,12,1,1,1,0,0,0,
q7_customer_summary,5,0.5,billing,predicate_injection,PASS,7,1,0,1,0,0,0,
q7_customer_summary,5,0.5,billing,pcqv_forced,PASS,7,1,0,1,0,0,0,
q7_customer_summary,5,0.5,billing,pcqv,PASS,7,1,0,1,0,0,0,
q7_customer_summary,5,0.5,billing,oracle_order,PASS,7,1,0,1,0,0,0,
q7_customer_summary,6,0.025,analytics,reference,PASS,7,1,0,1,0,0,0,
q7_customer_summary,6,0.025,analytics,post_join_filter,PASS,5,1,0,1,0,0,0,
q7_customer_summary,6,0.025,analytics,view_barrier,PASS,12,1,1,1,0,0,0,
q7_customer_summary,6,0.025,analytics,predicate_injection,PASS,7,1,0,1,0,0,0,
q7_customer_summary,6,0.025,analytics,pcqv_forced,PASS,7,1,0,1,0,0,0,
q7_customer_summary,6,0.025,analytics,pcqv,PASS,7,1,0,1,0,0,0,
q7_customer_summary,6,0.025,analytics,oracle_order,PASS,7,1,0,1,0,0,0,
q7_customer_summary,6,0.025,support,reference,PASS,7,1,0,1,0,0,0,
q7_customer_summary,6,0.025,support,post_join_filter,PASS,5,1,0,1,0,0,0,
q7_customer_summary,6,0.025,support,view_barrier,PASS,12,1,1,1,0,0,0,
q7_customer_summary,6,0.025,support,predicate_injection,PASS,7,1,0,1,0,0,0,
q7_customer_summary,6,0.025,support,pcqv_forced,PASS,7,1,0,1,0,0,0,
q7_customer_summary,6,0.025,support,pcqv,PASS,7,1,0,1,0,0,0,
q7_customer_summary,6,0.025,support,oracle_order,PASS,7,1,0,1,0,0,0,
q7_customer_summary,6,0.025,billing,reference,PASS,7,1,0,1,0,0,0,
q7_customer_summary,6,0.025,billing,post_join_filter,PASS,5,1,0,1,0,0,0,
q7_customer_summary,6,0.025,billing,view_barrier,PASS,12,1,1,1,0,0,0,
q7_customer_summary,6,0.025,billing,predicate_injection,PASS,7,1,0,1,0,0,0,
q7_customer_summary,6,0.025,billing,pcqv_forced,PASS,7,1,0,1,0,0,0,
q7_customer_summary,6,0.025,billing,pcqv,PASS,7,1,0,1,0,0,0,
q7_customer_summary,6,0.025,billing,oracle_order,PASS,7,1,0,1,0,0,0,
q7_customer_summary,6,0.1,analytics,reference,PASS,7,1,0,1,0,0,0,
q7_customer_summary,6,0.1,analytics,post_join_filter,PASS,5,1,0,1,0,0,0,
q7_customer_summary,6,0.1,analytics,view_barrier,PASS,12,1,1,1,0,0,0,
q7_customer_summary,6,0.1,analytics,predicate_injection,PASS,7,1,0,1,0,0,0,
q7_customer_summary,6,0.1,analytics,pcqv_forced,PASS,7,1,0,1,0,0,0,
q7_customer_summary,6,0.1,analytics,pcqv,PASS,7,1,0,1,0,0,0,
q7_customer_summary,6,0.1,analytics,oracle_order,PASS,7,1,0,1,0,0,0,
q7_customer_summary,6,0.1,support,reference,PASS,7,1,0,1,0,0,0,
q7_customer_summary,6,0.1,support,post_join_filter,PASS,5,1,0,1,0,0,0,
q7_customer_summary,6,0.1,support,view_barrier,PASS,12,1,1,1,0,0,0,
q7_customer_summary,6,0.1,support,predicate_injection,PASS,7,1,0,1,0,0,0,
q7_customer_summary,6,0.1,support,pcqv_forced,PASS,7,1,0,1,0,0,0,
q7_customer_summary,6,0.1,support,pcqv,PASS,7,1,0,1,0,0,0,
q7_customer_summary,6,0.1,support,oracle_order,PASS,7,1,0,1,0,0,0,
q7_customer_summary,6,0.1,billing,reference,PASS,7,1,0,1,0,0,0,
q7_customer_summary,6,0.1,billing,post_join_filter,PASS,5,1,0,1,0,0,0,
q7_customer_summary,6,0.1,billing,view_barrier,PASS,12,1,1,1,0,0,0,
q7_customer_summary,6,0.1,billing,predicate_injection,PASS,7,1,0,1,0,0,0,
q7_customer_summary,6,0.1,billing,pcqv_forced,PASS,7,1,0,1,0,0,0,
q7_customer_summary,6,0.1,billing,pcqv,PASS,7,1,0,1,0,0,0,
q7_customer_summary,6,0.1,billing,oracle_order,PASS,7,1,0,1,0,0,0,
q7_customer_summary,6,0.5,analytics,reference,PASS,7,1,0,1,0,0,0,
q7_customer_summary,6,0.5,analytics,post_join_filter,PASS,5,1,1,1,0,0,0,
q7_customer_summary,6,0.5,analytics,view_barrier,PASS,12,1,1,1,0,0,0,
q7_customer_summary,6,0.5,analytics,predicate_injection,PASS,7,1,0,1,0,0,0,
q7_customer_summary,6,0.5,analytics,pcqv_forced,PASS,7,1,0,1,0,0,0,
q7_customer_summary,6,0.5,analytics,pcqv,PASS,7,1,0,1,0,0,0,
q7_customer_summary,6,0.5,analytics,oracle_order,PASS,7,1,0,1,0,0,0,
q7_customer_summary,6,0.5,support,reference,PASS,7,1,0,1,0,0,0,
q7_customer_summary,6,0.5,support,post_join_filter,PASS,5,1,1,1,0,0,0,
q7_customer_summary,6,0.5,support,view_barrier,PASS,12,1,1,1,0,0,0,
q7_customer_summary,6,0.5,support,predicate_injection,PASS,7,1,0,1,0,0,0,
q7_customer_summary,6,0.5,support,pcqv_forced,PASS,7,1,0,1,0,0,0,
q7_customer_summary,6,0.5,support,pcqv,PASS,7,1,0,1,0,0,0,
q7_customer_summary,6,0.5,support,oracle_order,PASS,7,1,0,1,0,0,0,
q7_customer_summary,6,0.5,billing,reference,PASS,7,1,0,1,0,0,0,
q7_customer_summary,6,0.5,billing,post_join_filter,PASS,5,1,1,1,0,0,0,
q7_customer_summary,6,0.5,billing,view_barrier,PASS,12,1,1,1,0,0,0,
q7_customer_summary,6,0.5,billing,predicate_injection,PASS,7,1,0,1,0,0,0,
q7_customer_summary,6,0.5,billing,pcqv_forced,PASS,7,1,0,1,0,0,0,
q7_customer_summary,6,0.5,billing,pcqv,PASS,7,1,0,1,0,0,0,
q7_customer_summary,6,0.5,billing,oracle_order,PASS,7,1,0,1,0,0,0,
q8_sensitive_product_scan,1,0.025,analytics,reference,PASS,2,1,0,0,0,0,0,
q8_sensitive_product_scan,1,0.025,analytics,post_join_filter,PASS,3,1,0,0,0,0,0,
q8_sensitive_product_scan,1,0.025,analytics,view_barrier,PASS,8,1,1,1,0,0,0,
q8_sensitive_product_scan,1,0.025,analytics,predicate_injection,PASS,2,1,0,0,0,0,0,
q8_sensitive_product_scan,1,0.025,analytics,pcqv_forced,PASS,2,1,0,0,0,0,0,
q8_sensitive_product_scan,1,0.025,analytics,pcqv,PASS,2,1,0,0,0,0,0,
q8_sensitive_product_scan,1,0.025,analytics,oracle_order,PASS,2,1,0,0,0,0,0,
q8_sensitive_product_scan,1,0.025,support,reference,PASS,2,1,0,0,0,0,0,
q8_sensitive_product_scan,1,0.025,support,post_join_filter,PASS,3,1,0,0,0,0,0,
q8_sensitive_product_scan,1,0.025,support,view_barrier,PASS,8,1,1,1,0,0,0,
q8_sensitive_product_scan,1,0.025,support,predicate_injection,PASS,2,1,0,0,0,0,0,
q8_sensitive_product_scan,1,0.025,support,pcqv_forced,PASS,2,1,0,0,0,0,0,
q8_sensitive_product_scan,1,0.025,support,pcqv,PASS,2,1,0,0,0,0,0,
q8_sensitive_product_scan,1,0.025,support,oracle_order,PASS,2,1,0,0,0,0,0,
q8_sensitive_product_scan,1,0.025,billing,reference,PASS,2,1,0,0,0,0,0,
q8_sensitive_product_scan,1,0.025,billing,post_join_filter,PASS,3,1,0,0,0,0,0,
q8_sensitive_product_scan,1,0.025,billing,view_barrier,PASS,8,1,1,1,0,0,0,
q8_sensitive_product_scan,1,0.025,billing,predicate_injection,PASS,2,1,0,0,0,0,0,
q8_sensitive_product_scan,1,0.025,billing,pcqv_forced,PASS,2,1,0,0,0,0,0,
q8_sensitive_product_scan,1,0.025,billing,pcqv,PASS,2,1,0,0,0,0,0,
q8_sensitive_product_scan,1,0.025,billing,oracle_order,PASS,2,1,0,0,0,0,0,
q8_sensitive_product_scan,1,0.1,analytics,reference,PASS,2,1,0,0,0,0,0,
q8_sensitive_product_scan,1,0.1,analytics,post_join_filter,PASS,4,1,0,0,0,0,0,
q8_sensitive_product_scan,1,0.1,analytics,view_barrier,PASS,8,1,1,1,0,0,0,
q8_sensitive_product_scan,1,0.1,analytics,predicate_injection,PASS,2,1,0,0,0,0,0,
q8_sensitive_product_scan,1,0.1,analytics,pcqv_forced,PASS,2,1,0,0,0,0,0,
q8_sensitive_product_scan,1,0.1,analytics,pcqv,PASS,2,1,0,0,0,0,0,
q8_sensitive_product_scan,1,0.1,analytics,oracle_order,PASS,2,1,0,0,0,0,0,
q8_sensitive_product_scan,1,0.1,support,reference,PASS,2,1,0,0,0,0,0,
q8_sensitive_product_scan,1,0.1,support,post_join_filter,PASS,4,1,0,0,0,0,0,
q8_sensitive_product_scan,1,0.1,support,view_barrier,PASS,8,1,1,1,0,0,0,
q8_sensitive_product_scan,1,0.1,support,predicate_injection,PASS,2,1,0,0,0,0,0,
q8_sensitive_product_scan,1,0.1,support,pcqv_forced,PASS,2,1,0,0,0,0,0,
q8_sensitive_product_scan,1,0.1,support,pcqv,PASS,2,1,0,0,0,0,0,
q8_sensitive_product_scan,1,0.1,support,oracle_order,PASS,2,1,0,0,0,0,0,
q8_sensitive_product_scan,1,0.1,billing,reference,PASS,2,1,0,0,0,0,0,
q8_sensitive_product_scan,1,0.1,billing,post_join_filter,PASS,4,1,0,0,0,0,0,
q8_sensitive_product_scan,1,0.1,billing,view_barrier,PASS,8,1,1,1,0,0,0,
q8_sensitive_product_scan,1,0.1,billing,predicate_injection,PASS,2,1,0,0,0,0,0,
q8_sensitive_product_scan,1,0.1,billing,pcqv_forced,PASS,2,1,0,0,0,0,0,
q8_sensitive_product_scan,1,0.1,billing,pcqv,PASS,2,1,0,0,0,0,0,
q8_sensitive_product_scan,1,0.1,billing,oracle_order,PASS,2,1,0,0,0,0,0,
q8_sensitive_product_scan,1,0.5,analytics,reference,PASS,2,1,0,0,0,0,0,
q8_sensitive_product_scan,1,0.5,analytics,post_join_filter,PASS,4,1,0,0,0,0,0,
q8_sensitive_product_scan,1,0.5,analytics,view_barrier,PASS,8,1,1,1,0,0,0,
q8_sensitive_product_scan,1,0.5,analytics,predicate_injection,PASS,2,1,0,0,0,0,0,
q8_sensitive_product_scan,1,0.5,analytics,pcqv_forced,PASS,2,1,0,0,0,0,0,
q8_sensitive_product_scan,1,0.5,analytics,pcqv,PASS,2,1,0,0,0,0,0,
q8_sensitive_product_scan,1,0.5,analytics,oracle_order,PASS,2,1,0,0,0,0,0,
q8_sensitive_product_scan,1,0.5,support,reference,PASS,2,1,0,0,0,0,0,
q8_sensitive_product_scan,1,0.5,support,post_join_filter,PASS,4,1,0,0,0,0,0,
q8_sensitive_product_scan,1,0.5,support,view_barrier,PASS,8,1,1,1,0,0,0,
q8_sensitive_product_scan,1,0.5,support,predicate_injection,PASS,2,1,0,0,0,0,0,
q8_sensitive_product_scan,1,0.5,support,pcqv_forced,PASS,2,1,0,0,0,0,0,
q8_sensitive_product_scan,1,0.5,support,pcqv,PASS,2,1,0,0,0,0,0,
q8_sensitive_product_scan,1,0.5,support,oracle_order,PASS,2,1,0,0,0,0,0,
q8_sensitive_product_scan,1,0.5,billing,reference,PASS,2,1,0,0,0,0,0,
q8_sensitive_product_scan,1,0.5,billing,post_join_filter,PASS,4,1,0,0,0,0,0,
q8_sensitive_product_scan,1,0.5,billing,view_barrier,PASS,8,1,1,1,0,0,0,
q8_sensitive_product_scan,1,0.5,billing,predicate_injection,PASS,2,1,0,0,0,0,0,
q8_sensitive_product_scan,1,0.5,billing,pcqv_forced,PASS,2,1,0,0,0,0,0,
q8_sensitive_product_scan,1,0.5,billing,pcqv,PASS,2,1,0,0,0,0,0,
q8_sensitive_product_scan,1,0.5,billing,oracle_order,PASS,2,1,0,0,0,0,0,
q8_sensitive_product_scan,2,0.025,analytics,reference,PASS,2,1,0,0,0,0,0,
q8_sensitive_product_scan,2,0.025,analytics,post_join_filter,PASS,3,1,0,0,0,0,0,
q8_sensitive_product_scan,2,0.025,analytics,view_barrier,PASS,8,1,1,1,0,0,0,
q8_sensitive_product_scan,2,0.025,analytics,predicate_injection,PASS,2,1,0,0,0,0,0,
q8_sensitive_product_scan,2,0.025,analytics,pcqv_forced,PASS,2,1,0,0,0,0,0,
q8_sensitive_product_scan,2,0.025,analytics,pcqv,PASS,2,1,0,0,0,0,0,
q8_sensitive_product_scan,2,0.025,analytics,oracle_order,PASS,2,1,0,0,0,0,0,
q8_sensitive_product_scan,2,0.025,support,reference,PASS,2,1,0,0,0,0,0,
q8_sensitive_product_scan,2,0.025,support,post_join_filter,PASS,3,1,0,0,0,0,0,
q8_sensitive_product_scan,2,0.025,support,view_barrier,PASS,8,1,1,1,0,0,0,
q8_sensitive_product_scan,2,0.025,support,predicate_injection,PASS,2,1,0,0,0,0,0,
q8_sensitive_product_scan,2,0.025,support,pcqv_forced,PASS,2,1,0,0,0,0,0,
q8_sensitive_product_scan,2,0.025,support,pcqv,PASS,2,1,0,0,0,0,0,
q8_sensitive_product_scan,2,0.025,support,oracle_order,PASS,2,1,0,0,0,0,0,
q8_sensitive_product_scan,2,0.025,billing,reference,PASS,2,1,0,0,0,0,0,
q8_sensitive_product_scan,2,0.025,billing,post_join_filter,PASS,3,1,0,0,0,0,0,
q8_sensitive_product_scan,2,0.025,billing,view_barrier,PASS,8,1,1,1,0,0,0,
q8_sensitive_product_scan,2,0.025,billing,predicate_injection,PASS,2,1,0,0,0,0,0,
q8_sensitive_product_scan,2,0.025,billing,pcqv_forced,PASS,2,1,0,0,0,0,0,
q8_sensitive_product_scan,2,0.025,billing,pcqv,PASS,2,1,0,0,0,0,0,
q8_sensitive_product_scan,2,0.025,billing,oracle_order,PASS,2,1,0,0,0,0,0,
q8_sensitive_product_scan,2,0.1,analytics,reference,PASS,2,1,0,0,0,0,0,
q8_sensitive_product_scan,2,0.1,analytics,post_join_filter,PASS,4,1,0,0,0,0,0,
q8_sensitive_product_scan,2,0.1,analytics,view_barrier,PASS,8,1,1,1,0,0,0,
q8_sensitive_product_scan,2,0.1,analytics,predicate_injection,PASS,2,1,0,0,0,0,0,
q8_sensitive_product_scan,2,0.1,analytics,pcqv_forced,PASS,2,1,0,0,0,0,0,
q8_sensitive_product_scan,2,0.1,analytics,pcqv,PASS,2,1,0,0,0,0,0,
q8_sensitive_product_scan,2,0.1,analytics,oracle_order,PASS,2,1,0,0,0,0,0,
q8_sensitive_product_scan,2,0.1,support,reference,PASS,2,1,0,0,0,0,0,
q8_sensitive_product_scan,2,0.1,support,post_join_filter,PASS,4,1,0,0,0,0,0,
q8_sensitive_product_scan,2,0.1,support,view_barrier,PASS,8,1,1,1,0,0,0,
q8_sensitive_product_scan,2,0.1,support,predicate_injection,PASS,2,1,0,0,0,0,0,
q8_sensitive_product_scan,2,0.1,support,pcqv_forced,PASS,2,1,0,0,0,0,0,
q8_sensitive_product_scan,2,0.1,support,pcqv,PASS,2,1,0,0,0,0,0,
q8_sensitive_product_scan,2,0.1,support,oracle_order,PASS,2,1,0,0,0,0,0,
q8_sensitive_product_scan,2,0.1,billing,reference,PASS,2,1,0,0,0,0,0,
q8_sensitive_product_scan,2,0.1,billing,post_join_filter,PASS,4,1,0,0,0,0,0,
q8_sensitive_product_scan,2,0.1,billing,view_barrier,PASS,8,1,1,1,0,0,0,
q8_sensitive_product_scan,2,0.1,billing,predicate_injection,PASS,2,1,0,0,0,0,0,
q8_sensitive_product_scan,2,0.1,billing,pcqv_forced,PASS,2,1,0,0,0,0,0,
q8_sensitive_product_scan,2,0.1,billing,pcqv,PASS,2,1,0,0,0,0,0,
q8_sensitive_product_scan,2,0.1,billing,oracle_order,PASS,2,1,0,0,0,0,0,
q8_sensitive_product_scan,2,0.5,analytics,reference,PASS,2,1,0,0,0,0,0,
q8_sensitive_product_scan,2,0.5,analytics,post_join_filter,PASS,4,1,0,0,0,0,0,
q8_sensitive_product_scan,2,0.5,analytics,view_barrier,PASS,8,1,1,1,0,0,0,
q8_sensitive_product_scan,2,0.5,analytics,predicate_injection,PASS,2,1,0,0,0,0,0,
q8_sensitive_product_scan,2,0.5,analytics,pcqv_forced,PASS,2,1,0,0,0,0,0,
q8_sensitive_product_scan,2,0.5,analytics,pcqv,PASS,2,1,0,0,0,0,0,
q8_sensitive_product_scan,2,0.5,analytics,oracle_order,PASS,2,1,0,0,0,0,0,
q8_sensitive_product_scan,2,0.5,support,reference,PASS,2,1,0,0,0,0,0,
q8_sensitive_product_scan,2,0.5,support,post_join_filter,PASS,4,1,0,0,0,0,0,
q8_sensitive_product_scan,2,0.5,support,view_barrier,PASS,8,1,1,1,0,0,0,
q8_sensitive_product_scan,2,0.5,support,predicate_injection,PASS,2,1,0,0,0,0,0,
q8_sensitive_product_scan,2,0.5,support,pcqv_forced,PASS,2,1,0,0,0,0,0,
q8_sensitive_product_scan,2,0.5,support,pcqv,PASS,2,1,0,0,0,0,0,
q8_sensitive_product_scan,2,0.5,support,oracle_order,PASS,2,1,0,0,0,0,0,
q8_sensitive_product_scan,2,0.5,billing,reference,PASS,2,1,0,0,0,0,0,
q8_sensitive_product_scan,2,0.5,billing,post_join_filter,PASS,4,1,0,0,0,0,0,
q8_sensitive_product_scan,2,0.5,billing,view_barrier,PASS,8,1,1,1,0,0,0,
q8_sensitive_product_scan,2,0.5,billing,predicate_injection,PASS,2,1,0,0,0,0,0,
q8_sensitive_product_scan,2,0.5,billing,pcqv_forced,PASS,2,1,0,0,0,0,0,
q8_sensitive_product_scan,2,0.5,billing,pcqv,PASS,2,1,0,0,0,0,0,
q8_sensitive_product_scan,2,0.5,billing,oracle_order,PASS,2,1,0,0,0,0,0,
q8_sensitive_product_scan,3,0.025,analytics,reference,PASS,2,1,0,0,0,0,0,
q8_sensitive_product_scan,3,0.025,analytics,post_join_filter,PASS,3,1,0,0,0,0,0,
q8_sensitive_product_scan,3,0.025,analytics,view_barrier,PASS,8,1,1,1,0,0,0,
q8_sensitive_product_scan,3,0.025,analytics,predicate_injection,PASS,2,1,0,0,0,0,0,
q8_sensitive_product_scan,3,0.025,analytics,pcqv_forced,PASS,2,1,0,0,0,0,0,
q8_sensitive_product_scan,3,0.025,analytics,pcqv,PASS,2,1,0,0,0,0,0,
q8_sensitive_product_scan,3,0.025,analytics,oracle_order,PASS,2,1,0,0,0,0,0,
q8_sensitive_product_scan,3,0.025,support,reference,PASS,2,1,0,0,0,0,0,
q8_sensitive_product_scan,3,0.025,support,post_join_filter,PASS,3,1,0,0,0,0,0,
q8_sensitive_product_scan,3,0.025,support,view_barrier,PASS,8,1,1,1,0,0,0,
q8_sensitive_product_scan,3,0.025,support,predicate_injection,PASS,2,1,0,0,0,0,0,
q8_sensitive_product_scan,3,0.025,support,pcqv_forced,PASS,2,1,0,0,0,0,0,
q8_sensitive_product_scan,3,0.025,support,pcqv,PASS,2,1,0,0,0,0,0,
q8_sensitive_product_scan,3,0.025,support,oracle_order,PASS,2,1,0,0,0,0,0,
q8_sensitive_product_scan,3,0.025,billing,reference,PASS,2,1,0,0,0,0,0,
q8_sensitive_product_scan,3,0.025,billing,post_join_filter,PASS,3,1,0,0,0,0,0,
q8_sensitive_product_scan,3,0.025,billing,view_barrier,PASS,8,1,1,1,0,0,0,
q8_sensitive_product_scan,3,0.025,billing,predicate_injection,PASS,2,1,0,0,0,0,0,
q8_sensitive_product_scan,3,0.025,billing,pcqv_forced,PASS,2,1,0,0,0,0,0,
q8_sensitive_product_scan,3,0.025,billing,pcqv,PASS,2,1,0,0,0,0,0,
q8_sensitive_product_scan,3,0.025,billing,oracle_order,PASS,2,1,0,0,0,0,0,
q8_sensitive_product_scan,3,0.1,analytics,reference,PASS,2,1,0,0,0,0,0,
q8_sensitive_product_scan,3,0.1,analytics,post_join_filter,PASS,4,1,0,0,0,0,0,
q8_sensitive_product_scan,3,0.1,analytics,view_barrier,PASS,8,1,1,1,0,0,0,
q8_sensitive_product_scan,3,0.1,analytics,predicate_injection,PASS,2,1,0,0,0,0,0,
q8_sensitive_product_scan,3,0.1,analytics,pcqv_forced,PASS,2,1,0,0,0,0,0,
q8_sensitive_product_scan,3,0.1,analytics,pcqv,PASS,2,1,0,0,0,0,0,
q8_sensitive_product_scan,3,0.1,analytics,oracle_order,PASS,2,1,0,0,0,0,0,
q8_sensitive_product_scan,3,0.1,support,reference,PASS,2,1,0,0,0,0,0,
q8_sensitive_product_scan,3,0.1,support,post_join_filter,PASS,4,1,0,0,0,0,0,
q8_sensitive_product_scan,3,0.1,support,view_barrier,PASS,8,1,1,1,0,0,0,
q8_sensitive_product_scan,3,0.1,support,predicate_injection,PASS,2,1,0,0,0,0,0,
q8_sensitive_product_scan,3,0.1,support,pcqv_forced,PASS,2,1,0,0,0,0,0,
q8_sensitive_product_scan,3,0.1,support,pcqv,PASS,2,1,0,0,0,0,0,
q8_sensitive_product_scan,3,0.1,support,oracle_order,PASS,2,1,0,0,0,0,0,
q8_sensitive_product_scan,3,0.1,billing,reference,PASS,2,1,0,0,0,0,0,
q8_sensitive_product_scan,3,0.1,billing,post_join_filter,PASS,4,1,0,0,0,0,0,
q8_sensitive_product_scan,3,0.1,billing,view_barrier,PASS,8,1,1,1,0,0,0,
q8_sensitive_product_scan,3,0.1,billing,predicate_injection,PASS,2,1,0,0,0,0,0,
q8_sensitive_product_scan,3,0.1,billing,pcqv_forced,PASS,2,1,0,0,0,0,0,
q8_sensitive_product_scan,3,0.1,billing,pcqv,PASS,2,1,0,0,0,0,0,
q8_sensitive_product_scan,3,0.1,billing,oracle_order,PASS,2,1,0,0,0,0,0,
q8_sensitive_product_scan,3,0.5,analytics,reference,PASS,2,1,0,0,0,0,0,
q8_sensitive_product_scan,3,0.5,analytics,post_join_filter,PASS,4,1,0,0,0,0,0,
q8_sensitive_product_scan,3,0.5,analytics,view_barrier,PASS,8,1,1,1,0,0,0,
q8_sensitive_product_scan,3,0.5,analytics,predicate_injection,PASS,2,1,0,0,0,0,0,
q8_sensitive_product_scan,3,0.5,analytics,pcqv_forced,PASS,2,1,0,0,0,0,0,
q8_sensitive_product_scan,3,0.5,analytics,pcqv,PASS,2,1,0,0,0,0,0,
q8_sensitive_product_scan,3,0.5,analytics,oracle_order,PASS,2,1,0,0,0,0,0,
q8_sensitive_product_scan,3,0.5,support,reference,PASS,2,1,0,0,0,0,0,
q8_sensitive_product_scan,3,0.5,support,post_join_filter,PASS,4,1,0,0,0,0,0,
q8_sensitive_product_scan,3,0.5,support,view_barrier,PASS,8,1,1,1,0,0,0,
q8_sensitive_product_scan,3,0.5,support,predicate_injection,PASS,2,1,0,0,0,0,0,
q8_sensitive_product_scan,3,0.5,support,pcqv_forced,PASS,2,1,0,0,0,0,0,
q8_sensitive_product_scan,3,0.5,support,pcqv,PASS,2,1,0,0,0,0,0,
q8_sensitive_product_scan,3,0.5,support,oracle_order,PASS,2,1,0,0,0,0,0,
q8_sensitive_product_scan,3,0.5,billing,reference,PASS,2,1,0,0,0,0,0,
q8_sensitive_product_scan,3,0.5,billing,post_join_filter,PASS,4,1,0,0,0,0,0,
q8_sensitive_product_scan,3,0.5,billing,view_barrier,PASS,8,1,1,1,0,0,0,
q8_sensitive_product_scan,3,0.5,billing,predicate_injection,PASS,2,1,0,0,0,0,0,
q8_sensitive_product_scan,3,0.5,billing,pcqv_forced,PASS,2,1,0,0,0,0,0,
q8_sensitive_product_scan,3,0.5,billing,pcqv,PASS,2,1,0,0,0,0,0,
q8_sensitive_product_scan,3,0.5,billing,oracle_order,PASS,2,1,0,0,0,0,0,
q8_sensitive_product_scan,4,0.025,analytics,reference,PASS,4,1,0,1,0,0,0,
q8_sensitive_product_scan,4,0.025,analytics,post_join_filter,PASS,5,1,0,1,0,0,0,
q8_sensitive_product_scan,4,0.025,analytics,view_barrier,PASS,10,1,1,1,0,0,0,
q8_sensitive_product_scan,4,0.025,analytics,predicate_injection,PASS,4,1,0,1,0,0,0,
q8_sensitive_product_scan,4,0.025,analytics,pcqv_forced,PASS,4,1,0,1,0,0,0,
q8_sensitive_product_scan,4,0.025,analytics,pcqv,PASS,4,1,0,1,0,0,0,
q8_sensitive_product_scan,4,0.025,analytics,oracle_order,PASS,4,1,0,1,0,0,0,
q8_sensitive_product_scan,4,0.025,support,reference,PASS,4,1,0,1,0,0,0,
q8_sensitive_product_scan,4,0.025,support,post_join_filter,PASS,5,1,0,1,0,0,0,
q8_sensitive_product_scan,4,0.025,support,view_barrier,PASS,10,1,1,1,0,0,0,
q8_sensitive_product_scan,4,0.025,support,predicate_injection,PASS,4,1,0,1,0,0,0,
q8_sensitive_product_scan,4,0.025,support,pcqv_forced,PASS,4,1,0,1,0,0,0,
q8_sensitive_product_scan,4,0.025,support,pcqv,PASS,4,1,0,1,0,0,0,
q8_sensitive_product_scan,4,0.025,support,oracle_order,PASS,4,1,0,1,0,0,0,
q8_sensitive_product_scan,4,0.025,billing,reference,PASS,4,1,0,1,0,0,0,
q8_sensitive_product_scan,4,0.025,billing,post_join_filter,PASS,5,1,0,1,0,0,0,
q8_sensitive_product_scan,4,0.025,billing,view_barrier,PASS,10,1,1,1,0,0,0,
q8_sensitive_product_scan,4,0.025,billing,predicate_injection,PASS,4,1,0,1,0,0,0,
q8_sensitive_product_scan,4,0.025,billing,pcqv_forced,PASS,4,1,0,1,0,0,0,
q8_sensitive_product_scan,4,0.025,billing,pcqv,PASS,4,1,0,1,0,0,0,
q8_sensitive_product_scan,4,0.025,billing,oracle_order,PASS,4,1,0,1,0,0,0,
q8_sensitive_product_scan,4,0.1,analytics,reference,PASS,4,1,0,1,0,0,0,
q8_sensitive_product_scan,4,0.1,analytics,post_join_filter,PASS,6,1,0,1,0,0,0,
q8_sensitive_product_scan,4,0.1,analytics,view_barrier,PASS,10,1,1,1,0,0,0,
q8_sensitive_product_scan,4,0.1,analytics,predicate_injection,PASS,4,1,0,1,0,0,0,
q8_sensitive_product_scan,4,0.1,analytics,pcqv_forced,PASS,4,1,0,1,0,0,0,
q8_sensitive_product_scan,4,0.1,analytics,pcqv,PASS,4,1,0,1,0,0,0,
q8_sensitive_product_scan,4,0.1,analytics,oracle_order,PASS,4,1,0,1,0,0,0,
q8_sensitive_product_scan,4,0.1,support,reference,PASS,4,1,0,1,0,0,0,
q8_sensitive_product_scan,4,0.1,support,post_join_filter,PASS,6,1,0,1,0,0,0,
q8_sensitive_product_scan,4,0.1,support,view_barrier,PASS,10,1,1,1,0,0,0,
q8_sensitive_product_scan,4,0.1,support,predicate_injection,PASS,4,1,0,1,0,0,0,
q8_sensitive_product_scan,4,0.1,support,pcqv_forced,PASS,4,1,0,1,0,0,0,
q8_sensitive_product_scan,4,0.1,support,pcqv,PASS,4,1,0,1,0,0,0,
q8_sensitive_product_scan,4,0.1,support,oracle_order,PASS,4,1,0,1,0,0,0,
q8_sensitive_product_scan,4,0.1,billing,reference,PASS,4,1,0,1,0,0,0,
q8_sensitive_product_scan,4,0.1,billing,post_join_filter,PASS,6,1,0,1,0,0,0,
q8_sensitive_product_scan,4,0.1,billing,view_barrier,PASS,10,1,1,1,0,0,0,
q8_sensitive_product_scan,4,0.1,billing,predicate_injection,PASS,4,1,0,1,0,0,0,
q8_sensitive_product_scan,4,0.1,billing,pcqv_forced,PASS,4,1,0,1,0,0,0,
q8_sensitive_product_scan,4,0.1,billing,pcqv,PASS,4,1,0,1,0,0,0,
q8_sensitive_product_scan,4,0.1,billing,oracle_order,PASS,4,1,0,1,0,0,0,
q8_sensitive_product_scan,4,0.5,analytics,reference,PASS,4,1,0,1,0,0,0,
q8_sensitive_product_scan,4,0.5,analytics,post_join_filter,PASS,6,1,0,1,0,0,0,
q8_sensitive_product_scan,4,0.5,analytics,view_barrier,PASS,10,1,1,1,0,0,0,
q8_sensitive_product_scan,4,0.5,analytics,predicate_injection,PASS,4,1,0,1,0,0,0,
q8_sensitive_product_scan,4,0.5,analytics,pcqv_forced,PASS,4,1,0,1,0,0,0,
q8_sensitive_product_scan,4,0.5,analytics,pcqv,PASS,4,1,0,1,0,0,0,
q8_sensitive_product_scan,4,0.5,analytics,oracle_order,PASS,4,1,0,1,0,0,0,
q8_sensitive_product_scan,4,0.5,support,reference,PASS,4,1,0,1,0,0,0,
q8_sensitive_product_scan,4,0.5,support,post_join_filter,PASS,6,1,0,1,0,0,0,
q8_sensitive_product_scan,4,0.5,support,view_barrier,PASS,10,1,1,1,0,0,0,
q8_sensitive_product_scan,4,0.5,support,predicate_injection,PASS,4,1,0,1,0,0,0,
q8_sensitive_product_scan,4,0.5,support,pcqv_forced,PASS,4,1,0,1,0,0,0,
q8_sensitive_product_scan,4,0.5,support,pcqv,PASS,4,1,0,1,0,0,0,
q8_sensitive_product_scan,4,0.5,support,oracle_order,PASS,4,1,0,1,0,0,0,
q8_sensitive_product_scan,4,0.5,billing,reference,PASS,4,1,0,1,0,0,0,
q8_sensitive_product_scan,4,0.5,billing,post_join_filter,PASS,6,1,0,1,0,0,0,
q8_sensitive_product_scan,4,0.5,billing,view_barrier,PASS,10,1,1,1,0,0,0,
q8_sensitive_product_scan,4,0.5,billing,predicate_injection,PASS,4,1,0,1,0,0,0,
q8_sensitive_product_scan,4,0.5,billing,pcqv_forced,PASS,4,1,0,1,0,0,0,
q8_sensitive_product_scan,4,0.5,billing,pcqv,PASS,4,1,0,1,0,0,0,
q8_sensitive_product_scan,4,0.5,billing,oracle_order,PASS,4,1,0,1,0,0,0,
q8_sensitive_product_scan,5,0.025,analytics,reference,PASS,4,1,0,1,0,0,0,
q8_sensitive_product_scan,5,0.025,analytics,post_join_filter,PASS,5,1,0,1,0,0,0,
q8_sensitive_product_scan,5,0.025,analytics,view_barrier,PASS,10,1,1,1,0,0,0,
q8_sensitive_product_scan,5,0.025,analytics,predicate_injection,PASS,4,1,0,1,0,0,0,
q8_sensitive_product_scan,5,0.025,analytics,pcqv_forced,PASS,4,1,0,1,0,0,0,
q8_sensitive_product_scan,5,0.025,analytics,pcqv,PASS,4,1,0,1,0,0,0,
q8_sensitive_product_scan,5,0.025,analytics,oracle_order,PASS,4,1,0,1,0,0,0,
q8_sensitive_product_scan,5,0.025,support,reference,PASS,4,1,0,1,0,0,0,
q8_sensitive_product_scan,5,0.025,support,post_join_filter,PASS,5,1,0,1,0,0,0,
q8_sensitive_product_scan,5,0.025,support,view_barrier,PASS,10,1,1,1,0,0,0,
q8_sensitive_product_scan,5,0.025,support,predicate_injection,PASS,4,1,0,1,0,0,0,
q8_sensitive_product_scan,5,0.025,support,pcqv_forced,PASS,4,1,0,1,0,0,0,
q8_sensitive_product_scan,5,0.025,support,pcqv,PASS,4,1,0,1,0,0,0,
q8_sensitive_product_scan,5,0.025,support,oracle_order,PASS,4,1,0,1,0,0,0,
q8_sensitive_product_scan,5,0.025,billing,reference,PASS,4,1,0,1,0,0,0,
q8_sensitive_product_scan,5,0.025,billing,post_join_filter,PASS,5,1,0,1,0,0,0,
q8_sensitive_product_scan,5,0.025,billing,view_barrier,PASS,10,1,1,1,0,0,0,
q8_sensitive_product_scan,5,0.025,billing,predicate_injection,PASS,4,1,0,1,0,0,0,
q8_sensitive_product_scan,5,0.025,billing,pcqv_forced,PASS,4,1,0,1,0,0,0,
q8_sensitive_product_scan,5,0.025,billing,pcqv,PASS,4,1,0,1,0,0,0,
q8_sensitive_product_scan,5,0.025,billing,oracle_order,PASS,4,1,0,1,0,0,0,
q8_sensitive_product_scan,5,0.1,analytics,reference,PASS,4,1,0,1,0,0,0,
q8_sensitive_product_scan,5,0.1,analytics,post_join_filter,PASS,6,1,0,1,0,0,0,
q8_sensitive_product_scan,5,0.1,analytics,view_barrier,PASS,10,1,1,1,0,0,0,
q8_sensitive_product_scan,5,0.1,analytics,predicate_injection,PASS,4,1,0,1,0,0,0,
q8_sensitive_product_scan,5,0.1,analytics,pcqv_forced,PASS,4,1,0,1,0,0,0,
q8_sensitive_product_scan,5,0.1,analytics,pcqv,PASS,4,1,0,1,0,0,0,
q8_sensitive_product_scan,5,0.1,analytics,oracle_order,PASS,4,1,0,1,0,0,0,
q8_sensitive_product_scan,5,0.1,support,reference,PASS,4,1,0,1,0,0,0,
q8_sensitive_product_scan,5,0.1,support,post_join_filter,PASS,6,1,0,1,0,0,0,
q8_sensitive_product_scan,5,0.1,support,view_barrier,PASS,10,1,1,1,0,0,0,
q8_sensitive_product_scan,5,0.1,support,predicate_injection,PASS,4,1,0,1,0,0,0,
q8_sensitive_product_scan,5,0.1,support,pcqv_forced,PASS,4,1,0,1,0,0,0,
q8_sensitive_product_scan,5,0.1,support,pcqv,PASS,4,1,0,1,0,0,0,
q8_sensitive_product_scan,5,0.1,support,oracle_order,PASS,4,1,0,1,0,0,0,
q8_sensitive_product_scan,5,0.1,billing,reference,PASS,4,1,0,1,0,0,0,
q8_sensitive_product_scan,5,0.1,billing,post_join_filter,PASS,6,1,0,1,0,0,0,
q8_sensitive_product_scan,5,0.1,billing,view_barrier,PASS,10,1,1,1,0,0,0,
q8_sensitive_product_scan,5,0.1,billing,predicate_injection,PASS,4,1,0,1,0,0,0,
q8_sensitive_product_scan,5,0.1,billing,pcqv_forced,PASS,4,1,0,1,0,0,0,
q8_sensitive_product_scan,5,0.1,billing,pcqv,PASS,4,1,0,1,0,0,0,
q8_sensitive_product_scan,5,0.1,billing,oracle_order,PASS,4,1,0,1,0,0,0,
q8_sensitive_product_scan,5,0.5,analytics,reference,PASS,4,1,0,1,0,0,0,
q8_sensitive_product_scan,5,0.5,analytics,post_join_filter,PASS,6,1,0,1,0,0,0,
q8_sensitive_product_scan,5,0.5,analytics,view_barrier,PASS,10,1,1,1,0,0,0,
q8_sensitive_product_scan,5,0.5,analytics,predicate_injection,PASS,4,1,0,1,0,0,0,
q8_sensitive_product_scan,5,0.5,analytics,pcqv_forced,PASS,4,1,0,1,0,0,0,
q8_sensitive_product_scan,5,0.5,analytics,pcqv,PASS,4,1,0,1,0,0,0,
q8_sensitive_product_scan,5,0.5,analytics,oracle_order,PASS,4,1,0,1,0,0,0,
q8_sensitive_product_scan,5,0.5,support,reference,PASS,4,1,0,1,0,0,0,
q8_sensitive_product_scan,5,0.5,support,post_join_filter,PASS,6,1,0,1,0,0,0,
q8_sensitive_product_scan,5,0.5,support,view_barrier,PASS,10,1,1,1,0,0,0,
q8_sensitive_product_scan,5,0.5,support,predicate_injection,PASS,4,1,0,1,0,0,0,
q8_sensitive_product_scan,5,0.5,support,pcqv_forced,PASS,4,1,0,1,0,0,0,
q8_sensitive_product_scan,5,0.5,support,pcqv,PASS,4,1,0,1,0,0,0,
q8_sensitive_product_scan,5,0.5,support,oracle_order,PASS,4,1,0,1,0,0,0,
q8_sensitive_product_scan,5,0.5,billing,reference,PASS,4,1,0,1,0,0,0,
q8_sensitive_product_scan,5,0.5,billing,post_join_filter,PASS,6,1,0,1,0,0,0,
q8_sensitive_product_scan,5,0.5,billing,view_barrier,PASS,10,1,1,1,0,0,0,
q8_sensitive_product_scan,5,0.5,billing,predicate_injection,PASS,4,1,0,1,0,0,0,
q8_sensitive_product_scan,5,0.5,billing,pcqv_forced,PASS,4,1,0,1,0,0,0,
q8_sensitive_product_scan,5,0.5,billing,pcqv,PASS,4,1,0,1,0,0,0,
q8_sensitive_product_scan,5,0.5,billing,oracle_order,PASS,4,1,0,1,0,0,0,
q8_sensitive_product_scan,6,0.025,analytics,reference,PASS,4,1,0,1,0,0,0,
q8_sensitive_product_scan,6,0.025,analytics,post_join_filter,PASS,5,1,0,1,0,0,0,
q8_sensitive_product_scan,6,0.025,analytics,view_barrier,PASS,10,1,1,1,0,0,0,
q8_sensitive_product_scan,6,0.025,analytics,predicate_injection,PASS,4,1,0,1,0,0,0,
q8_sensitive_product_scan,6,0.025,analytics,pcqv_forced,PASS,4,1,0,1,0,0,0,
q8_sensitive_product_scan,6,0.025,analytics,pcqv,PASS,4,1,0,1,0,0,0,
q8_sensitive_product_scan,6,0.025,analytics,oracle_order,PASS,4,1,0,1,0,0,0,
q8_sensitive_product_scan,6,0.025,support,reference,PASS,4,1,0,1,0,0,0,
q8_sensitive_product_scan,6,0.025,support,post_join_filter,PASS,5,1,0,1,0,0,0,
q8_sensitive_product_scan,6,0.025,support,view_barrier,PASS,10,1,1,1,0,0,0,
q8_sensitive_product_scan,6,0.025,support,predicate_injection,PASS,4,1,0,1,0,0,0,
q8_sensitive_product_scan,6,0.025,support,pcqv_forced,PASS,4,1,0,1,0,0,0,
q8_sensitive_product_scan,6,0.025,support,pcqv,PASS,4,1,0,1,0,0,0,
q8_sensitive_product_scan,6,0.025,support,oracle_order,PASS,4,1,0,1,0,0,0,
q8_sensitive_product_scan,6,0.025,billing,reference,PASS,4,1,0,1,0,0,0,
q8_sensitive_product_scan,6,0.025,billing,post_join_filter,PASS,5,1,0,1,0,0,0,
q8_sensitive_product_scan,6,0.025,billing,view_barrier,PASS,10,1,1,1,0,0,0,
q8_sensitive_product_scan,6,0.025,billing,predicate_injection,PASS,4,1,0,1,0,0,0,
q8_sensitive_product_scan,6,0.025,billing,pcqv_forced,PASS,4,1,0,1,0,0,0,
q8_sensitive_product_scan,6,0.025,billing,pcqv,PASS,4,1,0,1,0,0,0,
q8_sensitive_product_scan,6,0.025,billing,oracle_order,PASS,4,1,0,1,0,0,0,
q8_sensitive_product_scan,6,0.1,analytics,reference,PASS,4,1,0,1,0,0,0,
q8_sensitive_product_scan,6,0.1,analytics,post_join_filter,PASS,6,1,0,1,0,0,0,
q8_sensitive_product_scan,6,0.1,analytics,view_barrier,PASS,10,1,1,1,0,0,0,
q8_sensitive_product_scan,6,0.1,analytics,predicate_injection,PASS,4,1,0,1,0,0,0,
q8_sensitive_product_scan,6,0.1,analytics,pcqv_forced,PASS,4,1,0,1,0,0,0,
q8_sensitive_product_scan,6,0.1,analytics,pcqv,PASS,4,1,0,1,0,0,0,
q8_sensitive_product_scan,6,0.1,analytics,oracle_order,PASS,4,1,0,1,0,0,0,
q8_sensitive_product_scan,6,0.1,support,reference,PASS,4,1,0,1,0,0,0,
q8_sensitive_product_scan,6,0.1,support,post_join_filter,PASS,6,1,0,1,0,0,0,
q8_sensitive_product_scan,6,0.1,support,view_barrier,PASS,10,1,1,1,0,0,0,
q8_sensitive_product_scan,6,0.1,support,predicate_injection,PASS,4,1,0,1,0,0,0,
q8_sensitive_product_scan,6,0.1,support,pcqv_forced,PASS,4,1,0,1,0,0,0,
q8_sensitive_product_scan,6,0.1,support,pcqv,PASS,4,1,0,1,0,0,0,
q8_sensitive_product_scan,6,0.1,support,oracle_order,PASS,4,1,0,1,0,0,0,
q8_sensitive_product_scan,6,0.1,billing,reference,PASS,4,1,0,1,0,0,0,
q8_sensitive_product_scan,6,0.1,billing,post_join_filter,PASS,6,1,0,1,0,0,0,
q8_sensitive_product_scan,6,0.1,billing,view_barrier,PASS,10,1,1,1,0,0,0,
q8_sensitive_product_scan,6,0.1,billing,predicate_injection,PASS,4,1,0,1,0,0,0,
q8_sensitive_product_scan,6,0.1,billing,pcqv_forced,PASS,4,1,0,1,0,0,0,
q8_sensitive_product_scan,6,0.1,billing,pcqv,PASS,4,1,0,1,0,0,0,
q8_sensitive_product_scan,6,0.1,billing,oracle_order,PASS,4,1,0,1,0,0,0,
q8_sensitive_product_scan,6,0.5,analytics,reference,PASS,4,1,0,1,0,0,0,
q8_sensitive_product_scan,6,0.5,analytics,post_join_filter,PASS,6,1,0,1,0,0,0,
q8_sensitive_product_scan,6,0.5,analytics,view_barrier,PASS,10,1,1,1,0,0,0,
q8_sensitive_product_scan,6,0.5,analytics,predicate_injection,PASS,4,1,0,1,0,0,0,
q8_sensitive_product_scan,6,0.5,analytics,pcqv_forced,PASS,4,1,0,1,0,0,0,
q8_sensitive_product_scan,6,0.5,analytics,pcqv,PASS,4,1,0,1,0,0,0,
q8_sensitive_product_scan,6,0.5,analytics,oracle_order,PASS,4,1,0,1,0,0,0,
q8_sensitive_product_scan,6,0.5,support,reference,PASS,4,1,0,1,0,0,0,
q8_sensitive_product_scan,6,0.5,support,post_join_filter,PASS,6,1,0,1,0,0,0,
q8_sensitive_product_scan,6,0.5,support,view_barrier,PASS,10,1,1,1,0,0,0,
q8_sensitive_product_scan,6,0.5,support,predicate_injection,PASS,4,1,0,1,0,0,0,
q8_sensitive_product_scan,6,0.5,support,pcqv_forced,PASS,4,1,0,1,0,0,0,
q8_sensitive_product_scan,6,0.5,support,pcqv,PASS,4,1,0,1,0,0,0,
q8_sensitive_product_scan,6,0.5,support,oracle_order,PASS,4,1,0,1,0,0,0,
q8_sensitive_product_scan,6,0.5,billing,reference,PASS,4,1,0,1,0,0,0,
q8_sensitive_product_scan,6,0.5,billing,post_join_filter,PASS,6,1,0,1,0,0,0,
q8_sensitive_product_scan,6,0.5,billing,view_barrier,PASS,10,1,1,1,0,0,0,
q8_sensitive_product_scan,6,0.5,billing,predicate_injection,PASS,4,1,0,1,0,0,0,
q8_sensitive_product_scan,6,0.5,billing,pcqv_forced,PASS,4,1,0,1,0,0,0,
q8_sensitive_product_scan,6,0.5,billing,pcqv,PASS,4,1,0,1,0,0,0,
q8_sensitive_product_scan,6,0.5,billing,oracle_order,PASS,4,1,0,1,0,0,0,
q9_ticket_topic_segments,1,0.025,analytics,reference,PASS,3,1,0,0,0,0,0,
q9_ticket_topic_segments,1,0.025,analytics,post_join_filter,PASS,3,1,0,0,0,0,0,
q9_ticket_topic_segments,1,0.025,analytics,view_barrier,PASS,8,1,1,1,0,0,0,
q9_ticket_topic_segments,1,0.025,analytics,predicate_injection,PASS,3,1,0,0,0,0,0,
q9_ticket_topic_segments,1,0.025,analytics,pcqv_forced,PASS,3,1,0,0,0,0,0,
q9_ticket_topic_segments,1,0.025,analytics,pcqv,PASS,3,1,0,0,0,0,0,
q9_ticket_topic_segments,1,0.025,analytics,oracle_order,PASS,3,1,0,0,0,0,0,
q9_ticket_topic_segments,1,0.025,support,reference,PASS,3,1,0,0,0,0,0,
q9_ticket_topic_segments,1,0.025,support,post_join_filter,PASS,3,1,0,0,0,0,0,
q9_ticket_topic_segments,1,0.025,support,view_barrier,PASS,8,1,1,1,0,0,0,
q9_ticket_topic_segments,1,0.025,support,predicate_injection,PASS,3,1,0,0,0,0,0,
q9_ticket_topic_segments,1,0.025,support,pcqv_forced,PASS,3,1,0,0,0,0,0,
q9_ticket_topic_segments,1,0.025,support,pcqv,PASS,3,1,0,0,0,0,0,
q9_ticket_topic_segments,1,0.025,support,oracle_order,PASS,3,1,0,0,0,0,0,
q9_ticket_topic_segments,1,0.025,billing,reference,PASS,3,1,0,0,0,0,0,
q9_ticket_topic_segments,1,0.025,billing,post_join_filter,PASS,3,1,0,0,0,0,0,
q9_ticket_topic_segments,1,0.025,billing,view_barrier,PASS,8,1,1,1,0,0,0,
q9_ticket_topic_segments,1,0.025,billing,predicate_injection,PASS,3,1,0,0,0,0,0,
q9_ticket_topic_segments,1,0.025,billing,pcqv_forced,PASS,3,1,0,0,0,0,0,
q9_ticket_topic_segments,1,0.025,billing,pcqv,PASS,3,1,0,0,0,0,0,
q9_ticket_topic_segments,1,0.025,billing,oracle_order,PASS,3,1,0,0,0,0,0,
q9_ticket_topic_segments,1,0.1,analytics,reference,PASS,3,1,0,0,0,0,0,
q9_ticket_topic_segments,1,0.1,analytics,post_join_filter,PASS,3,1,0,0,0,0,0,
q9_ticket_topic_segments,1,0.1,analytics,view_barrier,PASS,8,1,1,1,0,0,0,
q9_ticket_topic_segments,1,0.1,analytics,predicate_injection,PASS,3,1,0,0,0,0,0,
q9_ticket_topic_segments,1,0.1,analytics,pcqv_forced,PASS,3,1,0,0,0,0,0,
q9_ticket_topic_segments,1,0.1,analytics,pcqv,PASS,3,1,0,0,0,0,0,
q9_ticket_topic_segments,1,0.1,analytics,oracle_order,PASS,3,1,0,0,0,0,0,
q9_ticket_topic_segments,1,0.1,support,reference,PASS,3,1,0,0,0,0,0,
q9_ticket_topic_segments,1,0.1,support,post_join_filter,PASS,3,1,0,0,0,0,0,
q9_ticket_topic_segments,1,0.1,support,view_barrier,PASS,8,1,1,1,0,0,0,
q9_ticket_topic_segments,1,0.1,support,predicate_injection,PASS,3,1,0,0,0,0,0,
q9_ticket_topic_segments,1,0.1,support,pcqv_forced,PASS,3,1,0,0,0,0,0,
q9_ticket_topic_segments,1,0.1,support,pcqv,PASS,3,1,0,0,0,0,0,
q9_ticket_topic_segments,1,0.1,support,oracle_order,PASS,3,1,0,0,0,0,0,
q9_ticket_topic_segments,1,0.1,billing,reference,PASS,3,1,0,0,0,0,0,
q9_ticket_topic_segments,1,0.1,billing,post_join_filter,PASS,3,1,0,0,0,0,0,
q9_ticket_topic_segments,1,0.1,billing,view_barrier,PASS,8,1,1,1,0,0,0,
q9_ticket_topic_segments,1,0.1,billing,predicate_injection,PASS,3,1,0,0,0,0,0,
q9_ticket_topic_segments,1,0.1,billing,pcqv_forced,PASS,3,1,0,0,0,0,0,
q9_ticket_topic_segments,1,0.1,billing,pcqv,PASS,3,1,0,0,0,0,0,
q9_ticket_topic_segments,1,0.1,billing,oracle_order,PASS,3,1,0,0,0,0,0,
q9_ticket_topic_segments,1,0.5,analytics,reference,PASS,3,1,0,0,0,0,0,
q9_ticket_topic_segments,1,0.5,analytics,post_join_filter,PASS,3,1,0,0,0,0,0,
q9_ticket_topic_segments,1,0.5,analytics,view_barrier,PASS,8,1,1,1,0,0,0,
q9_ticket_topic_segments,1,0.5,analytics,predicate_injection,PASS,3,1,0,0,0,0,0,
q9_ticket_topic_segments,1,0.5,analytics,pcqv_forced,PASS,3,1,0,0,0,0,0,
q9_ticket_topic_segments,1,0.5,analytics,pcqv,PASS,3,1,0,0,0,0,0,
q9_ticket_topic_segments,1,0.5,analytics,oracle_order,PASS,3,1,0,0,0,0,0,
q9_ticket_topic_segments,1,0.5,support,reference,PASS,3,1,0,0,0,0,0,
q9_ticket_topic_segments,1,0.5,support,post_join_filter,PASS,3,1,0,0,0,0,0,
q9_ticket_topic_segments,1,0.5,support,view_barrier,PASS,8,1,1,1,0,0,0,
q9_ticket_topic_segments,1,0.5,support,predicate_injection,PASS,3,1,0,0,0,0,0,
q9_ticket_topic_segments,1,0.5,support,pcqv_forced,PASS,3,1,0,0,0,0,0,
q9_ticket_topic_segments,1,0.5,support,pcqv,PASS,3,1,0,0,0,0,0,
q9_ticket_topic_segments,1,0.5,support,oracle_order,PASS,3,1,0,0,0,0,0,
q9_ticket_topic_segments,1,0.5,billing,reference,PASS,3,1,0,0,0,0,0,
q9_ticket_topic_segments,1,0.5,billing,post_join_filter,PASS,3,1,0,0,0,0,0,
q9_ticket_topic_segments,1,0.5,billing,view_barrier,PASS,8,1,1,1,0,0,0,
q9_ticket_topic_segments,1,0.5,billing,predicate_injection,PASS,3,1,0,0,0,0,0,
q9_ticket_topic_segments,1,0.5,billing,pcqv_forced,PASS,3,1,0,0,0,0,0,
q9_ticket_topic_segments,1,0.5,billing,pcqv,PASS,3,1,0,0,0,0,0,
q9_ticket_topic_segments,1,0.5,billing,oracle_order,PASS,3,1,0,0,0,0,0,
q9_ticket_topic_segments,2,0.025,analytics,reference,PASS,3,1,0,0,0,0,0,
q9_ticket_topic_segments,2,0.025,analytics,post_join_filter,PASS,3,1,0,0,0,0,0,
q9_ticket_topic_segments,2,0.025,analytics,view_barrier,PASS,8,1,1,1,0,0,0,
q9_ticket_topic_segments,2,0.025,analytics,predicate_injection,PASS,3,1,0,0,0,0,0,
q9_ticket_topic_segments,2,0.025,analytics,pcqv_forced,PASS,3,1,0,0,0,0,0,
q9_ticket_topic_segments,2,0.025,analytics,pcqv,PASS,3,1,0,0,0,0,0,
q9_ticket_topic_segments,2,0.025,analytics,oracle_order,PASS,3,1,0,0,0,0,0,
q9_ticket_topic_segments,2,0.025,support,reference,PASS,3,1,0,0,0,0,0,
q9_ticket_topic_segments,2,0.025,support,post_join_filter,PASS,3,1,0,0,0,0,0,
q9_ticket_topic_segments,2,0.025,support,view_barrier,PASS,8,1,1,1,0,0,0,
q9_ticket_topic_segments,2,0.025,support,predicate_injection,PASS,3,1,0,0,0,0,0,
q9_ticket_topic_segments,2,0.025,support,pcqv_forced,PASS,3,1,0,0,0,0,0,
q9_ticket_topic_segments,2,0.025,support,pcqv,PASS,3,1,0,0,0,0,0,
q9_ticket_topic_segments,2,0.025,support,oracle_order,PASS,3,1,0,0,0,0,0,
q9_ticket_topic_segments,2,0.025,billing,reference,PASS,3,1,0,0,0,0,0,
q9_ticket_topic_segments,2,0.025,billing,post_join_filter,PASS,3,1,0,0,0,0,0,
q9_ticket_topic_segments,2,0.025,billing,view_barrier,PASS,8,1,1,1,0,0,0,
q9_ticket_topic_segments,2,0.025,billing,predicate_injection,PASS,3,1,0,0,0,0,0,
q9_ticket_topic_segments,2,0.025,billing,pcqv_forced,PASS,3,1,0,0,0,0,0,
q9_ticket_topic_segments,2,0.025,billing,pcqv,PASS,3,1,0,0,0,0,0,
q9_ticket_topic_segments,2,0.025,billing,oracle_order,PASS,3,1,0,0,0,0,0,
q9_ticket_topic_segments,2,0.1,analytics,reference,PASS,3,1,0,0,0,0,0,
q9_ticket_topic_segments,2,0.1,analytics,post_join_filter,PASS,3,1,0,0,0,0,0,
q9_ticket_topic_segments,2,0.1,analytics,view_barrier,PASS,8,1,1,1,0,0,0,
q9_ticket_topic_segments,2,0.1,analytics,predicate_injection,PASS,3,1,0,0,0,0,0,
q9_ticket_topic_segments,2,0.1,analytics,pcqv_forced,PASS,3,1,0,0,0,0,0,
q9_ticket_topic_segments,2,0.1,analytics,pcqv,PASS,3,1,0,0,0,0,0,
q9_ticket_topic_segments,2,0.1,analytics,oracle_order,PASS,3,1,0,0,0,0,0,
q9_ticket_topic_segments,2,0.1,support,reference,PASS,3,1,0,0,0,0,0,
q9_ticket_topic_segments,2,0.1,support,post_join_filter,PASS,3,1,0,0,0,0,0,
q9_ticket_topic_segments,2,0.1,support,view_barrier,PASS,8,1,1,1,0,0,0,
q9_ticket_topic_segments,2,0.1,support,predicate_injection,PASS,3,1,0,0,0,0,0,
q9_ticket_topic_segments,2,0.1,support,pcqv_forced,PASS,3,1,0,0,0,0,0,
q9_ticket_topic_segments,2,0.1,support,pcqv,PASS,3,1,0,0,0,0,0,
q9_ticket_topic_segments,2,0.1,support,oracle_order,PASS,3,1,0,0,0,0,0,
q9_ticket_topic_segments,2,0.1,billing,reference,PASS,3,1,0,0,0,0,0,
q9_ticket_topic_segments,2,0.1,billing,post_join_filter,PASS,3,1,0,0,0,0,0,
q9_ticket_topic_segments,2,0.1,billing,view_barrier,PASS,8,1,1,1,0,0,0,
q9_ticket_topic_segments,2,0.1,billing,predicate_injection,PASS,3,1,0,0,0,0,0,
q9_ticket_topic_segments,2,0.1,billing,pcqv_forced,PASS,3,1,0,0,0,0,0,
q9_ticket_topic_segments,2,0.1,billing,pcqv,PASS,3,1,0,0,0,0,0,
q9_ticket_topic_segments,2,0.1,billing,oracle_order,PASS,3,1,0,0,0,0,0,
q9_ticket_topic_segments,2,0.5,analytics,reference,PASS,3,1,0,0,0,0,0,
q9_ticket_topic_segments,2,0.5,analytics,post_join_filter,PASS,3,1,0,0,0,0,0,
q9_ticket_topic_segments,2,0.5,analytics,view_barrier,PASS,8,1,1,1,0,0,0,
q9_ticket_topic_segments,2,0.5,analytics,predicate_injection,PASS,3,1,0,0,0,0,0,
q9_ticket_topic_segments,2,0.5,analytics,pcqv_forced,PASS,3,1,0,0,0,0,0,
q9_ticket_topic_segments,2,0.5,analytics,pcqv,PASS,3,1,0,0,0,0,0,
q9_ticket_topic_segments,2,0.5,analytics,oracle_order,PASS,3,1,0,0,0,0,0,
q9_ticket_topic_segments,2,0.5,support,reference,PASS,3,1,0,0,0,0,0,
q9_ticket_topic_segments,2,0.5,support,post_join_filter,PASS,3,1,0,0,0,0,0,
q9_ticket_topic_segments,2,0.5,support,view_barrier,PASS,8,1,1,1,0,0,0,
q9_ticket_topic_segments,2,0.5,support,predicate_injection,PASS,3,1,0,0,0,0,0,
q9_ticket_topic_segments,2,0.5,support,pcqv_forced,PASS,3,1,0,0,0,0,0,
q9_ticket_topic_segments,2,0.5,support,pcqv,PASS,3,1,0,0,0,0,0,
q9_ticket_topic_segments,2,0.5,support,oracle_order,PASS,3,1,0,0,0,0,0,
q9_ticket_topic_segments,2,0.5,billing,reference,PASS,3,1,0,0,0,0,0,
q9_ticket_topic_segments,2,0.5,billing,post_join_filter,PASS,3,1,0,0,0,0,0,
q9_ticket_topic_segments,2,0.5,billing,view_barrier,PASS,8,1,1,1,0,0,0,
q9_ticket_topic_segments,2,0.5,billing,predicate_injection,PASS,3,1,0,0,0,0,0,
q9_ticket_topic_segments,2,0.5,billing,pcqv_forced,PASS,3,1,0,0,0,0,0,
q9_ticket_topic_segments,2,0.5,billing,pcqv,PASS,3,1,0,0,0,0,0,
q9_ticket_topic_segments,2,0.5,billing,oracle_order,PASS,3,1,0,0,0,0,0,
q9_ticket_topic_segments,3,0.025,analytics,reference,PASS,3,1,0,0,0,0,0,
q9_ticket_topic_segments,3,0.025,analytics,post_join_filter,PASS,3,1,0,0,0,0,0,
q9_ticket_topic_segments,3,0.025,analytics,view_barrier,PASS,8,1,1,1,0,0,0,
q9_ticket_topic_segments,3,0.025,analytics,predicate_injection,PASS,3,1,0,0,0,0,0,
q9_ticket_topic_segments,3,0.025,analytics,pcqv_forced,PASS,3,1,0,0,0,0,0,
q9_ticket_topic_segments,3,0.025,analytics,pcqv,PASS,3,1,0,0,0,0,0,
q9_ticket_topic_segments,3,0.025,analytics,oracle_order,PASS,3,1,0,0,0,0,0,
q9_ticket_topic_segments,3,0.025,support,reference,PASS,3,1,0,0,0,0,0,
q9_ticket_topic_segments,3,0.025,support,post_join_filter,PASS,3,1,0,0,0,0,0,
q9_ticket_topic_segments,3,0.025,support,view_barrier,PASS,8,1,1,1,0,0,0,
q9_ticket_topic_segments,3,0.025,support,predicate_injection,PASS,3,1,0,0,0,0,0,
q9_ticket_topic_segments,3,0.025,support,pcqv_forced,PASS,3,1,0,0,0,0,0,
q9_ticket_topic_segments,3,0.025,support,pcqv,PASS,3,1,0,0,0,0,0,
q9_ticket_topic_segments,3,0.025,support,oracle_order,PASS,3,1,0,0,0,0,0,
q9_ticket_topic_segments,3,0.025,billing,reference,PASS,3,1,0,0,0,0,0,
q9_ticket_topic_segments,3,0.025,billing,post_join_filter,PASS,3,1,0,0,0,0,0,
q9_ticket_topic_segments,3,0.025,billing,view_barrier,PASS,8,1,1,1,0,0,0,
q9_ticket_topic_segments,3,0.025,billing,predicate_injection,PASS,3,1,0,0,0,0,0,
q9_ticket_topic_segments,3,0.025,billing,pcqv_forced,PASS,3,1,0,0,0,0,0,
q9_ticket_topic_segments,3,0.025,billing,pcqv,PASS,3,1,0,0,0,0,0,
q9_ticket_topic_segments,3,0.025,billing,oracle_order,PASS,3,1,0,0,0,0,0,
q9_ticket_topic_segments,3,0.1,analytics,reference,PASS,3,1,0,0,0,0,0,
q9_ticket_topic_segments,3,0.1,analytics,post_join_filter,PASS,3,1,0,0,0,0,0,
q9_ticket_topic_segments,3,0.1,analytics,view_barrier,PASS,8,1,1,1,0,0,0,
q9_ticket_topic_segments,3,0.1,analytics,predicate_injection,PASS,3,1,0,0,0,0,0,
q9_ticket_topic_segments,3,0.1,analytics,pcqv_forced,PASS,3,1,0,0,0,0,0,
q9_ticket_topic_segments,3,0.1,analytics,pcqv,PASS,3,1,0,0,0,0,0,
q9_ticket_topic_segments,3,0.1,analytics,oracle_order,PASS,3,1,0,0,0,0,0,
q9_ticket_topic_segments,3,0.1,support,reference,PASS,3,1,0,0,0,0,0,
q9_ticket_topic_segments,3,0.1,support,post_join_filter,PASS,3,1,0,0,0,0,0,
q9_ticket_topic_segments,3,0.1,support,view_barrier,PASS,8,1,1,1,0,0,0,
q9_ticket_topic_segments,3,0.1,support,predicate_injection,PASS,3,1,0,0,0,0,0,
q9_ticket_topic_segments,3,0.1,support,pcqv_forced,PASS,3,1,0,0,0,0,0,
q9_ticket_topic_segments,3,0.1,support,pcqv,PASS,3,1,0,0,0,0,0,
q9_ticket_topic_segments,3,0.1,support,oracle_order,PASS,3,1,0,0,0,0,0,
q9_ticket_topic_segments,3,0.1,billing,reference,PASS,3,1,0,0,0,0,0,
q9_ticket_topic_segments,3,0.1,billing,post_join_filter,PASS,3,1,0,0,0,0,0,
q9_ticket_topic_segments,3,0.1,billing,view_barrier,PASS,8,1,1,1,0,0,0,
q9_ticket_topic_segments,3,0.1,billing,predicate_injection,PASS,3,1,0,0,0,0,0,
q9_ticket_topic_segments,3,0.1,billing,pcqv_forced,PASS,3,1,0,0,0,0,0,
q9_ticket_topic_segments,3,0.1,billing,pcqv,PASS,3,1,0,0,0,0,0,
q9_ticket_topic_segments,3,0.1,billing,oracle_order,PASS,3,1,0,0,0,0,0,
q9_ticket_topic_segments,3,0.5,analytics,reference,PASS,3,1,0,0,0,0,0,
q9_ticket_topic_segments,3,0.5,analytics,post_join_filter,PASS,3,1,0,0,0,0,0,
q9_ticket_topic_segments,3,0.5,analytics,view_barrier,PASS,8,1,1,1,0,0,0,
q9_ticket_topic_segments,3,0.5,analytics,predicate_injection,PASS,3,1,0,0,0,0,0,
q9_ticket_topic_segments,3,0.5,analytics,pcqv_forced,PASS,3,1,0,0,0,0,0,
q9_ticket_topic_segments,3,0.5,analytics,pcqv,PASS,3,1,0,0,0,0,0,
q9_ticket_topic_segments,3,0.5,analytics,oracle_order,PASS,3,1,0,0,0,0,0,
q9_ticket_topic_segments,3,0.5,support,reference,PASS,3,1,0,0,0,0,0,
q9_ticket_topic_segments,3,0.5,support,post_join_filter,PASS,3,1,0,0,0,0,0,
q9_ticket_topic_segments,3,0.5,support,view_barrier,PASS,8,1,1,1,0,0,0,
q9_ticket_topic_segments,3,0.5,support,predicate_injection,PASS,3,1,0,0,0,0,0,
q9_ticket_topic_segments,3,0.5,support,pcqv_forced,PASS,3,1,0,0,0,0,0,
q9_ticket_topic_segments,3,0.5,support,pcqv,PASS,3,1,0,0,0,0,0,
q9_ticket_topic_segments,3,0.5,support,oracle_order,PASS,3,1,0,0,0,0,0,
q9_ticket_topic_segments,3,0.5,billing,reference,PASS,3,1,0,0,0,0,0,
q9_ticket_topic_segments,3,0.5,billing,post_join_filter,PASS,3,1,0,0,0,0,0,
q9_ticket_topic_segments,3,0.5,billing,view_barrier,PASS,8,1,1,1,0,0,0,
q9_ticket_topic_segments,3,0.5,billing,predicate_injection,PASS,3,1,0,0,0,0,0,
q9_ticket_topic_segments,3,0.5,billing,pcqv_forced,PASS,3,1,0,0,0,0,0,
q9_ticket_topic_segments,3,0.5,billing,pcqv,PASS,3,1,0,0,0,0,0,
q9_ticket_topic_segments,3,0.5,billing,oracle_order,PASS,3,1,0,0,0,0,0,
q9_ticket_topic_segments,4,0.025,analytics,reference,PASS,3,1,0,0,0,0,0,
q9_ticket_topic_segments,4,0.025,analytics,post_join_filter,PASS,3,1,0,0,0,0,0,
q9_ticket_topic_segments,4,0.025,analytics,view_barrier,PASS,8,1,1,1,0,0,0,
q9_ticket_topic_segments,4,0.025,analytics,predicate_injection,PASS,3,1,0,0,0,0,0,
q9_ticket_topic_segments,4,0.025,analytics,pcqv_forced,PASS,3,1,0,0,0,0,0,
q9_ticket_topic_segments,4,0.025,analytics,pcqv,PASS,3,1,0,0,0,0,0,
q9_ticket_topic_segments,4,0.025,analytics,oracle_order,PASS,3,1,0,0,0,0,0,
q9_ticket_topic_segments,4,0.025,support,reference,PASS,3,1,0,0,0,0,0,
q9_ticket_topic_segments,4,0.025,support,post_join_filter,PASS,3,1,0,0,0,0,0,
q9_ticket_topic_segments,4,0.025,support,view_barrier,PASS,8,1,1,1,0,0,0,
q9_ticket_topic_segments,4,0.025,support,predicate_injection,PASS,3,1,0,0,0,0,0,
q9_ticket_topic_segments,4,0.025,support,pcqv_forced,PASS,3,1,0,0,0,0,0,
q9_ticket_topic_segments,4,0.025,support,pcqv,PASS,3,1,0,0,0,0,0,
q9_ticket_topic_segments,4,0.025,support,oracle_order,PASS,3,1,0,0,0,0,0,
q9_ticket_topic_segments,4,0.025,billing,reference,PASS,3,1,0,0,0,0,0,
q9_ticket_topic_segments,4,0.025,billing,post_join_filter,PASS,3,1,0,0,0,0,0,
q9_ticket_topic_segments,4,0.025,billing,view_barrier,PASS,8,1,1,1,0,0,0,
q9_ticket_topic_segments,4,0.025,billing,predicate_injection,PASS,3,1,0,0,0,0,0,
q9_ticket_topic_segments,4,0.025,billing,pcqv_forced,PASS,3,1,0,0,0,0,0,
q9_ticket_topic_segments,4,0.025,billing,pcqv,PASS,3,1,0,0,0,0,0,
q9_ticket_topic_segments,4,0.025,billing,oracle_order,PASS,3,1,0,0,0,0,0,
q9_ticket_topic_segments,4,0.1,analytics,reference,PASS,3,1,0,0,0,0,0,
q9_ticket_topic_segments,4,0.1,analytics,post_join_filter,PASS,3,1,0,0,0,0,0,
q9_ticket_topic_segments,4,0.1,analytics,view_barrier,PASS,8,1,1,1,0,0,0,
q9_ticket_topic_segments,4,0.1,analytics,predicate_injection,PASS,3,1,0,0,0,0,0,
q9_ticket_topic_segments,4,0.1,analytics,pcqv_forced,PASS,3,1,0,0,0,0,0,
q9_ticket_topic_segments,4,0.1,analytics,pcqv,PASS,3,1,0,0,0,0,0,
q9_ticket_topic_segments,4,0.1,analytics,oracle_order,PASS,3,1,0,0,0,0,0,
q9_ticket_topic_segments,4,0.1,support,reference,PASS,3,1,0,0,0,0,0,
q9_ticket_topic_segments,4,0.1,support,post_join_filter,PASS,3,1,0,0,0,0,0,
q9_ticket_topic_segments,4,0.1,support,view_barrier,PASS,8,1,1,1,0,0,0,
q9_ticket_topic_segments,4,0.1,support,predicate_injection,PASS,3,1,0,0,0,0,0,
q9_ticket_topic_segments,4,0.1,support,pcqv_forced,PASS,3,1,0,0,0,0,0,
q9_ticket_topic_segments,4,0.1,support,pcqv,PASS,3,1,0,0,0,0,0,
q9_ticket_topic_segments,4,0.1,support,oracle_order,PASS,3,1,0,0,0,0,0,
q9_ticket_topic_segments,4,0.1,billing,reference,PASS,3,1,0,0,0,0,0,
q9_ticket_topic_segments,4,0.1,billing,post_join_filter,PASS,3,1,0,0,0,0,0,
q9_ticket_topic_segments,4,0.1,billing,view_barrier,PASS,8,1,1,1,0,0,0,
q9_ticket_topic_segments,4,0.1,billing,predicate_injection,PASS,3,1,0,0,0,0,0,
q9_ticket_topic_segments,4,0.1,billing,pcqv_forced,PASS,3,1,0,0,0,0,0,
q9_ticket_topic_segments,4,0.1,billing,pcqv,PASS,3,1,0,0,0,0,0,
q9_ticket_topic_segments,4,0.1,billing,oracle_order,PASS,3,1,0,0,0,0,0,
q9_ticket_topic_segments,4,0.5,analytics,reference,PASS,3,1,0,0,0,0,0,
q9_ticket_topic_segments,4,0.5,analytics,post_join_filter,PASS,3,1,0,0,0,0,0,
q9_ticket_topic_segments,4,0.5,analytics,view_barrier,PASS,8,1,1,1,0,0,0,
q9_ticket_topic_segments,4,0.5,analytics,predicate_injection,PASS,3,1,0,0,0,0,0,
q9_ticket_topic_segments,4,0.5,analytics,pcqv_forced,PASS,3,1,0,0,0,0,0,
q9_ticket_topic_segments,4,0.5,analytics,pcqv,PASS,3,1,0,0,0,0,0,
q9_ticket_topic_segments,4,0.5,analytics,oracle_order,PASS,3,1,0,0,0,0,0,
q9_ticket_topic_segments,4,0.5,support,reference,PASS,3,1,0,0,0,0,0,
q9_ticket_topic_segments,4,0.5,support,post_join_filter,PASS,3,1,0,0,0,0,0,
q9_ticket_topic_segments,4,0.5,support,view_barrier,PASS,8,1,1,1,0,0,0,
q9_ticket_topic_segments,4,0.5,support,predicate_injection,PASS,3,1,0,0,0,0,0,
q9_ticket_topic_segments,4,0.5,support,pcqv_forced,PASS,3,1,0,0,0,0,0,
q9_ticket_topic_segments,4,0.5,support,pcqv,PASS,3,1,0,0,0,0,0,
q9_ticket_topic_segments,4,0.5,support,oracle_order,PASS,3,1,0,0,0,0,0,
q9_ticket_topic_segments,4,0.5,billing,reference,PASS,3,1,0,0,0,0,0,
q9_ticket_topic_segments,4,0.5,billing,post_join_filter,PASS,3,1,0,0,0,0,0,
q9_ticket_topic_segments,4,0.5,billing,view_barrier,PASS,8,1,1,1,0,0,0,
q9_ticket_topic_segments,4,0.5,billing,predicate_injection,PASS,3,1,0,0,0,0,0,
q9_ticket_topic_segments,4,0.5,billing,pcqv_forced,PASS,3,1,0,0,0,0,0,
q9_ticket_topic_segments,4,0.5,billing,pcqv,PASS,3,1,0,0,0,0,0,
q9_ticket_topic_segments,4,0.5,billing,oracle_order,PASS,3,1,0,0,0,0,0,
q9_ticket_topic_segments,5,0.025,analytics,reference,PASS,5,1,0,1,0,0,0,
q9_ticket_topic_segments,5,0.025,analytics,post_join_filter,PASS,5,1,0,1,0,0,0,
q9_ticket_topic_segments,5,0.025,analytics,view_barrier,PASS,10,1,1,1,0,0,0,
q9_ticket_topic_segments,5,0.025,analytics,predicate_injection,PASS,5,1,0,1,0,0,0,
q9_ticket_topic_segments,5,0.025,analytics,pcqv_forced,PASS,5,1,0,1,0,0,0,
q9_ticket_topic_segments,5,0.025,analytics,pcqv,PASS,5,1,0,1,0,0,0,
q9_ticket_topic_segments,5,0.025,analytics,oracle_order,PASS,5,1,0,1,0,0,0,
q9_ticket_topic_segments,5,0.025,support,reference,PASS,5,1,0,1,0,0,0,
q9_ticket_topic_segments,5,0.025,support,post_join_filter,PASS,5,1,0,1,0,0,0,
q9_ticket_topic_segments,5,0.025,support,view_barrier,PASS,10,1,1,1,0,0,0,
q9_ticket_topic_segments,5,0.025,support,predicate_injection,PASS,5,1,0,1,0,0,0,
q9_ticket_topic_segments,5,0.025,support,pcqv_forced,PASS,5,1,0,1,0,0,0,
q9_ticket_topic_segments,5,0.025,support,pcqv,PASS,5,1,0,1,0,0,0,
q9_ticket_topic_segments,5,0.025,support,oracle_order,PASS,5,1,0,1,0,0,0,
q9_ticket_topic_segments,5,0.025,billing,reference,PASS,5,1,0,1,0,0,0,
q9_ticket_topic_segments,5,0.025,billing,post_join_filter,PASS,5,1,0,1,0,0,0,
q9_ticket_topic_segments,5,0.025,billing,view_barrier,PASS,10,1,1,1,0,0,0,
q9_ticket_topic_segments,5,0.025,billing,predicate_injection,PASS,5,1,0,1,0,0,0,
q9_ticket_topic_segments,5,0.025,billing,pcqv_forced,PASS,5,1,0,1,0,0,0,
q9_ticket_topic_segments,5,0.025,billing,pcqv,PASS,5,1,0,1,0,0,0,
q9_ticket_topic_segments,5,0.025,billing,oracle_order,PASS,5,1,0,1,0,0,0,
q9_ticket_topic_segments,5,0.1,analytics,reference,PASS,5,1,0,1,0,0,0,
q9_ticket_topic_segments,5,0.1,analytics,post_join_filter,PASS,5,1,0,1,0,0,0,
q9_ticket_topic_segments,5,0.1,analytics,view_barrier,PASS,10,1,1,1,0,0,0,
q9_ticket_topic_segments,5,0.1,analytics,predicate_injection,PASS,5,1,0,1,0,0,0,
q9_ticket_topic_segments,5,0.1,analytics,pcqv_forced,PASS,5,1,0,1,0,0,0,
q9_ticket_topic_segments,5,0.1,analytics,pcqv,PASS,5,1,0,1,0,0,0,
q9_ticket_topic_segments,5,0.1,analytics,oracle_order,PASS,5,1,0,1,0,0,0,
q9_ticket_topic_segments,5,0.1,support,reference,PASS,5,1,0,1,0,0,0,
q9_ticket_topic_segments,5,0.1,support,post_join_filter,PASS,5,1,0,1,0,0,0,
q9_ticket_topic_segments,5,0.1,support,view_barrier,PASS,10,1,1,1,0,0,0,
q9_ticket_topic_segments,5,0.1,support,predicate_injection,PASS,5,1,0,1,0,0,0,
q9_ticket_topic_segments,5,0.1,support,pcqv_forced,PASS,5,1,0,1,0,0,0,
q9_ticket_topic_segments,5,0.1,support,pcqv,PASS,5,1,0,1,0,0,0,
q9_ticket_topic_segments,5,0.1,support,oracle_order,PASS,5,1,0,1,0,0,0,
q9_ticket_topic_segments,5,0.1,billing,reference,PASS,5,1,0,1,0,0,0,
q9_ticket_topic_segments,5,0.1,billing,post_join_filter,PASS,5,1,0,1,0,0,0,
q9_ticket_topic_segments,5,0.1,billing,view_barrier,PASS,10,1,1,1,0,0,0,
q9_ticket_topic_segments,5,0.1,billing,predicate_injection,PASS,5,1,0,1,0,0,0,
q9_ticket_topic_segments,5,0.1,billing,pcqv_forced,PASS,5,1,0,1,0,0,0,
q9_ticket_topic_segments,5,0.1,billing,pcqv,PASS,5,1,0,1,0,0,0,
q9_ticket_topic_segments,5,0.1,billing,oracle_order,PASS,5,1,0,1,0,0,0,
q9_ticket_topic_segments,5,0.5,analytics,reference,PASS,5,1,0,1,0,0,0,
q9_ticket_topic_segments,5,0.5,analytics,post_join_filter,PASS,5,1,0,1,0,0,0,
q9_ticket_topic_segments,5,0.5,analytics,view_barrier,PASS,10,1,1,1,0,0,0,
q9_ticket_topic_segments,5,0.5,analytics,predicate_injection,PASS,5,1,0,1,0,0,0,
q9_ticket_topic_segments,5,0.5,analytics,pcqv_forced,PASS,5,1,0,1,0,0,0,
q9_ticket_topic_segments,5,0.5,analytics,pcqv,PASS,5,1,0,1,0,0,0,
q9_ticket_topic_segments,5,0.5,analytics,oracle_order,PASS,5,1,0,1,0,0,0,
q9_ticket_topic_segments,5,0.5,support,reference,PASS,5,1,0,1,0,0,0,
q9_ticket_topic_segments,5,0.5,support,post_join_filter,PASS,5,1,0,1,0,0,0,
q9_ticket_topic_segments,5,0.5,support,view_barrier,PASS,10,1,1,1,0,0,0,
q9_ticket_topic_segments,5,0.5,support,predicate_injection,PASS,5,1,0,1,0,0,0,
q9_ticket_topic_segments,5,0.5,support,pcqv_forced,PASS,5,1,0,1,0,0,0,
q9_ticket_topic_segments,5,0.5,support,pcqv,PASS,5,1,0,1,0,0,0,
q9_ticket_topic_segments,5,0.5,support,oracle_order,PASS,5,1,0,1,0,0,0,
q9_ticket_topic_segments,5,0.5,billing,reference,PASS,5,1,0,1,0,0,0,
q9_ticket_topic_segments,5,0.5,billing,post_join_filter,PASS,5,1,0,1,0,0,0,
q9_ticket_topic_segments,5,0.5,billing,view_barrier,PASS,10,1,1,1,0,0,0,
q9_ticket_topic_segments,5,0.5,billing,predicate_injection,PASS,5,1,0,1,0,0,0,
q9_ticket_topic_segments,5,0.5,billing,pcqv_forced,PASS,5,1,0,1,0,0,0,
q9_ticket_topic_segments,5,0.5,billing,pcqv,PASS,5,1,0,1,0,0,0,
q9_ticket_topic_segments,5,0.5,billing,oracle_order,PASS,5,1,0,1,0,0,0,
q9_ticket_topic_segments,6,0.025,analytics,reference,PASS,5,1,0,1,0,0,0,
q9_ticket_topic_segments,6,0.025,analytics,post_join_filter,PASS,5,1,0,1,0,0,0,
q9_ticket_topic_segments,6,0.025,analytics,view_barrier,PASS,10,1,1,1,0,0,0,
q9_ticket_topic_segments,6,0.025,analytics,predicate_injection,PASS,5,1,0,1,0,0,0,
q9_ticket_topic_segments,6,0.025,analytics,pcqv_forced,PASS,5,1,0,1,0,0,0,
q9_ticket_topic_segments,6,0.025,analytics,pcqv,PASS,5,1,0,1,0,0,0,
q9_ticket_topic_segments,6,0.025,analytics,oracle_order,PASS,5,1,0,1,0,0,0,
q9_ticket_topic_segments,6,0.025,support,reference,PASS,5,1,0,1,0,0,0,
q9_ticket_topic_segments,6,0.025,support,post_join_filter,PASS,5,1,0,1,0,0,0,
q9_ticket_topic_segments,6,0.025,support,view_barrier,PASS,10,1,1,1,0,0,0,
q9_ticket_topic_segments,6,0.025,support,predicate_injection,PASS,5,1,0,1,0,0,0,
q9_ticket_topic_segments,6,0.025,support,pcqv_forced,PASS,5,1,0,1,0,0,0,
q9_ticket_topic_segments,6,0.025,support,pcqv,PASS,5,1,0,1,0,0,0,
q9_ticket_topic_segments,6,0.025,support,oracle_order,PASS,5,1,0,1,0,0,0,
q9_ticket_topic_segments,6,0.025,billing,reference,PASS,5,1,0,1,0,0,0,
q9_ticket_topic_segments,6,0.025,billing,post_join_filter,PASS,5,1,0,1,0,0,0,
q9_ticket_topic_segments,6,0.025,billing,view_barrier,PASS,10,1,1,1,0,0,0,
q9_ticket_topic_segments,6,0.025,billing,predicate_injection,PASS,5,1,0,1,0,0,0,
q9_ticket_topic_segments,6,0.025,billing,pcqv_forced,PASS,5,1,0,1,0,0,0,
q9_ticket_topic_segments,6,0.025,billing,pcqv,PASS,5,1,0,1,0,0,0,
q9_ticket_topic_segments,6,0.025,billing,oracle_order,PASS,5,1,0,1,0,0,0,
q9_ticket_topic_segments,6,0.1,analytics,reference,PASS,5,1,0,1,0,0,0,
q9_ticket_topic_segments,6,0.1,analytics,post_join_filter,PASS,5,1,0,1,0,0,0,
q9_ticket_topic_segments,6,0.1,analytics,view_barrier,PASS,10,1,1,1,0,0,0,
q9_ticket_topic_segments,6,0.1,analytics,predicate_injection,PASS,5,1,0,1,0,0,0,
q9_ticket_topic_segments,6,0.1,analytics,pcqv_forced,PASS,5,1,0,1,0,0,0,
q9_ticket_topic_segments,6,0.1,analytics,pcqv,PASS,5,1,0,1,0,0,0,
q9_ticket_topic_segments,6,0.1,analytics,oracle_order,PASS,5,1,0,1,0,0,0,
q9_ticket_topic_segments,6,0.1,support,reference,PASS,5,1,0,1,0,0,0,
q9_ticket_topic_segments,6,0.1,support,post_join_filter,PASS,5,1,0,1,0,0,0,
q9_ticket_topic_segments,6,0.1,support,view_barrier,PASS,10,1,1,1,0,0,0,
q9_ticket_topic_segments,6,0.1,support,predicate_injection,PASS,5,1,0,1,0,0,0,
q9_ticket_topic_segments,6,0.1,support,pcqv_forced,PASS,5,1,0,1,0,0,0,
q9_ticket_topic_segments,6,0.1,support,pcqv,PASS,5,1,0,1,0,0,0,
q9_ticket_topic_segments,6,0.1,support,oracle_order,PASS,5,1,0,1,0,0,0,
q9_ticket_topic_segments,6,0.1,billing,reference,PASS,5,1,0,1,0,0,0,
q9_ticket_topic_segments,6,0.1,billing,post_join_filter,PASS,5,1,0,1,0,0,0,
q9_ticket_topic_segments,6,0.1,billing,view_barrier,PASS,10,1,1,1,0,0,0,
q9_ticket_topic_segments,6,0.1,billing,predicate_injection,PASS,5,1,0,1,0,0,0,
q9_ticket_topic_segments,6,0.1,billing,pcqv_forced,PASS,5,1,0,1,0,0,0,
q9_ticket_topic_segments,6,0.1,billing,pcqv,PASS,5,1,0,1,0,0,0,
q9_ticket_topic_segments,6,0.1,billing,oracle_order,PASS,5,1,0,1,0,0,0,
q9_ticket_topic_segments,6,0.5,analytics,reference,PASS,5,1,0,1,0,0,0,
q9_ticket_topic_segments,6,0.5,analytics,post_join_filter,PASS,5,1,0,1,0,0,0,
q9_ticket_topic_segments,6,0.5,analytics,view_barrier,PASS,10,1,1,1,0,0,0,
q9_ticket_topic_segments,6,0.5,analytics,predicate_injection,PASS,5,1,0,1,0,0,0,
q9_ticket_topic_segments,6,0.5,analytics,pcqv_forced,PASS,5,1,0,1,0,0,0,
q9_ticket_topic_segments,6,0.5,analytics,pcqv,PASS,5,1,0,1,0,0,0,
q9_ticket_topic_segments,6,0.5,analytics,oracle_order,PASS,5,1,0,1,0,0,0,
q9_ticket_topic_segments,6,0.5,support,reference,PASS,5,1,0,1,0,0,0,
q9_ticket_topic_segments,6,0.5,support,post_join_filter,PASS,5,1,0,1,0,0,0,
q9_ticket_topic_segments,6,0.5,support,view_barrier,PASS,10,1,1,1,0,0,0,
q9_ticket_topic_segments,6,0.5,support,predicate_injection,PASS,5,1,0,1,0,0,0,
q9_ticket_topic_segments,6,0.5,support,pcqv_forced,PASS,5,1,0,1,0,0,0,
q9_ticket_topic_segments,6,0.5,support,pcqv,PASS,5,1,0,1,0,0,0,
q9_ticket_topic_segments,6,0.5,support,oracle_order,PASS,5,1,0,1,0,0,0,
q9_ticket_topic_segments,6,0.5,billing,reference,PASS,5,1,0,1,0,0,0,
q9_ticket_topic_segments,6,0.5,billing,post_join_filter,PASS,5,1,0,1,0,0,0,
q9_ticket_topic_segments,6,0.5,billing,view_barrier,PASS,10,1,1,1,0,0,0,
q9_ticket_topic_segments,6,0.5,billing,predicate_injection,PASS,5,1,0,1,0,0,0,
q9_ticket_topic_segments,6,0.5,billing,pcqv_forced,PASS,5,1,0,1,0,0,0,
q9_ticket_topic_segments,6,0.5,billing,pcqv,PASS,5,1,0,1,0,0,0,
q9_ticket_topic_segments,6,0.5,billing,oracle_order,PASS,5,1,0,1,0,0,0,
q10_acl_customer_rows,1,0.025,analytics,reference,PASS,2,1,0,0,0,0,0,
q10_acl_customer_rows,1,0.025,analytics,post_join_filter,PASS,2,1,0,0,0,0,0,
q10_acl_customer_rows,1,0.025,analytics,view_barrier,PASS,4,1,1,1,0,0,0,
q10_acl_customer_rows,1,0.025,analytics,predicate_injection,PASS,2,1,0,0,0,0,0,
q10_acl_customer_rows,1,0.025,analytics,pcqv_forced,PASS,2,1,0,0,0,0,0,
q10_acl_customer_rows,1,0.025,analytics,pcqv,PASS,2,1,0,0,0,0,0,
q10_acl_customer_rows,1,0.025,analytics,oracle_order,PASS,2,1,0,0,0,0,0,
q10_acl_customer_rows,1,0.025,support,reference,PASS,2,1,0,0,0,0,0,
q10_acl_customer_rows,1,0.025,support,post_join_filter,PASS,2,1,0,0,0,0,0,
q10_acl_customer_rows,1,0.025,support,view_barrier,PASS,4,1,1,1,0,0,0,
q10_acl_customer_rows,1,0.025,support,predicate_injection,PASS,2,1,0,0,0,0,0,
q10_acl_customer_rows,1,0.025,support,pcqv_forced,PASS,2,1,0,0,0,0,0,
q10_acl_customer_rows,1,0.025,support,pcqv,PASS,2,1,0,0,0,0,0,
q10_acl_customer_rows,1,0.025,support,oracle_order,PASS,2,1,0,0,0,0,0,
q10_acl_customer_rows,1,0.025,billing,reference,PASS,2,1,0,0,0,0,0,
q10_acl_customer_rows,1,0.025,billing,post_join_filter,PASS,2,1,0,0,0,0,0,
q10_acl_customer_rows,1,0.025,billing,view_barrier,PASS,4,1,1,1,0,0,0,
q10_acl_customer_rows,1,0.025,billing,predicate_injection,PASS,2,1,0,0,0,0,0,
q10_acl_customer_rows,1,0.025,billing,pcqv_forced,PASS,2,1,0,0,0,0,0,
q10_acl_customer_rows,1,0.025,billing,pcqv,PASS,2,1,0,0,0,0,0,
q10_acl_customer_rows,1,0.025,billing,oracle_order,PASS,2,1,0,0,0,0,0,
q10_acl_customer_rows,1,0.1,analytics,reference,PASS,2,1,0,0,0,0,0,
q10_acl_customer_rows,1,0.1,analytics,post_join_filter,PASS,2,1,0,0,0,0,0,
q10_acl_customer_rows,1,0.1,analytics,view_barrier,PASS,4,1,1,1,0,0,0,
q10_acl_customer_rows,1,0.1,analytics,predicate_injection,PASS,2,1,0,0,0,0,0,
q10_acl_customer_rows,1,0.1,analytics,pcqv_forced,PASS,2,1,0,0,0,0,0,
q10_acl_customer_rows,1,0.1,analytics,pcqv,PASS,2,1,0,0,0,0,0,
q10_acl_customer_rows,1,0.1,analytics,oracle_order,PASS,2,1,0,0,0,0,0,
q10_acl_customer_rows,1,0.1,support,reference,PASS,2,1,0,0,0,0,0,
q10_acl_customer_rows,1,0.1,support,post_join_filter,PASS,2,1,0,0,0,0,0,
q10_acl_customer_rows,1,0.1,support,view_barrier,PASS,4,1,1,1,0,0,0,
q10_acl_customer_rows,1,0.1,support,predicate_injection,PASS,2,1,0,0,0,0,0,
q10_acl_customer_rows,1,0.1,support,pcqv_forced,PASS,2,1,0,0,0,0,0,
q10_acl_customer_rows,1,0.1,support,pcqv,PASS,2,1,0,0,0,0,0,
q10_acl_customer_rows,1,0.1,support,oracle_order,PASS,2,1,0,0,0,0,0,
q10_acl_customer_rows,1,0.1,billing,reference,PASS,2,1,0,0,0,0,0,
q10_acl_customer_rows,1,0.1,billing,post_join_filter,PASS,2,1,0,0,0,0,0,
q10_acl_customer_rows,1,0.1,billing,view_barrier,PASS,4,1,1,1,0,0,0,
q10_acl_customer_rows,1,0.1,billing,predicate_injection,PASS,2,1,0,0,0,0,0,
q10_acl_customer_rows,1,0.1,billing,pcqv_forced,PASS,2,1,0,0,0,0,0,
q10_acl_customer_rows,1,0.1,billing,pcqv,PASS,2,1,0,0,0,0,0,
q10_acl_customer_rows,1,0.1,billing,oracle_order,PASS,2,1,0,0,0,0,0,
q10_acl_customer_rows,1,0.5,analytics,reference,PASS,2,1,0,0,0,0,0,
q10_acl_customer_rows,1,0.5,analytics,post_join_filter,PASS,2,1,0,0,0,0,0,
q10_acl_customer_rows,1,0.5,analytics,view_barrier,PASS,4,1,1,1,0,0,0,
q10_acl_customer_rows,1,0.5,analytics,predicate_injection,PASS,2,1,0,0,0,0,0,
q10_acl_customer_rows,1,0.5,analytics,pcqv_forced,PASS,2,1,0,0,0,0,0,
q10_acl_customer_rows,1,0.5,analytics,pcqv,PASS,2,1,0,0,0,0,0,
q10_acl_customer_rows,1,0.5,analytics,oracle_order,PASS,2,1,0,0,0,0,0,
q10_acl_customer_rows,1,0.5,support,reference,PASS,2,1,0,0,0,0,0,
q10_acl_customer_rows,1,0.5,support,post_join_filter,PASS,2,1,0,0,0,0,0,
q10_acl_customer_rows,1,0.5,support,view_barrier,PASS,4,1,1,1,0,0,0,
q10_acl_customer_rows,1,0.5,support,predicate_injection,PASS,2,1,0,0,0,0,0,
q10_acl_customer_rows,1,0.5,support,pcqv_forced,PASS,2,1,0,0,0,0,0,
q10_acl_customer_rows,1,0.5,support,pcqv,PASS,2,1,0,0,0,0,0,
q10_acl_customer_rows,1,0.5,support,oracle_order,PASS,2,1,0,0,0,0,0,
q10_acl_customer_rows,1,0.5,billing,reference,PASS,2,1,0,0,0,0,0,
q10_acl_customer_rows,1,0.5,billing,post_join_filter,PASS,2,1,0,0,0,0,0,
q10_acl_customer_rows,1,0.5,billing,view_barrier,PASS,4,1,1,1,0,0,0,
q10_acl_customer_rows,1,0.5,billing,predicate_injection,PASS,2,1,0,0,0,0,0,
q10_acl_customer_rows,1,0.5,billing,pcqv_forced,PASS,2,1,0,0,0,0,0,
q10_acl_customer_rows,1,0.5,billing,pcqv,PASS,2,1,0,0,0,0,0,
q10_acl_customer_rows,1,0.5,billing,oracle_order,PASS,2,1,0,0,0,0,0,
q10_acl_customer_rows,2,0.025,analytics,reference,PASS,2,1,0,0,0,0,0,
q10_acl_customer_rows,2,0.025,analytics,post_join_filter,PASS,2,1,0,0,0,0,0,
q10_acl_customer_rows,2,0.025,analytics,view_barrier,PASS,4,1,1,1,0,0,0,
q10_acl_customer_rows,2,0.025,analytics,predicate_injection,PASS,2,1,0,0,0,0,0,
q10_acl_customer_rows,2,0.025,analytics,pcqv_forced,PASS,2,1,0,0,0,0,0,
q10_acl_customer_rows,2,0.025,analytics,pcqv,PASS,2,1,0,0,0,0,0,
q10_acl_customer_rows,2,0.025,analytics,oracle_order,PASS,2,1,0,0,0,0,0,
q10_acl_customer_rows,2,0.025,support,reference,PASS,2,1,0,0,0,0,0,
q10_acl_customer_rows,2,0.025,support,post_join_filter,PASS,2,1,0,0,0,0,0,
q10_acl_customer_rows,2,0.025,support,view_barrier,PASS,4,1,1,1,0,0,0,
q10_acl_customer_rows,2,0.025,support,predicate_injection,PASS,2,1,0,0,0,0,0,
q10_acl_customer_rows,2,0.025,support,pcqv_forced,PASS,2,1,0,0,0,0,0,
q10_acl_customer_rows,2,0.025,support,pcqv,PASS,2,1,0,0,0,0,0,
q10_acl_customer_rows,2,0.025,support,oracle_order,PASS,2,1,0,0,0,0,0,
q10_acl_customer_rows,2,0.025,billing,reference,PASS,2,1,0,0,0,0,0,
q10_acl_customer_rows,2,0.025,billing,post_join_filter,PASS,2,1,0,0,0,0,0,
q10_acl_customer_rows,2,0.025,billing,view_barrier,PASS,4,1,1,1,0,0,0,
q10_acl_customer_rows,2,0.025,billing,predicate_injection,PASS,2,1,0,0,0,0,0,
q10_acl_customer_rows,2,0.025,billing,pcqv_forced,PASS,2,1,0,0,0,0,0,
q10_acl_customer_rows,2,0.025,billing,pcqv,PASS,2,1,0,0,0,0,0,
q10_acl_customer_rows,2,0.025,billing,oracle_order,PASS,2,1,0,0,0,0,0,
q10_acl_customer_rows,2,0.1,analytics,reference,PASS,2,1,0,0,0,0,0,
q10_acl_customer_rows,2,0.1,analytics,post_join_filter,PASS,2,1,0,0,0,0,0,
q10_acl_customer_rows,2,0.1,analytics,view_barrier,PASS,4,1,1,1,0,0,0,
q10_acl_customer_rows,2,0.1,analytics,predicate_injection,PASS,2,1,0,0,0,0,0,
q10_acl_customer_rows,2,0.1,analytics,pcqv_forced,PASS,2,1,0,0,0,0,0,
q10_acl_customer_rows,2,0.1,analytics,pcqv,PASS,2,1,0,0,0,0,0,
q10_acl_customer_rows,2,0.1,analytics,oracle_order,PASS,2,1,0,0,0,0,0,
q10_acl_customer_rows,2,0.1,support,reference,PASS,2,1,0,0,0,0,0,
q10_acl_customer_rows,2,0.1,support,post_join_filter,PASS,2,1,0,0,0,0,0,
q10_acl_customer_rows,2,0.1,support,view_barrier,PASS,4,1,1,1,0,0,0,
q10_acl_customer_rows,2,0.1,support,predicate_injection,PASS,2,1,0,0,0,0,0,
q10_acl_customer_rows,2,0.1,support,pcqv_forced,PASS,2,1,0,0,0,0,0,
q10_acl_customer_rows,2,0.1,support,pcqv,PASS,2,1,0,0,0,0,0,
q10_acl_customer_rows,2,0.1,support,oracle_order,PASS,2,1,0,0,0,0,0,
q10_acl_customer_rows,2,0.1,billing,reference,PASS,2,1,0,0,0,0,0,
q10_acl_customer_rows,2,0.1,billing,post_join_filter,PASS,2,1,0,0,0,0,0,
q10_acl_customer_rows,2,0.1,billing,view_barrier,PASS,4,1,1,1,0,0,0,
q10_acl_customer_rows,2,0.1,billing,predicate_injection,PASS,2,1,0,0,0,0,0,
q10_acl_customer_rows,2,0.1,billing,pcqv_forced,PASS,2,1,0,0,0,0,0,
q10_acl_customer_rows,2,0.1,billing,pcqv,PASS,2,1,0,0,0,0,0,
q10_acl_customer_rows,2,0.1,billing,oracle_order,PASS,2,1,0,0,0,0,0,
q10_acl_customer_rows,2,0.5,analytics,reference,PASS,2,1,0,0,0,0,0,
q10_acl_customer_rows,2,0.5,analytics,post_join_filter,PASS,2,1,0,0,0,0,0,
q10_acl_customer_rows,2,0.5,analytics,view_barrier,PASS,4,1,1,1,0,0,0,
q10_acl_customer_rows,2,0.5,analytics,predicate_injection,PASS,2,1,0,0,0,0,0,
q10_acl_customer_rows,2,0.5,analytics,pcqv_forced,PASS,2,1,0,0,0,0,0,
q10_acl_customer_rows,2,0.5,analytics,pcqv,PASS,2,1,0,0,0,0,0,
q10_acl_customer_rows,2,0.5,analytics,oracle_order,PASS,2,1,0,0,0,0,0,
q10_acl_customer_rows,2,0.5,support,reference,PASS,2,1,0,0,0,0,0,
q10_acl_customer_rows,2,0.5,support,post_join_filter,PASS,2,1,0,0,0,0,0,
q10_acl_customer_rows,2,0.5,support,view_barrier,PASS,4,1,1,1,0,0,0,
q10_acl_customer_rows,2,0.5,support,predicate_injection,PASS,2,1,0,0,0,0,0,
q10_acl_customer_rows,2,0.5,support,pcqv_forced,PASS,2,1,0,0,0,0,0,
q10_acl_customer_rows,2,0.5,support,pcqv,PASS,2,1,0,0,0,0,0,
q10_acl_customer_rows,2,0.5,support,oracle_order,PASS,2,1,0,0,0,0,0,
q10_acl_customer_rows,2,0.5,billing,reference,PASS,2,1,0,0,0,0,0,
q10_acl_customer_rows,2,0.5,billing,post_join_filter,PASS,2,1,0,0,0,0,0,
q10_acl_customer_rows,2,0.5,billing,view_barrier,PASS,4,1,1,1,0,0,0,
q10_acl_customer_rows,2,0.5,billing,predicate_injection,PASS,2,1,0,0,0,0,0,
q10_acl_customer_rows,2,0.5,billing,pcqv_forced,PASS,2,1,0,0,0,0,0,
q10_acl_customer_rows,2,0.5,billing,pcqv,PASS,2,1,0,0,0,0,0,
q10_acl_customer_rows,2,0.5,billing,oracle_order,PASS,2,1,0,0,0,0,0,
q10_acl_customer_rows,3,0.025,analytics,reference,PASS,2,1,0,0,0,0,0,
q10_acl_customer_rows,3,0.025,analytics,post_join_filter,PASS,2,1,0,0,0,0,0,
q10_acl_customer_rows,3,0.025,analytics,view_barrier,PASS,4,1,1,1,0,0,0,
q10_acl_customer_rows,3,0.025,analytics,predicate_injection,PASS,2,1,0,0,0,0,0,
q10_acl_customer_rows,3,0.025,analytics,pcqv_forced,PASS,2,1,0,0,0,0,0,
q10_acl_customer_rows,3,0.025,analytics,pcqv,PASS,2,1,0,0,0,0,0,
q10_acl_customer_rows,3,0.025,analytics,oracle_order,PASS,2,1,0,0,0,0,0,
q10_acl_customer_rows,3,0.025,support,reference,PASS,2,1,0,0,0,0,0,
q10_acl_customer_rows,3,0.025,support,post_join_filter,PASS,2,1,0,0,0,0,0,
q10_acl_customer_rows,3,0.025,support,view_barrier,PASS,4,1,1,1,0,0,0,
q10_acl_customer_rows,3,0.025,support,predicate_injection,PASS,2,1,0,0,0,0,0,
q10_acl_customer_rows,3,0.025,support,pcqv_forced,PASS,2,1,0,0,0,0,0,
q10_acl_customer_rows,3,0.025,support,pcqv,PASS,2,1,0,0,0,0,0,
q10_acl_customer_rows,3,0.025,support,oracle_order,PASS,2,1,0,0,0,0,0,
q10_acl_customer_rows,3,0.025,billing,reference,PASS,2,1,0,0,0,0,0,
q10_acl_customer_rows,3,0.025,billing,post_join_filter,PASS,2,1,0,0,0,0,0,
q10_acl_customer_rows,3,0.025,billing,view_barrier,PASS,4,1,1,1,0,0,0,
q10_acl_customer_rows,3,0.025,billing,predicate_injection,PASS,2,1,0,0,0,0,0,
q10_acl_customer_rows,3,0.025,billing,pcqv_forced,PASS,2,1,0,0,0,0,0,
q10_acl_customer_rows,3,0.025,billing,pcqv,PASS,2,1,0,0,0,0,0,
q10_acl_customer_rows,3,0.025,billing,oracle_order,PASS,2,1,0,0,0,0,0,
q10_acl_customer_rows,3,0.1,analytics,reference,PASS,2,1,0,0,0,0,0,
q10_acl_customer_rows,3,0.1,analytics,post_join_filter,PASS,2,1,0,0,0,0,0,
q10_acl_customer_rows,3,0.1,analytics,view_barrier,PASS,4,1,1,1,0,0,0,
q10_acl_customer_rows,3,0.1,analytics,predicate_injection,PASS,2,1,0,0,0,0,0,
q10_acl_customer_rows,3,0.1,analytics,pcqv_forced,PASS,2,1,0,0,0,0,0,
q10_acl_customer_rows,3,0.1,analytics,pcqv,PASS,2,1,0,0,0,0,0,
q10_acl_customer_rows,3,0.1,analytics,oracle_order,PASS,2,1,0,0,0,0,0,
q10_acl_customer_rows,3,0.1,support,reference,PASS,2,1,0,0,0,0,0,
q10_acl_customer_rows,3,0.1,support,post_join_filter,PASS,2,1,0,0,0,0,0,
q10_acl_customer_rows,3,0.1,support,view_barrier,PASS,4,1,1,1,0,0,0,
q10_acl_customer_rows,3,0.1,support,predicate_injection,PASS,2,1,0,0,0,0,0,
q10_acl_customer_rows,3,0.1,support,pcqv_forced,PASS,2,1,0,0,0,0,0,
q10_acl_customer_rows,3,0.1,support,pcqv,PASS,2,1,0,0,0,0,0,
q10_acl_customer_rows,3,0.1,support,oracle_order,PASS,2,1,0,0,0,0,0,
q10_acl_customer_rows,3,0.1,billing,reference,PASS,2,1,0,0,0,0,0,
q10_acl_customer_rows,3,0.1,billing,post_join_filter,PASS,2,1,0,0,0,0,0,
q10_acl_customer_rows,3,0.1,billing,view_barrier,PASS,4,1,1,1,0,0,0,
q10_acl_customer_rows,3,0.1,billing,predicate_injection,PASS,2,1,0,0,0,0,0,
q10_acl_customer_rows,3,0.1,billing,pcqv_forced,PASS,2,1,0,0,0,0,0,
q10_acl_customer_rows,3,0.1,billing,pcqv,PASS,2,1,0,0,0,0,0,
q10_acl_customer_rows,3,0.1,billing,oracle_order,PASS,2,1,0,0,0,0,0,
q10_acl_customer_rows,3,0.5,analytics,reference,PASS,2,1,0,0,0,0,0,
q10_acl_customer_rows,3,0.5,analytics,post_join_filter,PASS,2,1,0,0,0,0,0,
q10_acl_customer_rows,3,0.5,analytics,view_barrier,PASS,4,1,1,1,0,0,0,
q10_acl_customer_rows,3,0.5,analytics,predicate_injection,PASS,2,1,0,0,0,0,0,
q10_acl_customer_rows,3,0.5,analytics,pcqv_forced,PASS,2,1,0,0,0,0,0,
q10_acl_customer_rows,3,0.5,analytics,pcqv,PASS,2,1,0,0,0,0,0,
q10_acl_customer_rows,3,0.5,analytics,oracle_order,PASS,2,1,0,0,0,0,0,
q10_acl_customer_rows,3,0.5,support,reference,PASS,2,1,0,0,0,0,0,
q10_acl_customer_rows,3,0.5,support,post_join_filter,PASS,2,1,0,0,0,0,0,
q10_acl_customer_rows,3,0.5,support,view_barrier,PASS,4,1,1,1,0,0,0,
q10_acl_customer_rows,3,0.5,support,predicate_injection,PASS,2,1,0,0,0,0,0,
q10_acl_customer_rows,3,0.5,support,pcqv_forced,PASS,2,1,0,0,0,0,0,
q10_acl_customer_rows,3,0.5,support,pcqv,PASS,2,1,0,0,0,0,0,
q10_acl_customer_rows,3,0.5,support,oracle_order,PASS,2,1,0,0,0,0,0,
q10_acl_customer_rows,3,0.5,billing,reference,PASS,2,1,0,0,0,0,0,
q10_acl_customer_rows,3,0.5,billing,post_join_filter,PASS,2,1,0,0,0,0,0,
q10_acl_customer_rows,3,0.5,billing,view_barrier,PASS,4,1,1,1,0,0,0,
q10_acl_customer_rows,3,0.5,billing,predicate_injection,PASS,2,1,0,0,0,0,0,
q10_acl_customer_rows,3,0.5,billing,pcqv_forced,PASS,2,1,0,0,0,0,0,
q10_acl_customer_rows,3,0.5,billing,pcqv,PASS,2,1,0,0,0,0,0,
q10_acl_customer_rows,3,0.5,billing,oracle_order,PASS,2,1,0,0,0,0,0,
q10_acl_customer_rows,4,0.025,analytics,reference,PASS,2,1,0,0,0,0,0,
q10_acl_customer_rows,4,0.025,analytics,post_join_filter,PASS,2,1,0,0,0,0,0,
q10_acl_customer_rows,4,0.025,analytics,view_barrier,PASS,4,1,1,1,0,0,0,
q10_acl_customer_rows,4,0.025,analytics,predicate_injection,PASS,2,1,0,0,0,0,0,
q10_acl_customer_rows,4,0.025,analytics,pcqv_forced,PASS,2,1,0,0,0,0,0,
q10_acl_customer_rows,4,0.025,analytics,pcqv,PASS,2,1,0,0,0,0,0,
q10_acl_customer_rows,4,0.025,analytics,oracle_order,PASS,2,1,0,0,0,0,0,
q10_acl_customer_rows,4,0.025,support,reference,PASS,2,1,0,0,0,0,0,
q10_acl_customer_rows,4,0.025,support,post_join_filter,PASS,2,1,0,0,0,0,0,
q10_acl_customer_rows,4,0.025,support,view_barrier,PASS,4,1,1,1,0,0,0,
q10_acl_customer_rows,4,0.025,support,predicate_injection,PASS,2,1,0,0,0,0,0,
q10_acl_customer_rows,4,0.025,support,pcqv_forced,PASS,2,1,0,0,0,0,0,
q10_acl_customer_rows,4,0.025,support,pcqv,PASS,2,1,0,0,0,0,0,
q10_acl_customer_rows,4,0.025,support,oracle_order,PASS,2,1,0,0,0,0,0,
q10_acl_customer_rows,4,0.025,billing,reference,PASS,2,1,0,0,0,0,0,
q10_acl_customer_rows,4,0.025,billing,post_join_filter,PASS,2,1,0,0,0,0,0,
q10_acl_customer_rows,4,0.025,billing,view_barrier,PASS,4,1,1,1,0,0,0,
q10_acl_customer_rows,4,0.025,billing,predicate_injection,PASS,2,1,0,0,0,0,0,
q10_acl_customer_rows,4,0.025,billing,pcqv_forced,PASS,2,1,0,0,0,0,0,
q10_acl_customer_rows,4,0.025,billing,pcqv,PASS,2,1,0,0,0,0,0,
q10_acl_customer_rows,4,0.025,billing,oracle_order,PASS,2,1,0,0,0,0,0,
q10_acl_customer_rows,4,0.1,analytics,reference,PASS,2,1,0,0,0,0,0,
q10_acl_customer_rows,4,0.1,analytics,post_join_filter,PASS,2,1,0,0,0,0,0,
q10_acl_customer_rows,4,0.1,analytics,view_barrier,PASS,4,1,1,1,0,0,0,
q10_acl_customer_rows,4,0.1,analytics,predicate_injection,PASS,2,1,0,0,0,0,0,
q10_acl_customer_rows,4,0.1,analytics,pcqv_forced,PASS,2,1,0,0,0,0,0,
q10_acl_customer_rows,4,0.1,analytics,pcqv,PASS,2,1,0,0,0,0,0,
q10_acl_customer_rows,4,0.1,analytics,oracle_order,PASS,2,1,0,0,0,0,0,
q10_acl_customer_rows,4,0.1,support,reference,PASS,2,1,0,0,0,0,0,
q10_acl_customer_rows,4,0.1,support,post_join_filter,PASS,2,1,0,0,0,0,0,
q10_acl_customer_rows,4,0.1,support,view_barrier,PASS,4,1,1,1,0,0,0,
q10_acl_customer_rows,4,0.1,support,predicate_injection,PASS,2,1,0,0,0,0,0,
q10_acl_customer_rows,4,0.1,support,pcqv_forced,PASS,2,1,0,0,0,0,0,
q10_acl_customer_rows,4,0.1,support,pcqv,PASS,2,1,0,0,0,0,0,
q10_acl_customer_rows,4,0.1,support,oracle_order,PASS,2,1,0,0,0,0,0,
q10_acl_customer_rows,4,0.1,billing,reference,PASS,2,1,0,0,0,0,0,
q10_acl_customer_rows,4,0.1,billing,post_join_filter,PASS,2,1,0,0,0,0,0,
q10_acl_customer_rows,4,0.1,billing,view_barrier,PASS,4,1,1,1,0,0,0,
q10_acl_customer_rows,4,0.1,billing,predicate_injection,PASS,2,1,0,0,0,0,0,
q10_acl_customer_rows,4,0.1,billing,pcqv_forced,PASS,2,1,0,0,0,0,0,
q10_acl_customer_rows,4,0.1,billing,pcqv,PASS,2,1,0,0,0,0,0,
q10_acl_customer_rows,4,0.1,billing,oracle_order,PASS,2,1,0,0,0,0,0,
q10_acl_customer_rows,4,0.5,analytics,reference,PASS,2,1,0,0,0,0,0,
q10_acl_customer_rows,4,0.5,analytics,post_join_filter,PASS,2,1,0,0,0,0,0,
q10_acl_customer_rows,4,0.5,analytics,view_barrier,PASS,4,1,1,1,0,0,0,
q10_acl_customer_rows,4,0.5,analytics,predicate_injection,PASS,2,1,0,0,0,0,0,
q10_acl_customer_rows,4,0.5,analytics,pcqv_forced,PASS,2,1,0,0,0,0,0,
q10_acl_customer_rows,4,0.5,analytics,pcqv,PASS,2,1,0,0,0,0,0,
q10_acl_customer_rows,4,0.5,analytics,oracle_order,PASS,2,1,0,0,0,0,0,
q10_acl_customer_rows,4,0.5,support,reference,PASS,2,1,0,0,0,0,0,
q10_acl_customer_rows,4,0.5,support,post_join_filter,PASS,2,1,0,0,0,0,0,
q10_acl_customer_rows,4,0.5,support,view_barrier,PASS,4,1,1,1,0,0,0,
q10_acl_customer_rows,4,0.5,support,predicate_injection,PASS,2,1,0,0,0,0,0,
q10_acl_customer_rows,4,0.5,support,pcqv_forced,PASS,2,1,0,0,0,0,0,
q10_acl_customer_rows,4,0.5,support,pcqv,PASS,2,1,0,0,0,0,0,
q10_acl_customer_rows,4,0.5,support,oracle_order,PASS,2,1,0,0,0,0,0,
q10_acl_customer_rows,4,0.5,billing,reference,PASS,2,1,0,0,0,0,0,
q10_acl_customer_rows,4,0.5,billing,post_join_filter,PASS,2,1,0,0,0,0,0,
q10_acl_customer_rows,4,0.5,billing,view_barrier,PASS,4,1,1,1,0,0,0,
q10_acl_customer_rows,4,0.5,billing,predicate_injection,PASS,2,1,0,0,0,0,0,
q10_acl_customer_rows,4,0.5,billing,pcqv_forced,PASS,2,1,0,0,0,0,0,
q10_acl_customer_rows,4,0.5,billing,pcqv,PASS,2,1,0,0,0,0,0,
q10_acl_customer_rows,4,0.5,billing,oracle_order,PASS,2,1,0,0,0,0,0,
q10_acl_customer_rows,5,0.025,analytics,reference,PASS,4,1,0,1,0,0,0,
q10_acl_customer_rows,5,0.025,analytics,post_join_filter,PASS,4,1,0,1,0,0,0,
q10_acl_customer_rows,5,0.025,analytics,view_barrier,PASS,6,1,1,1,0,0,0,
q10_acl_customer_rows,5,0.025,analytics,predicate_injection,PASS,4,1,0,1,0,0,0,
q10_acl_customer_rows,5,0.025,analytics,pcqv_forced,PASS,4,1,0,1,0,0,0,
q10_acl_customer_rows,5,0.025,analytics,pcqv,PASS,4,1,0,1,0,0,0,
q10_acl_customer_rows,5,0.025,analytics,oracle_order,PASS,4,1,0,1,0,0,0,
q10_acl_customer_rows,5,0.025,support,reference,PASS,4,1,0,1,0,0,0,
q10_acl_customer_rows,5,0.025,support,post_join_filter,PASS,4,1,0,1,0,0,0,
q10_acl_customer_rows,5,0.025,support,view_barrier,PASS,6,1,1,1,0,0,0,
q10_acl_customer_rows,5,0.025,support,predicate_injection,PASS,4,1,0,1,0,0,0,
q10_acl_customer_rows,5,0.025,support,pcqv_forced,PASS,4,1,0,1,0,0,0,
q10_acl_customer_rows,5,0.025,support,pcqv,PASS,4,1,0,1,0,0,0,
q10_acl_customer_rows,5,0.025,support,oracle_order,PASS,4,1,0,1,0,0,0,
q10_acl_customer_rows,5,0.025,billing,reference,PASS,4,1,0,1,0,0,0,
q10_acl_customer_rows,5,0.025,billing,post_join_filter,PASS,4,1,0,1,0,0,0,
q10_acl_customer_rows,5,0.025,billing,view_barrier,PASS,6,1,1,1,0,0,0,
q10_acl_customer_rows,5,0.025,billing,predicate_injection,PASS,4,1,0,1,0,0,0,
q10_acl_customer_rows,5,0.025,billing,pcqv_forced,PASS,4,1,0,1,0,0,0,
q10_acl_customer_rows,5,0.025,billing,pcqv,PASS,4,1,0,1,0,0,0,
q10_acl_customer_rows,5,0.025,billing,oracle_order,PASS,4,1,0,1,0,0,0,
q10_acl_customer_rows,5,0.1,analytics,reference,PASS,4,1,0,1,0,0,0,
q10_acl_customer_rows,5,0.1,analytics,post_join_filter,PASS,4,1,0,1,0,0,0,
q10_acl_customer_rows,5,0.1,analytics,view_barrier,PASS,6,1,1,1,0,0,0,
q10_acl_customer_rows,5,0.1,analytics,predicate_injection,PASS,4,1,0,1,0,0,0,
q10_acl_customer_rows,5,0.1,analytics,pcqv_forced,PASS,4,1,0,1,0,0,0,
q10_acl_customer_rows,5,0.1,analytics,pcqv,PASS,4,1,0,1,0,0,0,
q10_acl_customer_rows,5,0.1,analytics,oracle_order,PASS,4,1,0,1,0,0,0,
q10_acl_customer_rows,5,0.1,support,reference,PASS,4,1,0,1,0,0,0,
q10_acl_customer_rows,5,0.1,support,post_join_filter,PASS,4,1,0,1,0,0,0,
q10_acl_customer_rows,5,0.1,support,view_barrier,PASS,6,1,1,1,0,0,0,
q10_acl_customer_rows,5,0.1,support,predicate_injection,PASS,4,1,0,1,0,0,0,
q10_acl_customer_rows,5,0.1,support,pcqv_forced,PASS,4,1,0,1,0,0,0,
q10_acl_customer_rows,5,0.1,support,pcqv,PASS,4,1,0,1,0,0,0,
q10_acl_customer_rows,5,0.1,support,oracle_order,PASS,4,1,0,1,0,0,0,
q10_acl_customer_rows,5,0.1,billing,reference,PASS,4,1,0,1,0,0,0,
q10_acl_customer_rows,5,0.1,billing,post_join_filter,PASS,4,1,0,1,0,0,0,
q10_acl_customer_rows,5,0.1,billing,view_barrier,PASS,6,1,1,1,0,0,0,
q10_acl_customer_rows,5,0.1,billing,predicate_injection,PASS,4,1,0,1,0,0,0,
q10_acl_customer_rows,5,0.1,billing,pcqv_forced,PASS,4,1,0,1,0,0,0,
q10_acl_customer_rows,5,0.1,billing,pcqv,PASS,4,1,0,1,0,0,0,
q10_acl_customer_rows,5,0.1,billing,oracle_order,PASS,4,1,0,1,0,0,0,
q10_acl_customer_rows,5,0.5,analytics,reference,PASS,4,1,0,1,0,0,0,
q10_acl_customer_rows,5,0.5,analytics,post_join_filter,PASS,4,1,0,1,0,0,0,
q10_acl_customer_rows,5,0.5,analytics,view_barrier,PASS,6,1,1,1,0,0,0,
q10_acl_customer_rows,5,0.5,analytics,predicate_injection,PASS,4,1,0,1,0,0,0,
q10_acl_customer_rows,5,0.5,analytics,pcqv_forced,PASS,4,1,0,1,0,0,0,
q10_acl_customer_rows,5,0.5,analytics,pcqv,PASS,4,1,0,1,0,0,0,
q10_acl_customer_rows,5,0.5,analytics,oracle_order,PASS,4,1,0,1,0,0,0,
q10_acl_customer_rows,5,0.5,support,reference,PASS,4,1,0,1,0,0,0,
q10_acl_customer_rows,5,0.5,support,post_join_filter,PASS,4,1,0,1,0,0,0,
q10_acl_customer_rows,5,0.5,support,view_barrier,PASS,6,1,1,1,0,0,0,
q10_acl_customer_rows,5,0.5,support,predicate_injection,PASS,4,1,0,1,0,0,0,
q10_acl_customer_rows,5,0.5,support,pcqv_forced,PASS,4,1,0,1,0,0,0,
q10_acl_customer_rows,5,0.5,support,pcqv,PASS,4,1,0,1,0,0,0,
q10_acl_customer_rows,5,0.5,support,oracle_order,PASS,4,1,0,1,0,0,0,
q10_acl_customer_rows,5,0.5,billing,reference,PASS,4,1,0,1,0,0,0,
q10_acl_customer_rows,5,0.5,billing,post_join_filter,PASS,4,1,0,1,0,0,0,
q10_acl_customer_rows,5,0.5,billing,view_barrier,PASS,6,1,1,1,0,0,0,
q10_acl_customer_rows,5,0.5,billing,predicate_injection,PASS,4,1,0,1,0,0,0,
q10_acl_customer_rows,5,0.5,billing,pcqv_forced,PASS,4,1,0,1,0,0,0,
q10_acl_customer_rows,5,0.5,billing,pcqv,PASS,4,1,0,1,0,0,0,
q10_acl_customer_rows,5,0.5,billing,oracle_order,PASS,4,1,0,1,0,0,0,
q10_acl_customer_rows,6,0.025,analytics,reference,PASS,4,1,0,1,0,0,0,
q10_acl_customer_rows,6,0.025,analytics,post_join_filter,PASS,4,1,0,1,0,0,0,
q10_acl_customer_rows,6,0.025,analytics,view_barrier,PASS,6,1,1,1,0,0,0,
q10_acl_customer_rows,6,0.025,analytics,predicate_injection,PASS,4,1,0,1,0,0,0,
q10_acl_customer_rows,6,0.025,analytics,pcqv_forced,PASS,4,1,0,1,0,0,0,
q10_acl_customer_rows,6,0.025,analytics,pcqv,PASS,4,1,0,1,0,0,0,
q10_acl_customer_rows,6,0.025,analytics,oracle_order,PASS,4,1,0,1,0,0,0,
q10_acl_customer_rows,6,0.025,support,reference,PASS,4,1,0,1,0,0,0,
q10_acl_customer_rows,6,0.025,support,post_join_filter,PASS,4,1,0,1,0,0,0,
q10_acl_customer_rows,6,0.025,support,view_barrier,PASS,6,1,1,1,0,0,0,
q10_acl_customer_rows,6,0.025,support,predicate_injection,PASS,4,1,0,1,0,0,0,
q10_acl_customer_rows,6,0.025,support,pcqv_forced,PASS,4,1,0,1,0,0,0,
q10_acl_customer_rows,6,0.025,support,pcqv,PASS,4,1,0,1,0,0,0,
q10_acl_customer_rows,6,0.025,support,oracle_order,PASS,4,1,0,1,0,0,0,
q10_acl_customer_rows,6,0.025,billing,reference,PASS,4,1,0,1,0,0,0,
q10_acl_customer_rows,6,0.025,billing,post_join_filter,PASS,4,1,0,1,0,0,0,
q10_acl_customer_rows,6,0.025,billing,view_barrier,PASS,6,1,1,1,0,0,0,
q10_acl_customer_rows,6,0.025,billing,predicate_injection,PASS,4,1,0,1,0,0,0,
q10_acl_customer_rows,6,0.025,billing,pcqv_forced,PASS,4,1,0,1,0,0,0,
q10_acl_customer_rows,6,0.025,billing,pcqv,PASS,4,1,0,1,0,0,0,
q10_acl_customer_rows,6,0.025,billing,oracle_order,PASS,4,1,0,1,0,0,0,
q10_acl_customer_rows,6,0.1,analytics,reference,PASS,4,1,0,1,0,0,0,
q10_acl_customer_rows,6,0.1,analytics,post_join_filter,PASS,4,1,0,1,0,0,0,
q10_acl_customer_rows,6,0.1,analytics,view_barrier,PASS,6,1,1,1,0,0,0,
q10_acl_customer_rows,6,0.1,analytics,predicate_injection,PASS,4,1,0,1,0,0,0,
q10_acl_customer_rows,6,0.1,analytics,pcqv_forced,PASS,4,1,0,1,0,0,0,
q10_acl_customer_rows,6,0.1,analytics,pcqv,PASS,4,1,0,1,0,0,0,
q10_acl_customer_rows,6,0.1,analytics,oracle_order,PASS,4,1,0,1,0,0,0,
q10_acl_customer_rows,6,0.1,support,reference,PASS,4,1,0,1,0,0,0,
q10_acl_customer_rows,6,0.1,support,post_join_filter,PASS,4,1,0,1,0,0,0,
q10_acl_customer_rows,6,0.1,support,view_barrier,PASS,6,1,1,1,0,0,0,
q10_acl_customer_rows,6,0.1,support,predicate_injection,PASS,4,1,0,1,0,0,0,
q10_acl_customer_rows,6,0.1,support,pcqv_forced,PASS,4,1,0,1,0,0,0,
q10_acl_customer_rows,6,0.1,support,pcqv,PASS,4,1,0,1,0,0,0,
q10_acl_customer_rows,6,0.1,support,oracle_order,PASS,4,1,0,1,0,0,0,
q10_acl_customer_rows,6,0.1,billing,reference,PASS,4,1,0,1,0,0,0,
q10_acl_customer_rows,6,0.1,billing,post_join_filter,PASS,4,1,0,1,0,0,0,
q10_acl_customer_rows,6,0.1,billing,view_barrier,PASS,6,1,1,1,0,0,0,
q10_acl_customer_rows,6,0.1,billing,predicate_injection,PASS,4,1,0,1,0,0,0,
q10_acl_customer_rows,6,0.1,billing,pcqv_forced,PASS,4,1,0,1,0,0,0,
q10_acl_customer_rows,6,0.1,billing,pcqv,PASS,4,1,0,1,0,0,0,
q10_acl_customer_rows,6,0.1,billing,oracle_order,PASS,4,1,0,1,0,0,0,
q10_acl_customer_rows,6,0.5,analytics,reference,PASS,4,1,0,1,0,0,0,
q10_acl_customer_rows,6,0.5,analytics,post_join_filter,PASS,4,1,0,1,0,0,0,
q10_acl_customer_rows,6,0.5,analytics,view_barrier,PASS,6,1,1,1,0,0,0,
q10_acl_customer_rows,6,0.5,analytics,predicate_injection,PASS,4,1,0,1,0,0,0,
q10_acl_customer_rows,6,0.5,analytics,pcqv_forced,PASS,4,1,0,1,0,0,0,
q10_acl_customer_rows,6,0.5,analytics,pcqv,PASS,4,1,0,1,0,0,0,
q10_acl_customer_rows,6,0.5,analytics,oracle_order,PASS,4,1,0,1,0,0,0,
q10_acl_customer_rows,6,0.5,support,reference,PASS,4,1,0,1,0,0,0,
q10_acl_customer_rows,6,0.5,support,post_join_filter,PASS,4,1,0,1,0,0,0,
q10_acl_customer_rows,6,0.5,support,view_barrier,PASS,6,1,1,1,0,0,0,
q10_acl_customer_rows,6,0.5,support,predicate_injection,PASS,4,1,0,1,0,0,0,
q10_acl_customer_rows,6,0.5,support,pcqv_forced,PASS,4,1,0,1,0,0,0,
q10_acl_customer_rows,6,0.5,support,pcqv,PASS,4,1,0,1,0,0,0,
q10_acl_customer_rows,6,0.5,support,oracle_order,PASS,4,1,0,1,0,0,0,
q10_acl_customer_rows,6,0.5,billing,reference,PASS,4,1,0,1,0,0,0,
q10_acl_customer_rows,6,0.5,billing,post_join_filter,PASS,4,1,0,1,0,0,0,
q10_acl_customer_rows,6,0.5,billing,view_barrier,PASS,6,1,1,1,0,0,0,
q10_acl_customer_rows,6,0.5,billing,predicate_injection,PASS,4,1,0,1,0,0,0,
q10_acl_customer_rows,6,0.5,billing,pcqv_forced,PASS,4,1,0,1,0,0,0,
q10_acl_customer_rows,6,0.5,billing,pcqv,PASS,4,1,0,1,0,0,0,
q10_acl_customer_rows,6,0.5,billing,oracle_order,PASS,4,1,0,1,0,0,0,
q11_order_ticket_bridge,1,0.025,analytics,reference,PASS,5,1,0,0,0,0,0,
q11_order_ticket_bridge,1,0.025,analytics,post_join_filter,PASS,5,1,0,0,0,0,0,
q11_order_ticket_bridge,1,0.025,analytics,view_barrier,PASS,13,1,1,1,0,0,0,
q11_order_ticket_bridge,1,0.025,analytics,predicate_injection,PASS,5,1,0,0,0,0,0,
q11_order_ticket_bridge,1,0.025,analytics,pcqv_forced,PASS,5,1,0,0,0,0,0,
q11_order_ticket_bridge,1,0.025,analytics,pcqv,PASS,5,1,0,0,0,0,0,
q11_order_ticket_bridge,1,0.025,analytics,oracle_order,PASS,5,1,0,0,0,0,0,
q11_order_ticket_bridge,1,0.025,support,reference,PASS,5,1,0,0,0,0,0,
q11_order_ticket_bridge,1,0.025,support,post_join_filter,PASS,5,1,0,0,0,0,0,
q11_order_ticket_bridge,1,0.025,support,view_barrier,PASS,13,1,1,1,0,0,0,
q11_order_ticket_bridge,1,0.025,support,predicate_injection,PASS,5,1,0,0,0,0,0,
q11_order_ticket_bridge,1,0.025,support,pcqv_forced,PASS,5,1,0,0,0,0,0,
q11_order_ticket_bridge,1,0.025,support,pcqv,PASS,5,1,0,0,0,0,0,
q11_order_ticket_bridge,1,0.025,support,oracle_order,PASS,5,1,0,0,0,0,0,
q11_order_ticket_bridge,1,0.025,billing,reference,PASS,5,1,0,0,0,0,0,
q11_order_ticket_bridge,1,0.025,billing,post_join_filter,PASS,5,1,0,0,0,0,0,
q11_order_ticket_bridge,1,0.025,billing,view_barrier,PASS,13,1,1,1,0,0,0,
q11_order_ticket_bridge,1,0.025,billing,predicate_injection,PASS,5,1,0,0,0,0,0,
q11_order_ticket_bridge,1,0.025,billing,pcqv_forced,PASS,5,1,0,0,0,0,0,
q11_order_ticket_bridge,1,0.025,billing,pcqv,PASS,5,1,0,0,0,0,0,
q11_order_ticket_bridge,1,0.025,billing,oracle_order,PASS,5,1,0,0,0,0,0,
q11_order_ticket_bridge,1,0.1,analytics,reference,PASS,5,1,0,0,0,0,0,
q11_order_ticket_bridge,1,0.1,analytics,post_join_filter,PASS,5,1,0,0,0,0,0,
q11_order_ticket_bridge,1,0.1,analytics,view_barrier,PASS,13,1,1,1,0,0,0,
q11_order_ticket_bridge,1,0.1,analytics,predicate_injection,PASS,5,1,0,0,0,0,0,
q11_order_ticket_bridge,1,0.1,analytics,pcqv_forced,PASS,5,1,0,0,0,0,0,
q11_order_ticket_bridge,1,0.1,analytics,pcqv,PASS,5,1,0,0,0,0,0,
q11_order_ticket_bridge,1,0.1,analytics,oracle_order,PASS,5,1,0,0,0,0,0,
q11_order_ticket_bridge,1,0.1,support,reference,PASS,5,1,0,0,0,0,0,
q11_order_ticket_bridge,1,0.1,support,post_join_filter,PASS,5,1,0,0,0,0,0,
q11_order_ticket_bridge,1,0.1,support,view_barrier,PASS,13,1,1,1,0,0,0,
q11_order_ticket_bridge,1,0.1,support,predicate_injection,PASS,5,1,0,0,0,0,0,
q11_order_ticket_bridge,1,0.1,support,pcqv_forced,PASS,5,1,0,0,0,0,0,
q11_order_ticket_bridge,1,0.1,support,pcqv,PASS,5,1,0,0,0,0,0,
q11_order_ticket_bridge,1,0.1,support,oracle_order,PASS,5,1,0,0,0,0,0,
q11_order_ticket_bridge,1,0.1,billing,reference,PASS,5,1,0,0,0,0,0,
q11_order_ticket_bridge,1,0.1,billing,post_join_filter,PASS,5,1,0,0,0,0,0,
q11_order_ticket_bridge,1,0.1,billing,view_barrier,PASS,13,1,1,1,0,0,0,
q11_order_ticket_bridge,1,0.1,billing,predicate_injection,PASS,5,1,0,0,0,0,0,
q11_order_ticket_bridge,1,0.1,billing,pcqv_forced,PASS,5,1,0,0,0,0,0,
q11_order_ticket_bridge,1,0.1,billing,pcqv,PASS,5,1,0,0,0,0,0,
q11_order_ticket_bridge,1,0.1,billing,oracle_order,PASS,5,1,0,0,0,0,0,
q11_order_ticket_bridge,1,0.5,analytics,reference,PASS,6,1,0,0,0,0,0,
q11_order_ticket_bridge,1,0.5,analytics,post_join_filter,PASS,5,1,0,0,0,0,0,
q11_order_ticket_bridge,1,0.5,analytics,view_barrier,PASS,13,1,1,1,0,0,0,
q11_order_ticket_bridge,1,0.5,analytics,predicate_injection,PASS,6,1,0,0,0,0,0,
q11_order_ticket_bridge,1,0.5,analytics,pcqv_forced,PASS,5,1,0,0,0,0,0,
q11_order_ticket_bridge,1,0.5,analytics,pcqv,PASS,6,1,0,0,0,0,0,
q11_order_ticket_bridge,1,0.5,analytics,oracle_order,PASS,5,1,0,0,0,0,0,
q11_order_ticket_bridge,1,0.5,support,reference,PASS,6,1,0,0,0,0,0,
q11_order_ticket_bridge,1,0.5,support,post_join_filter,PASS,5,1,0,0,0,0,0,
q11_order_ticket_bridge,1,0.5,support,view_barrier,PASS,13,1,1,1,0,0,0,
q11_order_ticket_bridge,1,0.5,support,predicate_injection,PASS,6,1,0,0,0,0,0,
q11_order_ticket_bridge,1,0.5,support,pcqv_forced,PASS,5,1,0,0,0,0,0,
q11_order_ticket_bridge,1,0.5,support,pcqv,PASS,6,1,0,0,0,0,0,
q11_order_ticket_bridge,1,0.5,support,oracle_order,PASS,5,1,0,0,0,0,0,
q11_order_ticket_bridge,1,0.5,billing,reference,PASS,6,1,0,0,0,0,0,
q11_order_ticket_bridge,1,0.5,billing,post_join_filter,PASS,5,1,0,0,0,0,0,
q11_order_ticket_bridge,1,0.5,billing,view_barrier,PASS,13,1,1,1,0,0,0,
q11_order_ticket_bridge,1,0.5,billing,predicate_injection,PASS,6,1,0,0,0,0,0,
q11_order_ticket_bridge,1,0.5,billing,pcqv_forced,PASS,5,1,0,0,0,0,0,
q11_order_ticket_bridge,1,0.5,billing,pcqv,PASS,6,1,0,0,0,0,0,
q11_order_ticket_bridge,1,0.5,billing,oracle_order,PASS,5,1,0,0,0,0,0,
q11_order_ticket_bridge,2,0.025,analytics,reference,PASS,5,1,0,0,0,0,0,
q11_order_ticket_bridge,2,0.025,analytics,post_join_filter,PASS,5,1,0,0,0,0,0,
q11_order_ticket_bridge,2,0.025,analytics,view_barrier,PASS,13,1,1,1,0,0,0,
q11_order_ticket_bridge,2,0.025,analytics,predicate_injection,PASS,5,1,0,0,0,0,0,
q11_order_ticket_bridge,2,0.025,analytics,pcqv_forced,PASS,5,1,0,0,0,0,0,
q11_order_ticket_bridge,2,0.025,analytics,pcqv,PASS,5,1,0,0,0,0,0,
q11_order_ticket_bridge,2,0.025,analytics,oracle_order,PASS,5,1,0,0,0,0,0,
q11_order_ticket_bridge,2,0.025,support,reference,PASS,5,1,0,0,0,0,0,
q11_order_ticket_bridge,2,0.025,support,post_join_filter,PASS,5,1,0,0,0,0,0,
q11_order_ticket_bridge,2,0.025,support,view_barrier,PASS,13,1,1,1,0,0,0,
q11_order_ticket_bridge,2,0.025,support,predicate_injection,PASS,5,1,0,0,0,0,0,
q11_order_ticket_bridge,2,0.025,support,pcqv_forced,PASS,5,1,0,0,0,0,0,
q11_order_ticket_bridge,2,0.025,support,pcqv,PASS,5,1,0,0,0,0,0,
q11_order_ticket_bridge,2,0.025,support,oracle_order,PASS,5,1,0,0,0,0,0,
q11_order_ticket_bridge,2,0.025,billing,reference,PASS,5,1,0,0,0,0,0,
q11_order_ticket_bridge,2,0.025,billing,post_join_filter,PASS,5,1,0,0,0,0,0,
q11_order_ticket_bridge,2,0.025,billing,view_barrier,PASS,13,1,1,1,0,0,0,
q11_order_ticket_bridge,2,0.025,billing,predicate_injection,PASS,5,1,0,0,0,0,0,
q11_order_ticket_bridge,2,0.025,billing,pcqv_forced,PASS,5,1,0,0,0,0,0,
q11_order_ticket_bridge,2,0.025,billing,pcqv,PASS,5,1,0,0,0,0,0,
q11_order_ticket_bridge,2,0.025,billing,oracle_order,PASS,5,1,0,0,0,0,0,
q11_order_ticket_bridge,2,0.1,analytics,reference,PASS,5,1,0,0,0,0,0,
q11_order_ticket_bridge,2,0.1,analytics,post_join_filter,PASS,5,1,0,0,0,0,0,
q11_order_ticket_bridge,2,0.1,analytics,view_barrier,PASS,13,1,1,1,0,0,0,
q11_order_ticket_bridge,2,0.1,analytics,predicate_injection,PASS,5,1,0,0,0,0,0,
q11_order_ticket_bridge,2,0.1,analytics,pcqv_forced,PASS,5,1,0,0,0,0,0,
q11_order_ticket_bridge,2,0.1,analytics,pcqv,PASS,5,1,0,0,0,0,0,
q11_order_ticket_bridge,2,0.1,analytics,oracle_order,PASS,5,1,0,0,0,0,0,
q11_order_ticket_bridge,2,0.1,support,reference,PASS,5,1,0,0,0,0,0,
q11_order_ticket_bridge,2,0.1,support,post_join_filter,PASS,5,1,0,0,0,0,0,
q11_order_ticket_bridge,2,0.1,support,view_barrier,PASS,13,1,1,1,0,0,0,
q11_order_ticket_bridge,2,0.1,support,predicate_injection,PASS,5,1,0,0,0,0,0,
q11_order_ticket_bridge,2,0.1,support,pcqv_forced,PASS,5,1,0,0,0,0,0,
q11_order_ticket_bridge,2,0.1,support,pcqv,PASS,5,1,0,0,0,0,0,
q11_order_ticket_bridge,2,0.1,support,oracle_order,PASS,5,1,0,0,0,0,0,
q11_order_ticket_bridge,2,0.1,billing,reference,PASS,5,1,0,0,0,0,0,
q11_order_ticket_bridge,2,0.1,billing,post_join_filter,PASS,5,1,0,0,0,0,0,
q11_order_ticket_bridge,2,0.1,billing,view_barrier,PASS,13,1,1,1,0,0,0,
q11_order_ticket_bridge,2,0.1,billing,predicate_injection,PASS,5,1,0,0,0,0,0,
q11_order_ticket_bridge,2,0.1,billing,pcqv_forced,PASS,5,1,0,0,0,0,0,
q11_order_ticket_bridge,2,0.1,billing,pcqv,PASS,5,1,0,0,0,0,0,
q11_order_ticket_bridge,2,0.1,billing,oracle_order,PASS,5,1,0,0,0,0,0,
q11_order_ticket_bridge,2,0.5,analytics,reference,PASS,6,1,0,0,0,0,0,
q11_order_ticket_bridge,2,0.5,analytics,post_join_filter,PASS,5,1,0,0,0,0,0,
q11_order_ticket_bridge,2,0.5,analytics,view_barrier,PASS,13,1,1,1,0,0,0,
q11_order_ticket_bridge,2,0.5,analytics,predicate_injection,PASS,5,1,0,0,0,0,0,
q11_order_ticket_bridge,2,0.5,analytics,pcqv_forced,PASS,5,1,0,0,0,0,0,
q11_order_ticket_bridge,2,0.5,analytics,pcqv,PASS,5,1,0,0,0,0,0,
q11_order_ticket_bridge,2,0.5,analytics,oracle_order,PASS,5,1,0,0,0,0,0,
q11_order_ticket_bridge,2,0.5,support,reference,PASS,6,1,0,0,0,0,0,
q11_order_ticket_bridge,2,0.5,support,post_join_filter,PASS,5,1,0,0,0,0,0,
q11_order_ticket_bridge,2,0.5,support,view_barrier,PASS,13,1,1,1,0,0,0,
q11_order_ticket_bridge,2,0.5,support,predicate_injection,PASS,5,1,0,0,0,0,0,
q11_order_ticket_bridge,2,0.5,support,pcqv_forced,PASS,5,1,0,0,0,0,0,
q11_order_ticket_bridge,2,0.5,support,pcqv,PASS,5,1,0,0,0,0,0,
q11_order_ticket_bridge,2,0.5,support,oracle_order,PASS,5,1,0,0,0,0,0,
q11_order_ticket_bridge,2,0.5,billing,reference,PASS,6,1,0,0,0,0,0,
q11_order_ticket_bridge,2,0.5,billing,post_join_filter,PASS,5,1,0,0,0,0,0,
q11_order_ticket_bridge,2,0.5,billing,view_barrier,PASS,13,1,1,1,0,0,0,
q11_order_ticket_bridge,2,0.5,billing,predicate_injection,PASS,5,1,0,0,0,0,0,
q11_order_ticket_bridge,2,0.5,billing,pcqv_forced,PASS,5,1,0,0,0,0,0,
q11_order_ticket_bridge,2,0.5,billing,pcqv,PASS,5,1,0,0,0,0,0,
q11_order_ticket_bridge,2,0.5,billing,oracle_order,PASS,5,1,0,0,0,0,0,
q11_order_ticket_bridge,3,0.025,analytics,reference,PASS,5,1,0,0,0,0,0,
q11_order_ticket_bridge,3,0.025,analytics,post_join_filter,PASS,5,1,0,0,0,0,0,
q11_order_ticket_bridge,3,0.025,analytics,view_barrier,PASS,13,1,1,1,0,0,0,
q11_order_ticket_bridge,3,0.025,analytics,predicate_injection,PASS,5,1,0,0,0,0,0,
q11_order_ticket_bridge,3,0.025,analytics,pcqv_forced,PASS,5,1,0,0,0,0,0,
q11_order_ticket_bridge,3,0.025,analytics,pcqv,PASS,5,1,0,0,0,0,0,
q11_order_ticket_bridge,3,0.025,analytics,oracle_order,PASS,5,1,0,0,0,0,0,
q11_order_ticket_bridge,3,0.025,support,reference,PASS,5,1,0,0,0,0,0,
q11_order_ticket_bridge,3,0.025,support,post_join_filter,PASS,5,1,0,0,0,0,0,
q11_order_ticket_bridge,3,0.025,support,view_barrier,PASS,13,1,1,1,0,0,0,
q11_order_ticket_bridge,3,0.025,support,predicate_injection,PASS,5,1,0,0,0,0,0,
q11_order_ticket_bridge,3,0.025,support,pcqv_forced,PASS,5,1,0,0,0,0,0,
q11_order_ticket_bridge,3,0.025,support,pcqv,PASS,5,1,0,0,0,0,0,
q11_order_ticket_bridge,3,0.025,support,oracle_order,PASS,5,1,0,0,0,0,0,
q11_order_ticket_bridge,3,0.025,billing,reference,PASS,5,1,0,0,0,0,0,
q11_order_ticket_bridge,3,0.025,billing,post_join_filter,PASS,5,1,0,0,0,0,0,
q11_order_ticket_bridge,3,0.025,billing,view_barrier,PASS,13,1,1,1,0,0,0,
q11_order_ticket_bridge,3,0.025,billing,predicate_injection,PASS,5,1,0,0,0,0,0,
q11_order_ticket_bridge,3,0.025,billing,pcqv_forced,PASS,5,1,0,0,0,0,0,
q11_order_ticket_bridge,3,0.025,billing,pcqv,PASS,5,1,0,0,0,0,0,
q11_order_ticket_bridge,3,0.025,billing,oracle_order,PASS,5,1,0,0,0,0,0,
q11_order_ticket_bridge,3,0.1,analytics,reference,PASS,5,1,0,0,0,0,0,
q11_order_ticket_bridge,3,0.1,analytics,post_join_filter,PASS,5,1,0,0,0,0,0,
q11_order_ticket_bridge,3,0.1,analytics,view_barrier,PASS,13,1,1,1,0,0,0,
q11_order_ticket_bridge,3,0.1,analytics,predicate_injection,PASS,5,1,0,0,0,0,0,
q11_order_ticket_bridge,3,0.1,analytics,pcqv_forced,PASS,5,1,0,0,0,0,0,
q11_order_ticket_bridge,3,0.1,analytics,pcqv,PASS,5,1,0,0,0,0,0,
q11_order_ticket_bridge,3,0.1,analytics,oracle_order,PASS,5,1,0,0,0,0,0,
q11_order_ticket_bridge,3,0.1,support,reference,PASS,5,1,0,0,0,0,0,
q11_order_ticket_bridge,3,0.1,support,post_join_filter,PASS,5,1,0,0,0,0,0,
q11_order_ticket_bridge,3,0.1,support,view_barrier,PASS,13,1,1,1,0,0,0,
q11_order_ticket_bridge,3,0.1,support,predicate_injection,PASS,5,1,0,0,0,0,0,
q11_order_ticket_bridge,3,0.1,support,pcqv_forced,PASS,5,1,0,0,0,0,0,
q11_order_ticket_bridge,3,0.1,support,pcqv,PASS,5,1,0,0,0,0,0,
q11_order_ticket_bridge,3,0.1,support,oracle_order,PASS,5,1,0,0,0,0,0,
q11_order_ticket_bridge,3,0.1,billing,reference,PASS,5,1,0,0,0,0,0,
q11_order_ticket_bridge,3,0.1,billing,post_join_filter,PASS,5,1,0,0,0,0,0,
q11_order_ticket_bridge,3,0.1,billing,view_barrier,PASS,13,1,1,1,0,0,0,
q11_order_ticket_bridge,3,0.1,billing,predicate_injection,PASS,5,1,0,0,0,0,0,
q11_order_ticket_bridge,3,0.1,billing,pcqv_forced,PASS,5,1,0,0,0,0,0,
q11_order_ticket_bridge,3,0.1,billing,pcqv,PASS,5,1,0,0,0,0,0,
q11_order_ticket_bridge,3,0.1,billing,oracle_order,PASS,5,1,0,0,0,0,0,
q11_order_ticket_bridge,3,0.5,analytics,reference,PASS,6,1,0,0,0,0,0,
q11_order_ticket_bridge,3,0.5,analytics,post_join_filter,PASS,5,1,0,0,0,0,0,
q11_order_ticket_bridge,3,0.5,analytics,view_barrier,PASS,13,1,1,1,0,0,0,
q11_order_ticket_bridge,3,0.5,analytics,predicate_injection,PASS,6,1,0,0,0,0,0,
q11_order_ticket_bridge,3,0.5,analytics,pcqv_forced,PASS,5,1,0,0,0,0,0,
q11_order_ticket_bridge,3,0.5,analytics,pcqv,PASS,6,1,0,0,0,0,0,
q11_order_ticket_bridge,3,0.5,analytics,oracle_order,PASS,5,1,0,0,0,0,0,
q11_order_ticket_bridge,3,0.5,support,reference,PASS,6,1,0,0,0,0,0,
q11_order_ticket_bridge,3,0.5,support,post_join_filter,PASS,5,1,0,0,0,0,0,
q11_order_ticket_bridge,3,0.5,support,view_barrier,PASS,13,1,1,1,0,0,0,
q11_order_ticket_bridge,3,0.5,support,predicate_injection,PASS,6,1,0,0,0,0,0,
q11_order_ticket_bridge,3,0.5,support,pcqv_forced,PASS,5,1,0,0,0,0,0,
q11_order_ticket_bridge,3,0.5,support,pcqv,PASS,6,1,0,0,0,0,0,
q11_order_ticket_bridge,3,0.5,support,oracle_order,PASS,5,1,0,0,0,0,0,
q11_order_ticket_bridge,3,0.5,billing,reference,PASS,6,1,0,0,0,0,0,
q11_order_ticket_bridge,3,0.5,billing,post_join_filter,PASS,5,1,0,0,0,0,0,
q11_order_ticket_bridge,3,0.5,billing,view_barrier,PASS,13,1,1,1,0,0,0,
q11_order_ticket_bridge,3,0.5,billing,predicate_injection,PASS,6,1,0,0,0,0,0,
q11_order_ticket_bridge,3,0.5,billing,pcqv_forced,PASS,5,1,0,0,0,0,0,
q11_order_ticket_bridge,3,0.5,billing,pcqv,PASS,6,1,0,0,0,0,0,
q11_order_ticket_bridge,3,0.5,billing,oracle_order,PASS,5,1,0,0,0,0,0,
q11_order_ticket_bridge,4,0.025,analytics,reference,PASS,7,1,0,1,0,0,0,
q11_order_ticket_bridge,4,0.025,analytics,post_join_filter,PASS,5,1,0,0,0,0,0,
q11_order_ticket_bridge,4,0.025,analytics,view_barrier,PASS,15,1,1,1,0,0,0,
q11_order_ticket_bridge,4,0.025,analytics,predicate_injection,PASS,7,1,0,1,0,0,0,
q11_order_ticket_bridge,4,0.025,analytics,pcqv_forced,PASS,7,1,0,1,0,0,0,
q11_order_ticket_bridge,4,0.025,analytics,pcqv,PASS,7,1,0,1,0,0,0,
q11_order_ticket_bridge,4,0.025,analytics,oracle_order,PASS,7,1,0,1,0,0,0,
q11_order_ticket_bridge,4,0.025,support,reference,PASS,7,1,0,1,0,0,0,
q11_order_ticket_bridge,4,0.025,support,post_join_filter,PASS,5,1,0,0,0,0,0,
q11_order_ticket_bridge,4,0.025,support,view_barrier,PASS,15,1,1,1,0,0,0,
q11_order_ticket_bridge,4,0.025,support,predicate_injection,PASS,7,1,0,1,0,0,0,
q11_order_ticket_bridge,4,0.025,support,pcqv_forced,PASS,7,1,0,1,0,0,0,
q11_order_ticket_bridge,4,0.025,support,pcqv,PASS,7,1,0,1,0,0,0,
q11_order_ticket_bridge,4,0.025,support,oracle_order,PASS,7,1,0,1,0,0,0,
q11_order_ticket_bridge,4,0.025,billing,reference,PASS,7,1,0,1,0,0,0,
q11_order_ticket_bridge,4,0.025,billing,post_join_filter,PASS,5,1,0,0,0,0,0,
q11_order_ticket_bridge,4,0.025,billing,view_barrier,PASS,15,1,1,1,0,0,0,
q11_order_ticket_bridge,4,0.025,billing,predicate_injection,PASS,7,1,0,1,0,0,0,
q11_order_ticket_bridge,4,0.025,billing,pcqv_forced,PASS,7,1,0,1,0,0,0,
q11_order_ticket_bridge,4,0.025,billing,pcqv,PASS,7,1,0,1,0,0,0,
q11_order_ticket_bridge,4,0.025,billing,oracle_order,PASS,7,1,0,1,0,0,0,
q11_order_ticket_bridge,4,0.1,analytics,reference,PASS,7,1,0,1,0,0,0,
q11_order_ticket_bridge,4,0.1,analytics,post_join_filter,PASS,5,1,0,0,0,0,0,
q11_order_ticket_bridge,4,0.1,analytics,view_barrier,PASS,15,1,1,1,0,0,0,
q11_order_ticket_bridge,4,0.1,analytics,predicate_injection,PASS,7,1,0,1,0,0,0,
q11_order_ticket_bridge,4,0.1,analytics,pcqv_forced,PASS,7,1,0,1,0,0,0,
q11_order_ticket_bridge,4,0.1,analytics,pcqv,PASS,7,1,0,1,0,0,0,
q11_order_ticket_bridge,4,0.1,analytics,oracle_order,PASS,7,1,0,1,0,0,0,
q11_order_ticket_bridge,4,0.1,support,reference,PASS,7,1,0,1,0,0,0,
q11_order_ticket_bridge,4,0.1,support,post_join_filter,PASS,5,1,0,0,0,0,0,
q11_order_ticket_bridge,4,0.1,support,view_barrier,PASS,15,1,1,1,0,0,0,
q11_order_ticket_bridge,4,0.1,support,predicate_injection,PASS,7,1,0,1,0,0,0,
q11_order_ticket_bridge,4,0.1,support,pcqv_forced,PASS,7,1,0,1,0,0,0,
q11_order_ticket_bridge,4,0.1,support,pcqv,PASS,7,1,0,1,0,0,0,
q11_order_ticket_bridge,4,0.1,support,oracle_order,PASS,7,1,0,1,0,0,0,
q11_order_ticket_bridge,4,0.1,billing,reference,PASS,7,1,0,1,0,0,0,
q11_order_ticket_bridge,4,0.1,billing,post_join_filter,PASS,5,1,0,0,0,0,0,
q11_order_ticket_bridge,4,0.1,billing,view_barrier,PASS,15,1,1,1,0,0,0,
q11_order_ticket_bridge,4,0.1,billing,predicate_injection,PASS,7,1,0,1,0,0,0,
q11_order_ticket_bridge,4,0.1,billing,pcqv_forced,PASS,7,1,0,1,0,0,0,
q11_order_ticket_bridge,4,0.1,billing,pcqv,PASS,7,1,0,1,0,0,0,
q11_order_ticket_bridge,4,0.1,billing,oracle_order,PASS,7,1,0,1,0,0,0,
q11_order_ticket_bridge,4,0.5,analytics,reference,PASS,8,1,0,1,0,0,0,
q11_order_ticket_bridge,4,0.5,analytics,post_join_filter,PASS,5,1,0,0,0,0,0,
q11_order_ticket_bridge,4,0.5,analytics,view_barrier,PASS,15,1,1,1,0,0,0,
q11_order_ticket_bridge,4,0.5,analytics,predicate_injection,PASS,8,1,0,1,0,0,0,
q11_order_ticket_bridge,4,0.5,analytics,pcqv_forced,PASS,7,1,0,1,0,0,0,
q11_order_ticket_bridge,4,0.5,analytics,pcqv,PASS,8,1,0,1,0,0,0,
q11_order_ticket_bridge,4,0.5,analytics,oracle_order,PASS,7,1,0,1,0,0,0,
q11_order_ticket_bridge,4,0.5,support,reference,PASS,8,1,0,1,0,0,0,
q11_order_ticket_bridge,4,0.5,support,post_join_filter,PASS,5,1,0,0,0,0,0,
q11_order_ticket_bridge,4,0.5,support,view_barrier,PASS,15,1,1,1,0,0,0,
q11_order_ticket_bridge,4,0.5,support,predicate_injection,PASS,8,1,0,1,0,0,0,
q11_order_ticket_bridge,4,0.5,support,pcqv_forced,PASS,7,1,0,1,0,0,0,
q11_order_ticket_bridge,4,0.5,support,pcqv,PASS,8,1,0,1,0,0,0,
q11_order_ticket_bridge,4,0.5,support,oracle_order,PASS,7,1,0,1,0,0,0,
q11_order_ticket_bridge,4,0.5,billing,reference,PASS,8,1,0,1,0,0,0,
q11_order_ticket_bridge,4,0.5,billing,post_join_filter,PASS,5,1,0,0,0,0,0,
q11_order_ticket_bridge,4,0.5,billing,view_barrier,PASS,15,1,1,1,0,0,0,
q11_order_ticket_bridge,4,0.5,billing,predicate_injection,PASS,8,1,0,1,0,0,0,
q11_order_ticket_bridge,4,0.5,billing,pcqv_forced,PASS,7,1,0,1,0,0,0,
q11_order_ticket_bridge,4,0.5,billing,pcqv,PASS,8,1,0,1,0,0,0,
q11_order_ticket_bridge,4,0.5,billing,oracle_order,PASS,7,1,0,1,0,0,0,
q11_order_ticket_bridge,5,0.025,analytics,reference,PASS,9,1,0,1,0,0,0,
q11_order_ticket_bridge,5,0.025,analytics,post_join_filter,PASS,7,1,0,1,0,0,0,
q11_order_ticket_bridge,5,0.025,analytics,view_barrier,PASS,17,1,1,1,0,0,0,
q11_order_ticket_bridge,5,0.025,analytics,predicate_injection,PASS,9,1,0,1,0,0,0,
q11_order_ticket_bridge,5,0.025,analytics,pcqv_forced,PASS,9,1,0,1,0,0,0,
q11_order_ticket_bridge,5,0.025,analytics,pcqv,PASS,9,1,0,1,0,0,0,
q11_order_ticket_bridge,5,0.025,analytics,oracle_order,PASS,9,1,0,1,0,0,0,
q11_order_ticket_bridge,5,0.025,support,reference,PASS,9,1,0,1,0,0,0,
q11_order_ticket_bridge,5,0.025,support,post_join_filter,PASS,7,1,0,1,0,0,0,
q11_order_ticket_bridge,5,0.025,support,view_barrier,PASS,17,1,1,1,0,0,0,
q11_order_ticket_bridge,5,0.025,support,predicate_injection,PASS,9,1,0,1,0,0,0,
q11_order_ticket_bridge,5,0.025,support,pcqv_forced,PASS,9,1,0,1,0,0,0,
q11_order_ticket_bridge,5,0.025,support,pcqv,PASS,9,1,0,1,0,0,0,
q11_order_ticket_bridge,5,0.025,support,oracle_order,PASS,9,1,0,1,0,0,0,
q11_order_ticket_bridge,5,0.025,billing,reference,PASS,9,1,0,1,0,0,0,
q11_order_ticket_bridge,5,0.025,billing,post_join_filter,PASS,7,1,0,1,0,0,0,
q11_order_ticket_bridge,5,0.025,billing,view_barrier,PASS,17,1,1,1,0,0,0,
q11_order_ticket_bridge,5,0.025,billing,predicate_injection,PASS,9,1,0,1,0,0,0,
q11_order_ticket_bridge,5,0.025,billing,pcqv_forced,PASS,9,1,0,1,0,0,0,
q11_order_ticket_bridge,5,0.025,billing,pcqv,PASS,9,1,0,1,0,0,0,
q11_order_ticket_bridge,5,0.025,billing,oracle_order,PASS,9,1,0,1,0,0,0,
q11_order_ticket_bridge,5,0.1,analytics,reference,PASS,9,1,0,1,0,0,0,
q11_order_ticket_bridge,5,0.1,analytics,post_join_filter,PASS,7,1,0,1,0,0,0,
q11_order_ticket_bridge,5,0.1,analytics,view_barrier,PASS,17,1,1,1,0,0,0,
q11_order_ticket_bridge,5,0.1,analytics,predicate_injection,PASS,9,1,0,1,0,0,0,
q11_order_ticket_bridge,5,0.1,analytics,pcqv_forced,PASS,9,1,0,1,0,0,0,
q11_order_ticket_bridge,5,0.1,analytics,pcqv,PASS,9,1,0,1,0,0,0,
q11_order_ticket_bridge,5,0.1,analytics,oracle_order,PASS,9,1,0,1,0,0,0,
q11_order_ticket_bridge,5,0.1,support,reference,PASS,9,1,0,1,0,0,0,
q11_order_ticket_bridge,5,0.1,support,post_join_filter,PASS,7,1,0,1,0,0,0,
q11_order_ticket_bridge,5,0.1,support,view_barrier,PASS,17,1,1,1,0,0,0,
q11_order_ticket_bridge,5,0.1,support,predicate_injection,PASS,9,1,0,1,0,0,0,
q11_order_ticket_bridge,5,0.1,support,pcqv_forced,PASS,9,1,0,1,0,0,0,
q11_order_ticket_bridge,5,0.1,support,pcqv,PASS,9,1,0,1,0,0,0,
q11_order_ticket_bridge,5,0.1,support,oracle_order,PASS,9,1,0,1,0,0,0,
q11_order_ticket_bridge,5,0.1,billing,reference,PASS,9,1,0,1,0,0,0,
q11_order_ticket_bridge,5,0.1,billing,post_join_filter,PASS,7,1,0,1,0,0,0,
q11_order_ticket_bridge,5,0.1,billing,view_barrier,PASS,17,1,1,1,0,0,0,
q11_order_ticket_bridge,5,0.1,billing,predicate_injection,PASS,9,1,0,1,0,0,0,
q11_order_ticket_bridge,5,0.1,billing,pcqv_forced,PASS,9,1,0,1,0,0,0,
q11_order_ticket_bridge,5,0.1,billing,pcqv,PASS,9,1,0,1,0,0,0,
q11_order_ticket_bridge,5,0.1,billing,oracle_order,PASS,9,1,0,1,0,0,0,
q11_order_ticket_bridge,5,0.5,analytics,reference,PASS,9,1,0,1,0,0,0,
q11_order_ticket_bridge,5,0.5,analytics,post_join_filter,PASS,7,1,0,1,0,0,0,
q11_order_ticket_bridge,5,0.5,analytics,view_barrier,PASS,17,1,1,1,0,0,0,
q11_order_ticket_bridge,5,0.5,analytics,predicate_injection,PASS,9,1,0,1,0,0,0,
q11_order_ticket_bridge,5,0.5,analytics,pcqv_forced,PASS,9,1,0,1,0,0,0,
q11_order_ticket_bridge,5,0.5,analytics,pcqv,PASS,9,1,0,1,0,0,0,
q11_order_ticket_bridge,5,0.5,analytics,oracle_order,PASS,9,1,0,1,0,0,0,
q11_order_ticket_bridge,5,0.5,support,reference,PASS,9,1,0,1,0,0,0,
q11_order_ticket_bridge,5,0.5,support,post_join_filter,PASS,7,1,0,1,0,0,0,
q11_order_ticket_bridge,5,0.5,support,view_barrier,PASS,17,1,1,1,0,0,0,
q11_order_ticket_bridge,5,0.5,support,predicate_injection,PASS,9,1,0,1,0,0,0,
q11_order_ticket_bridge,5,0.5,support,pcqv_forced,PASS,9,1,0,1,0,0,0,
q11_order_ticket_bridge,5,0.5,support,pcqv,PASS,9,1,0,1,0,0,0,
q11_order_ticket_bridge,5,0.5,support,oracle_order,PASS,9,1,0,1,0,0,0,
q11_order_ticket_bridge,5,0.5,billing,reference,PASS,9,1,0,1,0,0,0,
q11_order_ticket_bridge,5,0.5,billing,post_join_filter,PASS,7,1,0,1,0,0,0,
q11_order_ticket_bridge,5,0.5,billing,view_barrier,PASS,17,1,1,1,0,0,0,
q11_order_ticket_bridge,5,0.5,billing,predicate_injection,PASS,9,1,0,1,0,0,0,
q11_order_ticket_bridge,5,0.5,billing,pcqv_forced,PASS,9,1,0,1,0,0,0,
q11_order_ticket_bridge,5,0.5,billing,pcqv,PASS,9,1,0,1,0,0,0,
q11_order_ticket_bridge,5,0.5,billing,oracle_order,PASS,9,1,0,1,0,0,0,
q11_order_ticket_bridge,6,0.025,analytics,reference,PASS,9,1,0,1,0,0,0,
q11_order_ticket_bridge,6,0.025,analytics,post_join_filter,PASS,7,1,0,1,0,0,0,
q11_order_ticket_bridge,6,0.025,analytics,view_barrier,PASS,17,1,1,1,0,0,0,
q11_order_ticket_bridge,6,0.025,analytics,predicate_injection,PASS,9,1,0,1,0,0,0,
q11_order_ticket_bridge,6,0.025,analytics,pcqv_forced,PASS,9,1,0,1,0,0,0,
q11_order_ticket_bridge,6,0.025,analytics,pcqv,PASS,9,1,0,1,0,0,0,
q11_order_ticket_bridge,6,0.025,analytics,oracle_order,PASS,9,1,0,1,0,0,0,
q11_order_ticket_bridge,6,0.025,support,reference,PASS,9,1,0,1,0,0,0,
q11_order_ticket_bridge,6,0.025,support,post_join_filter,PASS,7,1,0,1,0,0,0,
q11_order_ticket_bridge,6,0.025,support,view_barrier,PASS,17,1,1,1,0,0,0,
q11_order_ticket_bridge,6,0.025,support,predicate_injection,PASS,9,1,0,1,0,0,0,
q11_order_ticket_bridge,6,0.025,support,pcqv_forced,PASS,9,1,0,1,0,0,0,
q11_order_ticket_bridge,6,0.025,support,pcqv,PASS,9,1,0,1,0,0,0,
q11_order_ticket_bridge,6,0.025,support,oracle_order,PASS,9,1,0,1,0,0,0,
q11_order_ticket_bridge,6,0.025,billing,reference,PASS,9,1,0,1,0,0,0,
q11_order_ticket_bridge,6,0.025,billing,post_join_filter,PASS,7,1,0,1,0,0,0,
q11_order_ticket_bridge,6,0.025,billing,view_barrier,PASS,17,1,1,1,0,0,0,
q11_order_ticket_bridge,6,0.025,billing,predicate_injection,PASS,9,1,0,1,0,0,0,
q11_order_ticket_bridge,6,0.025,billing,pcqv_forced,PASS,9,1,0,1,0,0,0,
q11_order_ticket_bridge,6,0.025,billing,pcqv,PASS,9,1,0,1,0,0,0,
q11_order_ticket_bridge,6,0.025,billing,oracle_order,PASS,9,1,0,1,0,0,0,
q11_order_ticket_bridge,6,0.1,analytics,reference,PASS,9,1,0,1,0,0,0,
q11_order_ticket_bridge,6,0.1,analytics,post_join_filter,PASS,7,1,0,1,0,0,0,
q11_order_ticket_bridge,6,0.1,analytics,view_barrier,PASS,17,1,1,1,0,0,0,
q11_order_ticket_bridge,6,0.1,analytics,predicate_injection,PASS,9,1,0,1,0,0,0,
q11_order_ticket_bridge,6,0.1,analytics,pcqv_forced,PASS,9,1,0,1,0,0,0,
q11_order_ticket_bridge,6,0.1,analytics,pcqv,PASS,9,1,0,1,0,0,0,
q11_order_ticket_bridge,6,0.1,analytics,oracle_order,PASS,9,1,0,1,0,0,0,
q11_order_ticket_bridge,6,0.1,support,reference,PASS,9,1,0,1,0,0,0,
q11_order_ticket_bridge,6,0.1,support,post_join_filter,PASS,7,1,0,1,0,0,0,
q11_order_ticket_bridge,6,0.1,support,view_barrier,PASS,17,1,1,1,0,0,0,
q11_order_ticket_bridge,6,0.1,support,predicate_injection,PASS,9,1,0,1,0,0,0,
q11_order_ticket_bridge,6,0.1,support,pcqv_forced,PASS,9,1,0,1,0,0,0,
q11_order_ticket_bridge,6,0.1,support,pcqv,PASS,9,1,0,1,0,0,0,
q11_order_ticket_bridge,6,0.1,support,oracle_order,PASS,9,1,0,1,0,0,0,
q11_order_ticket_bridge,6,0.1,billing,reference,PASS,9,1,0,1,0,0,0,
q11_order_ticket_bridge,6,0.1,billing,post_join_filter,PASS,7,1,0,1,0,0,0,
q11_order_ticket_bridge,6,0.1,billing,view_barrier,PASS,17,1,1,1,0,0,0,
q11_order_ticket_bridge,6,0.1,billing,predicate_injection,PASS,9,1,0,1,0,0,0,
q11_order_ticket_bridge,6,0.1,billing,pcqv_forced,PASS,9,1,0,1,0,0,0,
q11_order_ticket_bridge,6,0.1,billing,pcqv,PASS,9,1,0,1,0,0,0,
q11_order_ticket_bridge,6,0.1,billing,oracle_order,PASS,9,1,0,1,0,0,0,
q11_order_ticket_bridge,6,0.5,analytics,reference,PASS,9,1,0,1,0,0,0,
q11_order_ticket_bridge,6,0.5,analytics,post_join_filter,PASS,7,1,0,1,0,0,0,
q11_order_ticket_bridge,6,0.5,analytics,view_barrier,PASS,17,1,1,1,0,0,0,
q11_order_ticket_bridge,6,0.5,analytics,predicate_injection,PASS,9,1,0,1,0,0,0,
q11_order_ticket_bridge,6,0.5,analytics,pcqv_forced,PASS,9,1,0,1,0,0,0,
q11_order_ticket_bridge,6,0.5,analytics,pcqv,PASS,9,1,0,1,0,0,0,
q11_order_ticket_bridge,6,0.5,analytics,oracle_order,PASS,9,1,0,1,0,0,0,
q11_order_ticket_bridge,6,0.5,support,reference,PASS,9,1,0,1,0,0,0,
q11_order_ticket_bridge,6,0.5,support,post_join_filter,PASS,7,1,0,1,0,0,0,
q11_order_ticket_bridge,6,0.5,support,view_barrier,PASS,17,1,1,1,0,0,0,
q11_order_ticket_bridge,6,0.5,support,predicate_injection,PASS,9,1,0,1,0,0,0,
q11_order_ticket_bridge,6,0.5,support,pcqv_forced,PASS,9,1,0,1,0,0,0,
q11_order_ticket_bridge,6,0.5,support,pcqv,PASS,9,1,0,1,0,0,0,
q11_order_ticket_bridge,6,0.5,support,oracle_order,PASS,9,1,0,1,0,0,0,
q11_order_ticket_bridge,6,0.5,billing,reference,PASS,9,1,0,1,0,0,0,
q11_order_ticket_bridge,6,0.5,billing,post_join_filter,PASS,7,1,0,1,0,0,0,
q11_order_ticket_bridge,6,0.5,billing,view_barrier,PASS,17,1,1,1,0,0,0,
q11_order_ticket_bridge,6,0.5,billing,predicate_injection,PASS,9,1,0,1,0,0,0,
q11_order_ticket_bridge,6,0.5,billing,pcqv_forced,PASS,9,1,0,1,0,0,0,
q11_order_ticket_bridge,6,0.5,billing,pcqv,PASS,9,1,0,1,0,0,0,
q11_order_ticket_bridge,6,0.5,billing,oracle_order,PASS,9,1,0,1,0,0,0,
q12_product_segment_revenue,1,0.025,analytics,reference,PASS,6,1,0,0,0,0,0,
q12_product_segment_revenue,1,0.025,analytics,post_join_filter,PASS,5,1,0,0,0,0,0,
q12_product_segment_revenue,1,0.025,analytics,view_barrier,PASS,16,1,1,1,0,0,0,
q12_product_segment_revenue,1,0.025,analytics,predicate_injection,PASS,6,1,0,0,0,0,0,
q12_product_segment_revenue,1,0.025,analytics,pcqv_forced,PASS,5,1,0,0,0,0,0,
q12_product_segment_revenue,1,0.025,analytics,pcqv,PASS,6,1,0,0,0,0,0,
q12_product_segment_revenue,1,0.025,analytics,oracle_order,PASS,5,1,0,0,0,0,0,
q12_product_segment_revenue,1,0.025,support,reference,PASS,6,1,0,0,0,0,0,
q12_product_segment_revenue,1,0.025,support,post_join_filter,PASS,5,1,0,0,0,0,0,
q12_product_segment_revenue,1,0.025,support,view_barrier,PASS,16,1,1,1,0,0,0,
q12_product_segment_revenue,1,0.025,support,predicate_injection,PASS,6,1,0,0,0,0,0,
q12_product_segment_revenue,1,0.025,support,pcqv_forced,PASS,5,1,0,0,0,0,0,
q12_product_segment_revenue,1,0.025,support,pcqv,PASS,6,1,0,0,0,0,0,
q12_product_segment_revenue,1,0.025,support,oracle_order,PASS,5,1,0,0,0,0,0,
q12_product_segment_revenue,1,0.025,billing,reference,PASS,6,1,0,0,0,0,0,
q12_product_segment_revenue,1,0.025,billing,post_join_filter,PASS,5,1,0,0,0,0,0,
q12_product_segment_revenue,1,0.025,billing,view_barrier,PASS,16,1,1,1,0,0,0,
q12_product_segment_revenue,1,0.025,billing,predicate_injection,PASS,6,1,0,0,0,0,0,
q12_product_segment_revenue,1,0.025,billing,pcqv_forced,PASS,5,1,0,0,0,0,0,
q12_product_segment_revenue,1,0.025,billing,pcqv,PASS,6,1,0,0,0,0,0,
q12_product_segment_revenue,1,0.025,billing,oracle_order,PASS,5,1,0,0,0,0,0,
q12_product_segment_revenue,1,0.1,analytics,reference,PASS,6,1,0,0,0,0,0,
q12_product_segment_revenue,1,0.1,analytics,post_join_filter,PASS,6,1,0,0,0,0,0,
q12_product_segment_revenue,1,0.1,analytics,view_barrier,PASS,16,1,1,1,0,0,0,
q12_product_segment_revenue,1,0.1,analytics,predicate_injection,PASS,6,1,0,0,0,0,0,
q12_product_segment_revenue,1,0.1,analytics,pcqv_forced,PASS,6,1,0,0,0,0,0,
q12_product_segment_revenue,1,0.1,analytics,pcqv,PASS,6,1,0,0,0,0,0,
q12_product_segment_revenue,1,0.1,analytics,oracle_order,PASS,6,1,0,0,0,0,0,
q12_product_segment_revenue,1,0.1,support,reference,PASS,6,1,0,0,0,0,0,
q12_product_segment_revenue,1,0.1,support,post_join_filter,PASS,6,1,0,0,0,0,0,
q12_product_segment_revenue,1,0.1,support,view_barrier,PASS,16,1,1,1,0,0,0,
q12_product_segment_revenue,1,0.1,support,predicate_injection,PASS,6,1,0,0,0,0,0,
q12_product_segment_revenue,1,0.1,support,pcqv_forced,PASS,6,1,0,0,0,0,0,
q12_product_segment_revenue,1,0.1,support,pcqv,PASS,6,1,0,0,0,0,0,
q12_product_segment_revenue,1,0.1,support,oracle_order,PASS,6,1,0,0,0,0,0,
q12_product_segment_revenue,1,0.1,billing,reference,PASS,6,1,0,0,0,0,0,
q12_product_segment_revenue,1,0.1,billing,post_join_filter,PASS,6,1,0,0,0,0,0,
q12_product_segment_revenue,1,0.1,billing,view_barrier,PASS,16,1,1,1,0,0,0,
q12_product_segment_revenue,1,0.1,billing,predicate_injection,PASS,6,1,0,0,0,0,0,
q12_product_segment_revenue,1,0.1,billing,pcqv_forced,PASS,6,1,0,0,0,0,0,
q12_product_segment_revenue,1,0.1,billing,pcqv,PASS,6,1,0,0,0,0,0,
q12_product_segment_revenue,1,0.1,billing,oracle_order,PASS,6,1,0,0,0,0,0,
q12_product_segment_revenue,1,0.5,analytics,reference,PASS,6,1,0,0,0,0,0,
q12_product_segment_revenue,1,0.5,analytics,post_join_filter,PASS,7,1,0,0,0,0,0,
q12_product_segment_revenue,1,0.5,analytics,view_barrier,PASS,16,1,1,1,0,0,0,
q12_product_segment_revenue,1,0.5,analytics,predicate_injection,PASS,6,1,0,0,0,0,0,
q12_product_segment_revenue,1,0.5,analytics,pcqv_forced,PASS,6,1,0,0,0,0,0,
q12_product_segment_revenue,1,0.5,analytics,pcqv,PASS,6,1,0,0,0,0,0,
q12_product_segment_revenue,1,0.5,analytics,oracle_order,PASS,6,1,0,0,0,0,0,
q12_product_segment_revenue,1,0.5,support,reference,PASS,6,1,0,0,0,0,0,
q12_product_segment_revenue,1,0.5,support,post_join_filter,PASS,7,1,0,0,0,0,0,
q12_product_segment_revenue,1,0.5,support,view_barrier,PASS,16,1,1,1,0,0,0,
q12_product_segment_revenue,1,0.5,support,predicate_injection,PASS,6,1,0,0,0,0,0,
q12_product_segment_revenue,1,0.5,support,pcqv_forced,PASS,6,1,0,0,0,0,0,
q12_product_segment_revenue,1,0.5,support,pcqv,PASS,6,1,0,0,0,0,0,
q12_product_segment_revenue,1,0.5,support,oracle_order,PASS,6,1,0,0,0,0,0,
q12_product_segment_revenue,1,0.5,billing,reference,PASS,6,1,0,0,0,0,0,
q12_product_segment_revenue,1,0.5,billing,post_join_filter,PASS,7,1,0,0,0,0,0,
q12_product_segment_revenue,1,0.5,billing,view_barrier,PASS,16,1,1,1,0,0,0,
q12_product_segment_revenue,1,0.5,billing,predicate_injection,PASS,6,1,0,0,0,0,0,
q12_product_segment_revenue,1,0.5,billing,pcqv_forced,PASS,6,1,0,0,0,0,0,
q12_product_segment_revenue,1,0.5,billing,pcqv,PASS,6,1,0,0,0,0,0,
q12_product_segment_revenue,1,0.5,billing,oracle_order,PASS,6,1,0,0,0,0,0,
q12_product_segment_revenue,2,0.025,analytics,reference,PASS,5,1,0,0,0,0,0,
q12_product_segment_revenue,2,0.025,analytics,post_join_filter,PASS,5,1,0,0,0,0,0,
q12_product_segment_revenue,2,0.025,analytics,view_barrier,PASS,15,1,1,1,0,0,0,
q12_product_segment_revenue,2,0.025,analytics,predicate_injection,PASS,5,1,0,0,0,0,0,
q12_product_segment_revenue,2,0.025,analytics,pcqv_forced,PASS,5,1,0,0,0,0,0,
q12_product_segment_revenue,2,0.025,analytics,pcqv,PASS,5,1,0,0,0,0,0,
q12_product_segment_revenue,2,0.025,analytics,oracle_order,PASS,7,1,0,0,0,0,0,
q12_product_segment_revenue,2,0.025,support,reference,PASS,5,1,0,0,0,0,0,
q12_product_segment_revenue,2,0.025,support,post_join_filter,PASS,5,1,0,0,0,0,0,
q12_product_segment_revenue,2,0.025,support,view_barrier,PASS,15,1,1,1,0,0,0,
q12_product_segment_revenue,2,0.025,support,predicate_injection,PASS,5,1,0,0,0,0,0,
q12_product_segment_revenue,2,0.025,support,pcqv_forced,PASS,5,1,0,0,0,0,0,
q12_product_segment_revenue,2,0.025,support,pcqv,PASS,5,1,0,0,0,0,0,
q12_product_segment_revenue,2,0.025,support,oracle_order,PASS,7,1,0,0,0,0,0,
q12_product_segment_revenue,2,0.025,billing,reference,PASS,5,1,0,0,0,0,0,
q12_product_segment_revenue,2,0.025,billing,post_join_filter,PASS,5,1,0,0,0,0,0,
q12_product_segment_revenue,2,0.025,billing,view_barrier,PASS,15,1,1,1,0,0,0,
q12_product_segment_revenue,2,0.025,billing,predicate_injection,PASS,5,1,0,0,0,0,0,
q12_product_segment_revenue,2,0.025,billing,pcqv_forced,PASS,5,1,0,0,0,0,0,
q12_product_segment_revenue,2,0.025,billing,pcqv,PASS,5,1,0,0,0,0,0,
q12_product_segment_revenue,2,0.025,billing,oracle_order,PASS,7,1,0,0,0,0,0,
q12_product_segment_revenue,2,0.1,analytics,reference,PASS,5,1,0,0,0,0,0,
q12_product_segment_revenue,2,0.1,analytics,post_join_filter,PASS,6,1,0,0,0,0,0,
q12_product_segment_revenue,2,0.1,analytics,view_barrier,PASS,16,1,1,1,0,0,0,
q12_product_segment_revenue,2,0.1,analytics,predicate_injection,PASS,5,1,0,0,0,0,0,
q12_product_segment_revenue,2,0.1,analytics,pcqv_forced,PASS,5,1,0,0,0,0,0,
q12_product_segment_revenue,2,0.1,analytics,pcqv,PASS,5,1,0,0,0,0,0,
q12_product_segment_revenue,2,0.1,analytics,oracle_order,PASS,5,1,0,0,0,0,0,
q12_product_segment_revenue,2,0.1,support,reference,PASS,5,1,0,0,0,0,0,
q12_product_segment_revenue,2,0.1,support,post_join_filter,PASS,6,1,0,0,0,0,0,
q12_product_segment_revenue,2,0.1,support,view_barrier,PASS,16,1,1,1,0,0,0,
q12_product_segment_revenue,2,0.1,support,predicate_injection,PASS,5,1,0,0,0,0,0,
q12_product_segment_revenue,2,0.1,support,pcqv_forced,PASS,5,1,0,0,0,0,0,
q12_product_segment_revenue,2,0.1,support,pcqv,PASS,5,1,0,0,0,0,0,
q12_product_segment_revenue,2,0.1,support,oracle_order,PASS,5,1,0,0,0,0,0,
q12_product_segment_revenue,2,0.1,billing,reference,PASS,5,1,0,0,0,0,0,
q12_product_segment_revenue,2,0.1,billing,post_join_filter,PASS,6,1,0,0,0,0,0,
q12_product_segment_revenue,2,0.1,billing,view_barrier,PASS,16,1,1,1,0,0,0,
q12_product_segment_revenue,2,0.1,billing,predicate_injection,PASS,5,1,0,0,0,0,0,
q12_product_segment_revenue,2,0.1,billing,pcqv_forced,PASS,5,1,0,0,0,0,0,
q12_product_segment_revenue,2,0.1,billing,pcqv,PASS,5,1,0,0,0,0,0,
q12_product_segment_revenue,2,0.1,billing,oracle_order,PASS,5,1,0,0,0,0,0,
q12_product_segment_revenue,2,0.5,analytics,reference,PASS,6,1,0,0,0,0,0,
q12_product_segment_revenue,2,0.5,analytics,post_join_filter,PASS,7,1,0,0,0,0,0,
q12_product_segment_revenue,2,0.5,analytics,view_barrier,PASS,16,1,1,1,0,0,0,
q12_product_segment_revenue,2,0.5,analytics,predicate_injection,PASS,6,1,0,0,0,0,0,
q12_product_segment_revenue,2,0.5,analytics,pcqv_forced,PASS,6,1,0,0,0,0,0,
q12_product_segment_revenue,2,0.5,analytics,pcqv,PASS,6,1,0,0,0,0,0,
q12_product_segment_revenue,2,0.5,analytics,oracle_order,PASS,6,1,0,0,0,0,0,
q12_product_segment_revenue,2,0.5,support,reference,PASS,6,1,0,0,0,0,0,
q12_product_segment_revenue,2,0.5,support,post_join_filter,PASS,7,1,0,0,0,0,0,
q12_product_segment_revenue,2,0.5,support,view_barrier,PASS,16,1,1,1,0,0,0,
q12_product_segment_revenue,2,0.5,support,predicate_injection,PASS,6,1,0,0,0,0,0,
q12_product_segment_revenue,2,0.5,support,pcqv_forced,PASS,6,1,0,0,0,0,0,
q12_product_segment_revenue,2,0.5,support,pcqv,PASS,6,1,0,0,0,0,0,
q12_product_segment_revenue,2,0.5,support,oracle_order,PASS,6,1,0,0,0,0,0,
q12_product_segment_revenue,2,0.5,billing,reference,PASS,6,1,0,0,0,0,0,
q12_product_segment_revenue,2,0.5,billing,post_join_filter,PASS,7,1,0,0,0,0,0,
q12_product_segment_revenue,2,0.5,billing,view_barrier,PASS,16,1,1,1,0,0,0,
q12_product_segment_revenue,2,0.5,billing,predicate_injection,PASS,6,1,0,0,0,0,0,
q12_product_segment_revenue,2,0.5,billing,pcqv_forced,PASS,6,1,0,0,0,0,0,
q12_product_segment_revenue,2,0.5,billing,pcqv,PASS,6,1,0,0,0,0,0,
q12_product_segment_revenue,2,0.5,billing,oracle_order,PASS,6,1,0,0,0,0,0,
q12_product_segment_revenue,3,0.025,analytics,reference,PASS,5,1,0,0,0,0,0,
q12_product_segment_revenue,3,0.025,analytics,post_join_filter,PASS,5,1,0,0,0,0,0,
q12_product_segment_revenue,3,0.025,analytics,view_barrier,PASS,15,1,1,1,0,0,0,
q12_product_segment_revenue,3,0.025,analytics,predicate_injection,PASS,5,1,0,0,0,0,0,
q12_product_segment_revenue,3,0.025,analytics,pcqv_forced,PASS,5,1,0,0,0,0,0,
q12_product_segment_revenue,3,0.025,analytics,pcqv,PASS,5,1,0,0,0,0,0,
q12_product_segment_revenue,3,0.025,analytics,oracle_order,PASS,6,1,0,0,0,0,0,
q12_product_segment_revenue,3,0.025,support,reference,PASS,5,1,0,0,0,0,0,
q12_product_segment_revenue,3,0.025,support,post_join_filter,PASS,5,1,0,0,0,0,0,
q12_product_segment_revenue,3,0.025,support,view_barrier,PASS,15,1,1,1,0,0,0,
q12_product_segment_revenue,3,0.025,support,predicate_injection,PASS,5,1,0,0,0,0,0,
q12_product_segment_revenue,3,0.025,support,pcqv_forced,PASS,5,1,0,0,0,0,0,
q12_product_segment_revenue,3,0.025,support,pcqv,PASS,5,1,0,0,0,0,0,
q12_product_segment_revenue,3,0.025,support,oracle_order,PASS,6,1,0,0,0,0,0,
q12_product_segment_revenue,3,0.025,billing,reference,PASS,5,1,0,0,0,0,0,
q12_product_segment_revenue,3,0.025,billing,post_join_filter,PASS,5,1,0,0,0,0,0,
q12_product_segment_revenue,3,0.025,billing,view_barrier,PASS,15,1,1,1,0,0,0,
q12_product_segment_revenue,3,0.025,billing,predicate_injection,PASS,5,1,0,0,0,0,0,
q12_product_segment_revenue,3,0.025,billing,pcqv_forced,PASS,5,1,0,0,0,0,0,
q12_product_segment_revenue,3,0.025,billing,pcqv,PASS,5,1,0,0,0,0,0,
q12_product_segment_revenue,3,0.025,billing,oracle_order,PASS,6,1,0,0,0,0,0,
q12_product_segment_revenue,3,0.1,analytics,reference,PASS,5,1,0,0,0,0,0,
q12_product_segment_revenue,3,0.1,analytics,post_join_filter,PASS,6,1,0,0,0,0,0,
q12_product_segment_revenue,3,0.1,analytics,view_barrier,PASS,16,1,1,1,0,0,0,
q12_product_segment_revenue,3,0.1,analytics,predicate_injection,PASS,5,1,0,0,0,0,0,
q12_product_segment_revenue,3,0.1,analytics,pcqv_forced,PASS,5,1,0,0,0,0,0,
q12_product_segment_revenue,3,0.1,analytics,pcqv,PASS,5,1,0,0,0,0,0,
q12_product_segment_revenue,3,0.1,analytics,oracle_order,PASS,5,1,0,0,0,0,0,
q12_product_segment_revenue,3,0.1,support,reference,PASS,5,1,0,0,0,0,0,
q12_product_segment_revenue,3,0.1,support,post_join_filter,PASS,6,1,0,0,0,0,0,
q12_product_segment_revenue,3,0.1,support,view_barrier,PASS,16,1,1,1,0,0,0,
q12_product_segment_revenue,3,0.1,support,predicate_injection,PASS,5,1,0,0,0,0,0,
q12_product_segment_revenue,3,0.1,support,pcqv_forced,PASS,5,1,0,0,0,0,0,
q12_product_segment_revenue,3,0.1,support,pcqv,PASS,5,1,0,0,0,0,0,
q12_product_segment_revenue,3,0.1,support,oracle_order,PASS,5,1,0,0,0,0,0,
q12_product_segment_revenue,3,0.1,billing,reference,PASS,5,1,0,0,0,0,0,
q12_product_segment_revenue,3,0.1,billing,post_join_filter,PASS,6,1,0,0,0,0,0,
q12_product_segment_revenue,3,0.1,billing,view_barrier,PASS,16,1,1,1,0,0,0,
q12_product_segment_revenue,3,0.1,billing,predicate_injection,PASS,5,1,0,0,0,0,0,
q12_product_segment_revenue,3,0.1,billing,pcqv_forced,PASS,5,1,0,0,0,0,0,
q12_product_segment_revenue,3,0.1,billing,pcqv,PASS,5,1,0,0,0,0,0,
q12_product_segment_revenue,3,0.1,billing,oracle_order,PASS,5,1,0,0,0,0,0,
q12_product_segment_revenue,3,0.5,analytics,reference,PASS,6,1,0,0,0,0,0,
q12_product_segment_revenue,3,0.5,analytics,post_join_filter,PASS,6,1,1,0,0,0,0,
q12_product_segment_revenue,3,0.5,analytics,view_barrier,PASS,16,1,1,1,0,0,0,
q12_product_segment_revenue,3,0.5,analytics,predicate_injection,PASS,6,1,0,0,0,0,0,
q12_product_segment_revenue,3,0.5,analytics,pcqv_forced,PASS,6,1,0,0,0,0,0,
q12_product_segment_revenue,3,0.5,analytics,pcqv,PASS,6,1,0,0,0,0,0,
q12_product_segment_revenue,3,0.5,analytics,oracle_order,PASS,6,1,0,0,0,0,0,
q12_product_segment_revenue,3,0.5,support,reference,PASS,6,1,0,0,0,0,0,
q12_product_segment_revenue,3,0.5,support,post_join_filter,PASS,6,1,1,0,0,0,0,
q12_product_segment_revenue,3,0.5,support,view_barrier,PASS,16,1,1,1,0,0,0,
q12_product_segment_revenue,3,0.5,support,predicate_injection,PASS,6,1,0,0,0,0,0,
q12_product_segment_revenue,3,0.5,support,pcqv_forced,PASS,6,1,0,0,0,0,0,
q12_product_segment_revenue,3,0.5,support,pcqv,PASS,6,1,0,0,0,0,0,
q12_product_segment_revenue,3,0.5,support,oracle_order,PASS,6,1,0,0,0,0,0,
q12_product_segment_revenue,3,0.5,billing,reference,PASS,6,1,0,0,0,0,0,
q12_product_segment_revenue,3,0.5,billing,post_join_filter,PASS,6,1,1,0,0,0,0,
q12_product_segment_revenue,3,0.5,billing,view_barrier,PASS,16,1,1,1,0,0,0,
q12_product_segment_revenue,3,0.5,billing,predicate_injection,PASS,6,1,0,0,0,0,0,
q12_product_segment_revenue,3,0.5,billing,pcqv_forced,PASS,6,1,0,0,0,0,0,
q12_product_segment_revenue,3,0.5,billing,pcqv,PASS,6,1,0,0,0,0,0,
q12_product_segment_revenue,3,0.5,billing,oracle_order,PASS,6,1,0,0,0,0,0,
q12_product_segment_revenue,4,0.025,analytics,reference,PASS,9,1,0,1,0,0,0,
q12_product_segment_revenue,4,0.025,analytics,post_join_filter,PASS,5,1,0,0,0,0,0,
q12_product_segment_revenue,4,0.025,analytics,view_barrier,PASS,19,1,1,1,0,0,0,
q12_product_segment_revenue,4,0.025,analytics,predicate_injection,PASS,9,1,0,1,0,0,0,
q12_product_segment_revenue,4,0.025,analytics,pcqv_forced,PASS,9,1,0,1,0,0,0,
q12_product_segment_revenue,4,0.025,analytics,pcqv,PASS,9,1,0,1,0,0,0,
q12_product_segment_revenue,4,0.025,analytics,oracle_order,PASS,9,1,0,1,0,0,0,
q12_product_segment_revenue,4,0.025,support,reference,PASS,9,1,0,1,0,0,0,
q12_product_segment_revenue,4,0.025,support,post_join_filter,PASS,5,1,0,0,0,0,0,
q12_product_segment_revenue,4,0.025,support,view_barrier,PASS,19,1,1,1,0,0,0,
q12_product_segment_revenue,4,0.025,support,predicate_injection,PASS,9,1,0,1,0,0,0,
q12_product_segment_revenue,4,0.025,support,pcqv_forced,PASS,9,1,0,1,0,0,0,
q12_product_segment_revenue,4,0.025,support,pcqv,PASS,9,1,0,1,0,0,0,
q12_product_segment_revenue,4,0.025,support,oracle_order,PASS,9,1,0,1,0,0,0,
q12_product_segment_revenue,4,0.025,billing,reference,PASS,9,1,0,1,0,0,0,
q12_product_segment_revenue,4,0.025,billing,post_join_filter,PASS,5,1,0,0,0,0,0,
q12_product_segment_revenue,4,0.025,billing,view_barrier,PASS,19,1,1,1,0,0,0,
q12_product_segment_revenue,4,0.025,billing,predicate_injection,PASS,9,1,0,1,0,0,0,
q12_product_segment_revenue,4,0.025,billing,pcqv_forced,PASS,9,1,0,1,0,0,0,
q12_product_segment_revenue,4,0.025,billing,pcqv,PASS,9,1,0,1,0,0,0,
q12_product_segment_revenue,4,0.025,billing,oracle_order,PASS,9,1,0,1,0,0,0,
q12_product_segment_revenue,4,0.1,analytics,reference,PASS,9,1,0,1,0,0,0,
q12_product_segment_revenue,4,0.1,analytics,post_join_filter,PASS,6,1,0,0,0,0,0,
q12_product_segment_revenue,4,0.1,analytics,view_barrier,PASS,20,1,1,1,0,0,0,
q12_product_segment_revenue,4,0.1,analytics,predicate_injection,PASS,9,1,0,1,0,0,0,
q12_product_segment_revenue,4,0.1,analytics,pcqv_forced,PASS,9,1,0,1,0,0,0,
q12_product_segment_revenue,4,0.1,analytics,pcqv,PASS,9,1,0,1,0,0,0,
q12_product_segment_revenue,4,0.1,analytics,oracle_order,PASS,9,1,0,1,0,0,0,
q12_product_segment_revenue,4,0.1,support,reference,PASS,9,1,0,1,0,0,0,
q12_product_segment_revenue,4,0.1,support,post_join_filter,PASS,6,1,0,0,0,0,0,
q12_product_segment_revenue,4,0.1,support,view_barrier,PASS,20,1,1,1,0,0,0,
q12_product_segment_revenue,4,0.1,support,predicate_injection,PASS,9,1,0,1,0,0,0,
q12_product_segment_revenue,4,0.1,support,pcqv_forced,PASS,9,1,0,1,0,0,0,
q12_product_segment_revenue,4,0.1,support,pcqv,PASS,9,1,0,1,0,0,0,
q12_product_segment_revenue,4,0.1,support,oracle_order,PASS,9,1,0,1,0,0,0,
q12_product_segment_revenue,4,0.1,billing,reference,PASS,9,1,0,1,0,0,0,
q12_product_segment_revenue,4,0.1,billing,post_join_filter,PASS,6,1,0,0,0,0,0,
q12_product_segment_revenue,4,0.1,billing,view_barrier,PASS,20,1,1,1,0,0,0,
q12_product_segment_revenue,4,0.1,billing,predicate_injection,PASS,9,1,0,1,0,0,0,
q12_product_segment_revenue,4,0.1,billing,pcqv_forced,PASS,9,1,0,1,0,0,0,
q12_product_segment_revenue,4,0.1,billing,pcqv,PASS,9,1,0,1,0,0,0,
q12_product_segment_revenue,4,0.1,billing,oracle_order,PASS,9,1,0,1,0,0,0,
q12_product_segment_revenue,4,0.5,analytics,reference,PASS,10,1,0,1,0,0,0,
q12_product_segment_revenue,4,0.5,analytics,post_join_filter,PASS,6,1,1,0,0,0,0,
q12_product_segment_revenue,4,0.5,analytics,view_barrier,PASS,20,1,1,1,0,0,0,
q12_product_segment_revenue,4,0.5,analytics,predicate_injection,PASS,10,1,0,1,0,0,0,
q12_product_segment_revenue,4,0.5,analytics,pcqv_forced,PASS,10,1,0,1,0,0,0,
q12_product_segment_revenue,4,0.5,analytics,pcqv,PASS,10,1,0,1,0,0,0,
q12_product_segment_revenue,4,0.5,analytics,oracle_order,PASS,10,1,0,1,0,0,0,
q12_product_segment_revenue,4,0.5,support,reference,PASS,10,1,0,1,0,0,0,
q12_product_segment_revenue,4,0.5,support,post_join_filter,PASS,6,1,1,0,0,0,0,
q12_product_segment_revenue,4,0.5,support,view_barrier,PASS,20,1,1,1,0,0,0,
q12_product_segment_revenue,4,0.5,support,predicate_injection,PASS,10,1,0,1,0,0,0,
q12_product_segment_revenue,4,0.5,support,pcqv_forced,PASS,10,1,0,1,0,0,0,
q12_product_segment_revenue,4,0.5,support,pcqv,PASS,10,1,0,1,0,0,0,
q12_product_segment_revenue,4,0.5,support,oracle_order,PASS,10,1,0,1,0,0,0,
q12_product_segment_revenue,4,0.5,billing,reference,PASS,10,1,0,1,0,0,0,
q12_product_segment_revenue,4,0.5,billing,post_join_filter,PASS,6,1,1,0,0,0,0,
q12_product_segment_revenue,4,0.5,billing,view_barrier,PASS,20,1,1,1,0,0,0,
q12_product_segment_revenue,4,0.5,billing,predicate_injection,PASS,10,1,0,1,0,0,0,
q12_product_segment_revenue,4,0.5,billing,pcqv_forced,PASS,10,1,0,1,0,0,0,
q12_product_segment_revenue,4,0.5,billing,pcqv,PASS,10,1,0,1,0,0,0,
q12_product_segment_revenue,4,0.5,billing,oracle_order,PASS,10,1,0,1,0,0,0,
q12_product_segment_revenue,5,0.025,analytics,reference,PASS,11,1,0,1,0,0,0,
q12_product_segment_revenue,5,0.025,analytics,post_join_filter,PASS,7,1,0,1,0,0,0,
q12_product_segment_revenue,5,0.025,analytics,view_barrier,PASS,22,1,1,1,0,0,0,
q12_product_segment_revenue,5,0.025,analytics,predicate_injection,PASS,11,1,0,1,0,0,0,
q12_product_segment_revenue,5,0.025,analytics,pcqv_forced,PASS,11,1,0,1,0,0,0,
q12_product_segment_revenue,5,0.025,analytics,pcqv,PASS,11,1,0,1,0,0,0,
q12_product_segment_revenue,5,0.025,analytics,oracle_order,PASS,11,1,0,1,0,0,0,
q12_product_segment_revenue,5,0.025,support,reference,PASS,11,1,0,1,0,0,0,
q12_product_segment_revenue,5,0.025,support,post_join_filter,PASS,7,1,0,1,0,0,0,
q12_product_segment_revenue,5,0.025,support,view_barrier,PASS,22,1,1,1,0,0,0,
q12_product_segment_revenue,5,0.025,support,predicate_injection,PASS,11,1,0,1,0,0,0,
q12_product_segment_revenue,5,0.025,support,pcqv_forced,PASS,11,1,0,1,0,0,0,
q12_product_segment_revenue,5,0.025,support,pcqv,PASS,11,1,0,1,0,0,0,
q12_product_segment_revenue,5,0.025,support,oracle_order,PASS,11,1,0,1,0,0,0,
q12_product_segment_revenue,5,0.025,billing,reference,PASS,11,1,0,1,0,0,0,
q12_product_segment_revenue,5,0.025,billing,post_join_filter,PASS,7,1,0,1,0,0,0,
q12_product_segment_revenue,5,0.025,billing,view_barrier,PASS,22,1,1,1,0,0,0,
q12_product_segment_revenue,5,0.025,billing,predicate_injection,PASS,11,1,0,1,0,0,0,
q12_product_segment_revenue,5,0.025,billing,pcqv_forced,PASS,11,1,0,1,0,0,0,
q12_product_segment_revenue,5,0.025,billing,pcqv,PASS,11,1,0,1,0,0,0,
q12_product_segment_revenue,5,0.025,billing,oracle_order,PASS,11,1,0,1,0,0,0,
q12_product_segment_revenue,5,0.1,analytics,reference,PASS,12,1,0,1,0,0,0,
q12_product_segment_revenue,5,0.1,analytics,post_join_filter,PASS,8,1,0,1,0,0,0,
q12_product_segment_revenue,5,0.1,analytics,view_barrier,PASS,22,1,1,1,0,0,0,
q12_product_segment_revenue,5,0.1,analytics,predicate_injection,PASS,12,1,0,1,0,0,0,
q12_product_segment_revenue,5,0.1,analytics,pcqv_forced,PASS,12,1,0,1,0,0,0,
q12_product_segment_revenue,5,0.1,analytics,pcqv,PASS,12,1,0,1,0,0,0,
q12_product_segment_revenue,5,0.1,analytics,oracle_order,PASS,12,1,0,1,0,0,0,
q12_product_segment_revenue,5,0.1,support,reference,PASS,12,1,0,1,0,0,0,
q12_product_segment_revenue,5,0.1,support,post_join_filter,PASS,8,1,0,1,0,0,0,
q12_product_segment_revenue,5,0.1,support,view_barrier,PASS,22,1,1,1,0,0,0,
q12_product_segment_revenue,5,0.1,support,predicate_injection,PASS,12,1,0,1,0,0,0,
q12_product_segment_revenue,5,0.1,support,pcqv_forced,PASS,12,1,0,1,0,0,0,
q12_product_segment_revenue,5,0.1,support,pcqv,PASS,12,1,0,1,0,0,0,
q12_product_segment_revenue,5,0.1,support,oracle_order,PASS,12,1,0,1,0,0,0,
q12_product_segment_revenue,5,0.1,billing,reference,PASS,12,1,0,1,0,0,0,
q12_product_segment_revenue,5,0.1,billing,post_join_filter,PASS,8,1,0,1,0,0,0,
q12_product_segment_revenue,5,0.1,billing,view_barrier,PASS,22,1,1,1,0,0,0,
q12_product_segment_revenue,5,0.1,billing,predicate_injection,PASS,12,1,0,1,0,0,0,
q12_product_segment_revenue,5,0.1,billing,pcqv_forced,PASS,12,1,0,1,0,0,0,
q12_product_segment_revenue,5,0.1,billing,pcqv,PASS,12,1,0,1,0,0,0,
q12_product_segment_revenue,5,0.1,billing,oracle_order,PASS,12,1,0,1,0,0,0,
q12_product_segment_revenue,5,0.5,analytics,reference,PASS,12,1,0,1,0,0,0,
q12_product_segment_revenue,5,0.5,analytics,post_join_filter,PASS,8,1,1,1,0,0,0,
q12_product_segment_revenue,5,0.5,analytics,view_barrier,PASS,22,1,1,1,0,0,0,
q12_product_segment_revenue,5,0.5,analytics,predicate_injection,PASS,12,1,0,1,0,0,0,
q12_product_segment_revenue,5,0.5,analytics,pcqv_forced,PASS,12,1,0,1,0,0,0,
q12_product_segment_revenue,5,0.5,analytics,pcqv,PASS,12,1,0,1,0,0,0,
q12_product_segment_revenue,5,0.5,analytics,oracle_order,PASS,12,1,0,1,0,0,0,
q12_product_segment_revenue,5,0.5,support,reference,PASS,12,1,0,1,0,0,0,
q12_product_segment_revenue,5,0.5,support,post_join_filter,PASS,8,1,1,1,0,0,0,
q12_product_segment_revenue,5,0.5,support,view_barrier,PASS,22,1,1,1,0,0,0,
q12_product_segment_revenue,5,0.5,support,predicate_injection,PASS,12,1,0,1,0,0,0,
q12_product_segment_revenue,5,0.5,support,pcqv_forced,PASS,12,1,0,1,0,0,0,
q12_product_segment_revenue,5,0.5,support,pcqv,PASS,12,1,0,1,0,0,0,
q12_product_segment_revenue,5,0.5,support,oracle_order,PASS,12,1,0,1,0,0,0,
q12_product_segment_revenue,5,0.5,billing,reference,PASS,12,1,0,1,0,0,0,
q12_product_segment_revenue,5,0.5,billing,post_join_filter,PASS,8,1,1,1,0,0,0,
q12_product_segment_revenue,5,0.5,billing,view_barrier,PASS,22,1,1,1,0,0,0,
q12_product_segment_revenue,5,0.5,billing,predicate_injection,PASS,12,1,0,1,0,0,0,
q12_product_segment_revenue,5,0.5,billing,pcqv_forced,PASS,12,1,0,1,0,0,0,
q12_product_segment_revenue,5,0.5,billing,pcqv,PASS,12,1,0,1,0,0,0,
q12_product_segment_revenue,5,0.5,billing,oracle_order,PASS,12,1,0,1,0,0,0,
q12_product_segment_revenue,6,0.025,analytics,reference,PASS,11,1,0,1,0,0,0,
q12_product_segment_revenue,6,0.025,analytics,post_join_filter,PASS,7,1,0,1,0,0,0,
q12_product_segment_revenue,6,0.025,analytics,view_barrier,PASS,22,1,1,1,0,0,0,
q12_product_segment_revenue,6,0.025,analytics,predicate_injection,PASS,11,1,0,1,0,0,0,
q12_product_segment_revenue,6,0.025,analytics,pcqv_forced,PASS,11,1,0,1,0,0,0,
q12_product_segment_revenue,6,0.025,analytics,pcqv,PASS,11,1,0,1,0,0,0,
q12_product_segment_revenue,6,0.025,analytics,oracle_order,PASS,11,1,0,1,0,0,0,
q12_product_segment_revenue,6,0.025,support,reference,PASS,11,1,0,1,0,0,0,
q12_product_segment_revenue,6,0.025,support,post_join_filter,PASS,7,1,0,1,0,0,0,
q12_product_segment_revenue,6,0.025,support,view_barrier,PASS,22,1,1,1,0,0,0,
q12_product_segment_revenue,6,0.025,support,predicate_injection,PASS,11,1,0,1,0,0,0,
q12_product_segment_revenue,6,0.025,support,pcqv_forced,PASS,11,1,0,1,0,0,0,
q12_product_segment_revenue,6,0.025,support,pcqv,PASS,11,1,0,1,0,0,0,
q12_product_segment_revenue,6,0.025,support,oracle_order,PASS,11,1,0,1,0,0,0,
q12_product_segment_revenue,6,0.025,billing,reference,PASS,11,1,0,1,0,0,0,
q12_product_segment_revenue,6,0.025,billing,post_join_filter,PASS,7,1,0,1,0,0,0,
q12_product_segment_revenue,6,0.025,billing,view_barrier,PASS,22,1,1,1,0,0,0,
q12_product_segment_revenue,6,0.025,billing,predicate_injection,PASS,11,1,0,1,0,0,0,
q12_product_segment_revenue,6,0.025,billing,pcqv_forced,PASS,11,1,0,1,0,0,0,
q12_product_segment_revenue,6,0.025,billing,pcqv,PASS,11,1,0,1,0,0,0,
q12_product_segment_revenue,6,0.025,billing,oracle_order,PASS,11,1,0,1,0,0,0,
q12_product_segment_revenue,6,0.1,analytics,reference,PASS,12,1,0,1,0,0,0,
q12_product_segment_revenue,6,0.1,analytics,post_join_filter,PASS,8,1,0,1,0,0,0,
q12_product_segment_revenue,6,0.1,analytics,view_barrier,PASS,22,1,1,1,0,0,0,
q12_product_segment_revenue,6,0.1,analytics,predicate_injection,PASS,12,1,0,1,0,0,0,
q12_product_segment_revenue,6,0.1,analytics,pcqv_forced,PASS,12,1,0,1,0,0,0,
q12_product_segment_revenue,6,0.1,analytics,pcqv,PASS,12,1,0,1,0,0,0,
q12_product_segment_revenue,6,0.1,analytics,oracle_order,PASS,12,1,0,1,0,0,0,
q12_product_segment_revenue,6,0.1,support,reference,PASS,12,1,0,1,0,0,0,
q12_product_segment_revenue,6,0.1,support,post_join_filter,PASS,8,1,0,1,0,0,0,
q12_product_segment_revenue,6,0.1,support,view_barrier,PASS,22,1,1,1,0,0,0,
q12_product_segment_revenue,6,0.1,support,predicate_injection,PASS,12,1,0,1,0,0,0,
q12_product_segment_revenue,6,0.1,support,pcqv_forced,PASS,12,1,0,1,0,0,0,
q12_product_segment_revenue,6,0.1,support,pcqv,PASS,12,1,0,1,0,0,0,
q12_product_segment_revenue,6,0.1,support,oracle_order,PASS,12,1,0,1,0,0,0,
q12_product_segment_revenue,6,0.1,billing,reference,PASS,12,1,0,1,0,0,0,
q12_product_segment_revenue,6,0.1,billing,post_join_filter,PASS,8,1,0,1,0,0,0,
q12_product_segment_revenue,6,0.1,billing,view_barrier,PASS,22,1,1,1,0,0,0,
q12_product_segment_revenue,6,0.1,billing,predicate_injection,PASS,12,1,0,1,0,0,0,
q12_product_segment_revenue,6,0.1,billing,pcqv_forced,PASS,12,1,0,1,0,0,0,
q12_product_segment_revenue,6,0.1,billing,pcqv,PASS,12,1,0,1,0,0,0,
q12_product_segment_revenue,6,0.1,billing,oracle_order,PASS,12,1,0,1,0,0,0,
q12_product_segment_revenue,6,0.5,analytics,reference,PASS,12,1,0,1,0,0,0,
q12_product_segment_revenue,6,0.5,analytics,post_join_filter,PASS,8,1,1,1,0,0,0,
q12_product_segment_revenue,6,0.5,analytics,view_barrier,PASS,22,1,1,1,0,0,0,
q12_product_segment_revenue,6,0.5,analytics,predicate_injection,PASS,12,1,0,1,0,0,0,
q12_product_segment_revenue,6,0.5,analytics,pcqv_forced,PASS,12,1,0,1,0,0,0,
q12_product_segment_revenue,6,0.5,analytics,pcqv,PASS,12,1,0,1,0,0,0,
q12_product_segment_revenue,6,0.5,analytics,oracle_order,PASS,12,1,0,1,0,0,0,
q12_product_segment_revenue,6,0.5,support,reference,PASS,12,1,0,1,0,0,0,
q12_product_segment_revenue,6,0.5,support,post_join_filter,PASS,8,1,1,1,0,0,0,
q12_product_segment_revenue,6,0.5,support,view_barrier,PASS,22,1,1,1,0,0,0,
q12_product_segment_revenue,6,0.5,support,predicate_injection,PASS,12,1,0,1,0,0,0,
q12_product_segment_revenue,6,0.5,support,pcqv_forced,PASS,12,1,0,1,0,0,0,
q12_product_segment_revenue,6,0.5,support,pcqv,PASS,12,1,0,1,0,0,0,
q12_product_segment_revenue,6,0.5,support,oracle_order,PASS,12,1,0,1,0,0,0,
q12_product_segment_revenue,6,0.5,billing,reference,PASS,12,1,0,1,0,0,0,
q12_product_segment_revenue,6,0.5,billing,post_join_filter,PASS,8,1,1,1,0,0,0,
q12_product_segment_revenue,6,0.5,billing,view_barrier,PASS,22,1,1,1,0,0,0,
q12_product_segment_revenue,6,0.5,billing,predicate_injection,PASS,12,1,0,1,0,0,0,
q12_product_segment_revenue,6,0.5,billing,pcqv_forced,PASS,12,1,0,1,0,0,0,
q12_product_segment_revenue,6,0.5,billing,pcqv,PASS,12,1,0,1,0,0,0,
q12_product_segment_revenue,6,0.5,billing,oracle_order,PASS,12,1,0,1,0,0,0,
q13_order_lineitem_rows,1,0.025,analytics,reference,PASS,3,1,0,0,0,0,0,
q13_order_lineitem_rows,1,0.025,analytics,post_join_filter,PASS,3,1,0,0,0,0,0,
q13_order_lineitem_rows,1,0.025,analytics,view_barrier,PASS,8,1,1,1,0,0,0,
q13_order_lineitem_rows,1,0.025,analytics,predicate_injection,PASS,3,1,0,0,0,0,0,
q13_order_lineitem_rows,1,0.025,analytics,pcqv_forced,PASS,3,1,0,0,0,0,0,
q13_order_lineitem_rows,1,0.025,analytics,pcqv,PASS,3,1,0,0,0,0,0,
q13_order_lineitem_rows,1,0.025,analytics,oracle_order,PASS,3,1,0,0,0,0,0,
q13_order_lineitem_rows,1,0.025,support,reference,PASS,3,1,0,0,0,0,0,
q13_order_lineitem_rows,1,0.025,support,post_join_filter,PASS,3,1,0,0,0,0,0,
q13_order_lineitem_rows,1,0.025,support,view_barrier,PASS,8,1,1,1,0,0,0,
q13_order_lineitem_rows,1,0.025,support,predicate_injection,PASS,3,1,0,0,0,0,0,
q13_order_lineitem_rows,1,0.025,support,pcqv_forced,PASS,3,1,0,0,0,0,0,
q13_order_lineitem_rows,1,0.025,support,pcqv,PASS,3,1,0,0,0,0,0,
q13_order_lineitem_rows,1,0.025,support,oracle_order,PASS,3,1,0,0,0,0,0,
q13_order_lineitem_rows,1,0.025,billing,reference,PASS,3,1,0,0,0,0,0,
q13_order_lineitem_rows,1,0.025,billing,post_join_filter,PASS,3,1,0,0,0,0,0,
q13_order_lineitem_rows,1,0.025,billing,view_barrier,PASS,8,1,1,1,0,0,0,
q13_order_lineitem_rows,1,0.025,billing,predicate_injection,PASS,3,1,0,0,0,0,0,
q13_order_lineitem_rows,1,0.025,billing,pcqv_forced,PASS,3,1,0,0,0,0,0,
q13_order_lineitem_rows,1,0.025,billing,pcqv,PASS,3,1,0,0,0,0,0,
q13_order_lineitem_rows,1,0.025,billing,oracle_order,PASS,3,1,0,0,0,0,0,
q13_order_lineitem_rows,1,0.1,analytics,reference,PASS,3,1,0,0,0,0,0,
q13_order_lineitem_rows,1,0.1,analytics,post_join_filter,PASS,3,1,0,0,0,0,0,
q13_order_lineitem_rows,1,0.1,analytics,view_barrier,PASS,8,1,1,1,0,0,0,
q13_order_lineitem_rows,1,0.1,analytics,predicate_injection,PASS,3,1,0,0,0,0,0,
q13_order_lineitem_rows,1,0.1,analytics,pcqv_forced,PASS,3,1,0,0,0,0,0,
q13_order_lineitem_rows,1,0.1,analytics,pcqv,PASS,3,1,0,0,0,0,0,
q13_order_lineitem_rows,1,0.1,analytics,oracle_order,PASS,3,1,0,0,0,0,0,
q13_order_lineitem_rows,1,0.1,support,reference,PASS,3,1,0,0,0,0,0,
q13_order_lineitem_rows,1,0.1,support,post_join_filter,PASS,3,1,0,0,0,0,0,
q13_order_lineitem_rows,1,0.1,support,view_barrier,PASS,8,1,1,1,0,0,0,
q13_order_lineitem_rows,1,0.1,support,predicate_injection,PASS,3,1,0,0,0,0,0,
q13_order_lineitem_rows,1,0.1,support,pcqv_forced,PASS,3,1,0,0,0,0,0,
q13_order_lineitem_rows,1,0.1,support,pcqv,PASS,3,1,0,0,0,0,0,
q13_order_lineitem_rows,1,0.1,support,oracle_order,PASS,3,1,0,0,0,0,0,
q13_order_lineitem_rows,1,0.1,billing,reference,PASS,3,1,0,0,0,0,0,
q13_order_lineitem_rows,1,0.1,billing,post_join_filter,PASS,3,1,0,0,0,0,0,
q13_order_lineitem_rows,1,0.1,billing,view_barrier,PASS,8,1,1,1,0,0,0,
q13_order_lineitem_rows,1,0.1,billing,predicate_injection,PASS,3,1,0,0,0,0,0,
q13_order_lineitem_rows,1,0.1,billing,pcqv_forced,PASS,3,1,0,0,0,0,0,
q13_order_lineitem_rows,1,0.1,billing,pcqv,PASS,3,1,0,0,0,0,0,
q13_order_lineitem_rows,1,0.1,billing,oracle_order,PASS,3,1,0,0,0,0,0,
q13_order_lineitem_rows,1,0.5,analytics,reference,PASS,3,1,0,0,0,0,0,
q13_order_lineitem_rows,1,0.5,analytics,post_join_filter,PASS,3,1,0,0,0,0,0,
q13_order_lineitem_rows,1,0.5,analytics,view_barrier,PASS,8,1,1,1,0,0,0,
q13_order_lineitem_rows,1,0.5,analytics,predicate_injection,PASS,3,1,0,0,0,0,0,
q13_order_lineitem_rows,1,0.5,analytics,pcqv_forced,PASS,3,1,0,0,0,0,0,
q13_order_lineitem_rows,1,0.5,analytics,pcqv,PASS,3,1,0,0,0,0,0,
q13_order_lineitem_rows,1,0.5,analytics,oracle_order,PASS,3,1,0,0,0,0,0,
q13_order_lineitem_rows,1,0.5,support,reference,PASS,3,1,0,0,0,0,0,
q13_order_lineitem_rows,1,0.5,support,post_join_filter,PASS,3,1,0,0,0,0,0,
q13_order_lineitem_rows,1,0.5,support,view_barrier,PASS,8,1,1,1,0,0,0,
q13_order_lineitem_rows,1,0.5,support,predicate_injection,PASS,3,1,0,0,0,0,0,
q13_order_lineitem_rows,1,0.5,support,pcqv_forced,PASS,3,1,0,0,0,0,0,
q13_order_lineitem_rows,1,0.5,support,pcqv,PASS,3,1,0,0,0,0,0,
q13_order_lineitem_rows,1,0.5,support,oracle_order,PASS,3,1,0,0,0,0,0,
q13_order_lineitem_rows,1,0.5,billing,reference,PASS,3,1,0,0,0,0,0,
q13_order_lineitem_rows,1,0.5,billing,post_join_filter,PASS,3,1,0,0,0,0,0,
q13_order_lineitem_rows,1,0.5,billing,view_barrier,PASS,8,1,1,1,0,0,0,
q13_order_lineitem_rows,1,0.5,billing,predicate_injection,PASS,3,1,0,0,0,0,0,
q13_order_lineitem_rows,1,0.5,billing,pcqv_forced,PASS,3,1,0,0,0,0,0,
q13_order_lineitem_rows,1,0.5,billing,pcqv,PASS,3,1,0,0,0,0,0,
q13_order_lineitem_rows,1,0.5,billing,oracle_order,PASS,3,1,0,0,0,0,0,
q13_order_lineitem_rows,2,0.025,analytics,reference,PASS,3,1,0,0,0,0,0,
q13_order_lineitem_rows,2,0.025,analytics,post_join_filter,PASS,3,1,0,0,0,0,0,
q13_order_lineitem_rows,2,0.025,analytics,view_barrier,PASS,8,1,1,1,0,0,0,
q13_order_lineitem_rows,2,0.025,analytics,predicate_injection,PASS,3,1,0,0,0,0,0,
q13_order_lineitem_rows,2,0.025,analytics,pcqv_forced,PASS,3,1,0,0,0,0,0,
q13_order_lineitem_rows,2,0.025,analytics,pcqv,PASS,3,1,0,0,0,0,0,
q13_order_lineitem_rows,2,0.025,analytics,oracle_order,PASS,3,1,0,0,0,0,0,
q13_order_lineitem_rows,2,0.025,support,reference,PASS,3,1,0,0,0,0,0,
q13_order_lineitem_rows,2,0.025,support,post_join_filter,PASS,3,1,0,0,0,0,0,
q13_order_lineitem_rows,2,0.025,support,view_barrier,PASS,8,1,1,1,0,0,0,
q13_order_lineitem_rows,2,0.025,support,predicate_injection,PASS,3,1,0,0,0,0,0,
q13_order_lineitem_rows,2,0.025,support,pcqv_forced,PASS,3,1,0,0,0,0,0,
q13_order_lineitem_rows,2,0.025,support,pcqv,PASS,3,1,0,0,0,0,0,
q13_order_lineitem_rows,2,0.025,support,oracle_order,PASS,3,1,0,0,0,0,0,
q13_order_lineitem_rows,2,0.025,billing,reference,PASS,3,1,0,0,0,0,0,
q13_order_lineitem_rows,2,0.025,billing,post_join_filter,PASS,3,1,0,0,0,0,0,
q13_order_lineitem_rows,2,0.025,billing,view_barrier,PASS,8,1,1,1,0,0,0,
q13_order_lineitem_rows,2,0.025,billing,predicate_injection,PASS,3,1,0,0,0,0,0,
q13_order_lineitem_rows,2,0.025,billing,pcqv_forced,PASS,3,1,0,0,0,0,0,
q13_order_lineitem_rows,2,0.025,billing,pcqv,PASS,3,1,0,0,0,0,0,
q13_order_lineitem_rows,2,0.025,billing,oracle_order,PASS,3,1,0,0,0,0,0,
q13_order_lineitem_rows,2,0.1,analytics,reference,PASS,3,1,0,0,0,0,0,
q13_order_lineitem_rows,2,0.1,analytics,post_join_filter,PASS,3,1,0,0,0,0,0,
q13_order_lineitem_rows,2,0.1,analytics,view_barrier,PASS,8,1,1,1,0,0,0,
q13_order_lineitem_rows,2,0.1,analytics,predicate_injection,PASS,3,1,0,0,0,0,0,
q13_order_lineitem_rows,2,0.1,analytics,pcqv_forced,PASS,3,1,0,0,0,0,0,
q13_order_lineitem_rows,2,0.1,analytics,pcqv,PASS,3,1,0,0,0,0,0,
q13_order_lineitem_rows,2,0.1,analytics,oracle_order,PASS,3,1,0,0,0,0,0,
q13_order_lineitem_rows,2,0.1,support,reference,PASS,3,1,0,0,0,0,0,
q13_order_lineitem_rows,2,0.1,support,post_join_filter,PASS,3,1,0,0,0,0,0,
q13_order_lineitem_rows,2,0.1,support,view_barrier,PASS,8,1,1,1,0,0,0,
q13_order_lineitem_rows,2,0.1,support,predicate_injection,PASS,3,1,0,0,0,0,0,
q13_order_lineitem_rows,2,0.1,support,pcqv_forced,PASS,3,1,0,0,0,0,0,
q13_order_lineitem_rows,2,0.1,support,pcqv,PASS,3,1,0,0,0,0,0,
q13_order_lineitem_rows,2,0.1,support,oracle_order,PASS,3,1,0,0,0,0,0,
q13_order_lineitem_rows,2,0.1,billing,reference,PASS,3,1,0,0,0,0,0,
q13_order_lineitem_rows,2,0.1,billing,post_join_filter,PASS,3,1,0,0,0,0,0,
q13_order_lineitem_rows,2,0.1,billing,view_barrier,PASS,8,1,1,1,0,0,0,
q13_order_lineitem_rows,2,0.1,billing,predicate_injection,PASS,3,1,0,0,0,0,0,
q13_order_lineitem_rows,2,0.1,billing,pcqv_forced,PASS,3,1,0,0,0,0,0,
q13_order_lineitem_rows,2,0.1,billing,pcqv,PASS,3,1,0,0,0,0,0,
q13_order_lineitem_rows,2,0.1,billing,oracle_order,PASS,3,1,0,0,0,0,0,
q13_order_lineitem_rows,2,0.5,analytics,reference,PASS,3,1,0,0,0,0,0,
q13_order_lineitem_rows,2,0.5,analytics,post_join_filter,PASS,3,1,0,0,0,0,0,
q13_order_lineitem_rows,2,0.5,analytics,view_barrier,PASS,8,1,1,1,0,0,0,
q13_order_lineitem_rows,2,0.5,analytics,predicate_injection,PASS,3,1,0,0,0,0,0,
q13_order_lineitem_rows,2,0.5,analytics,pcqv_forced,PASS,3,1,0,0,0,0,0,
q13_order_lineitem_rows,2,0.5,analytics,pcqv,PASS,3,1,0,0,0,0,0,
q13_order_lineitem_rows,2,0.5,analytics,oracle_order,PASS,3,1,0,0,0,0,0,
q13_order_lineitem_rows,2,0.5,support,reference,PASS,3,1,0,0,0,0,0,
q13_order_lineitem_rows,2,0.5,support,post_join_filter,PASS,3,1,0,0,0,0,0,
q13_order_lineitem_rows,2,0.5,support,view_barrier,PASS,8,1,1,1,0,0,0,
q13_order_lineitem_rows,2,0.5,support,predicate_injection,PASS,3,1,0,0,0,0,0,
q13_order_lineitem_rows,2,0.5,support,pcqv_forced,PASS,3,1,0,0,0,0,0,
q13_order_lineitem_rows,2,0.5,support,pcqv,PASS,3,1,0,0,0,0,0,
q13_order_lineitem_rows,2,0.5,support,oracle_order,PASS,3,1,0,0,0,0,0,
q13_order_lineitem_rows,2,0.5,billing,reference,PASS,3,1,0,0,0,0,0,
q13_order_lineitem_rows,2,0.5,billing,post_join_filter,PASS,3,1,0,0,0,0,0,
q13_order_lineitem_rows,2,0.5,billing,view_barrier,PASS,8,1,1,1,0,0,0,
q13_order_lineitem_rows,2,0.5,billing,predicate_injection,PASS,3,1,0,0,0,0,0,
q13_order_lineitem_rows,2,0.5,billing,pcqv_forced,PASS,3,1,0,0,0,0,0,
q13_order_lineitem_rows,2,0.5,billing,pcqv,PASS,3,1,0,0,0,0,0,
q13_order_lineitem_rows,2,0.5,billing,oracle_order,PASS,3,1,0,0,0,0,0,
q13_order_lineitem_rows,3,0.025,analytics,reference,PASS,3,1,0,0,0,0,0,
q13_order_lineitem_rows,3,0.025,analytics,post_join_filter,PASS,3,1,0,0,0,0,0,
q13_order_lineitem_rows,3,0.025,analytics,view_barrier,PASS,8,1,1,1,0,0,0,
q13_order_lineitem_rows,3,0.025,analytics,predicate_injection,PASS,3,1,0,0,0,0,0,
q13_order_lineitem_rows,3,0.025,analytics,pcqv_forced,PASS,3,1,0,0,0,0,0,
q13_order_lineitem_rows,3,0.025,analytics,pcqv,PASS,3,1,0,0,0,0,0,
q13_order_lineitem_rows,3,0.025,analytics,oracle_order,PASS,3,1,0,0,0,0,0,
q13_order_lineitem_rows,3,0.025,support,reference,PASS,3,1,0,0,0,0,0,
q13_order_lineitem_rows,3,0.025,support,post_join_filter,PASS,3,1,0,0,0,0,0,
q13_order_lineitem_rows,3,0.025,support,view_barrier,PASS,8,1,1,1,0,0,0,
q13_order_lineitem_rows,3,0.025,support,predicate_injection,PASS,3,1,0,0,0,0,0,
q13_order_lineitem_rows,3,0.025,support,pcqv_forced,PASS,3,1,0,0,0,0,0,
q13_order_lineitem_rows,3,0.025,support,pcqv,PASS,3,1,0,0,0,0,0,
q13_order_lineitem_rows,3,0.025,support,oracle_order,PASS,3,1,0,0,0,0,0,
q13_order_lineitem_rows,3,0.025,billing,reference,PASS,3,1,0,0,0,0,0,
q13_order_lineitem_rows,3,0.025,billing,post_join_filter,PASS,3,1,0,0,0,0,0,
q13_order_lineitem_rows,3,0.025,billing,view_barrier,PASS,8,1,1,1,0,0,0,
q13_order_lineitem_rows,3,0.025,billing,predicate_injection,PASS,3,1,0,0,0,0,0,
q13_order_lineitem_rows,3,0.025,billing,pcqv_forced,PASS,3,1,0,0,0,0,0,
q13_order_lineitem_rows,3,0.025,billing,pcqv,PASS,3,1,0,0,0,0,0,
q13_order_lineitem_rows,3,0.025,billing,oracle_order,PASS,3,1,0,0,0,0,0,
q13_order_lineitem_rows,3,0.1,analytics,reference,PASS,3,1,0,0,0,0,0,
q13_order_lineitem_rows,3,0.1,analytics,post_join_filter,PASS,3,1,0,0,0,0,0,
q13_order_lineitem_rows,3,0.1,analytics,view_barrier,PASS,8,1,1,1,0,0,0,
q13_order_lineitem_rows,3,0.1,analytics,predicate_injection,PASS,3,1,0,0,0,0,0,
q13_order_lineitem_rows,3,0.1,analytics,pcqv_forced,PASS,3,1,0,0,0,0,0,
q13_order_lineitem_rows,3,0.1,analytics,pcqv,PASS,3,1,0,0,0,0,0,
q13_order_lineitem_rows,3,0.1,analytics,oracle_order,PASS,3,1,0,0,0,0,0,
q13_order_lineitem_rows,3,0.1,support,reference,PASS,3,1,0,0,0,0,0,
q13_order_lineitem_rows,3,0.1,support,post_join_filter,PASS,3,1,0,0,0,0,0,
q13_order_lineitem_rows,3,0.1,support,view_barrier,PASS,8,1,1,1,0,0,0,
q13_order_lineitem_rows,3,0.1,support,predicate_injection,PASS,3,1,0,0,0,0,0,
q13_order_lineitem_rows,3,0.1,support,pcqv_forced,PASS,3,1,0,0,0,0,0,
q13_order_lineitem_rows,3,0.1,support,pcqv,PASS,3,1,0,0,0,0,0,
q13_order_lineitem_rows,3,0.1,support,oracle_order,PASS,3,1,0,0,0,0,0,
q13_order_lineitem_rows,3,0.1,billing,reference,PASS,3,1,0,0,0,0,0,
q13_order_lineitem_rows,3,0.1,billing,post_join_filter,PASS,3,1,0,0,0,0,0,
q13_order_lineitem_rows,3,0.1,billing,view_barrier,PASS,8,1,1,1,0,0,0,
q13_order_lineitem_rows,3,0.1,billing,predicate_injection,PASS,3,1,0,0,0,0,0,
q13_order_lineitem_rows,3,0.1,billing,pcqv_forced,PASS,3,1,0,0,0,0,0,
q13_order_lineitem_rows,3,0.1,billing,pcqv,PASS,3,1,0,0,0,0,0,
q13_order_lineitem_rows,3,0.1,billing,oracle_order,PASS,3,1,0,0,0,0,0,
q13_order_lineitem_rows,3,0.5,analytics,reference,PASS,3,1,0,0,0,0,0,
q13_order_lineitem_rows,3,0.5,analytics,post_join_filter,PASS,3,1,0,0,0,0,0,
q13_order_lineitem_rows,3,0.5,analytics,view_barrier,PASS,8,1,1,1,0,0,0,
q13_order_lineitem_rows,3,0.5,analytics,predicate_injection,PASS,3,1,0,0,0,0,0,
q13_order_lineitem_rows,3,0.5,analytics,pcqv_forced,PASS,3,1,0,0,0,0,0,
q13_order_lineitem_rows,3,0.5,analytics,pcqv,PASS,3,1,0,0,0,0,0,
q13_order_lineitem_rows,3,0.5,analytics,oracle_order,PASS,3,1,0,0,0,0,0,
q13_order_lineitem_rows,3,0.5,support,reference,PASS,3,1,0,0,0,0,0,
q13_order_lineitem_rows,3,0.5,support,post_join_filter,PASS,3,1,0,0,0,0,0,
q13_order_lineitem_rows,3,0.5,support,view_barrier,PASS,8,1,1,1,0,0,0,
q13_order_lineitem_rows,3,0.5,support,predicate_injection,PASS,3,1,0,0,0,0,0,
q13_order_lineitem_rows,3,0.5,support,pcqv_forced,PASS,3,1,0,0,0,0,0,
q13_order_lineitem_rows,3,0.5,support,pcqv,PASS,3,1,0,0,0,0,0,
q13_order_lineitem_rows,3,0.5,support,oracle_order,PASS,3,1,0,0,0,0,0,
q13_order_lineitem_rows,3,0.5,billing,reference,PASS,3,1,0,0,0,0,0,
q13_order_lineitem_rows,3,0.5,billing,post_join_filter,PASS,3,1,0,0,0,0,0,
q13_order_lineitem_rows,3,0.5,billing,view_barrier,PASS,8,1,1,1,0,0,0,
q13_order_lineitem_rows,3,0.5,billing,predicate_injection,PASS,3,1,0,0,0,0,0,
q13_order_lineitem_rows,3,0.5,billing,pcqv_forced,PASS,3,1,0,0,0,0,0,
q13_order_lineitem_rows,3,0.5,billing,pcqv,PASS,3,1,0,0,0,0,0,
q13_order_lineitem_rows,3,0.5,billing,oracle_order,PASS,3,1,0,0,0,0,0,
q13_order_lineitem_rows,4,0.025,analytics,reference,PASS,7,1,0,1,0,0,0,
q13_order_lineitem_rows,4,0.025,analytics,post_join_filter,PASS,5,1,0,1,0,0,0,
q13_order_lineitem_rows,4,0.025,analytics,view_barrier,PASS,12,1,1,1,0,0,0,
q13_order_lineitem_rows,4,0.025,analytics,predicate_injection,PASS,7,1,0,1,0,0,0,
q13_order_lineitem_rows,4,0.025,analytics,pcqv_forced,PASS,7,1,0,1,0,0,0,
q13_order_lineitem_rows,4,0.025,analytics,pcqv,PASS,7,1,0,1,0,0,0,
q13_order_lineitem_rows,4,0.025,analytics,oracle_order,PASS,7,1,0,1,0,0,0,
q13_order_lineitem_rows,4,0.025,support,reference,PASS,7,1,0,1,0,0,0,
q13_order_lineitem_rows,4,0.025,support,post_join_filter,PASS,5,1,0,1,0,0,0,
q13_order_lineitem_rows,4,0.025,support,view_barrier,PASS,12,1,1,1,0,0,0,
q13_order_lineitem_rows,4,0.025,support,predicate_injection,PASS,7,1,0,1,0,0,0,
q13_order_lineitem_rows,4,0.025,support,pcqv_forced,PASS,7,1,0,1,0,0,0,
q13_order_lineitem_rows,4,0.025,support,pcqv,PASS,7,1,0,1,0,0,0,
q13_order_lineitem_rows,4,0.025,support,oracle_order,PASS,7,1,0,1,0,0,0,
q13_order_lineitem_rows,4,0.025,billing,reference,PASS,7,1,0,1,0,0,0,
q13_order_lineitem_rows,4,0.025,billing,post_join_filter,PASS,5,1,0,1,0,0,0,
q13_order_lineitem_rows,4,0.025,billing,view_barrier,PASS,12,1,1,1,0,0,0,
q13_order_lineitem_rows,4,0.025,billing,predicate_injection,PASS,7,1,0,1,0,0,0,
q13_order_lineitem_rows,4,0.025,billing,pcqv_forced,PASS,7,1,0,1,0,0,0,
q13_order_lineitem_rows,4,0.025,billing,pcqv,PASS,7,1,0,1,0,0,0,
q13_order_lineitem_rows,4,0.025,billing,oracle_order,PASS,7,1,0,1,0,0,0,
q13_order_lineitem_rows,4,0.1,analytics,reference,PASS,7,1,0,1,0,0,0,
q13_order_lineitem_rows,4,0.1,analytics,post_join_filter,PASS,5,1,0,1,0,0,0,
q13_order_lineitem_rows,4,0.1,analytics,view_barrier,PASS,12,1,1,1,0,0,0,
q13_order_lineitem_rows,4,0.1,analytics,predicate_injection,PASS,7,1,0,1,0,0,0,
q13_order_lineitem_rows,4,0.1,analytics,pcqv_forced,PASS,7,1,0,1,0,0,0,
q13_order_lineitem_rows,4,0.1,analytics,pcqv,PASS,7,1,0,1,0,0,0,
q13_order_lineitem_rows,4,0.1,analytics,oracle_order,PASS,7,1,0,1,0,0,0,
q13_order_lineitem_rows,4,0.1,support,reference,PASS,7,1,0,1,0,0,0,
q13_order_lineitem_rows,4,0.1,support,post_join_filter,PASS,5,1,0,1,0,0,0,
q13_order_lineitem_rows,4,0.1,support,view_barrier,PASS,12,1,1,1,0,0,0,
q13_order_lineitem_rows,4,0.1,support,predicate_injection,PASS,7,1,0,1,0,0,0,
q13_order_lineitem_rows,4,0.1,support,pcqv_forced,PASS,7,1,0,1,0,0,0,
q13_order_lineitem_rows,4,0.1,support,pcqv,PASS,7,1,0,1,0,0,0,
q13_order_lineitem_rows,4,0.1,support,oracle_order,PASS,7,1,0,1,0,0,0,
q13_order_lineitem_rows,4,0.1,billing,reference,PASS,7,1,0,1,0,0,0,
q13_order_lineitem_rows,4,0.1,billing,post_join_filter,PASS,5,1,0,1,0,0,0,
q13_order_lineitem_rows,4,0.1,billing,view_barrier,PASS,12,1,1,1,0,0,0,
q13_order_lineitem_rows,4,0.1,billing,predicate_injection,PASS,7,1,0,1,0,0,0,
q13_order_lineitem_rows,4,0.1,billing,pcqv_forced,PASS,7,1,0,1,0,0,0,
q13_order_lineitem_rows,4,0.1,billing,pcqv,PASS,7,1,0,1,0,0,0,
q13_order_lineitem_rows,4,0.1,billing,oracle_order,PASS,7,1,0,1,0,0,0,
q13_order_lineitem_rows,4,0.5,analytics,reference,PASS,7,1,0,1,0,0,0,
q13_order_lineitem_rows,4,0.5,analytics,post_join_filter,PASS,5,1,0,1,0,0,0,
q13_order_lineitem_rows,4,0.5,analytics,view_barrier,PASS,12,1,1,1,0,0,0,
q13_order_lineitem_rows,4,0.5,analytics,predicate_injection,PASS,7,1,0,1,0,0,0,
q13_order_lineitem_rows,4,0.5,analytics,pcqv_forced,PASS,7,1,0,1,0,0,0,
q13_order_lineitem_rows,4,0.5,analytics,pcqv,PASS,7,1,0,1,0,0,0,
q13_order_lineitem_rows,4,0.5,analytics,oracle_order,PASS,7,1,0,1,0,0,0,
q13_order_lineitem_rows,4,0.5,support,reference,PASS,7,1,0,1,0,0,0,
q13_order_lineitem_rows,4,0.5,support,post_join_filter,PASS,5,1,0,1,0,0,0,
q13_order_lineitem_rows,4,0.5,support,view_barrier,PASS,12,1,1,1,0,0,0,
q13_order_lineitem_rows,4,0.5,support,predicate_injection,PASS,7,1,0,1,0,0,0,
q13_order_lineitem_rows,4,0.5,support,pcqv_forced,PASS,7,1,0,1,0,0,0,
q13_order_lineitem_rows,4,0.5,support,pcqv,PASS,7,1,0,1,0,0,0,
q13_order_lineitem_rows,4,0.5,support,oracle_order,PASS,7,1,0,1,0,0,0,
q13_order_lineitem_rows,4,0.5,billing,reference,PASS,7,1,0,1,0,0,0,
q13_order_lineitem_rows,4,0.5,billing,post_join_filter,PASS,5,1,0,1,0,0,0,
q13_order_lineitem_rows,4,0.5,billing,view_barrier,PASS,12,1,1,1,0,0,0,
q13_order_lineitem_rows,4,0.5,billing,predicate_injection,PASS,7,1,0,1,0,0,0,
q13_order_lineitem_rows,4,0.5,billing,pcqv_forced,PASS,7,1,0,1,0,0,0,
q13_order_lineitem_rows,4,0.5,billing,pcqv,PASS,7,1,0,1,0,0,0,
q13_order_lineitem_rows,4,0.5,billing,oracle_order,PASS,7,1,0,1,0,0,0,
q13_order_lineitem_rows,5,0.025,analytics,reference,PASS,7,1,0,1,0,0,0,
q13_order_lineitem_rows,5,0.025,analytics,post_join_filter,PASS,5,1,0,1,0,0,0,
q13_order_lineitem_rows,5,0.025,analytics,view_barrier,PASS,12,1,1,1,0,0,0,
q13_order_lineitem_rows,5,0.025,analytics,predicate_injection,PASS,7,1,0,1,0,0,0,
q13_order_lineitem_rows,5,0.025,analytics,pcqv_forced,PASS,7,1,0,1,0,0,0,
q13_order_lineitem_rows,5,0.025,analytics,pcqv,PASS,7,1,0,1,0,0,0,
q13_order_lineitem_rows,5,0.025,analytics,oracle_order,PASS,7,1,0,1,0,0,0,
q13_order_lineitem_rows,5,0.025,support,reference,PASS,7,1,0,1,0,0,0,
q13_order_lineitem_rows,5,0.025,support,post_join_filter,PASS,5,1,0,1,0,0,0,
q13_order_lineitem_rows,5,0.025,support,view_barrier,PASS,12,1,1,1,0,0,0,
q13_order_lineitem_rows,5,0.025,support,predicate_injection,PASS,7,1,0,1,0,0,0,
q13_order_lineitem_rows,5,0.025,support,pcqv_forced,PASS,7,1,0,1,0,0,0,
q13_order_lineitem_rows,5,0.025,support,pcqv,PASS,7,1,0,1,0,0,0,
q13_order_lineitem_rows,5,0.025,support,oracle_order,PASS,7,1,0,1,0,0,0,
q13_order_lineitem_rows,5,0.025,billing,reference,PASS,7,1,0,1,0,0,0,
q13_order_lineitem_rows,5,0.025,billing,post_join_filter,PASS,5,1,0,1,0,0,0,
q13_order_lineitem_rows,5,0.025,billing,view_barrier,PASS,12,1,1,1,0,0,0,
q13_order_lineitem_rows,5,0.025,billing,predicate_injection,PASS,7,1,0,1,0,0,0,
q13_order_lineitem_rows,5,0.025,billing,pcqv_forced,PASS,7,1,0,1,0,0,0,
q13_order_lineitem_rows,5,0.025,billing,pcqv,PASS,7,1,0,1,0,0,0,
q13_order_lineitem_rows,5,0.025,billing,oracle_order,PASS,7,1,0,1,0,0,0,
q13_order_lineitem_rows,5,0.1,analytics,reference,PASS,7,1,0,1,0,0,0,
q13_order_lineitem_rows,5,0.1,analytics,post_join_filter,PASS,5,1,0,1,0,0,0,
q13_order_lineitem_rows,5,0.1,analytics,view_barrier,PASS,12,1,1,1,0,0,0,
q13_order_lineitem_rows,5,0.1,analytics,predicate_injection,PASS,7,1,0,1,0,0,0,
q13_order_lineitem_rows,5,0.1,analytics,pcqv_forced,PASS,7,1,0,1,0,0,0,
q13_order_lineitem_rows,5,0.1,analytics,pcqv,PASS,7,1,0,1,0,0,0,
q13_order_lineitem_rows,5,0.1,analytics,oracle_order,PASS,7,1,0,1,0,0,0,
q13_order_lineitem_rows,5,0.1,support,reference,PASS,7,1,0,1,0,0,0,
q13_order_lineitem_rows,5,0.1,support,post_join_filter,PASS,5,1,0,1,0,0,0,
q13_order_lineitem_rows,5,0.1,support,view_barrier,PASS,12,1,1,1,0,0,0,
q13_order_lineitem_rows,5,0.1,support,predicate_injection,PASS,7,1,0,1,0,0,0,
q13_order_lineitem_rows,5,0.1,support,pcqv_forced,PASS,7,1,0,1,0,0,0,
q13_order_lineitem_rows,5,0.1,support,pcqv,PASS,7,1,0,1,0,0,0,
q13_order_lineitem_rows,5,0.1,support,oracle_order,PASS,7,1,0,1,0,0,0,
q13_order_lineitem_rows,5,0.1,billing,reference,PASS,7,1,0,1,0,0,0,
q13_order_lineitem_rows,5,0.1,billing,post_join_filter,PASS,5,1,0,1,0,0,0,
q13_order_lineitem_rows,5,0.1,billing,view_barrier,PASS,12,1,1,1,0,0,0,
q13_order_lineitem_rows,5,0.1,billing,predicate_injection,PASS,7,1,0,1,0,0,0,
q13_order_lineitem_rows,5,0.1,billing,pcqv_forced,PASS,7,1,0,1,0,0,0,
q13_order_lineitem_rows,5,0.1,billing,pcqv,PASS,7,1,0,1,0,0,0,
q13_order_lineitem_rows,5,0.1,billing,oracle_order,PASS,7,1,0,1,0,0,0,
q13_order_lineitem_rows,5,0.5,analytics,reference,PASS,7,1,0,1,0,0,0,
q13_order_lineitem_rows,5,0.5,analytics,post_join_filter,PASS,5,1,0,1,0,0,0,
q13_order_lineitem_rows,5,0.5,analytics,view_barrier,PASS,12,1,1,1,0,0,0,
q13_order_lineitem_rows,5,0.5,analytics,predicate_injection,PASS,7,1,0,1,0,0,0,
q13_order_lineitem_rows,5,0.5,analytics,pcqv_forced,PASS,7,1,0,1,0,0,0,
q13_order_lineitem_rows,5,0.5,analytics,pcqv,PASS,7,1,0,1,0,0,0,
q13_order_lineitem_rows,5,0.5,analytics,oracle_order,PASS,7,1,0,1,0,0,0,
q13_order_lineitem_rows,5,0.5,support,reference,PASS,7,1,0,1,0,0,0,
q13_order_lineitem_rows,5,0.5,support,post_join_filter,PASS,5,1,0,1,0,0,0,
q13_order_lineitem_rows,5,0.5,support,view_barrier,PASS,12,1,1,1,0,0,0,
q13_order_lineitem_rows,5,0.5,support,predicate_injection,PASS,7,1,0,1,0,0,0,
q13_order_lineitem_rows,5,0.5,support,pcqv_forced,PASS,7,1,0,1,0,0,0,
q13_order_lineitem_rows,5,0.5,support,pcqv,PASS,7,1,0,1,0,0,0,
q13_order_lineitem_rows,5,0.5,support,oracle_order,PASS,7,1,0,1,0,0,0,
q13_order_lineitem_rows,5,0.5,billing,reference,PASS,7,1,0,1,0,0,0,
q13_order_lineitem_rows,5,0.5,billing,post_join_filter,PASS,5,1,0,1,0,0,0,
q13_order_lineitem_rows,5,0.5,billing,view_barrier,PASS,12,1,1,1,0,0,0,
q13_order_lineitem_rows,5,0.5,billing,predicate_injection,PASS,7,1,0,1,0,0,0,
q13_order_lineitem_rows,5,0.5,billing,pcqv_forced,PASS,7,1,0,1,0,0,0,
q13_order_lineitem_rows,5,0.5,billing,pcqv,PASS,7,1,0,1,0,0,0,
q13_order_lineitem_rows,5,0.5,billing,oracle_order,PASS,7,1,0,1,0,0,0,
q13_order_lineitem_rows,6,0.025,analytics,reference,PASS,7,1,0,1,0,0,0,
q13_order_lineitem_rows,6,0.025,analytics,post_join_filter,PASS,5,1,0,1,0,0,0,
q13_order_lineitem_rows,6,0.025,analytics,view_barrier,PASS,12,1,1,1,0,0,0,
q13_order_lineitem_rows,6,0.025,analytics,predicate_injection,PASS,7,1,0,1,0,0,0,
q13_order_lineitem_rows,6,0.025,analytics,pcqv_forced,PASS,7,1,0,1,0,0,0,
q13_order_lineitem_rows,6,0.025,analytics,pcqv,PASS,7,1,0,1,0,0,0,
q13_order_lineitem_rows,6,0.025,analytics,oracle_order,PASS,7,1,0,1,0,0,0,
q13_order_lineitem_rows,6,0.025,support,reference,PASS,7,1,0,1,0,0,0,
q13_order_lineitem_rows,6,0.025,support,post_join_filter,PASS,5,1,0,1,0,0,0,
q13_order_lineitem_rows,6,0.025,support,view_barrier,PASS,12,1,1,1,0,0,0,
q13_order_lineitem_rows,6,0.025,support,predicate_injection,PASS,7,1,0,1,0,0,0,
q13_order_lineitem_rows,6,0.025,support,pcqv_forced,PASS,7,1,0,1,0,0,0,
q13_order_lineitem_rows,6,0.025,support,pcqv,PASS,7,1,0,1,0,0,0,
q13_order_lineitem_rows,6,0.025,support,oracle_order,PASS,7,1,0,1,0,0,0,
q13_order_lineitem_rows,6,0.025,billing,reference,PASS,7,1,0,1,0,0,0,
q13_order_lineitem_rows,6,0.025,billing,post_join_filter,PASS,5,1,0,1,0,0,0,
q13_order_lineitem_rows,6,0.025,billing,view_barrier,PASS,12,1,1,1,0,0,0,
q13_order_lineitem_rows,6,0.025,billing,predicate_injection,PASS,7,1,0,1,0,0,0,
q13_order_lineitem_rows,6,0.025,billing,pcqv_forced,PASS,7,1,0,1,0,0,0,
q13_order_lineitem_rows,6,0.025,billing,pcqv,PASS,7,1,0,1,0,0,0,
q13_order_lineitem_rows,6,0.025,billing,oracle_order,PASS,7,1,0,1,0,0,0,
q13_order_lineitem_rows,6,0.1,analytics,reference,PASS,7,1,0,1,0,0,0,
q13_order_lineitem_rows,6,0.1,analytics,post_join_filter,PASS,5,1,0,1,0,0,0,
q13_order_lineitem_rows,6,0.1,analytics,view_barrier,PASS,12,1,1,1,0,0,0,
q13_order_lineitem_rows,6,0.1,analytics,predicate_injection,PASS,7,1,0,1,0,0,0,
q13_order_lineitem_rows,6,0.1,analytics,pcqv_forced,PASS,7,1,0,1,0,0,0,
q13_order_lineitem_rows,6,0.1,analytics,pcqv,PASS,7,1,0,1,0,0,0,
q13_order_lineitem_rows,6,0.1,analytics,oracle_order,PASS,7,1,0,1,0,0,0,
q13_order_lineitem_rows,6,0.1,support,reference,PASS,7,1,0,1,0,0,0,
q13_order_lineitem_rows,6,0.1,support,post_join_filter,PASS,5,1,0,1,0,0,0,
q13_order_lineitem_rows,6,0.1,support,view_barrier,PASS,12,1,1,1,0,0,0,
q13_order_lineitem_rows,6,0.1,support,predicate_injection,PASS,7,1,0,1,0,0,0,
q13_order_lineitem_rows,6,0.1,support,pcqv_forced,PASS,7,1,0,1,0,0,0,
q13_order_lineitem_rows,6,0.1,support,pcqv,PASS,7,1,0,1,0,0,0,
q13_order_lineitem_rows,6,0.1,support,oracle_order,PASS,7,1,0,1,0,0,0,
q13_order_lineitem_rows,6,0.1,billing,reference,PASS,7,1,0,1,0,0,0,
q13_order_lineitem_rows,6,0.1,billing,post_join_filter,PASS,5,1,0,1,0,0,0,
q13_order_lineitem_rows,6,0.1,billing,view_barrier,PASS,12,1,1,1,0,0,0,
q13_order_lineitem_rows,6,0.1,billing,predicate_injection,PASS,7,1,0,1,0,0,0,
q13_order_lineitem_rows,6,0.1,billing,pcqv_forced,PASS,7,1,0,1,0,0,0,
q13_order_lineitem_rows,6,0.1,billing,pcqv,PASS,7,1,0,1,0,0,0,
q13_order_lineitem_rows,6,0.1,billing,oracle_order,PASS,7,1,0,1,0,0,0,
q13_order_lineitem_rows,6,0.5,analytics,reference,PASS,7,1,0,1,0,0,0,
q13_order_lineitem_rows,6,0.5,analytics,post_join_filter,PASS,5,1,0,1,0,0,0,
q13_order_lineitem_rows,6,0.5,analytics,view_barrier,PASS,12,1,1,1,0,0,0,
q13_order_lineitem_rows,6,0.5,analytics,predicate_injection,PASS,7,1,0,1,0,0,0,
q13_order_lineitem_rows,6,0.5,analytics,pcqv_forced,PASS,7,1,0,1,0,0,0,
q13_order_lineitem_rows,6,0.5,analytics,pcqv,PASS,7,1,0,1,0,0,0,
q13_order_lineitem_rows,6,0.5,analytics,oracle_order,PASS,7,1,0,1,0,0,0,
q13_order_lineitem_rows,6,0.5,support,reference,PASS,7,1,0,1,0,0,0,
q13_order_lineitem_rows,6,0.5,support,post_join_filter,PASS,5,1,0,1,0,0,0,
q13_order_lineitem_rows,6,0.5,support,view_barrier,PASS,12,1,1,1,0,0,0,
q13_order_lineitem_rows,6,0.5,support,predicate_injection,PASS,7,1,0,1,0,0,0,
q13_order_lineitem_rows,6,0.5,support,pcqv_forced,PASS,7,1,0,1,0,0,0,
q13_order_lineitem_rows,6,0.5,support,pcqv,PASS,7,1,0,1,0,0,0,
q13_order_lineitem_rows,6,0.5,support,oracle_order,PASS,7,1,0,1,0,0,0,
q13_order_lineitem_rows,6,0.5,billing,reference,PASS,7,1,0,1,0,0,0,
q13_order_lineitem_rows,6,0.5,billing,post_join_filter,PASS,5,1,0,1,0,0,0,
q13_order_lineitem_rows,6,0.5,billing,view_barrier,PASS,12,1,1,1,0,0,0,
q13_order_lineitem_rows,6,0.5,billing,predicate_injection,PASS,7,1,0,1,0,0,0,
q13_order_lineitem_rows,6,0.5,billing,pcqv_forced,PASS,7,1,0,1,0,0,0,
q13_order_lineitem_rows,6,0.5,billing,pcqv,PASS,7,1,0,1,0,0,0,
q13_order_lineitem_rows,6,0.5,billing,oracle_order,PASS,7,1,0,1,0,0,0,
q14_support_owner_rows,1,0.025,analytics,reference,PASS,3,1,0,0,0,0,0,
q14_support_owner_rows,1,0.025,analytics,post_join_filter,PASS,3,1,0,0,0,0,0,
q14_support_owner_rows,1,0.025,analytics,view_barrier,PASS,8,1,1,1,0,0,0,
q14_support_owner_rows,1,0.025,analytics,predicate_injection,PASS,3,1,0,0,0,0,0,
q14_support_owner_rows,1,0.025,analytics,pcqv_forced,PASS,3,1,0,0,0,0,0,
q14_support_owner_rows,1,0.025,analytics,pcqv,PASS,3,1,0,0,0,0,0,
q14_support_owner_rows,1,0.025,analytics,oracle_order,PASS,3,1,0,0,0,0,0,
q14_support_owner_rows,1,0.025,support,reference,PASS,3,1,0,0,0,0,0,
q14_support_owner_rows,1,0.025,support,post_join_filter,PASS,3,1,0,0,0,0,0,
q14_support_owner_rows,1,0.025,support,view_barrier,PASS,8,1,1,1,0,0,0,
q14_support_owner_rows,1,0.025,support,predicate_injection,PASS,3,1,0,0,0,0,0,
q14_support_owner_rows,1,0.025,support,pcqv_forced,PASS,3,1,0,0,0,0,0,
q14_support_owner_rows,1,0.025,support,pcqv,PASS,3,1,0,0,0,0,0,
q14_support_owner_rows,1,0.025,support,oracle_order,PASS,3,1,0,0,0,0,0,
q14_support_owner_rows,1,0.025,billing,reference,PASS,3,1,0,0,0,0,0,
q14_support_owner_rows,1,0.025,billing,post_join_filter,PASS,3,1,0,0,0,0,0,
q14_support_owner_rows,1,0.025,billing,view_barrier,PASS,8,1,1,1,0,0,0,
q14_support_owner_rows,1,0.025,billing,predicate_injection,PASS,3,1,0,0,0,0,0,
q14_support_owner_rows,1,0.025,billing,pcqv_forced,PASS,3,1,0,0,0,0,0,
q14_support_owner_rows,1,0.025,billing,pcqv,PASS,3,1,0,0,0,0,0,
q14_support_owner_rows,1,0.025,billing,oracle_order,PASS,3,1,0,0,0,0,0,
q14_support_owner_rows,1,0.1,analytics,reference,PASS,3,1,0,0,0,0,0,
q14_support_owner_rows,1,0.1,analytics,post_join_filter,PASS,3,1,0,0,0,0,0,
q14_support_owner_rows,1,0.1,analytics,view_barrier,PASS,8,1,1,1,0,0,0,
q14_support_owner_rows,1,0.1,analytics,predicate_injection,PASS,3,1,0,0,0,0,0,
q14_support_owner_rows,1,0.1,analytics,pcqv_forced,PASS,3,1,0,0,0,0,0,
q14_support_owner_rows,1,0.1,analytics,pcqv,PASS,3,1,0,0,0,0,0,
q14_support_owner_rows,1,0.1,analytics,oracle_order,PASS,3,1,0,0,0,0,0,
q14_support_owner_rows,1,0.1,support,reference,PASS,3,1,0,0,0,0,0,
q14_support_owner_rows,1,0.1,support,post_join_filter,PASS,3,1,0,0,0,0,0,
q14_support_owner_rows,1,0.1,support,view_barrier,PASS,8,1,1,1,0,0,0,
q14_support_owner_rows,1,0.1,support,predicate_injection,PASS,3,1,0,0,0,0,0,
q14_support_owner_rows,1,0.1,support,pcqv_forced,PASS,3,1,0,0,0,0,0,
q14_support_owner_rows,1,0.1,support,pcqv,PASS,3,1,0,0,0,0,0,
q14_support_owner_rows,1,0.1,support,oracle_order,PASS,3,1,0,0,0,0,0,
q14_support_owner_rows,1,0.1,billing,reference,PASS,3,1,0,0,0,0,0,
q14_support_owner_rows,1,0.1,billing,post_join_filter,PASS,3,1,0,0,0,0,0,
q14_support_owner_rows,1,0.1,billing,view_barrier,PASS,8,1,1,1,0,0,0,
q14_support_owner_rows,1,0.1,billing,predicate_injection,PASS,3,1,0,0,0,0,0,
q14_support_owner_rows,1,0.1,billing,pcqv_forced,PASS,3,1,0,0,0,0,0,
q14_support_owner_rows,1,0.1,billing,pcqv,PASS,3,1,0,0,0,0,0,
q14_support_owner_rows,1,0.1,billing,oracle_order,PASS,3,1,0,0,0,0,0,
q14_support_owner_rows,1,0.5,analytics,reference,PASS,3,1,0,0,0,0,0,
q14_support_owner_rows,1,0.5,analytics,post_join_filter,PASS,3,1,0,0,0,0,0,
q14_support_owner_rows,1,0.5,analytics,view_barrier,PASS,8,1,1,1,0,0,0,
q14_support_owner_rows,1,0.5,analytics,predicate_injection,PASS,3,1,0,0,0,0,0,
q14_support_owner_rows,1,0.5,analytics,pcqv_forced,PASS,3,1,0,0,0,0,0,
q14_support_owner_rows,1,0.5,analytics,pcqv,PASS,3,1,0,0,0,0,0,
q14_support_owner_rows,1,0.5,analytics,oracle_order,PASS,3,1,0,0,0,0,0,
q14_support_owner_rows,1,0.5,support,reference,PASS,3,1,0,0,0,0,0,
q14_support_owner_rows,1,0.5,support,post_join_filter,PASS,3,1,0,0,0,0,0,
q14_support_owner_rows,1,0.5,support,view_barrier,PASS,8,1,1,1,0,0,0,
q14_support_owner_rows,1,0.5,support,predicate_injection,PASS,3,1,0,0,0,0,0,
q14_support_owner_rows,1,0.5,support,pcqv_forced,PASS,3,1,0,0,0,0,0,
q14_support_owner_rows,1,0.5,support,pcqv,PASS,3,1,0,0,0,0,0,
q14_support_owner_rows,1,0.5,support,oracle_order,PASS,3,1,0,0,0,0,0,
q14_support_owner_rows,1,0.5,billing,reference,PASS,3,1,0,0,0,0,0,
q14_support_owner_rows,1,0.5,billing,post_join_filter,PASS,3,1,0,0,0,0,0,
q14_support_owner_rows,1,0.5,billing,view_barrier,PASS,8,1,1,1,0,0,0,
q14_support_owner_rows,1,0.5,billing,predicate_injection,PASS,3,1,0,0,0,0,0,
q14_support_owner_rows,1,0.5,billing,pcqv_forced,PASS,3,1,0,0,0,0,0,
q14_support_owner_rows,1,0.5,billing,pcqv,PASS,3,1,0,0,0,0,0,
q14_support_owner_rows,1,0.5,billing,oracle_order,PASS,3,1,0,0,0,0,0,
q14_support_owner_rows,2,0.025,analytics,reference,PASS,3,1,0,0,0,0,0,
q14_support_owner_rows,2,0.025,analytics,post_join_filter,PASS,3,1,0,0,0,0,0,
q14_support_owner_rows,2,0.025,analytics,view_barrier,PASS,8,1,1,1,0,0,0,
q14_support_owner_rows,2,0.025,analytics,predicate_injection,PASS,3,1,0,0,0,0,0,
q14_support_owner_rows,2,0.025,analytics,pcqv_forced,PASS,3,1,0,0,0,0,0,
q14_support_owner_rows,2,0.025,analytics,pcqv,PASS,3,1,0,0,0,0,0,
q14_support_owner_rows,2,0.025,analytics,oracle_order,PASS,3,1,0,0,0,0,0,
q14_support_owner_rows,2,0.025,support,reference,PASS,3,1,0,0,0,0,0,
q14_support_owner_rows,2,0.025,support,post_join_filter,PASS,3,1,0,0,0,0,0,
q14_support_owner_rows,2,0.025,support,view_barrier,PASS,8,1,1,1,0,0,0,
q14_support_owner_rows,2,0.025,support,predicate_injection,PASS,3,1,0,0,0,0,0,
q14_support_owner_rows,2,0.025,support,pcqv_forced,PASS,3,1,0,0,0,0,0,
q14_support_owner_rows,2,0.025,support,pcqv,PASS,3,1,0,0,0,0,0,
q14_support_owner_rows,2,0.025,support,oracle_order,PASS,3,1,0,0,0,0,0,
q14_support_owner_rows,2,0.025,billing,reference,PASS,3,1,0,0,0,0,0,
q14_support_owner_rows,2,0.025,billing,post_join_filter,PASS,3,1,0,0,0,0,0,
q14_support_owner_rows,2,0.025,billing,view_barrier,PASS,8,1,1,1,0,0,0,
q14_support_owner_rows,2,0.025,billing,predicate_injection,PASS,3,1,0,0,0,0,0,
q14_support_owner_rows,2,0.025,billing,pcqv_forced,PASS,3,1,0,0,0,0,0,
q14_support_owner_rows,2,0.025,billing,pcqv,PASS,3,1,0,0,0,0,0,
q14_support_owner_rows,2,0.025,billing,oracle_order,PASS,3,1,0,0,0,0,0,
q14_support_owner_rows,2,0.1,analytics,reference,PASS,3,1,0,0,0,0,0,
q14_support_owner_rows,2,0.1,analytics,post_join_filter,PASS,3,1,0,0,0,0,0,
q14_support_owner_rows,2,0.1,analytics,view_barrier,PASS,8,1,1,1,0,0,0,
q14_support_owner_rows,2,0.1,analytics,predicate_injection,PASS,3,1,0,0,0,0,0,
q14_support_owner_rows,2,0.1,analytics,pcqv_forced,PASS,3,1,0,0,0,0,0,
q14_support_owner_rows,2,0.1,analytics,pcqv,PASS,3,1,0,0,0,0,0,
q14_support_owner_rows,2,0.1,analytics,oracle_order,PASS,3,1,0,0,0,0,0,
q14_support_owner_rows,2,0.1,support,reference,PASS,3,1,0,0,0,0,0,
q14_support_owner_rows,2,0.1,support,post_join_filter,PASS,3,1,0,0,0,0,0,
q14_support_owner_rows,2,0.1,support,view_barrier,PASS,8,1,1,1,0,0,0,
q14_support_owner_rows,2,0.1,support,predicate_injection,PASS,3,1,0,0,0,0,0,
q14_support_owner_rows,2,0.1,support,pcqv_forced,PASS,3,1,0,0,0,0,0,
q14_support_owner_rows,2,0.1,support,pcqv,PASS,3,1,0,0,0,0,0,
q14_support_owner_rows,2,0.1,support,oracle_order,PASS,3,1,0,0,0,0,0,
q14_support_owner_rows,2,0.1,billing,reference,PASS,3,1,0,0,0,0,0,
q14_support_owner_rows,2,0.1,billing,post_join_filter,PASS,3,1,0,0,0,0,0,
q14_support_owner_rows,2,0.1,billing,view_barrier,PASS,8,1,1,1,0,0,0,
q14_support_owner_rows,2,0.1,billing,predicate_injection,PASS,3,1,0,0,0,0,0,
q14_support_owner_rows,2,0.1,billing,pcqv_forced,PASS,3,1,0,0,0,0,0,
q14_support_owner_rows,2,0.1,billing,pcqv,PASS,3,1,0,0,0,0,0,
q14_support_owner_rows,2,0.1,billing,oracle_order,PASS,3,1,0,0,0,0,0,
q14_support_owner_rows,2,0.5,analytics,reference,PASS,3,1,0,0,0,0,0,
q14_support_owner_rows,2,0.5,analytics,post_join_filter,PASS,3,1,0,0,0,0,0,
q14_support_owner_rows,2,0.5,analytics,view_barrier,PASS,8,1,1,1,0,0,0,
q14_support_owner_rows,2,0.5,analytics,predicate_injection,PASS,3,1,0,0,0,0,0,
q14_support_owner_rows,2,0.5,analytics,pcqv_forced,PASS,3,1,0,0,0,0,0,
q14_support_owner_rows,2,0.5,analytics,pcqv,PASS,3,1,0,0,0,0,0,
q14_support_owner_rows,2,0.5,analytics,oracle_order,PASS,3,1,0,0,0,0,0,
q14_support_owner_rows,2,0.5,support,reference,PASS,3,1,0,0,0,0,0,
q14_support_owner_rows,2,0.5,support,post_join_filter,PASS,3,1,0,0,0,0,0,
q14_support_owner_rows,2,0.5,support,view_barrier,PASS,8,1,1,1,0,0,0,
q14_support_owner_rows,2,0.5,support,predicate_injection,PASS,3,1,0,0,0,0,0,
q14_support_owner_rows,2,0.5,support,pcqv_forced,PASS,3,1,0,0,0,0,0,
q14_support_owner_rows,2,0.5,support,pcqv,PASS,3,1,0,0,0,0,0,
q14_support_owner_rows,2,0.5,support,oracle_order,PASS,3,1,0,0,0,0,0,
q14_support_owner_rows,2,0.5,billing,reference,PASS,3,1,0,0,0,0,0,
q14_support_owner_rows,2,0.5,billing,post_join_filter,PASS,3,1,0,0,0,0,0,
q14_support_owner_rows,2,0.5,billing,view_barrier,PASS,8,1,1,1,0,0,0,
q14_support_owner_rows,2,0.5,billing,predicate_injection,PASS,3,1,0,0,0,0,0,
q14_support_owner_rows,2,0.5,billing,pcqv_forced,PASS,3,1,0,0,0,0,0,
q14_support_owner_rows,2,0.5,billing,pcqv,PASS,3,1,0,0,0,0,0,
q14_support_owner_rows,2,0.5,billing,oracle_order,PASS,3,1,0,0,0,0,0,
q14_support_owner_rows,3,0.025,analytics,reference,PASS,3,1,0,0,0,0,0,
q14_support_owner_rows,3,0.025,analytics,post_join_filter,PASS,3,1,0,0,0,0,0,
q14_support_owner_rows,3,0.025,analytics,view_barrier,PASS,8,1,1,1,0,0,0,
q14_support_owner_rows,3,0.025,analytics,predicate_injection,PASS,3,1,0,0,0,0,0,
q14_support_owner_rows,3,0.025,analytics,pcqv_forced,PASS,3,1,0,0,0,0,0,
q14_support_owner_rows,3,0.025,analytics,pcqv,PASS,3,1,0,0,0,0,0,
q14_support_owner_rows,3,0.025,analytics,oracle_order,PASS,3,1,0,0,0,0,0,
q14_support_owner_rows,3,0.025,support,reference,PASS,3,1,0,0,0,0,0,
q14_support_owner_rows,3,0.025,support,post_join_filter,PASS,3,1,0,0,0,0,0,
q14_support_owner_rows,3,0.025,support,view_barrier,PASS,8,1,1,1,0,0,0,
q14_support_owner_rows,3,0.025,support,predicate_injection,PASS,3,1,0,0,0,0,0,
q14_support_owner_rows,3,0.025,support,pcqv_forced,PASS,3,1,0,0,0,0,0,
q14_support_owner_rows,3,0.025,support,pcqv,PASS,3,1,0,0,0,0,0,
q14_support_owner_rows,3,0.025,support,oracle_order,PASS,3,1,0,0,0,0,0,
q14_support_owner_rows,3,0.025,billing,reference,PASS,3,1,0,0,0,0,0,
q14_support_owner_rows,3,0.025,billing,post_join_filter,PASS,3,1,0,0,0,0,0,
q14_support_owner_rows,3,0.025,billing,view_barrier,PASS,8,1,1,1,0,0,0,
q14_support_owner_rows,3,0.025,billing,predicate_injection,PASS,3,1,0,0,0,0,0,
q14_support_owner_rows,3,0.025,billing,pcqv_forced,PASS,3,1,0,0,0,0,0,
q14_support_owner_rows,3,0.025,billing,pcqv,PASS,3,1,0,0,0,0,0,
q14_support_owner_rows,3,0.025,billing,oracle_order,PASS,3,1,0,0,0,0,0,
q14_support_owner_rows,3,0.1,analytics,reference,PASS,3,1,0,0,0,0,0,
q14_support_owner_rows,3,0.1,analytics,post_join_filter,PASS,3,1,0,0,0,0,0,
q14_support_owner_rows,3,0.1,analytics,view_barrier,PASS,8,1,1,1,0,0,0,
q14_support_owner_rows,3,0.1,analytics,predicate_injection,PASS,3,1,0,0,0,0,0,
q14_support_owner_rows,3,0.1,analytics,pcqv_forced,PASS,3,1,0,0,0,0,0,
q14_support_owner_rows,3,0.1,analytics,pcqv,PASS,3,1,0,0,0,0,0,
q14_support_owner_rows,3,0.1,analytics,oracle_order,PASS,3,1,0,0,0,0,0,
q14_support_owner_rows,3,0.1,support,reference,PASS,3,1,0,0,0,0,0,
q14_support_owner_rows,3,0.1,support,post_join_filter,PASS,3,1,0,0,0,0,0,
q14_support_owner_rows,3,0.1,support,view_barrier,PASS,8,1,1,1,0,0,0,
q14_support_owner_rows,3,0.1,support,predicate_injection,PASS,3,1,0,0,0,0,0,
q14_support_owner_rows,3,0.1,support,pcqv_forced,PASS,3,1,0,0,0,0,0,
q14_support_owner_rows,3,0.1,support,pcqv,PASS,3,1,0,0,0,0,0,
q14_support_owner_rows,3,0.1,support,oracle_order,PASS,3,1,0,0,0,0,0,
q14_support_owner_rows,3,0.1,billing,reference,PASS,3,1,0,0,0,0,0,
q14_support_owner_rows,3,0.1,billing,post_join_filter,PASS,3,1,0,0,0,0,0,
q14_support_owner_rows,3,0.1,billing,view_barrier,PASS,8,1,1,1,0,0,0,
q14_support_owner_rows,3,0.1,billing,predicate_injection,PASS,3,1,0,0,0,0,0,
q14_support_owner_rows,3,0.1,billing,pcqv_forced,PASS,3,1,0,0,0,0,0,
q14_support_owner_rows,3,0.1,billing,pcqv,PASS,3,1,0,0,0,0,0,
q14_support_owner_rows,3,0.1,billing,oracle_order,PASS,3,1,0,0,0,0,0,
q14_support_owner_rows,3,0.5,analytics,reference,PASS,3,1,0,0,0,0,0,
q14_support_owner_rows,3,0.5,analytics,post_join_filter,PASS,3,1,0,0,0,0,0,
q14_support_owner_rows,3,0.5,analytics,view_barrier,PASS,8,1,1,1,0,0,0,
q14_support_owner_rows,3,0.5,analytics,predicate_injection,PASS,3,1,0,0,0,0,0,
q14_support_owner_rows,3,0.5,analytics,pcqv_forced,PASS,3,1,0,0,0,0,0,
q14_support_owner_rows,3,0.5,analytics,pcqv,PASS,3,1,0,0,0,0,0,
q14_support_owner_rows,3,0.5,analytics,oracle_order,PASS,3,1,0,0,0,0,0,
q14_support_owner_rows,3,0.5,support,reference,PASS,3,1,0,0,0,0,0,
q14_support_owner_rows,3,0.5,support,post_join_filter,PASS,3,1,0,0,0,0,0,
q14_support_owner_rows,3,0.5,support,view_barrier,PASS,8,1,1,1,0,0,0,
q14_support_owner_rows,3,0.5,support,predicate_injection,PASS,3,1,0,0,0,0,0,
q14_support_owner_rows,3,0.5,support,pcqv_forced,PASS,3,1,0,0,0,0,0,
q14_support_owner_rows,3,0.5,support,pcqv,PASS,3,1,0,0,0,0,0,
q14_support_owner_rows,3,0.5,support,oracle_order,PASS,3,1,0,0,0,0,0,
q14_support_owner_rows,3,0.5,billing,reference,PASS,3,1,0,0,0,0,0,
q14_support_owner_rows,3,0.5,billing,post_join_filter,PASS,3,1,0,0,0,0,0,
q14_support_owner_rows,3,0.5,billing,view_barrier,PASS,8,1,1,1,0,0,0,
q14_support_owner_rows,3,0.5,billing,predicate_injection,PASS,3,1,0,0,0,0,0,
q14_support_owner_rows,3,0.5,billing,pcqv_forced,PASS,3,1,0,0,0,0,0,
q14_support_owner_rows,3,0.5,billing,pcqv,PASS,3,1,0,0,0,0,0,
q14_support_owner_rows,3,0.5,billing,oracle_order,PASS,3,1,0,0,0,0,0,
q14_support_owner_rows,4,0.025,analytics,reference,PASS,3,1,0,0,0,0,0,
q14_support_owner_rows,4,0.025,analytics,post_join_filter,PASS,3,1,0,0,0,0,0,
q14_support_owner_rows,4,0.025,analytics,view_barrier,PASS,8,1,1,1,0,0,0,
q14_support_owner_rows,4,0.025,analytics,predicate_injection,PASS,3,1,0,0,0,0,0,
q14_support_owner_rows,4,0.025,analytics,pcqv_forced,PASS,3,1,0,0,0,0,0,
q14_support_owner_rows,4,0.025,analytics,pcqv,PASS,3,1,0,0,0,0,0,
q14_support_owner_rows,4,0.025,analytics,oracle_order,PASS,3,1,0,0,0,0,0,
q14_support_owner_rows,4,0.025,support,reference,PASS,3,1,0,0,0,0,0,
q14_support_owner_rows,4,0.025,support,post_join_filter,PASS,3,1,0,0,0,0,0,
q14_support_owner_rows,4,0.025,support,view_barrier,PASS,8,1,1,1,0,0,0,
q14_support_owner_rows,4,0.025,support,predicate_injection,PASS,3,1,0,0,0,0,0,
q14_support_owner_rows,4,0.025,support,pcqv_forced,PASS,3,1,0,0,0,0,0,
q14_support_owner_rows,4,0.025,support,pcqv,PASS,3,1,0,0,0,0,0,
q14_support_owner_rows,4,0.025,support,oracle_order,PASS,3,1,0,0,0,0,0,
q14_support_owner_rows,4,0.025,billing,reference,PASS,3,1,0,0,0,0,0,
q14_support_owner_rows,4,0.025,billing,post_join_filter,PASS,3,1,0,0,0,0,0,
q14_support_owner_rows,4,0.025,billing,view_barrier,PASS,8,1,1,1,0,0,0,
q14_support_owner_rows,4,0.025,billing,predicate_injection,PASS,3,1,0,0,0,0,0,
q14_support_owner_rows,4,0.025,billing,pcqv_forced,PASS,3,1,0,0,0,0,0,
q14_support_owner_rows,4,0.025,billing,pcqv,PASS,3,1,0,0,0,0,0,
q14_support_owner_rows,4,0.025,billing,oracle_order,PASS,3,1,0,0,0,0,0,
q14_support_owner_rows,4,0.1,analytics,reference,PASS,3,1,0,0,0,0,0,
q14_support_owner_rows,4,0.1,analytics,post_join_filter,PASS,3,1,0,0,0,0,0,
q14_support_owner_rows,4,0.1,analytics,view_barrier,PASS,8,1,1,1,0,0,0,
q14_support_owner_rows,4,0.1,analytics,predicate_injection,PASS,3,1,0,0,0,0,0,
q14_support_owner_rows,4,0.1,analytics,pcqv_forced,PASS,3,1,0,0,0,0,0,
q14_support_owner_rows,4,0.1,analytics,pcqv,PASS,3,1,0,0,0,0,0,
q14_support_owner_rows,4,0.1,analytics,oracle_order,PASS,3,1,0,0,0,0,0,
q14_support_owner_rows,4,0.1,support,reference,PASS,3,1,0,0,0,0,0,
q14_support_owner_rows,4,0.1,support,post_join_filter,PASS,3,1,0,0,0,0,0,
q14_support_owner_rows,4,0.1,support,view_barrier,PASS,8,1,1,1,0,0,0,
q14_support_owner_rows,4,0.1,support,predicate_injection,PASS,3,1,0,0,0,0,0,
q14_support_owner_rows,4,0.1,support,pcqv_forced,PASS,3,1,0,0,0,0,0,
q14_support_owner_rows,4,0.1,support,pcqv,PASS,3,1,0,0,0,0,0,
q14_support_owner_rows,4,0.1,support,oracle_order,PASS,3,1,0,0,0,0,0,
q14_support_owner_rows,4,0.1,billing,reference,PASS,3,1,0,0,0,0,0,
q14_support_owner_rows,4,0.1,billing,post_join_filter,PASS,3,1,0,0,0,0,0,
q14_support_owner_rows,4,0.1,billing,view_barrier,PASS,8,1,1,1,0,0,0,
q14_support_owner_rows,4,0.1,billing,predicate_injection,PASS,3,1,0,0,0,0,0,
q14_support_owner_rows,4,0.1,billing,pcqv_forced,PASS,3,1,0,0,0,0,0,
q14_support_owner_rows,4,0.1,billing,pcqv,PASS,3,1,0,0,0,0,0,
q14_support_owner_rows,4,0.1,billing,oracle_order,PASS,3,1,0,0,0,0,0,
q14_support_owner_rows,4,0.5,analytics,reference,PASS,3,1,0,0,0,0,0,
q14_support_owner_rows,4,0.5,analytics,post_join_filter,PASS,3,1,0,0,0,0,0,
q14_support_owner_rows,4,0.5,analytics,view_barrier,PASS,8,1,1,1,0,0,0,
q14_support_owner_rows,4,0.5,analytics,predicate_injection,PASS,3,1,0,0,0,0,0,
q14_support_owner_rows,4,0.5,analytics,pcqv_forced,PASS,3,1,0,0,0,0,0,
q14_support_owner_rows,4,0.5,analytics,pcqv,PASS,3,1,0,0,0,0,0,
q14_support_owner_rows,4,0.5,analytics,oracle_order,PASS,3,1,0,0,0,0,0,
q14_support_owner_rows,4,0.5,support,reference,PASS,3,1,0,0,0,0,0,
q14_support_owner_rows,4,0.5,support,post_join_filter,PASS,3,1,0,0,0,0,0,
q14_support_owner_rows,4,0.5,support,view_barrier,PASS,8,1,1,1,0,0,0,
q14_support_owner_rows,4,0.5,support,predicate_injection,PASS,3,1,0,0,0,0,0,
q14_support_owner_rows,4,0.5,support,pcqv_forced,PASS,3,1,0,0,0,0,0,
q14_support_owner_rows,4,0.5,support,pcqv,PASS,3,1,0,0,0,0,0,
q14_support_owner_rows,4,0.5,support,oracle_order,PASS,3,1,0,0,0,0,0,
q14_support_owner_rows,4,0.5,billing,reference,PASS,3,1,0,0,0,0,0,
q14_support_owner_rows,4,0.5,billing,post_join_filter,PASS,3,1,0,0,0,0,0,
q14_support_owner_rows,4,0.5,billing,view_barrier,PASS,8,1,1,1,0,0,0,
q14_support_owner_rows,4,0.5,billing,predicate_injection,PASS,3,1,0,0,0,0,0,
q14_support_owner_rows,4,0.5,billing,pcqv_forced,PASS,3,1,0,0,0,0,0,
q14_support_owner_rows,4,0.5,billing,pcqv,PASS,3,1,0,0,0,0,0,
q14_support_owner_rows,4,0.5,billing,oracle_order,PASS,3,1,0,0,0,0,0,
q14_support_owner_rows,5,0.025,analytics,reference,PASS,5,1,0,1,0,0,0,
q14_support_owner_rows,5,0.025,analytics,post_join_filter,PASS,5,1,0,1,0,0,0,
q14_support_owner_rows,5,0.025,analytics,view_barrier,PASS,10,1,1,1,0,0,0,
q14_support_owner_rows,5,0.025,analytics,predicate_injection,PASS,5,1,0,1,0,0,0,
q14_support_owner_rows,5,0.025,analytics,pcqv_forced,PASS,5,1,0,1,0,0,0,
q14_support_owner_rows,5,0.025,analytics,pcqv,PASS,5,1,0,1,0,0,0,
q14_support_owner_rows,5,0.025,analytics,oracle_order,PASS,5,1,0,1,0,0,0,
q14_support_owner_rows,5,0.025,support,reference,PASS,5,1,0,1,0,0,0,
q14_support_owner_rows,5,0.025,support,post_join_filter,PASS,5,1,0,1,0,0,0,
q14_support_owner_rows,5,0.025,support,view_barrier,PASS,10,1,1,1,0,0,0,
q14_support_owner_rows,5,0.025,support,predicate_injection,PASS,5,1,0,1,0,0,0,
q14_support_owner_rows,5,0.025,support,pcqv_forced,PASS,5,1,0,1,0,0,0,
q14_support_owner_rows,5,0.025,support,pcqv,PASS,5,1,0,1,0,0,0,
q14_support_owner_rows,5,0.025,support,oracle_order,PASS,5,1,0,1,0,0,0,
q14_support_owner_rows,5,0.025,billing,reference,PASS,5,1,0,1,0,0,0,
q14_support_owner_rows,5,0.025,billing,post_join_filter,PASS,5,1,0,1,0,0,0,
q14_support_owner_rows,5,0.025,billing,view_barrier,PASS,10,1,1,1,0,0,0,
q14_support_owner_rows,5,0.025,billing,predicate_injection,PASS,5,1,0,1,0,0,0,
q14_support_owner_rows,5,0.025,billing,pcqv_forced,PASS,5,1,0,1,0,0,0,
q14_support_owner_rows,5,0.025,billing,pcqv,PASS,5,1,0,1,0,0,0,
q14_support_owner_rows,5,0.025,billing,oracle_order,PASS,5,1,0,1,0,0,0,
q14_support_owner_rows,5,0.1,analytics,reference,PASS,5,1,0,1,0,0,0,
q14_support_owner_rows,5,0.1,analytics,post_join_filter,PASS,5,1,0,1,0,0,0,
q14_support_owner_rows,5,0.1,analytics,view_barrier,PASS,10,1,1,1,0,0,0,
q14_support_owner_rows,5,0.1,analytics,predicate_injection,PASS,5,1,0,1,0,0,0,
q14_support_owner_rows,5,0.1,analytics,pcqv_forced,PASS,5,1,0,1,0,0,0,
q14_support_owner_rows,5,0.1,analytics,pcqv,PASS,5,1,0,1,0,0,0,
q14_support_owner_rows,5,0.1,analytics,oracle_order,PASS,5,1,0,1,0,0,0,
q14_support_owner_rows,5,0.1,support,reference,PASS,5,1,0,1,0,0,0,
q14_support_owner_rows,5,0.1,support,post_join_filter,PASS,5,1,0,1,0,0,0,
q14_support_owner_rows,5,0.1,support,view_barrier,PASS,10,1,1,1,0,0,0,
q14_support_owner_rows,5,0.1,support,predicate_injection,PASS,5,1,0,1,0,0,0,
q14_support_owner_rows,5,0.1,support,pcqv_forced,PASS,5,1,0,1,0,0,0,
q14_support_owner_rows,5,0.1,support,pcqv,PASS,5,1,0,1,0,0,0,
q14_support_owner_rows,5,0.1,support,oracle_order,PASS,5,1,0,1,0,0,0,
q14_support_owner_rows,5,0.1,billing,reference,PASS,5,1,0,1,0,0,0,
q14_support_owner_rows,5,0.1,billing,post_join_filter,PASS,5,1,0,1,0,0,0,
q14_support_owner_rows,5,0.1,billing,view_barrier,PASS,10,1,1,1,0,0,0,
q14_support_owner_rows,5,0.1,billing,predicate_injection,PASS,5,1,0,1,0,0,0,
q14_support_owner_rows,5,0.1,billing,pcqv_forced,PASS,5,1,0,1,0,0,0,
q14_support_owner_rows,5,0.1,billing,pcqv,PASS,5,1,0,1,0,0,0,
q14_support_owner_rows,5,0.1,billing,oracle_order,PASS,5,1,0,1,0,0,0,
q14_support_owner_rows,5,0.5,analytics,reference,PASS,5,1,0,1,0,0,0,
q14_support_owner_rows,5,0.5,analytics,post_join_filter,PASS,5,1,0,1,0,0,0,
q14_support_owner_rows,5,0.5,analytics,view_barrier,PASS,10,1,1,1,0,0,0,
q14_support_owner_rows,5,0.5,analytics,predicate_injection,PASS,5,1,0,1,0,0,0,
q14_support_owner_rows,5,0.5,analytics,pcqv_forced,PASS,5,1,0,1,0,0,0,
q14_support_owner_rows,5,0.5,analytics,pcqv,PASS,5,1,0,1,0,0,0,
q14_support_owner_rows,5,0.5,analytics,oracle_order,PASS,5,1,0,1,0,0,0,
q14_support_owner_rows,5,0.5,support,reference,PASS,5,1,0,1,0,0,0,
q14_support_owner_rows,5,0.5,support,post_join_filter,PASS,5,1,0,1,0,0,0,
q14_support_owner_rows,5,0.5,support,view_barrier,PASS,10,1,1,1,0,0,0,
q14_support_owner_rows,5,0.5,support,predicate_injection,PASS,5,1,0,1,0,0,0,
q14_support_owner_rows,5,0.5,support,pcqv_forced,PASS,5,1,0,1,0,0,0,
q14_support_owner_rows,5,0.5,support,pcqv,PASS,5,1,0,1,0,0,0,
q14_support_owner_rows,5,0.5,support,oracle_order,PASS,5,1,0,1,0,0,0,
q14_support_owner_rows,5,0.5,billing,reference,PASS,5,1,0,1,0,0,0,
q14_support_owner_rows,5,0.5,billing,post_join_filter,PASS,5,1,0,1,0,0,0,
q14_support_owner_rows,5,0.5,billing,view_barrier,PASS,10,1,1,1,0,0,0,
q14_support_owner_rows,5,0.5,billing,predicate_injection,PASS,5,1,0,1,0,0,0,
q14_support_owner_rows,5,0.5,billing,pcqv_forced,PASS,5,1,0,1,0,0,0,
q14_support_owner_rows,5,0.5,billing,pcqv,PASS,5,1,0,1,0,0,0,
q14_support_owner_rows,5,0.5,billing,oracle_order,PASS,5,1,0,1,0,0,0,
q14_support_owner_rows,6,0.025,analytics,reference,PASS,5,1,0,1,0,0,0,
q14_support_owner_rows,6,0.025,analytics,post_join_filter,PASS,5,1,0,1,0,0,0,
q14_support_owner_rows,6,0.025,analytics,view_barrier,PASS,10,1,1,1,0,0,0,
q14_support_owner_rows,6,0.025,analytics,predicate_injection,PASS,5,1,0,1,0,0,0,
q14_support_owner_rows,6,0.025,analytics,pcqv_forced,PASS,5,1,0,1,0,0,0,
q14_support_owner_rows,6,0.025,analytics,pcqv,PASS,5,1,0,1,0,0,0,
q14_support_owner_rows,6,0.025,analytics,oracle_order,PASS,5,1,0,1,0,0,0,
q14_support_owner_rows,6,0.025,support,reference,PASS,5,1,0,1,0,0,0,
q14_support_owner_rows,6,0.025,support,post_join_filter,PASS,5,1,0,1,0,0,0,
q14_support_owner_rows,6,0.025,support,view_barrier,PASS,10,1,1,1,0,0,0,
q14_support_owner_rows,6,0.025,support,predicate_injection,PASS,5,1,0,1,0,0,0,
q14_support_owner_rows,6,0.025,support,pcqv_forced,PASS,5,1,0,1,0,0,0,
q14_support_owner_rows,6,0.025,support,pcqv,PASS,5,1,0,1,0,0,0,
q14_support_owner_rows,6,0.025,support,oracle_order,PASS,5,1,0,1,0,0,0,
q14_support_owner_rows,6,0.025,billing,reference,PASS,5,1,0,1,0,0,0,
q14_support_owner_rows,6,0.025,billing,post_join_filter,PASS,5,1,0,1,0,0,0,
q14_support_owner_rows,6,0.025,billing,view_barrier,PASS,10,1,1,1,0,0,0,
q14_support_owner_rows,6,0.025,billing,predicate_injection,PASS,5,1,0,1,0,0,0,
q14_support_owner_rows,6,0.025,billing,pcqv_forced,PASS,5,1,0,1,0,0,0,
q14_support_owner_rows,6,0.025,billing,pcqv,PASS,5,1,0,1,0,0,0,
q14_support_owner_rows,6,0.025,billing,oracle_order,PASS,5,1,0,1,0,0,0,
q14_support_owner_rows,6,0.1,analytics,reference,PASS,5,1,0,1,0,0,0,
q14_support_owner_rows,6,0.1,analytics,post_join_filter,PASS,5,1,0,1,0,0,0,
q14_support_owner_rows,6,0.1,analytics,view_barrier,PASS,10,1,1,1,0,0,0,
q14_support_owner_rows,6,0.1,analytics,predicate_injection,PASS,5,1,0,1,0,0,0,
q14_support_owner_rows,6,0.1,analytics,pcqv_forced,PASS,5,1,0,1,0,0,0,
q14_support_owner_rows,6,0.1,analytics,pcqv,PASS,5,1,0,1,0,0,0,
q14_support_owner_rows,6,0.1,analytics,oracle_order,PASS,5,1,0,1,0,0,0,
q14_support_owner_rows,6,0.1,support,reference,PASS,5,1,0,1,0,0,0,
q14_support_owner_rows,6,0.1,support,post_join_filter,PASS,5,1,0,1,0,0,0,
q14_support_owner_rows,6,0.1,support,view_barrier,PASS,10,1,1,1,0,0,0,
q14_support_owner_rows,6,0.1,support,predicate_injection,PASS,5,1,0,1,0,0,0,
q14_support_owner_rows,6,0.1,support,pcqv_forced,PASS,5,1,0,1,0,0,0,
q14_support_owner_rows,6,0.1,support,pcqv,PASS,5,1,0,1,0,0,0,
q14_support_owner_rows,6,0.1,support,oracle_order,PASS,5,1,0,1,0,0,0,
q14_support_owner_rows,6,0.1,billing,reference,PASS,5,1,0,1,0,0,0,
q14_support_owner_rows,6,0.1,billing,post_join_filter,PASS,5,1,0,1,0,0,0,
q14_support_owner_rows,6,0.1,billing,view_barrier,PASS,10,1,1,1,0,0,0,
q14_support_owner_rows,6,0.1,billing,predicate_injection,PASS,5,1,0,1,0,0,0,
q14_support_owner_rows,6,0.1,billing,pcqv_forced,PASS,5,1,0,1,0,0,0,
q14_support_owner_rows,6,0.1,billing,pcqv,PASS,5,1,0,1,0,0,0,
q14_support_owner_rows,6,0.1,billing,oracle_order,PASS,5,1,0,1,0,0,0,
q14_support_owner_rows,6,0.5,analytics,reference,PASS,5,1,0,1,0,0,0,
q14_support_owner_rows,6,0.5,analytics,post_join_filter,PASS,5,1,0,1,0,0,0,
q14_support_owner_rows,6,0.5,analytics,view_barrier,PASS,10,1,1,1,0,0,0,
q14_support_owner_rows,6,0.5,analytics,predicate_injection,PASS,5,1,0,1,0,0,0,
q14_support_owner_rows,6,0.5,analytics,pcqv_forced,PASS,5,1,0,1,0,0,0,
q14_support_owner_rows,6,0.5,analytics,pcqv,PASS,5,1,0,1,0,0,0,
q14_support_owner_rows,6,0.5,analytics,oracle_order,PASS,5,1,0,1,0,0,0,
q14_support_owner_rows,6,0.5,support,reference,PASS,5,1,0,1,0,0,0,
q14_support_owner_rows,6,0.5,support,post_join_filter,PASS,5,1,0,1,0,0,0,
q14_support_owner_rows,6,0.5,support,view_barrier,PASS,10,1,1,1,0,0,0,
q14_support_owner_rows,6,0.5,support,predicate_injection,PASS,5,1,0,1,0,0,0,
q14_support_owner_rows,6,0.5,support,pcqv_forced,PASS,5,1,0,1,0,0,0,
q14_support_owner_rows,6,0.5,support,pcqv,PASS,5,1,0,1,0,0,0,
q14_support_owner_rows,6,0.5,support,oracle_order,PASS,5,1,0,1,0,0,0,
q14_support_owner_rows,6,0.5,billing,reference,PASS,5,1,0,1,0,0,0,
q14_support_owner_rows,6,0.5,billing,post_join_filter,PASS,5,1,0,1,0,0,0,
q14_support_owner_rows,6,0.5,billing,view_barrier,PASS,10,1,1,1,0,0,0,
q14_support_owner_rows,6,0.5,billing,predicate_injection,PASS,5,1,0,1,0,0,0,
q14_support_owner_rows,6,0.5,billing,pcqv_forced,PASS,5,1,0,1,0,0,0,
q14_support_owner_rows,6,0.5,billing,pcqv,PASS,5,1,0,1,0,0,0,
q14_support_owner_rows,6,0.5,billing,oracle_order,PASS,5,1,0,1,0,0,0,
q15_clearance_product_rows,1,0.025,analytics,reference,PASS,3,1,0,0,0,0,0,
q15_clearance_product_rows,1,0.025,analytics,post_join_filter,PASS,2,1,0,0,0,0,0,
q15_clearance_product_rows,1,0.025,analytics,view_barrier,PASS,8,1,1,1,0,0,0,
q15_clearance_product_rows,1,0.025,analytics,predicate_injection,PASS,3,1,0,0,0,0,0,
q15_clearance_product_rows,1,0.025,analytics,pcqv_forced,PASS,2,1,0,0,0,0,0,
q15_clearance_product_rows,1,0.025,analytics,pcqv,PASS,3,1,0,0,0,0,0,
q15_clearance_product_rows,1,0.025,analytics,oracle_order,PASS,2,1,0,0,0,0,0,
q15_clearance_product_rows,1,0.025,support,reference,PASS,3,1,0,0,0,0,0,
q15_clearance_product_rows,1,0.025,support,post_join_filter,PASS,2,1,0,0,0,0,0,
q15_clearance_product_rows,1,0.025,support,view_barrier,PASS,8,1,1,1,0,0,0,
q15_clearance_product_rows,1,0.025,support,predicate_injection,PASS,3,1,0,0,0,0,0,
q15_clearance_product_rows,1,0.025,support,pcqv_forced,PASS,2,1,0,0,0,0,0,
q15_clearance_product_rows,1,0.025,support,pcqv,PASS,3,1,0,0,0,0,0,
q15_clearance_product_rows,1,0.025,support,oracle_order,PASS,2,1,0,0,0,0,0,
q15_clearance_product_rows,1,0.025,billing,reference,PASS,3,1,0,0,0,0,0,
q15_clearance_product_rows,1,0.025,billing,post_join_filter,PASS,2,1,0,0,0,0,0,
q15_clearance_product_rows,1,0.025,billing,view_barrier,PASS,8,1,1,1,0,0,0,
q15_clearance_product_rows,1,0.025,billing,predicate_injection,PASS,3,1,0,0,0,0,0,
q15_clearance_product_rows,1,0.025,billing,pcqv_forced,PASS,2,1,0,0,0,0,0,
q15_clearance_product_rows,1,0.025,billing,pcqv,PASS,3,1,0,0,0,0,0,
q15_clearance_product_rows,1,0.025,billing,oracle_order,PASS,2,1,0,0,0,0,0,
q15_clearance_product_rows,1,0.1,analytics,reference,PASS,2,1,0,0,0,0,0,
q15_clearance_product_rows,1,0.1,analytics,post_join_filter,PASS,2,1,0,0,0,0,0,
q15_clearance_product_rows,1,0.1,analytics,view_barrier,PASS,8,1,1,1,0,0,0,
q15_clearance_product_rows,1,0.1,analytics,predicate_injection,PASS,2,1,0,0,0,0,0,
q15_clearance_product_rows,1,0.1,analytics,pcqv_forced,PASS,2,1,0,0,0,0,0,
q15_clearance_product_rows,1,0.1,analytics,pcqv,PASS,2,1,0,0,0,0,0,
q15_clearance_product_rows,1,0.1,analytics,oracle_order,PASS,2,1,0,0,0,0,0,
q15_clearance_product_rows,1,0.1,support,reference,PASS,2,1,0,0,0,0,0,
q15_clearance_product_rows,1,0.1,support,post_join_filter,PASS,2,1,0,0,0,0,0,
q15_clearance_product_rows,1,0.1,support,view_barrier,PASS,8,1,1,1,0,0,0,
q15_clearance_product_rows,1,0.1,support,predicate_injection,PASS,2,1,0,0,0,0,0,
q15_clearance_product_rows,1,0.1,support,pcqv_forced,PASS,2,1,0,0,0,0,0,
q15_clearance_product_rows,1,0.1,support,pcqv,PASS,2,1,0,0,0,0,0,
q15_clearance_product_rows,1,0.1,support,oracle_order,PASS,2,1,0,0,0,0,0,
q15_clearance_product_rows,1,0.1,billing,reference,PASS,2,1,0,0,0,0,0,
q15_clearance_product_rows,1,0.1,billing,post_join_filter,PASS,2,1,0,0,0,0,0,
q15_clearance_product_rows,1,0.1,billing,view_barrier,PASS,8,1,1,1,0,0,0,
q15_clearance_product_rows,1,0.1,billing,predicate_injection,PASS,2,1,0,0,0,0,0,
q15_clearance_product_rows,1,0.1,billing,pcqv_forced,PASS,2,1,0,0,0,0,0,
q15_clearance_product_rows,1,0.1,billing,pcqv,PASS,2,1,0,0,0,0,0,
q15_clearance_product_rows,1,0.1,billing,oracle_order,PASS,2,1,0,0,0,0,0,
q15_clearance_product_rows,1,0.5,analytics,reference,PASS,2,1,0,0,0,0,0,
q15_clearance_product_rows,1,0.5,analytics,post_join_filter,PASS,2,1,0,0,0,0,0,
q15_clearance_product_rows,1,0.5,analytics,view_barrier,PASS,8,1,1,1,0,0,0,
q15_clearance_product_rows,1,0.5,analytics,predicate_injection,PASS,2,1,0,0,0,0,0,
q15_clearance_product_rows,1,0.5,analytics,pcqv_forced,PASS,2,1,0,0,0,0,0,
q15_clearance_product_rows,1,0.5,analytics,pcqv,PASS,2,1,0,0,0,0,0,
q15_clearance_product_rows,1,0.5,analytics,oracle_order,PASS,2,1,0,0,0,0,0,
q15_clearance_product_rows,1,0.5,support,reference,PASS,2,1,0,0,0,0,0,
q15_clearance_product_rows,1,0.5,support,post_join_filter,PASS,2,1,0,0,0,0,0,
q15_clearance_product_rows,1,0.5,support,view_barrier,PASS,8,1,1,1,0,0,0,
q15_clearance_product_rows,1,0.5,support,predicate_injection,PASS,2,1,0,0,0,0,0,
q15_clearance_product_rows,1,0.5,support,pcqv_forced,PASS,2,1,0,0,0,0,0,
q15_clearance_product_rows,1,0.5,support,pcqv,PASS,2,1,0,0,0,0,0,
q15_clearance_product_rows,1,0.5,support,oracle_order,PASS,2,1,0,0,0,0,0,
q15_clearance_product_rows,1,0.5,billing,reference,PASS,2,1,0,0,0,0,0,
q15_clearance_product_rows,1,0.5,billing,post_join_filter,PASS,2,1,0,0,0,0,0,
q15_clearance_product_rows,1,0.5,billing,view_barrier,PASS,8,1,1,1,0,0,0,
q15_clearance_product_rows,1,0.5,billing,predicate_injection,PASS,2,1,0,0,0,0,0,
q15_clearance_product_rows,1,0.5,billing,pcqv_forced,PASS,2,1,0,0,0,0,0,
q15_clearance_product_rows,1,0.5,billing,pcqv,PASS,2,1,0,0,0,0,0,
q15_clearance_product_rows,1,0.5,billing,oracle_order,PASS,2,1,0,0,0,0,0,
q15_clearance_product_rows,2,0.025,analytics,reference,PASS,3,1,0,0,0,0,0,
q15_clearance_product_rows,2,0.025,analytics,post_join_filter,PASS,2,1,0,0,0,0,0,
q15_clearance_product_rows,2,0.025,analytics,view_barrier,PASS,8,1,1,1,0,0,0,
q15_clearance_product_rows,2,0.025,analytics,predicate_injection,PASS,3,1,0,0,0,0,0,
q15_clearance_product_rows,2,0.025,analytics,pcqv_forced,PASS,2,1,0,0,0,0,0,
q15_clearance_product_rows,2,0.025,analytics,pcqv,PASS,3,1,0,0,0,0,0,
q15_clearance_product_rows,2,0.025,analytics,oracle_order,PASS,2,1,0,0,0,0,0,
q15_clearance_product_rows,2,0.025,support,reference,PASS,3,1,0,0,0,0,0,
q15_clearance_product_rows,2,0.025,support,post_join_filter,PASS,2,1,0,0,0,0,0,
q15_clearance_product_rows,2,0.025,support,view_barrier,PASS,8,1,1,1,0,0,0,
q15_clearance_product_rows,2,0.025,support,predicate_injection,PASS,3,1,0,0,0,0,0,
q15_clearance_product_rows,2,0.025,support,pcqv_forced,PASS,2,1,0,0,0,0,0,
q15_clearance_product_rows,2,0.025,support,pcqv,PASS,3,1,0,0,0,0,0,
q15_clearance_product_rows,2,0.025,support,oracle_order,PASS,2,1,0,0,0,0,0,
q15_clearance_product_rows,2,0.025,billing,reference,PASS,3,1,0,0,0,0,0,
q15_clearance_product_rows,2,0.025,billing,post_join_filter,PASS,2,1,0,0,0,0,0,
q15_clearance_product_rows,2,0.025,billing,view_barrier,PASS,8,1,1,1,0,0,0,
q15_clearance_product_rows,2,0.025,billing,predicate_injection,PASS,3,1,0,0,0,0,0,
q15_clearance_product_rows,2,0.025,billing,pcqv_forced,PASS,2,1,0,0,0,0,0,
q15_clearance_product_rows,2,0.025,billing,pcqv,PASS,3,1,0,0,0,0,0,
q15_clearance_product_rows,2,0.025,billing,oracle_order,PASS,2,1,0,0,0,0,0,
q15_clearance_product_rows,2,0.1,analytics,reference,PASS,2,1,0,0,0,0,0,
q15_clearance_product_rows,2,0.1,analytics,post_join_filter,PASS,2,1,0,0,0,0,0,
q15_clearance_product_rows,2,0.1,analytics,view_barrier,PASS,8,1,1,1,0,0,0,
q15_clearance_product_rows,2,0.1,analytics,predicate_injection,PASS,2,1,0,0,0,0,0,
q15_clearance_product_rows,2,0.1,analytics,pcqv_forced,PASS,2,1,0,0,0,0,0,
q15_clearance_product_rows,2,0.1,analytics,pcqv,PASS,2,1,0,0,0,0,0,
q15_clearance_product_rows,2,0.1,analytics,oracle_order,PASS,2,1,0,0,0,0,0,
q15_clearance_product_rows,2,0.1,support,reference,PASS,2,1,0,0,0,0,0,
q15_clearance_product_rows,2,0.1,support,post_join_filter,PASS,2,1,0,0,0,0,0,
q15_clearance_product_rows,2,0.1,support,view_barrier,PASS,8,1,1,1,0,0,0,
q15_clearance_product_rows,2,0.1,support,predicate_injection,PASS,2,1,0,0,0,0,0,
q15_clearance_product_rows,2,0.1,support,pcqv_forced,PASS,2,1,0,0,0,0,0,
q15_clearance_product_rows,2,0.1,support,pcqv,PASS,2,1,0,0,0,0,0,
q15_clearance_product_rows,2,0.1,support,oracle_order,PASS,2,1,0,0,0,0,0,
q15_clearance_product_rows,2,0.1,billing,reference,PASS,2,1,0,0,0,0,0,
q15_clearance_product_rows,2,0.1,billing,post_join_filter,PASS,2,1,0,0,0,0,0,
q15_clearance_product_rows,2,0.1,billing,view_barrier,PASS,8,1,1,1,0,0,0,
q15_clearance_product_rows,2,0.1,billing,predicate_injection,PASS,2,1,0,0,0,0,0,
q15_clearance_product_rows,2,0.1,billing,pcqv_forced,PASS,2,1,0,0,0,0,0,
q15_clearance_product_rows,2,0.1,billing,pcqv,PASS,2,1,0,0,0,0,0,
q15_clearance_product_rows,2,0.1,billing,oracle_order,PASS,2,1,0,0,0,0,0,
q15_clearance_product_rows,2,0.5,analytics,reference,PASS,2,1,0,0,0,0,0,
q15_clearance_product_rows,2,0.5,analytics,post_join_filter,PASS,2,1,0,0,0,0,0,
q15_clearance_product_rows,2,0.5,analytics,view_barrier,PASS,8,1,1,1,0,0,0,
q15_clearance_product_rows,2,0.5,analytics,predicate_injection,PASS,2,1,0,0,0,0,0,
q15_clearance_product_rows,2,0.5,analytics,pcqv_forced,PASS,2,1,0,0,0,0,0,
q15_clearance_product_rows,2,0.5,analytics,pcqv,PASS,2,1,0,0,0,0,0,
q15_clearance_product_rows,2,0.5,analytics,oracle_order,PASS,2,1,0,0,0,0,0,
q15_clearance_product_rows,2,0.5,support,reference,PASS,2,1,0,0,0,0,0,
q15_clearance_product_rows,2,0.5,support,post_join_filter,PASS,2,1,0,0,0,0,0,
q15_clearance_product_rows,2,0.5,support,view_barrier,PASS,8,1,1,1,0,0,0,
q15_clearance_product_rows,2,0.5,support,predicate_injection,PASS,2,1,0,0,0,0,0,
q15_clearance_product_rows,2,0.5,support,pcqv_forced,PASS,2,1,0,0,0,0,0,
q15_clearance_product_rows,2,0.5,support,pcqv,PASS,2,1,0,0,0,0,0,
q15_clearance_product_rows,2,0.5,support,oracle_order,PASS,2,1,0,0,0,0,0,
q15_clearance_product_rows,2,0.5,billing,reference,PASS,2,1,0,0,0,0,0,
q15_clearance_product_rows,2,0.5,billing,post_join_filter,PASS,2,1,0,0,0,0,0,
q15_clearance_product_rows,2,0.5,billing,view_barrier,PASS,8,1,1,1,0,0,0,
q15_clearance_product_rows,2,0.5,billing,predicate_injection,PASS,2,1,0,0,0,0,0,
q15_clearance_product_rows,2,0.5,billing,pcqv_forced,PASS,2,1,0,0,0,0,0,
q15_clearance_product_rows,2,0.5,billing,pcqv,PASS,2,1,0,0,0,0,0,
q15_clearance_product_rows,2,0.5,billing,oracle_order,PASS,2,1,0,0,0,0,0,
q15_clearance_product_rows,3,0.025,analytics,reference,PASS,2,1,0,0,0,0,0,
q15_clearance_product_rows,3,0.025,analytics,post_join_filter,PASS,2,1,0,0,0,0,0,
q15_clearance_product_rows,3,0.025,analytics,view_barrier,PASS,8,1,1,1,0,0,0,
q15_clearance_product_rows,3,0.025,analytics,predicate_injection,PASS,2,1,0,0,0,0,0,
q15_clearance_product_rows,3,0.025,analytics,pcqv_forced,PASS,2,1,0,0,0,0,0,
q15_clearance_product_rows,3,0.025,analytics,pcqv,PASS,2,1,0,0,0,0,0,
q15_clearance_product_rows,3,0.025,analytics,oracle_order,PASS,2,1,0,0,0,0,0,
q15_clearance_product_rows,3,0.025,support,reference,PASS,2,1,0,0,0,0,0,
q15_clearance_product_rows,3,0.025,support,post_join_filter,PASS,2,1,0,0,0,0,0,
q15_clearance_product_rows,3,0.025,support,view_barrier,PASS,8,1,1,1,0,0,0,
q15_clearance_product_rows,3,0.025,support,predicate_injection,PASS,2,1,0,0,0,0,0,
q15_clearance_product_rows,3,0.025,support,pcqv_forced,PASS,2,1,0,0,0,0,0,
q15_clearance_product_rows,3,0.025,support,pcqv,PASS,2,1,0,0,0,0,0,
q15_clearance_product_rows,3,0.025,support,oracle_order,PASS,2,1,0,0,0,0,0,
q15_clearance_product_rows,3,0.025,billing,reference,PASS,2,1,0,0,0,0,0,
q15_clearance_product_rows,3,0.025,billing,post_join_filter,PASS,2,1,0,0,0,0,0,
q15_clearance_product_rows,3,0.025,billing,view_barrier,PASS,8,1,1,1,0,0,0,
q15_clearance_product_rows,3,0.025,billing,predicate_injection,PASS,2,1,0,0,0,0,0,
q15_clearance_product_rows,3,0.025,billing,pcqv_forced,PASS,2,1,0,0,0,0,0,
q15_clearance_product_rows,3,0.025,billing,pcqv,PASS,2,1,0,0,0,0,0,
q15_clearance_product_rows,3,0.025,billing,oracle_order,PASS,2,1,0,0,0,0,0,
q15_clearance_product_rows,3,0.1,analytics,reference,PASS,2,1,0,0,0,0,0,
q15_clearance_product_rows,3,0.1,analytics,post_join_filter,PASS,2,1,0,0,0,0,0,
q15_clearance_product_rows,3,0.1,analytics,view_barrier,PASS,8,1,1,1,0,0,0,
q15_clearance_product_rows,3,0.1,analytics,predicate_injection,PASS,2,1,0,0,0,0,0,
q15_clearance_product_rows,3,0.1,analytics,pcqv_forced,PASS,2,1,0,0,0,0,0,
q15_clearance_product_rows,3,0.1,analytics,pcqv,PASS,2,1,0,0,0,0,0,
q15_clearance_product_rows,3,0.1,analytics,oracle_order,PASS,2,1,0,0,0,0,0,
q15_clearance_product_rows,3,0.1,support,reference,PASS,2,1,0,0,0,0,0,
q15_clearance_product_rows,3,0.1,support,post_join_filter,PASS,2,1,0,0,0,0,0,
q15_clearance_product_rows,3,0.1,support,view_barrier,PASS,8,1,1,1,0,0,0,
q15_clearance_product_rows,3,0.1,support,predicate_injection,PASS,2,1,0,0,0,0,0,
q15_clearance_product_rows,3,0.1,support,pcqv_forced,PASS,2,1,0,0,0,0,0,
q15_clearance_product_rows,3,0.1,support,pcqv,PASS,2,1,0,0,0,0,0,
q15_clearance_product_rows,3,0.1,support,oracle_order,PASS,2,1,0,0,0,0,0,
q15_clearance_product_rows,3,0.1,billing,reference,PASS,2,1,0,0,0,0,0,
q15_clearance_product_rows,3,0.1,billing,post_join_filter,PASS,2,1,0,0,0,0,0,
q15_clearance_product_rows,3,0.1,billing,view_barrier,PASS,8,1,1,1,0,0,0,
q15_clearance_product_rows,3,0.1,billing,predicate_injection,PASS,2,1,0,0,0,0,0,
q15_clearance_product_rows,3,0.1,billing,pcqv_forced,PASS,2,1,0,0,0,0,0,
q15_clearance_product_rows,3,0.1,billing,pcqv,PASS,2,1,0,0,0,0,0,
q15_clearance_product_rows,3,0.1,billing,oracle_order,PASS,2,1,0,0,0,0,0,
q15_clearance_product_rows,3,0.5,analytics,reference,PASS,2,1,0,0,0,0,0,
q15_clearance_product_rows,3,0.5,analytics,post_join_filter,PASS,2,1,0,0,0,0,0,
q15_clearance_product_rows,3,0.5,analytics,view_barrier,PASS,8,1,1,1,0,0,0,
q15_clearance_product_rows,3,0.5,analytics,predicate_injection,PASS,2,1,0,0,0,0,0,
q15_clearance_product_rows,3,0.5,analytics,pcqv_forced,PASS,2,1,0,0,0,0,0,
q15_clearance_product_rows,3,0.5,analytics,pcqv,PASS,2,1,0,0,0,0,0,
q15_clearance_product_rows,3,0.5,analytics,oracle_order,PASS,2,1,0,0,0,0,0,
q15_clearance_product_rows,3,0.5,support,reference,PASS,2,1,0,0,0,0,0,
q15_clearance_product_rows,3,0.5,support,post_join_filter,PASS,2,1,0,0,0,0,0,
q15_clearance_product_rows,3,0.5,support,view_barrier,PASS,8,1,1,1,0,0,0,
q15_clearance_product_rows,3,0.5,support,predicate_injection,PASS,2,1,0,0,0,0,0,
q15_clearance_product_rows,3,0.5,support,pcqv_forced,PASS,2,1,0,0,0,0,0,
q15_clearance_product_rows,3,0.5,support,pcqv,PASS,2,1,0,0,0,0,0,
q15_clearance_product_rows,3,0.5,support,oracle_order,PASS,2,1,0,0,0,0,0,
q15_clearance_product_rows,3,0.5,billing,reference,PASS,2,1,0,0,0,0,0,
q15_clearance_product_rows,3,0.5,billing,post_join_filter,PASS,2,1,0,0,0,0,0,
q15_clearance_product_rows,3,0.5,billing,view_barrier,PASS,8,1,1,1,0,0,0,
q15_clearance_product_rows,3,0.5,billing,predicate_injection,PASS,2,1,0,0,0,0,0,
q15_clearance_product_rows,3,0.5,billing,pcqv_forced,PASS,2,1,0,0,0,0,0,
q15_clearance_product_rows,3,0.5,billing,pcqv,PASS,2,1,0,0,0,0,0,
q15_clearance_product_rows,3,0.5,billing,oracle_order,PASS,2,1,0,0,0,0,0,
q15_clearance_product_rows,4,0.025,analytics,reference,PASS,4,1,0,1,0,0,0,
q15_clearance_product_rows,4,0.025,analytics,post_join_filter,PASS,4,1,0,1,0,0,0,
q15_clearance_product_rows,4,0.025,analytics,view_barrier,PASS,10,1,1,1,0,0,0,
q15_clearance_product_rows,4,0.025,analytics,predicate_injection,PASS,4,1,0,1,0,0,0,
q15_clearance_product_rows,4,0.025,analytics,pcqv_forced,PASS,4,1,0,1,0,0,0,
q15_clearance_product_rows,4,0.025,analytics,pcqv,PASS,4,1,0,1,0,0,0,
q15_clearance_product_rows,4,0.025,analytics,oracle_order,PASS,4,1,0,1,0,0,0,
q15_clearance_product_rows,4,0.025,support,reference,PASS,4,1,0,1,0,0,0,
q15_clearance_product_rows,4,0.025,support,post_join_filter,PASS,4,1,0,1,0,0,0,
q15_clearance_product_rows,4,0.025,support,view_barrier,PASS,10,1,1,1,0,0,0,
q15_clearance_product_rows,4,0.025,support,predicate_injection,PASS,4,1,0,1,0,0,0,
q15_clearance_product_rows,4,0.025,support,pcqv_forced,PASS,4,1,0,1,0,0,0,
q15_clearance_product_rows,4,0.025,support,pcqv,PASS,4,1,0,1,0,0,0,
q15_clearance_product_rows,4,0.025,support,oracle_order,PASS,4,1,0,1,0,0,0,
q15_clearance_product_rows,4,0.025,billing,reference,PASS,4,1,0,1,0,0,0,
q15_clearance_product_rows,4,0.025,billing,post_join_filter,PASS,4,1,0,1,0,0,0,
q15_clearance_product_rows,4,0.025,billing,view_barrier,PASS,10,1,1,1,0,0,0,
q15_clearance_product_rows,4,0.025,billing,predicate_injection,PASS,4,1,0,1,0,0,0,
q15_clearance_product_rows,4,0.025,billing,pcqv_forced,PASS,4,1,0,1,0,0,0,
q15_clearance_product_rows,4,0.025,billing,pcqv,PASS,4,1,0,1,0,0,0,
q15_clearance_product_rows,4,0.025,billing,oracle_order,PASS,4,1,0,1,0,0,0,
q15_clearance_product_rows,4,0.1,analytics,reference,PASS,4,1,0,1,0,0,0,
q15_clearance_product_rows,4,0.1,analytics,post_join_filter,PASS,4,1,0,1,0,0,0,
q15_clearance_product_rows,4,0.1,analytics,view_barrier,PASS,10,1,1,1,0,0,0,
q15_clearance_product_rows,4,0.1,analytics,predicate_injection,PASS,4,1,0,1,0,0,0,
q15_clearance_product_rows,4,0.1,analytics,pcqv_forced,PASS,4,1,0,1,0,0,0,
q15_clearance_product_rows,4,0.1,analytics,pcqv,PASS,4,1,0,1,0,0,0,
q15_clearance_product_rows,4,0.1,analytics,oracle_order,PASS,4,1,0,1,0,0,0,
q15_clearance_product_rows,4,0.1,support,reference,PASS,4,1,0,1,0,0,0,
q15_clearance_product_rows,4,0.1,support,post_join_filter,PASS,4,1,0,1,0,0,0,
q15_clearance_product_rows,4,0.1,support,view_barrier,PASS,10,1,1,1,0,0,0,
q15_clearance_product_rows,4,0.1,support,predicate_injection,PASS,4,1,0,1,0,0,0,
q15_clearance_product_rows,4,0.1,support,pcqv_forced,PASS,4,1,0,1,0,0,0,
q15_clearance_product_rows,4,0.1,support,pcqv,PASS,4,1,0,1,0,0,0,
q15_clearance_product_rows,4,0.1,support,oracle_order,PASS,4,1,0,1,0,0,0,
q15_clearance_product_rows,4,0.1,billing,reference,PASS,4,1,0,1,0,0,0,
q15_clearance_product_rows,4,0.1,billing,post_join_filter,PASS,4,1,0,1,0,0,0,
q15_clearance_product_rows,4,0.1,billing,view_barrier,PASS,10,1,1,1,0,0,0,
q15_clearance_product_rows,4,0.1,billing,predicate_injection,PASS,4,1,0,1,0,0,0,
q15_clearance_product_rows,4,0.1,billing,pcqv_forced,PASS,4,1,0,1,0,0,0,
q15_clearance_product_rows,4,0.1,billing,pcqv,PASS,4,1,0,1,0,0,0,
q15_clearance_product_rows,4,0.1,billing,oracle_order,PASS,4,1,0,1,0,0,0,
q15_clearance_product_rows,4,0.5,analytics,reference,PASS,4,1,0,1,0,0,0,
q15_clearance_product_rows,4,0.5,analytics,post_join_filter,PASS,4,1,0,1,0,0,0,
q15_clearance_product_rows,4,0.5,analytics,view_barrier,PASS,10,1,1,1,0,0,0,
q15_clearance_product_rows,4,0.5,analytics,predicate_injection,PASS,4,1,0,1,0,0,0,
q15_clearance_product_rows,4,0.5,analytics,pcqv_forced,PASS,4,1,0,1,0,0,0,
q15_clearance_product_rows,4,0.5,analytics,pcqv,PASS,4,1,0,1,0,0,0,
q15_clearance_product_rows,4,0.5,analytics,oracle_order,PASS,4,1,0,1,0,0,0,
q15_clearance_product_rows,4,0.5,support,reference,PASS,4,1,0,1,0,0,0,
q15_clearance_product_rows,4,0.5,support,post_join_filter,PASS,4,1,0,1,0,0,0,
q15_clearance_product_rows,4,0.5,support,view_barrier,PASS,10,1,1,1,0,0,0,
q15_clearance_product_rows,4,0.5,support,predicate_injection,PASS,4,1,0,1,0,0,0,
q15_clearance_product_rows,4,0.5,support,pcqv_forced,PASS,4,1,0,1,0,0,0,
q15_clearance_product_rows,4,0.5,support,pcqv,PASS,4,1,0,1,0,0,0,
q15_clearance_product_rows,4,0.5,support,oracle_order,PASS,4,1,0,1,0,0,0,
q15_clearance_product_rows,4,0.5,billing,reference,PASS,4,1,0,1,0,0,0,
q15_clearance_product_rows,4,0.5,billing,post_join_filter,PASS,4,1,0,1,0,0,0,
q15_clearance_product_rows,4,0.5,billing,view_barrier,PASS,10,1,1,1,0,0,0,
q15_clearance_product_rows,4,0.5,billing,predicate_injection,PASS,4,1,0,1,0,0,0,
q15_clearance_product_rows,4,0.5,billing,pcqv_forced,PASS,4,1,0,1,0,0,0,
q15_clearance_product_rows,4,0.5,billing,pcqv,PASS,4,1,0,1,0,0,0,
q15_clearance_product_rows,4,0.5,billing,oracle_order,PASS,4,1,0,1,0,0,0,
q15_clearance_product_rows,5,0.025,analytics,reference,PASS,4,1,0,1,0,0,0,
q15_clearance_product_rows,5,0.025,analytics,post_join_filter,PASS,4,1,0,1,0,0,0,
q15_clearance_product_rows,5,0.025,analytics,view_barrier,PASS,10,1,1,1,0,0,0,
q15_clearance_product_rows,5,0.025,analytics,predicate_injection,PASS,4,1,0,1,0,0,0,
q15_clearance_product_rows,5,0.025,analytics,pcqv_forced,PASS,4,1,0,1,0,0,0,
q15_clearance_product_rows,5,0.025,analytics,pcqv,PASS,4,1,0,1,0,0,0,
q15_clearance_product_rows,5,0.025,analytics,oracle_order,PASS,4,1,0,1,0,0,0,
q15_clearance_product_rows,5,0.025,support,reference,PASS,4,1,0,1,0,0,0,
q15_clearance_product_rows,5,0.025,support,post_join_filter,PASS,4,1,0,1,0,0,0,
q15_clearance_product_rows,5,0.025,support,view_barrier,PASS,10,1,1,1,0,0,0,
q15_clearance_product_rows,5,0.025,support,predicate_injection,PASS,4,1,0,1,0,0,0,
q15_clearance_product_rows,5,0.025,support,pcqv_forced,PASS,4,1,0,1,0,0,0,
q15_clearance_product_rows,5,0.025,support,pcqv,PASS,4,1,0,1,0,0,0,
q15_clearance_product_rows,5,0.025,support,oracle_order,PASS,4,1,0,1,0,0,0,
q15_clearance_product_rows,5,0.025,billing,reference,PASS,4,1,0,1,0,0,0,
q15_clearance_product_rows,5,0.025,billing,post_join_filter,PASS,4,1,0,1,0,0,0,
q15_clearance_product_rows,5,0.025,billing,view_barrier,PASS,10,1,1,1,0,0,0,
q15_clearance_product_rows,5,0.025,billing,predicate_injection,PASS,4,1,0,1,0,0,0,
q15_clearance_product_rows,5,0.025,billing,pcqv_forced,PASS,4,1,0,1,0,0,0,
q15_clearance_product_rows,5,0.025,billing,pcqv,PASS,4,1,0,1,0,0,0,
q15_clearance_product_rows,5,0.025,billing,oracle_order,PASS,4,1,0,1,0,0,0,
q15_clearance_product_rows,5,0.1,analytics,reference,PASS,4,1,0,1,0,0,0,
q15_clearance_product_rows,5,0.1,analytics,post_join_filter,PASS,4,1,0,1,0,0,0,
q15_clearance_product_rows,5,0.1,analytics,view_barrier,PASS,10,1,1,1,0,0,0,
q15_clearance_product_rows,5,0.1,analytics,predicate_injection,PASS,4,1,0,1,0,0,0,
q15_clearance_product_rows,5,0.1,analytics,pcqv_forced,PASS,4,1,0,1,0,0,0,
q15_clearance_product_rows,5,0.1,analytics,pcqv,PASS,4,1,0,1,0,0,0,
q15_clearance_product_rows,5,0.1,analytics,oracle_order,PASS,4,1,0,1,0,0,0,
q15_clearance_product_rows,5,0.1,support,reference,PASS,4,1,0,1,0,0,0,
q15_clearance_product_rows,5,0.1,support,post_join_filter,PASS,4,1,0,1,0,0,0,
q15_clearance_product_rows,5,0.1,support,view_barrier,PASS,10,1,1,1,0,0,0,
q15_clearance_product_rows,5,0.1,support,predicate_injection,PASS,4,1,0,1,0,0,0,
q15_clearance_product_rows,5,0.1,support,pcqv_forced,PASS,4,1,0,1,0,0,0,
q15_clearance_product_rows,5,0.1,support,pcqv,PASS,4,1,0,1,0,0,0,
q15_clearance_product_rows,5,0.1,support,oracle_order,PASS,4,1,0,1,0,0,0,
q15_clearance_product_rows,5,0.1,billing,reference,PASS,4,1,0,1,0,0,0,
q15_clearance_product_rows,5,0.1,billing,post_join_filter,PASS,4,1,0,1,0,0,0,
q15_clearance_product_rows,5,0.1,billing,view_barrier,PASS,10,1,1,1,0,0,0,
q15_clearance_product_rows,5,0.1,billing,predicate_injection,PASS,4,1,0,1,0,0,0,
q15_clearance_product_rows,5,0.1,billing,pcqv_forced,PASS,4,1,0,1,0,0,0,
q15_clearance_product_rows,5,0.1,billing,pcqv,PASS,4,1,0,1,0,0,0,
q15_clearance_product_rows,5,0.1,billing,oracle_order,PASS,4,1,0,1,0,0,0,
q15_clearance_product_rows,5,0.5,analytics,reference,PASS,4,1,0,1,0,0,0,
q15_clearance_product_rows,5,0.5,analytics,post_join_filter,PASS,4,1,0,1,0,0,0,
q15_clearance_product_rows,5,0.5,analytics,view_barrier,PASS,10,1,1,1,0,0,0,
q15_clearance_product_rows,5,0.5,analytics,predicate_injection,PASS,4,1,0,1,0,0,0,
q15_clearance_product_rows,5,0.5,analytics,pcqv_forced,PASS,4,1,0,1,0,0,0,
q15_clearance_product_rows,5,0.5,analytics,pcqv,PASS,4,1,0,1,0,0,0,
q15_clearance_product_rows,5,0.5,analytics,oracle_order,PASS,4,1,0,1,0,0,0,
q15_clearance_product_rows,5,0.5,support,reference,PASS,4,1,0,1,0,0,0,
q15_clearance_product_rows,5,0.5,support,post_join_filter,PASS,4,1,0,1,0,0,0,
q15_clearance_product_rows,5,0.5,support,view_barrier,PASS,10,1,1,1,0,0,0,
q15_clearance_product_rows,5,0.5,support,predicate_injection,PASS,4,1,0,1,0,0,0,
q15_clearance_product_rows,5,0.5,support,pcqv_forced,PASS,4,1,0,1,0,0,0,
q15_clearance_product_rows,5,0.5,support,pcqv,PASS,4,1,0,1,0,0,0,
q15_clearance_product_rows,5,0.5,support,oracle_order,PASS,4,1,0,1,0,0,0,
q15_clearance_product_rows,5,0.5,billing,reference,PASS,4,1,0,1,0,0,0,
q15_clearance_product_rows,5,0.5,billing,post_join_filter,PASS,4,1,0,1,0,0,0,
q15_clearance_product_rows,5,0.5,billing,view_barrier,PASS,10,1,1,1,0,0,0,
q15_clearance_product_rows,5,0.5,billing,predicate_injection,PASS,4,1,0,1,0,0,0,
q15_clearance_product_rows,5,0.5,billing,pcqv_forced,PASS,4,1,0,1,0,0,0,
q15_clearance_product_rows,5,0.5,billing,pcqv,PASS,4,1,0,1,0,0,0,
q15_clearance_product_rows,5,0.5,billing,oracle_order,PASS,4,1,0,1,0,0,0,
q15_clearance_product_rows,6,0.025,analytics,reference,PASS,4,1,0,1,0,0,0,
q15_clearance_product_rows,6,0.025,analytics,post_join_filter,PASS,4,1,0,1,0,0,0,
q15_clearance_product_rows,6,0.025,analytics,view_barrier,PASS,10,1,1,1,0,0,0,
q15_clearance_product_rows,6,0.025,analytics,predicate_injection,PASS,4,1,0,1,0,0,0,
q15_clearance_product_rows,6,0.025,analytics,pcqv_forced,PASS,4,1,0,1,0,0,0,
q15_clearance_product_rows,6,0.025,analytics,pcqv,PASS,4,1,0,1,0,0,0,
q15_clearance_product_rows,6,0.025,analytics,oracle_order,PASS,4,1,0,1,0,0,0,
q15_clearance_product_rows,6,0.025,support,reference,PASS,4,1,0,1,0,0,0,
q15_clearance_product_rows,6,0.025,support,post_join_filter,PASS,4,1,0,1,0,0,0,
q15_clearance_product_rows,6,0.025,support,view_barrier,PASS,10,1,1,1,0,0,0,
q15_clearance_product_rows,6,0.025,support,predicate_injection,PASS,4,1,0,1,0,0,0,
q15_clearance_product_rows,6,0.025,support,pcqv_forced,PASS,4,1,0,1,0,0,0,
q15_clearance_product_rows,6,0.025,support,pcqv,PASS,4,1,0,1,0,0,0,
q15_clearance_product_rows,6,0.025,support,oracle_order,PASS,4,1,0,1,0,0,0,
q15_clearance_product_rows,6,0.025,billing,reference,PASS,4,1,0,1,0,0,0,
q15_clearance_product_rows,6,0.025,billing,post_join_filter,PASS,4,1,0,1,0,0,0,
q15_clearance_product_rows,6,0.025,billing,view_barrier,PASS,10,1,1,1,0,0,0,
q15_clearance_product_rows,6,0.025,billing,predicate_injection,PASS,4,1,0,1,0,0,0,
q15_clearance_product_rows,6,0.025,billing,pcqv_forced,PASS,4,1,0,1,0,0,0,
q15_clearance_product_rows,6,0.025,billing,pcqv,PASS,4,1,0,1,0,0,0,
q15_clearance_product_rows,6,0.025,billing,oracle_order,PASS,4,1,0,1,0,0,0,
q15_clearance_product_rows,6,0.1,analytics,reference,PASS,4,1,0,1,0,0,0,
q15_clearance_product_rows,6,0.1,analytics,post_join_filter,PASS,4,1,0,1,0,0,0,
q15_clearance_product_rows,6,0.1,analytics,view_barrier,PASS,10,1,1,1,0,0,0,
q15_clearance_product_rows,6,0.1,analytics,predicate_injection,PASS,4,1,0,1,0,0,0,
q15_clearance_product_rows,6,0.1,analytics,pcqv_forced,PASS,4,1,0,1,0,0,0,
q15_clearance_product_rows,6,0.1,analytics,pcqv,PASS,4,1,0,1,0,0,0,
q15_clearance_product_rows,6,0.1,analytics,oracle_order,PASS,4,1,0,1,0,0,0,
q15_clearance_product_rows,6,0.1,support,reference,PASS,4,1,0,1,0,0,0,
q15_clearance_product_rows,6,0.1,support,post_join_filter,PASS,4,1,0,1,0,0,0,
q15_clearance_product_rows,6,0.1,support,view_barrier,PASS,10,1,1,1,0,0,0,
q15_clearance_product_rows,6,0.1,support,predicate_injection,PASS,4,1,0,1,0,0,0,
q15_clearance_product_rows,6,0.1,support,pcqv_forced,PASS,4,1,0,1,0,0,0,
q15_clearance_product_rows,6,0.1,support,pcqv,PASS,4,1,0,1,0,0,0,
q15_clearance_product_rows,6,0.1,support,oracle_order,PASS,4,1,0,1,0,0,0,
q15_clearance_product_rows,6,0.1,billing,reference,PASS,4,1,0,1,0,0,0,
q15_clearance_product_rows,6,0.1,billing,post_join_filter,PASS,4,1,0,1,0,0,0,
q15_clearance_product_rows,6,0.1,billing,view_barrier,PASS,10,1,1,1,0,0,0,
q15_clearance_product_rows,6,0.1,billing,predicate_injection,PASS,4,1,0,1,0,0,0,
q15_clearance_product_rows,6,0.1,billing,pcqv_forced,PASS,4,1,0,1,0,0,0,
q15_clearance_product_rows,6,0.1,billing,pcqv,PASS,4,1,0,1,0,0,0,
q15_clearance_product_rows,6,0.1,billing,oracle_order,PASS,4,1,0,1,0,0,0,
q15_clearance_product_rows,6,0.5,analytics,reference,PASS,4,1,0,1,0,0,0,
q15_clearance_product_rows,6,0.5,analytics,post_join_filter,PASS,4,1,0,1,0,0,0,
q15_clearance_product_rows,6,0.5,analytics,view_barrier,PASS,10,1,1,1,0,0,0,
q15_clearance_product_rows,6,0.5,analytics,predicate_injection,PASS,4,1,0,1,0,0,0,
q15_clearance_product_rows,6,0.5,analytics,pcqv_forced,PASS,4,1,0,1,0,0,0,
q15_clearance_product_rows,6,0.5,analytics,pcqv,PASS,4,1,0,1,0,0,0,
q15_clearance_product_rows,6,0.5,analytics,oracle_order,PASS,4,1,0,1,0,0,0,
q15_clearance_product_rows,6,0.5,support,reference,PASS,4,1,0,1,0,0,0,
q15_clearance_product_rows,6,0.5,support,post_join_filter,PASS,4,1,0,1,0,0,0,
q15_clearance_product_rows,6,0.5,support,view_barrier,PASS,10,1,1,1,0,0,0,
q15_clearance_product_rows,6,0.5,support,predicate_injection,PASS,4,1,0,1,0,0,0,
q15_clearance_product_rows,6,0.5,support,pcqv_forced,PASS,4,1,0,1,0,0,0,
q15_clearance_product_rows,6,0.5,support,pcqv,PASS,4,1,0,1,0,0,0,
q15_clearance_product_rows,6,0.5,support,oracle_order,PASS,4,1,0,1,0,0,0,
q15_clearance_product_rows,6,0.5,billing,reference,PASS,4,1,0,1,0,0,0,
q15_clearance_product_rows,6,0.5,billing,post_join_filter,PASS,4,1,0,1,0,0,0,
q15_clearance_product_rows,6,0.5,billing,view_barrier,PASS,10,1,1,1,0,0,0,
q15_clearance_product_rows,6,0.5,billing,predicate_injection,PASS,4,1,0,1,0,0,0,
q15_clearance_product_rows,6,0.5,billing,pcqv_forced,PASS,4,1,0,1,0,0,0,
q15_clearance_product_rows,6,0.5,billing,pcqv,PASS,4,1,0,1,0,0,0,
q15_clearance_product_rows,6,0.5,billing,oracle_order,PASS,4,1,0,1,0,0,0,
q16_region_product_mix,1,0.025,analytics,reference,PASS,7,1,0,0,0,0,0,
q16_region_product_mix,1,0.025,analytics,post_join_filter,PASS,7,1,0,0,0,0,0,
q16_region_product_mix,1,0.025,analytics,view_barrier,PASS,17,1,1,1,0,0,0,
q16_region_product_mix,1,0.025,analytics,predicate_injection,PASS,7,1,0,0,0,0,0,
q16_region_product_mix,1,0.025,analytics,pcqv_forced,PASS,6,1,0,0,0,0,0,
q16_region_product_mix,1,0.025,analytics,pcqv,PASS,7,1,0,0,0,0,0,
q16_region_product_mix,1,0.025,analytics,oracle_order,PASS,6,1,0,0,0,0,0,
q16_region_product_mix,1,0.025,support,reference,PASS,7,1,0,0,0,0,0,
q16_region_product_mix,1,0.025,support,post_join_filter,PASS,7,1,0,0,0,0,0,
q16_region_product_mix,1,0.025,support,view_barrier,PASS,17,1,1,1,0,0,0,
q16_region_product_mix,1,0.025,support,predicate_injection,PASS,7,1,0,0,0,0,0,
q16_region_product_mix,1,0.025,support,pcqv_forced,PASS,6,1,0,0,0,0,0,
q16_region_product_mix,1,0.025,support,pcqv,PASS,7,1,0,0,0,0,0,
q16_region_product_mix,1,0.025,support,oracle_order,PASS,6,1,0,0,0,0,0,
q16_region_product_mix,1,0.025,billing,reference,PASS,7,1,0,0,0,0,0,
q16_region_product_mix,1,0.025,billing,post_join_filter,PASS,7,1,0,0,0,0,0,
q16_region_product_mix,1,0.025,billing,view_barrier,PASS,17,1,1,1,0,0,0,
q16_region_product_mix,1,0.025,billing,predicate_injection,PASS,7,1,0,0,0,0,0,
q16_region_product_mix,1,0.025,billing,pcqv_forced,PASS,6,1,0,0,0,0,0,
q16_region_product_mix,1,0.025,billing,pcqv,PASS,7,1,0,0,0,0,0,
q16_region_product_mix,1,0.025,billing,oracle_order,PASS,6,1,0,0,0,0,0,
q16_region_product_mix,1,0.1,analytics,reference,PASS,6,1,0,0,0,0,0,
q16_region_product_mix,1,0.1,analytics,post_join_filter,PASS,7,1,0,0,0,0,0,
q16_region_product_mix,1,0.1,analytics,view_barrier,PASS,17,1,1,1,0,0,0,
q16_region_product_mix,1,0.1,analytics,predicate_injection,PASS,6,1,0,0,0,0,0,
q16_region_product_mix,1,0.1,analytics,pcqv_forced,PASS,6,1,0,0,0,0,0,
q16_region_product_mix,1,0.1,analytics,pcqv,PASS,6,1,0,0,0,0,0,
q16_region_product_mix,1,0.1,analytics,oracle_order,PASS,7,1,0,0,0,0,0,
q16_region_product_mix,1,0.1,support,reference,PASS,6,1,0,0,0,0,0,
q16_region_product_mix,1,0.1,support,post_join_filter,PASS,7,1,0,0,0,0,0,
q16_region_product_mix,1,0.1,support,view_barrier,PASS,17,1,1,1,0,0,0,
q16_region_product_mix,1,0.1,support,predicate_injection,PASS,6,1,0,0,0,0,0,
q16_region_product_mix,1,0.1,support,pcqv_forced,PASS,6,1,0,0,0,0,0,
q16_region_product_mix,1,0.1,support,pcqv,PASS,6,1,0,0,0,0,0,
q16_region_product_mix,1,0.1,support,oracle_order,PASS,7,1,0,0,0,0,0,
q16_region_product_mix,1,0.1,billing,reference,PASS,6,1,0,0,0,0,0,
q16_region_product_mix,1,0.1,billing,post_join_filter,PASS,7,1,0,0,0,0,0,
q16_region_product_mix,1,0.1,billing,view_barrier,PASS,17,1,1,1,0,0,0,
q16_region_product_mix,1,0.1,billing,predicate_injection,PASS,6,1,0,0,0,0,0,
q16_region_product_mix,1,0.1,billing,pcqv_forced,PASS,6,1,0,0,0,0,0,
q16_region_product_mix,1,0.1,billing,pcqv,PASS,6,1,0,0,0,0,0,
q16_region_product_mix,1,0.1,billing,oracle_order,PASS,7,1,0,0,0,0,0,
q16_region_product_mix,1,0.5,analytics,reference,PASS,7,1,0,0,0,0,0,
q16_region_product_mix,1,0.5,analytics,post_join_filter,PASS,7,1,0,0,0,0,0,
q16_region_product_mix,1,0.5,analytics,view_barrier,PASS,17,1,1,1,0,0,0,
q16_region_product_mix,1,0.5,analytics,predicate_injection,PASS,7,1,0,0,0,0,0,
q16_region_product_mix,1,0.5,analytics,pcqv_forced,PASS,7,1,0,0,0,0,0,
q16_region_product_mix,1,0.5,analytics,pcqv,PASS,7,1,0,0,0,0,0,
q16_region_product_mix,1,0.5,analytics,oracle_order,PASS,7,1,0,0,0,0,0,
q16_region_product_mix,1,0.5,support,reference,PASS,7,1,0,0,0,0,0,
q16_region_product_mix,1,0.5,support,post_join_filter,PASS,7,1,0,0,0,0,0,
q16_region_product_mix,1,0.5,support,view_barrier,PASS,17,1,1,1,0,0,0,
q16_region_product_mix,1,0.5,support,predicate_injection,PASS,7,1,0,0,0,0,0,
q16_region_product_mix,1,0.5,support,pcqv_forced,PASS,7,1,0,0,0,0,0,
q16_region_product_mix,1,0.5,support,pcqv,PASS,7,1,0,0,0,0,0,
q16_region_product_mix,1,0.5,support,oracle_order,PASS,7,1,0,0,0,0,0,
q16_region_product_mix,1,0.5,billing,reference,PASS,7,1,0,0,0,0,0,
q16_region_product_mix,1,0.5,billing,post_join_filter,PASS,7,1,0,0,0,0,0,
q16_region_product_mix,1,0.5,billing,view_barrier,PASS,17,1,1,1,0,0,0,
q16_region_product_mix,1,0.5,billing,predicate_injection,PASS,7,1,0,0,0,0,0,
q16_region_product_mix,1,0.5,billing,pcqv_forced,PASS,7,1,0,0,0,0,0,
q16_region_product_mix,1,0.5,billing,pcqv,PASS,7,1,0,0,0,0,0,
q16_region_product_mix,1,0.5,billing,oracle_order,PASS,7,1,0,0,0,0,0,
q16_region_product_mix,2,0.025,analytics,reference,PASS,6,1,0,0,0,0,0,
q16_region_product_mix,2,0.025,analytics,post_join_filter,PASS,6,1,0,0,0,0,0,
q16_region_product_mix,2,0.025,analytics,view_barrier,PASS,16,1,1,1,0,0,0,
q16_region_product_mix,2,0.025,analytics,predicate_injection,PASS,6,1,0,0,0,0,0,
q16_region_product_mix,2,0.025,analytics,pcqv_forced,PASS,6,1,0,0,0,0,0,
q16_region_product_mix,2,0.025,analytics,pcqv,PASS,6,1,0,0,0,0,0,
q16_region_product_mix,2,0.025,analytics,oracle_order,PASS,7,1,0,0,0,0,0,
q16_region_product_mix,2,0.025,support,reference,PASS,6,1,0,0,0,0,0,
q16_region_product_mix,2,0.025,support,post_join_filter,PASS,6,1,0,0,0,0,0,
q16_region_product_mix,2,0.025,support,view_barrier,PASS,16,1,1,1,0,0,0,
q16_region_product_mix,2,0.025,support,predicate_injection,PASS,6,1,0,0,0,0,0,
q16_region_product_mix,2,0.025,support,pcqv_forced,PASS,6,1,0,0,0,0,0,
q16_region_product_mix,2,0.025,support,pcqv,PASS,6,1,0,0,0,0,0,
q16_region_product_mix,2,0.025,support,oracle_order,PASS,7,1,0,0,0,0,0,
q16_region_product_mix,2,0.025,billing,reference,PASS,6,1,0,0,0,0,0,
q16_region_product_mix,2,0.025,billing,post_join_filter,PASS,6,1,0,0,0,0,0,
q16_region_product_mix,2,0.025,billing,view_barrier,PASS,16,1,1,1,0,0,0,
q16_region_product_mix,2,0.025,billing,predicate_injection,PASS,6,1,0,0,0,0,0,
q16_region_product_mix,2,0.025,billing,pcqv_forced,PASS,6,1,0,0,0,0,0,
q16_region_product_mix,2,0.025,billing,pcqv,PASS,6,1,0,0,0,0,0,
q16_region_product_mix,2,0.025,billing,oracle_order,PASS,7,1,0,0,0,0,0,
q16_region_product_mix,2,0.1,analytics,reference,PASS,6,1,0,0,0,0,0,
q16_region_product_mix,2,0.1,analytics,post_join_filter,PASS,6,1,0,0,0,0,0,
q16_region_product_mix,2,0.1,analytics,view_barrier,PASS,17,1,1,1,0,0,0,
q16_region_product_mix,2,0.1,analytics,predicate_injection,PASS,6,1,0,0,0,0,0,
q16_region_product_mix,2,0.1,analytics,pcqv_forced,PASS,6,1,0,0,0,0,0,
q16_region_product_mix,2,0.1,analytics,pcqv,PASS,6,1,0,0,0,0,0,
q16_region_product_mix,2,0.1,analytics,oracle_order,PASS,6,1,0,0,0,0,0,
q16_region_product_mix,2,0.1,support,reference,PASS,6,1,0,0,0,0,0,
q16_region_product_mix,2,0.1,support,post_join_filter,PASS,6,1,0,0,0,0,0,
q16_region_product_mix,2,0.1,support,view_barrier,PASS,17,1,1,1,0,0,0,
q16_region_product_mix,2,0.1,support,predicate_injection,PASS,6,1,0,0,0,0,0,
q16_region_product_mix,2,0.1,support,pcqv_forced,PASS,6,1,0,0,0,0,0,
q16_region_product_mix,2,0.1,support,pcqv,PASS,6,1,0,0,0,0,0,
q16_region_product_mix,2,0.1,support,oracle_order,PASS,6,1,0,0,0,0,0,
q16_region_product_mix,2,0.1,billing,reference,PASS,6,1,0,0,0,0,0,
q16_region_product_mix,2,0.1,billing,post_join_filter,PASS,6,1,0,0,0,0,0,
q16_region_product_mix,2,0.1,billing,view_barrier,PASS,17,1,1,1,0,0,0,
q16_region_product_mix,2,0.1,billing,predicate_injection,PASS,6,1,0,0,0,0,0,
q16_region_product_mix,2,0.1,billing,pcqv_forced,PASS,6,1,0,0,0,0,0,
q16_region_product_mix,2,0.1,billing,pcqv,PASS,6,1,0,0,0,0,0,
q16_region_product_mix,2,0.1,billing,oracle_order,PASS,6,1,0,0,0,0,0,
q16_region_product_mix,2,0.5,analytics,reference,PASS,7,1,0,0,0,0,0,
q16_region_product_mix,2,0.5,analytics,post_join_filter,PASS,7,1,0,0,0,0,0,
q16_region_product_mix,2,0.5,analytics,view_barrier,PASS,17,1,1,1,0,0,0,
q16_region_product_mix,2,0.5,analytics,predicate_injection,PASS,7,1,0,0,0,0,0,
q16_region_product_mix,2,0.5,analytics,pcqv_forced,PASS,7,1,0,0,0,0,0,
q16_region_product_mix,2,0.5,analytics,pcqv,PASS,7,1,0,0,0,0,0,
q16_region_product_mix,2,0.5,analytics,oracle_order,PASS,7,1,0,0,0,0,0,
q16_region_product_mix,2,0.5,support,reference,PASS,7,1,0,0,0,0,0,
q16_region_product_mix,2,0.5,support,post_join_filter,PASS,7,1,0,0,0,0,0,
q16_region_product_mix,2,0.5,support,view_barrier,PASS,17,1,1,1,0,0,0,
q16_region_product_mix,2,0.5,support,predicate_injection,PASS,7,1,0,0,0,0,0,
q16_region_product_mix,2,0.5,support,pcqv_forced,PASS,7,1,0,0,0,0,0,
q16_region_product_mix,2,0.5,support,pcqv,PASS,7,1,0,0,0,0,0,
q16_region_product_mix,2,0.5,support,oracle_order,PASS,7,1,0,0,0,0,0,
q16_region_product_mix,2,0.5,billing,reference,PASS,7,1,0,0,0,0,0,
q16_region_product_mix,2,0.5,billing,post_join_filter,PASS,7,1,0,0,0,0,0,
q16_region_product_mix,2,0.5,billing,view_barrier,PASS,17,1,1,1,0,0,0,
q16_region_product_mix,2,0.5,billing,predicate_injection,PASS,7,1,0,0,0,0,0,
q16_region_product_mix,2,0.5,billing,pcqv_forced,PASS,7,1,0,0,0,0,0,
q16_region_product_mix,2,0.5,billing,pcqv,PASS,7,1,0,0,0,0,0,
q16_region_product_mix,2,0.5,billing,oracle_order,PASS,7,1,0,0,0,0,0,
q16_region_product_mix,3,0.025,analytics,reference,PASS,6,1,0,0,0,0,0,
q16_region_product_mix,3,0.025,analytics,post_join_filter,PASS,6,1,0,0,0,0,0,
q16_region_product_mix,3,0.025,analytics,view_barrier,PASS,16,1,1,1,0,0,0,
q16_region_product_mix,3,0.025,analytics,predicate_injection,PASS,6,1,0,0,0,0,0,
q16_region_product_mix,3,0.025,analytics,pcqv_forced,PASS,6,1,0,0,0,0,0,
q16_region_product_mix,3,0.025,analytics,pcqv,PASS,6,1,0,0,0,0,0,
q16_region_product_mix,3,0.025,analytics,oracle_order,PASS,7,1,0,0,0,0,0,
q16_region_product_mix,3,0.025,support,reference,PASS,6,1,0,0,0,0,0,
q16_region_product_mix,3,0.025,support,post_join_filter,PASS,6,1,0,0,0,0,0,
q16_region_product_mix,3,0.025,support,view_barrier,PASS,16,1,1,1,0,0,0,
q16_region_product_mix,3,0.025,support,predicate_injection,PASS,6,1,0,0,0,0,0,
q16_region_product_mix,3,0.025,support,pcqv_forced,PASS,6,1,0,0,0,0,0,
q16_region_product_mix,3,0.025,support,pcqv,PASS,6,1,0,0,0,0,0,
q16_region_product_mix,3,0.025,support,oracle_order,PASS,7,1,0,0,0,0,0,
q16_region_product_mix,3,0.025,billing,reference,PASS,6,1,0,0,0,0,0,
q16_region_product_mix,3,0.025,billing,post_join_filter,PASS,6,1,0,0,0,0,0,
q16_region_product_mix,3,0.025,billing,view_barrier,PASS,16,1,1,1,0,0,0,
q16_region_product_mix,3,0.025,billing,predicate_injection,PASS,6,1,0,0,0,0,0,
q16_region_product_mix,3,0.025,billing,pcqv_forced,PASS,6,1,0,0,0,0,0,
q16_region_product_mix,3,0.025,billing,pcqv,PASS,6,1,0,0,0,0,0,
q16_region_product_mix,3,0.025,billing,oracle_order,PASS,7,1,0,0,0,0,0,
q16_region_product_mix,3,0.1,analytics,reference,PASS,6,1,0,0,0,0,0,
q16_region_product_mix,3,0.1,analytics,post_join_filter,PASS,6,1,0,0,0,0,0,
q16_region_product_mix,3,0.1,analytics,view_barrier,PASS,17,1,1,1,0,0,0,
q16_region_product_mix,3,0.1,analytics,predicate_injection,PASS,6,1,0,0,0,0,0,
q16_region_product_mix,3,0.1,analytics,pcqv_forced,PASS,6,1,0,0,0,0,0,
q16_region_product_mix,3,0.1,analytics,pcqv,PASS,6,1,0,0,0,0,0,
q16_region_product_mix,3,0.1,analytics,oracle_order,PASS,6,1,0,0,0,0,0,
q16_region_product_mix,3,0.1,support,reference,PASS,6,1,0,0,0,0,0,
q16_region_product_mix,3,0.1,support,post_join_filter,PASS,6,1,0,0,0,0,0,
q16_region_product_mix,3,0.1,support,view_barrier,PASS,17,1,1,1,0,0,0,
q16_region_product_mix,3,0.1,support,predicate_injection,PASS,6,1,0,0,0,0,0,
q16_region_product_mix,3,0.1,support,pcqv_forced,PASS,6,1,0,0,0,0,0,
q16_region_product_mix,3,0.1,support,pcqv,PASS,6,1,0,0,0,0,0,
q16_region_product_mix,3,0.1,support,oracle_order,PASS,6,1,0,0,0,0,0,
q16_region_product_mix,3,0.1,billing,reference,PASS,6,1,0,0,0,0,0,
q16_region_product_mix,3,0.1,billing,post_join_filter,PASS,6,1,0,0,0,0,0,
q16_region_product_mix,3,0.1,billing,view_barrier,PASS,17,1,1,1,0,0,0,
q16_region_product_mix,3,0.1,billing,predicate_injection,PASS,6,1,0,0,0,0,0,
q16_region_product_mix,3,0.1,billing,pcqv_forced,PASS,6,1,0,0,0,0,0,
q16_region_product_mix,3,0.1,billing,pcqv,PASS,6,1,0,0,0,0,0,
q16_region_product_mix,3,0.1,billing,oracle_order,PASS,6,1,0,0,0,0,0,
q16_region_product_mix,3,0.5,analytics,reference,PASS,7,1,0,0,0,0,0,
q16_region_product_mix,3,0.5,analytics,post_join_filter,PASS,7,1,0,0,0,0,0,
q16_region_product_mix,3,0.5,analytics,view_barrier,PASS,17,1,1,1,0,0,0,
q16_region_product_mix,3,0.5,analytics,predicate_injection,PASS,7,1,0,0,0,0,0,
q16_region_product_mix,3,0.5,analytics,pcqv_forced,PASS,7,1,0,0,0,0,0,
q16_region_product_mix,3,0.5,analytics,pcqv,PASS,7,1,0,0,0,0,0,
q16_region_product_mix,3,0.5,analytics,oracle_order,PASS,7,1,0,0,0,0,0,
q16_region_product_mix,3,0.5,support,reference,PASS,7,1,0,0,0,0,0,
q16_region_product_mix,3,0.5,support,post_join_filter,PASS,7,1,0,0,0,0,0,
q16_region_product_mix,3,0.5,support,view_barrier,PASS,17,1,1,1,0,0,0,
q16_region_product_mix,3,0.5,support,predicate_injection,PASS,7,1,0,0,0,0,0,
q16_region_product_mix,3,0.5,support,pcqv_forced,PASS,7,1,0,0,0,0,0,
q16_region_product_mix,3,0.5,support,pcqv,PASS,7,1,0,0,0,0,0,
q16_region_product_mix,3,0.5,support,oracle_order,PASS,7,1,0,0,0,0,0,
q16_region_product_mix,3,0.5,billing,reference,PASS,7,1,0,0,0,0,0,
q16_region_product_mix,3,0.5,billing,post_join_filter,PASS,7,1,0,0,0,0,0,
q16_region_product_mix,3,0.5,billing,view_barrier,PASS,17,1,1,1,0,0,0,
q16_region_product_mix,3,0.5,billing,predicate_injection,PASS,7,1,0,0,0,0,0,
q16_region_product_mix,3,0.5,billing,pcqv_forced,PASS,7,1,0,0,0,0,0,
q16_region_product_mix,3,0.5,billing,pcqv,PASS,7,1,0,0,0,0,0,
q16_region_product_mix,3,0.5,billing,oracle_order,PASS,7,1,0,0,0,0,0,
q16_region_product_mix,4,0.025,analytics,reference,PASS,10,1,0,1,0,0,0,
q16_region_product_mix,4,0.025,analytics,post_join_filter,PASS,6,1,0,0,0,0,0,
q16_region_product_mix,4,0.025,analytics,view_barrier,PASS,20,1,1,1,0,0,0,
q16_region_product_mix,4,0.025,analytics,predicate_injection,PASS,10,1,0,1,0,0,0,
q16_region_product_mix,4,0.025,analytics,pcqv_forced,PASS,10,1,0,1,0,0,0,
q16_region_product_mix,4,0.025,analytics,pcqv,PASS,10,1,0,1,0,0,0,
q16_region_product_mix,4,0.025,analytics,oracle_order,PASS,11,1,0,1,0,0,0,
q16_region_product_mix,4,0.025,support,reference,PASS,10,1,0,1,0,0,0,
q16_region_product_mix,4,0.025,support,post_join_filter,PASS,6,1,0,0,0,0,0,
q16_region_product_mix,4,0.025,support,view_barrier,PASS,20,1,1,1,0,0,0,
q16_region_product_mix,4,0.025,support,predicate_injection,PASS,10,1,0,1,0,0,0,
q16_region_product_mix,4,0.025,support,pcqv_forced,PASS,10,1,0,1,0,0,0,
q16_region_product_mix,4,0.025,support,pcqv,PASS,10,1,0,1,0,0,0,
q16_region_product_mix,4,0.025,support,oracle_order,PASS,11,1,0,1,0,0,0,
q16_region_product_mix,4,0.025,billing,reference,PASS,10,1,0,1,0,0,0,
q16_region_product_mix,4,0.025,billing,post_join_filter,PASS,6,1,0,0,0,0,0,
q16_region_product_mix,4,0.025,billing,view_barrier,PASS,20,1,1,1,0,0,0,
q16_region_product_mix,4,0.025,billing,predicate_injection,PASS,10,1,0,1,0,0,0,
q16_region_product_mix,4,0.025,billing,pcqv_forced,PASS,10,1,0,1,0,0,0,
q16_region_product_mix,4,0.025,billing,pcqv,PASS,10,1,0,1,0,0,0,
q16_region_product_mix,4,0.025,billing,oracle_order,PASS,11,1,0,1,0,0,0,
q16_region_product_mix,4,0.1,analytics,reference,PASS,10,1,0,1,0,0,0,
q16_region_product_mix,4,0.1,analytics,post_join_filter,PASS,6,1,0,0,0,0,0,
q16_region_product_mix,4,0.1,analytics,view_barrier,PASS,21,1,1,1,0,0,0,
q16_region_product_mix,4,0.1,analytics,predicate_injection,PASS,10,1,0,1,0,0,0,
q16_region_product_mix,4,0.1,analytics,pcqv_forced,PASS,10,1,0,1,0,0,0,
q16_region_product_mix,4,0.1,analytics,pcqv,PASS,10,1,0,1,0,0,0,
q16_region_product_mix,4,0.1,analytics,oracle_order,PASS,11,1,0,1,0,0,0,
q16_region_product_mix,4,0.1,support,reference,PASS,10,1,0,1,0,0,0,
q16_region_product_mix,4,0.1,support,post_join_filter,PASS,6,1,0,0,0,0,0,
q16_region_product_mix,4,0.1,support,view_barrier,PASS,21,1,1,1,0,0,0,
q16_region_product_mix,4,0.1,support,predicate_injection,PASS,10,1,0,1,0,0,0,
q16_region_product_mix,4,0.1,support,pcqv_forced,PASS,10,1,0,1,0,0,0,
q16_region_product_mix,4,0.1,support,pcqv,PASS,10,1,0,1,0,0,0,
q16_region_product_mix,4,0.1,support,oracle_order,PASS,11,1,0,1,0,0,0,
q16_region_product_mix,4,0.1,billing,reference,PASS,10,1,0,1,0,0,0,
q16_region_product_mix,4,0.1,billing,post_join_filter,PASS,6,1,0,0,0,0,0,
q16_region_product_mix,4,0.1,billing,view_barrier,PASS,21,1,1,1,0,0,0,
q16_region_product_mix,4,0.1,billing,predicate_injection,PASS,10,1,0,1,0,0,0,
q16_region_product_mix,4,0.1,billing,pcqv_forced,PASS,10,1,0,1,0,0,0,
q16_region_product_mix,4,0.1,billing,pcqv,PASS,10,1,0,1,0,0,0,
q16_region_product_mix,4,0.1,billing,oracle_order,PASS,11,1,0,1,0,0,0,
q16_region_product_mix,4,0.5,analytics,reference,PASS,11,1,0,1,0,0,0,
q16_region_product_mix,4,0.5,analytics,post_join_filter,PASS,7,1,0,0,0,0,0,
q16_region_product_mix,4,0.5,analytics,view_barrier,PASS,21,1,1,1,0,0,0,
q16_region_product_mix,4,0.5,analytics,predicate_injection,PASS,11,1,0,1,0,0,0,
q16_region_product_mix,4,0.5,analytics,pcqv_forced,PASS,11,1,0,1,0,0,0,
q16_region_product_mix,4,0.5,analytics,pcqv,PASS,11,1,0,1,0,0,0,
q16_region_product_mix,4,0.5,analytics,oracle_order,PASS,11,1,0,1,0,0,0,
q16_region_product_mix,4,0.5,support,reference,PASS,11,1,0,1,0,0,0,
q16_region_product_mix,4,0.5,support,post_join_filter,PASS,7,1,0,0,0,0,0,
q16_region_product_mix,4,0.5,support,view_barrier,PASS,21,1,1,1,0,0,0,
q16_region_product_mix,4,0.5,support,predicate_injection,PASS,11,1,0,1,0,0,0,
q16_region_product_mix,4,0.5,support,pcqv_forced,PASS,11,1,0,1,0,0,0,
q16_region_product_mix,4,0.5,support,pcqv,PASS,11,1,0,1,0,0,0,
q16_region_product_mix,4,0.5,support,oracle_order,PASS,11,1,0,1,0,0,0,
q16_region_product_mix,4,0.5,billing,reference,PASS,11,1,0,1,0,0,0,
q16_region_product_mix,4,0.5,billing,post_join_filter,PASS,7,1,0,0,0,0,0,
q16_region_product_mix,4,0.5,billing,view_barrier,PASS,21,1,1,1,0,0,0,
q16_region_product_mix,4,0.5,billing,predicate_injection,PASS,11,1,0,1,0,0,0,
q16_region_product_mix,4,0.5,billing,pcqv_forced,PASS,11,1,0,1,0,0,0,
q16_region_product_mix,4,0.5,billing,pcqv,PASS,11,1,0,1,0,0,0,
q16_region_product_mix,4,0.5,billing,oracle_order,PASS,11,1,0,1,0,0,0,
q16_region_product_mix,5,0.025,analytics,reference,PASS,12,1,0,1,0,0,0,
q16_region_product_mix,5,0.025,analytics,post_join_filter,PASS,8,1,0,1,0,0,0,
q16_region_product_mix,5,0.025,analytics,view_barrier,PASS,23,1,1,1,0,0,0,
q16_region_product_mix,5,0.025,analytics,predicate_injection,PASS,12,1,0,1,0,0,0,
q16_region_product_mix,5,0.025,analytics,pcqv_forced,PASS,12,1,0,1,0,0,0,
q16_region_product_mix,5,0.025,analytics,pcqv,PASS,12,1,0,1,0,0,0,
q16_region_product_mix,5,0.025,analytics,oracle_order,PASS,12,1,0,1,0,0,0,
q16_region_product_mix,5,0.025,support,reference,PASS,12,1,0,1,0,0,0,
q16_region_product_mix,5,0.025,support,post_join_filter,PASS,8,1,0,1,0,0,0,
q16_region_product_mix,5,0.025,support,view_barrier,PASS,23,1,1,1,0,0,0,
q16_region_product_mix,5,0.025,support,predicate_injection,PASS,12,1,0,1,0,0,0,
q16_region_product_mix,5,0.025,support,pcqv_forced,PASS,12,1,0,1,0,0,0,
q16_region_product_mix,5,0.025,support,pcqv,PASS,12,1,0,1,0,0,0,
q16_region_product_mix,5,0.025,support,oracle_order,PASS,12,1,0,1,0,0,0,
q16_region_product_mix,5,0.025,billing,reference,PASS,12,1,0,1,0,0,0,
q16_region_product_mix,5,0.025,billing,post_join_filter,PASS,8,1,0,1,0,0,0,
q16_region_product_mix,5,0.025,billing,view_barrier,PASS,23,1,1,1,0,0,0,
q16_region_product_mix,5,0.025,billing,predicate_injection,PASS,12,1,0,1,0,0,0,
q16_region_product_mix,5,0.025,billing,pcqv_forced,PASS,12,1,0,1,0,0,0,
q16_region_product_mix,5,0.025,billing,pcqv,PASS,12,1,0,1,0,0,0,
q16_region_product_mix,5,0.025,billing,oracle_order,PASS,12,1,0,1,0,0,0,
q16_region_product_mix,5,0.1,analytics,reference,PASS,13,1,0,1,0,0,0,
q16_region_product_mix,5,0.1,analytics,post_join_filter,PASS,8,1,0,1,0,0,0,
q16_region_product_mix,5,0.1,analytics,view_barrier,PASS,23,1,1,1,0,0,0,
q16_region_product_mix,5,0.1,analytics,predicate_injection,PASS,13,1,0,1,0,0,0,
q16_region_product_mix,5,0.1,analytics,pcqv_forced,PASS,13,1,0,1,0,0,0,
q16_region_product_mix,5,0.1,analytics,pcqv,PASS,13,1,0,1,0,0,0,
q16_region_product_mix,5,0.1,analytics,oracle_order,PASS,13,1,0,1,0,0,0,
q16_region_product_mix,5,0.1,support,reference,PASS,13,1,0,1,0,0,0,
q16_region_product_mix,5,0.1,support,post_join_filter,PASS,8,1,0,1,0,0,0,
q16_region_product_mix,5,0.1,support,view_barrier,PASS,23,1,1,1,0,0,0,
q16_region_product_mix,5,0.1,support,predicate_injection,PASS,13,1,0,1,0,0,0,
q16_region_product_mix,5,0.1,support,pcqv_forced,PASS,13,1,0,1,0,0,0,
q16_region_product_mix,5,0.1,support,pcqv,PASS,13,1,0,1,0,0,0,
q16_region_product_mix,5,0.1,support,oracle_order,PASS,13,1,0,1,0,0,0,
q16_region_product_mix,5,0.1,billing,reference,PASS,13,1,0,1,0,0,0,
q16_region_product_mix,5,0.1,billing,post_join_filter,PASS,8,1,0,1,0,0,0,
q16_region_product_mix,5,0.1,billing,view_barrier,PASS,23,1,1,1,0,0,0,
q16_region_product_mix,5,0.1,billing,predicate_injection,PASS,13,1,0,1,0,0,0,
q16_region_product_mix,5,0.1,billing,pcqv_forced,PASS,13,1,0,1,0,0,0,
q16_region_product_mix,5,0.1,billing,pcqv,PASS,13,1,0,1,0,0,0,
q16_region_product_mix,5,0.1,billing,oracle_order,PASS,13,1,0,1,0,0,0,
q16_region_product_mix,5,0.5,analytics,reference,PASS,13,1,0,1,0,0,0,
q16_region_product_mix,5,0.5,analytics,post_join_filter,PASS,9,1,0,1,0,0,0,
q16_region_product_mix,5,0.5,analytics,view_barrier,PASS,23,1,1,1,0,0,0,
q16_region_product_mix,5,0.5,analytics,predicate_injection,PASS,13,1,0,1,0,0,0,
q16_region_product_mix,5,0.5,analytics,pcqv_forced,PASS,13,1,0,1,0,0,0,
q16_region_product_mix,5,0.5,analytics,pcqv,PASS,13,1,0,1,0,0,0,
q16_region_product_mix,5,0.5,analytics,oracle_order,PASS,13,1,0,1,0,0,0,
q16_region_product_mix,5,0.5,support,reference,PASS,13,1,0,1,0,0,0,
q16_region_product_mix,5,0.5,support,post_join_filter,PASS,9,1,0,1,0,0,0,
q16_region_product_mix,5,0.5,support,view_barrier,PASS,23,1,1,1,0,0,0,
q16_region_product_mix,5,0.5,support,predicate_injection,PASS,13,1,0,1,0,0,0,
q16_region_product_mix,5,0.5,support,pcqv_forced,PASS,13,1,0,1,0,0,0,
q16_region_product_mix,5,0.5,support,pcqv,PASS,13,1,0,1,0,0,0,
q16_region_product_mix,5,0.5,support,oracle_order,PASS,13,1,0,1,0,0,0,
q16_region_product_mix,5,0.5,billing,reference,PASS,13,1,0,1,0,0,0,
q16_region_product_mix,5,0.5,billing,post_join_filter,PASS,9,1,0,1,0,0,0,
q16_region_product_mix,5,0.5,billing,view_barrier,PASS,23,1,1,1,0,0,0,
q16_region_product_mix,5,0.5,billing,predicate_injection,PASS,13,1,0,1,0,0,0,
q16_region_product_mix,5,0.5,billing,pcqv_forced,PASS,13,1,0,1,0,0,0,
q16_region_product_mix,5,0.5,billing,pcqv,PASS,13,1,0,1,0,0,0,
q16_region_product_mix,5,0.5,billing,oracle_order,PASS,13,1,0,1,0,0,0,
q16_region_product_mix,6,0.025,analytics,reference,PASS,12,1,0,1,0,0,0,
q16_region_product_mix,6,0.025,analytics,post_join_filter,PASS,8,1,0,1,0,0,0,
q16_region_product_mix,6,0.025,analytics,view_barrier,PASS,23,1,1,1,0,0,0,
q16_region_product_mix,6,0.025,analytics,predicate_injection,PASS,12,1,0,1,0,0,0,
q16_region_product_mix,6,0.025,analytics,pcqv_forced,PASS,12,1,0,1,0,0,0,
q16_region_product_mix,6,0.025,analytics,pcqv,PASS,12,1,0,1,0,0,0,
q16_region_product_mix,6,0.025,analytics,oracle_order,PASS,12,1,0,1,0,0,0,
q16_region_product_mix,6,0.025,support,reference,PASS,12,1,0,1,0,0,0,
q16_region_product_mix,6,0.025,support,post_join_filter,PASS,8,1,0,1,0,0,0,
q16_region_product_mix,6,0.025,support,view_barrier,PASS,23,1,1,1,0,0,0,
q16_region_product_mix,6,0.025,support,predicate_injection,PASS,12,1,0,1,0,0,0,
q16_region_product_mix,6,0.025,support,pcqv_forced,PASS,12,1,0,1,0,0,0,
q16_region_product_mix,6,0.025,support,pcqv,PASS,12,1,0,1,0,0,0,
q16_region_product_mix,6,0.025,support,oracle_order,PASS,12,1,0,1,0,0,0,
q16_region_product_mix,6,0.025,billing,reference,PASS,12,1,0,1,0,0,0,
q16_region_product_mix,6,0.025,billing,post_join_filter,PASS,8,1,0,1,0,0,0,
q16_region_product_mix,6,0.025,billing,view_barrier,PASS,23,1,1,1,0,0,0,
q16_region_product_mix,6,0.025,billing,predicate_injection,PASS,12,1,0,1,0,0,0,
q16_region_product_mix,6,0.025,billing,pcqv_forced,PASS,12,1,0,1,0,0,0,
q16_region_product_mix,6,0.025,billing,pcqv,PASS,12,1,0,1,0,0,0,
q16_region_product_mix,6,0.025,billing,oracle_order,PASS,12,1,0,1,0,0,0,
q16_region_product_mix,6,0.1,analytics,reference,PASS,13,1,0,1,0,0,0,
q16_region_product_mix,6,0.1,analytics,post_join_filter,PASS,8,1,0,1,0,0,0,
q16_region_product_mix,6,0.1,analytics,view_barrier,PASS,23,1,1,1,0,0,0,
q16_region_product_mix,6,0.1,analytics,predicate_injection,PASS,13,1,0,1,0,0,0,
q16_region_product_mix,6,0.1,analytics,pcqv_forced,PASS,13,1,0,1,0,0,0,
q16_region_product_mix,6,0.1,analytics,pcqv,PASS,13,1,0,1,0,0,0,
q16_region_product_mix,6,0.1,analytics,oracle_order,PASS,13,1,0,1,0,0,0,
q16_region_product_mix,6,0.1,support,reference,PASS,13,1,0,1,0,0,0,
q16_region_product_mix,6,0.1,support,post_join_filter,PASS,8,1,0,1,0,0,0,
q16_region_product_mix,6,0.1,support,view_barrier,PASS,23,1,1,1,0,0,0,
q16_region_product_mix,6,0.1,support,predicate_injection,PASS,13,1,0,1,0,0,0,
q16_region_product_mix,6,0.1,support,pcqv_forced,PASS,13,1,0,1,0,0,0,
q16_region_product_mix,6,0.1,support,pcqv,PASS,13,1,0,1,0,0,0,
q16_region_product_mix,6,0.1,support,oracle_order,PASS,13,1,0,1,0,0,0,
q16_region_product_mix,6,0.1,billing,reference,PASS,13,1,0,1,0,0,0,
q16_region_product_mix,6,0.1,billing,post_join_filter,PASS,8,1,0,1,0,0,0,
q16_region_product_mix,6,0.1,billing,view_barrier,PASS,23,1,1,1,0,0,0,
q16_region_product_mix,6,0.1,billing,predicate_injection,PASS,13,1,0,1,0,0,0,
q16_region_product_mix,6,0.1,billing,pcqv_forced,PASS,13,1,0,1,0,0,0,
q16_region_product_mix,6,0.1,billing,pcqv,PASS,13,1,0,1,0,0,0,
q16_region_product_mix,6,0.1,billing,oracle_order,PASS,13,1,0,1,0,0,0,
q16_region_product_mix,6,0.5,analytics,reference,PASS,13,1,0,1,0,0,0,
q16_region_product_mix,6,0.5,analytics,post_join_filter,PASS,9,1,0,1,0,0,0,
q16_region_product_mix,6,0.5,analytics,view_barrier,PASS,23,1,1,1,0,0,0,
q16_region_product_mix,6,0.5,analytics,predicate_injection,PASS,13,1,0,1,0,0,0,
q16_region_product_mix,6,0.5,analytics,pcqv_forced,PASS,13,1,0,1,0,0,0,
q16_region_product_mix,6,0.5,analytics,pcqv,PASS,13,1,0,1,0,0,0,
q16_region_product_mix,6,0.5,analytics,oracle_order,PASS,13,1,0,1,0,0,0,
q16_region_product_mix,6,0.5,support,reference,PASS,13,1,0,1,0,0,0,
q16_region_product_mix,6,0.5,support,post_join_filter,PASS,9,1,0,1,0,0,0,
q16_region_product_mix,6,0.5,support,view_barrier,PASS,23,1,1,1,0,0,0,
q16_region_product_mix,6,0.5,support,predicate_injection,PASS,13,1,0,1,0,0,0,
q16_region_product_mix,6,0.5,support,pcqv_forced,PASS,13,1,0,1,0,0,0,
q16_region_product_mix,6,0.5,support,pcqv,PASS,13,1,0,1,0,0,0,
q16_region_product_mix,6,0.5,support,oracle_order,PASS,13,1,0,1,0,0,0,
q16_region_product_mix,6,0.5,billing,reference,PASS,13,1,0,1,0,0,0,
q16_region_product_mix,6,0.5,billing,post_join_filter,PASS,9,1,0,1,0,0,0,
q16_region_product_mix,6,0.5,billing,view_barrier,PASS,23,1,1,1,0,0,0,
q16_region_product_mix,6,0.5,billing,predicate_injection,PASS,13,1,0,1,0,0,0,
q16_region_product_mix,6,0.5,billing,pcqv_forced,PASS,13,1,0,1,0,0,0,
q16_region_product_mix,6,0.5,billing,pcqv,PASS,13,1,0,1,0,0,0,
q16_region_product_mix,6,0.5,billing,oracle_order,PASS,13,1,0,1,0,0,0,
