case,query,kind,tables,selectivity,complexity,method,declared_safe,equivalent,symmetric_difference_count,policy_violation_count,error
1,fz001,rows,tickets,0.05,1,post_join_filter,1,1,0,0,
1,fz001,rows,tickets,0.05,1,view_barrier,1,1,0,0,
1,fz001,rows,tickets,0.05,1,predicate_injection,1,1,0,0,
1,fz001,rows,tickets,0.05,1,pcqv_forced,1,1,0,0,
1,fz001,rows,tickets,0.05,1,pcqv,1,1,0,0,
1,fz001,rows,tickets,0.05,1,oracle_order,1,1,0,0,
1,fz001,rows,tickets,0.05,1,unsafe_late_aggregate,0,1,0,0,
1,fz001,rows,tickets,0.05,1,mut_no_mask,0,1,0,0,
1,fz001,rows,tickets,0.05,1,mut_drop_tenant,0,0,268,191,
1,fz001,rows,tickets,0.05,1,mut_drop_purpose,0,1,0,0,
1,fz001,rows,tickets,0.05,1,mut_drop_clearance,0,1,0,0,
1,fz001,rows,tickets,0.05,1,mut_drop_region,0,1,0,0,
1,fz001,rows,tickets,0.05,1,mut_drop_cross_guard,0,1,0,0,
1,fz001,rows,tickets,0.05,1,mut_drop_acl,0,1,0,0,
1,fz001,rows,tickets,0.05,1,mut_no_group_guard,0,1,0,0,
2,fz002,rows,products,0.05,2,post_join_filter,1,1,0,0,
2,fz002,rows,products,0.05,2,view_barrier,1,1,0,0,
2,fz002,rows,products,0.05,2,predicate_injection,1,1,0,0,
2,fz002,rows,products,0.05,2,pcqv_forced,1,1,0,0,
2,fz002,rows,products,0.05,2,pcqv,1,1,0,0,
2,fz002,rows,products,0.05,2,oracle_order,1,1,0,0,
2,fz002,rows,products,0.05,2,unsafe_late_aggregate,0,1,0,0,
2,fz002,rows,products,0.05,2,mut_no_mask,0,1,0,0,
2,fz002,rows,products,0.05,2,mut_drop_tenant,0,0,195,192,
2,fz002,rows,products,0.05,2,mut_drop_purpose,0,1,0,0,
2,fz002,rows,products,0.05,2,mut_drop_clearance,0,1,0,0,
2,fz002,rows,products,0.05,2,mut_drop_region,0,1,0,0,
2,fz002,rows,products,0.05,2,mut_drop_cross_guard,0,1,0,0,
2,fz002,rows,products,0.05,2,mut_drop_acl,0,1,0,0,
2,fz002,rows,products,0.05,2,mut_no_group_guard,0,1,0,0,
3,fz003,aggregate,orders+customers,0.5,3,post_join_filter,1,1,0,0,
3,fz003,aggregate,orders+customers,0.5,3,view_barrier,1,1,0,0,
3,fz003,aggregate,orders+customers,0.5,3,predicate_injection,1,1,0,0,
3,fz003,aggregate,orders+customers,0.5,3,pcqv_forced,1,1,0,0,
3,fz003,aggregate,orders+customers,0.5,3,pcqv,1,1,0,0,
3,fz003,aggregate,orders+customers,0.5,3,oracle_order,1,1,0,0,
3,fz003,aggregate,orders+customers,0.5,3,unsafe_late_aggregate,0,0,70,40,
3,fz003,aggregate,orders+customers,0.5,3,mut_no_mask,0,1,0,0,
3,fz003,aggregate,orders+customers,0.5,3,mut_drop_tenant,0,0,60,30,
3,fz003,aggregate,orders+customers,0.5,3,mut_drop_purpose,0,0,60,30,
3,fz003,aggregate,orders+customers,0.5,3,mut_drop_clearance,0,0,12,6,
3,fz003,aggregate,orders+customers,0.5,3,mut_drop_region,0,0,10,10,
3,fz003,aggregate,orders+customers,0.5,3,mut_drop_cross_guard,0,1,0,0,
3,fz003,aggregate,orders+customers,0.5,3,mut_drop_acl,0,1,0,0,
3,fz003,aggregate,orders+customers,0.5,3,mut_no_group_guard,0,1,0,0,
4,fz004,aggregate,orders+customers+tickets,0.5,2,post_join_filter,1,1,0,0,
4,fz004,aggregate,orders+customers+tickets,0.5,2,view_barrier,1,1,0,0,
4,fz004,aggregate,orders+customers+tickets,0.5,2,predicate_injection,1,1,0,0,
4,fz004,aggregate,orders+customers+tickets,0.5,2,pcqv_forced,1,1,0,0,
4,fz004,aggregate,orders+customers+tickets,0.5,2,pcqv,1,1,0,0,
4,fz004,aggregate,orders+customers+tickets,0.5,2,oracle_order,1,1,0,0,
4,fz004,aggregate,orders+customers+tickets,0.5,2,unsafe_late_aggregate,0,0,14,8,
4,fz004,aggregate,orders+customers+tickets,0.5,2,mut_no_mask,0,1,0,0,
4,fz004,aggregate,orders+customers+tickets,0.5,2,mut_drop_tenant,0,0,12,6,
4,fz004,aggregate,orders+customers+tickets,0.5,2,mut_drop_purpose,0,1,0,0,
4,fz004,aggregate,orders+customers+tickets,0.5,2,mut_drop_clearance,0,0,10,5,
4,fz004,aggregate,orders+customers+tickets,0.5,2,mut_drop_region,0,0,2,2,
4,fz004,aggregate,orders+customers+tickets,0.5,2,mut_drop_cross_guard,0,1,0,0,
4,fz004,aggregate,orders+customers+tickets,0.5,2,mut_drop_acl,0,1,0,0,
4,fz004,aggregate,orders+customers+tickets,0.5,2,mut_no_group_guard,0,1,0,0,
5,fz005,rows,tickets,0.1,5,post_join_filter,1,1,0,0,
5,fz005,rows,tickets,0.1,5,view_barrier,1,1,0,0,
5,fz005,rows,tickets,0.1,5,predicate_injection,1,1,0,0,
5,fz005,rows,tickets,0.1,5,pcqv_forced,1,1,0,0,
5,fz005,rows,tickets,0.1,5,pcqv,1,1,0,0,
5,fz005,rows,tickets,0.1,5,oracle_order,1,1,0,0,
5,fz005,rows,tickets,0.1,5,unsafe_late_aggregate,0,1,0,0,
5,fz005,rows,tickets,0.1,5,mut_no_mask,0,1,0,0,
5,fz005,rows,tickets,0.1,5,mut_drop_tenant,0,0,306,178,
5,fz005,rows,tickets,0.1,5,mut_drop_purpose,0,0,41,41,
5,fz005,rows,tickets,0.1,5,mut_drop_clearance,0,1,0,0,
5,fz005,rows,tickets,0.1,5,mut_drop_region,0,1,0,0,
5,fz005,rows,tickets,0.1,5,mut_drop_cross_guard,0,1,0,0,
5,fz005,rows,tickets,0.1,5,mut_drop_acl,0,1,0,0,
5,fz005,rows,tickets,0.1,5,mut_no_group_guard,0,1,0,0,
6,fz006,aggregate,tickets+customers,0.25,6,post_join_filter,1,1,0,0,
6,fz006,aggregate,tickets+customers,0.25,6,view_barrier,1,1,0,0,
6,fz006,aggregate,tickets+customers,0.25,6,predicate_injection,1,1,0,0,
6,fz006,aggregate,tickets+customers,0.25,6,pcqv_forced,1,1,0,0,
6,fz006,aggregate,tickets+customers,0.25,6,pcqv,1,1,0,0,
6,fz006,aggregate,tickets+customers,0.25,6,oracle_order,1,1,0,0,
6,fz006,aggregate,tickets+customers,0.25,6,unsafe_late_aggregate,0,0,38,32,
6,fz006,aggregate,tickets+customers,0.25,6,mut_no_mask,0,1,0,0,
6,fz006,aggregate,tickets+customers,0.25,6,mut_drop_tenant,0,0,22,16,
6,fz006,aggregate,tickets+customers,0.25,6,mut_drop_purpose,0,0,16,11,
6,fz006,aggregate,tickets+customers,0.25,6,mut_drop_clearance,0,0,2,2,
6,fz006,aggregate,tickets+customers,0.25,6,mut_drop_region,0,1,0,0,
6,fz006,aggregate,tickets+customers,0.25,6,mut_drop_cross_guard,0,1,0,0,
6,fz006,aggregate,tickets+customers,0.25,6,mut_drop_acl,0,0,4,4,
6,fz006,aggregate,tickets+customers,0.25,6,mut_no_group_guard,0,0,13,13,
7,fz007,rows,lineitem+orders+customers,0.5,3,post_join_filter,1,1,0,0,
7,fz007,rows,lineitem+orders+customers,0.5,3,view_barrier,1,1,0,0,
7,fz007,rows,lineitem+orders+customers,0.5,3,predicate_injection,1,1,0,0,
7,fz007,rows,lineitem+orders+customers,0.5,3,pcqv_forced,1,1,0,0,
7,fz007,rows,lineitem+orders+customers,0.5,3,pcqv,1,1,0,0,
7,fz007,rows,lineitem+orders+customers,0.5,3,oracle_order,1,1,0,0,
7,fz007,rows,lineitem+orders+customers,0.5,3,unsafe_late_aggregate,0,1,0,0,
7,fz007,rows,lineitem+orders+customers,0.5,3,mut_no_mask,0,0,400,200,
7,fz007,rows,lineitem+orders+customers,0.5,3,mut_drop_tenant,0,0,226,113,
7,fz007,rows,lineitem+orders+customers,0.5,3,mut_drop_purpose,0,0,316,158,
7,fz007,rows,lineitem+orders+customers,0.5,3,mut_drop_clearance,0,0,30,15,
7,fz007,rows,lineitem+orders+customers,0.5,3,mut_drop_region,0,0,110,55,
7,fz007,rows,lineitem+orders+customers,0.5,3,mut_drop_cross_guard,0,1,0,0,
7,fz007,rows,lineitem+orders+customers,0.5,3,mut_drop_acl,0,1,0,0,
7,fz007,rows,lineitem+orders+customers,0.5,3,mut_no_group_guard,0,1,0,0,
8,fz008,rows,products,0.05,3,post_join_filter,1,1,0,0,
8,fz008,rows,products,0.05,3,view_barrier,1,1,0,0,
8,fz008,rows,products,0.05,3,predicate_injection,1,1,0,0,
8,fz008,rows,products,0.05,3,pcqv_forced,1,1,0,0,
8,fz008,rows,products,0.05,3,pcqv,1,1,0,0,
8,fz008,rows,products,0.05,3,oracle_order,1,1,0,0,
8,fz008,rows,products,0.05,3,unsafe_late_aggregate,0,1,0,0,
8,fz008,rows,products,0.05,3,mut_no_mask,0,1,0,0,
8,fz008,rows,products,0.05,3,mut_drop_tenant,0,0,44,44,
8,fz008,rows,products,0.05,3,mut_drop_purpose,0,1,0,0,
8,fz008,rows,products,0.05,3,mut_drop_clearance,0,0,3,3,
8,fz008,rows,products,0.05,3,mut_drop_region,0,1,0,0,
8,fz008,rows,products,0.05,3,mut_drop_cross_guard,0,1,0,0,
8,fz008,rows,products,0.05,3,mut_drop_acl,0,1,0,0,
8,fz008,rows,products,0.05,3,mut_no_group_guard,0,1,0,0,
9,fz009,rows,products,0.05,3,post_join_filter,1,1,0,0,
9,fz009,rows,products,0.05,3,view_barrier,1,1,0,0,
9,fz009,rows,products,0.05,3,predicate_injection,1,1,0,0,
9,fz009,rows,products,0.05,3,pcqv_forced,1,1,0,0,
9,fz009,rows,products,0.05,3,pcqv,1,1,0,0,
9,fz009,rows,products,0.05,3,oracle_order,1,1,0,0,
9,fz009,rows,products,0.05,3,unsafe_late_aggregate,0,1,0,0,
9,fz009,rows,products,0.05,3,mut_no_mask,0,1,0,0,
9,fz009,rows,products,0.05,3,mut_drop_tenant,0,0,89,89,
9,fz009,rows,products,0.05,3,mut_drop_purpose,0,1,0,0,
9,fz009,rows,products,0.05,3,mut_drop_clearance,0,0,9,9,
9,fz009,rows,products,0.05,3,mut_drop_region,0,1,0,0,
9,fz009,rows,products,0.05,3,mut_drop_cross_guard,0,1,0,0,
9,fz009,rows,products,0.05,3,mut_drop_acl,0,1,0,0,
9,fz009,rows,products,0.05,3,mut_no_group_guard,0,1,0,0,
10,fz010,aggregate,tickets+customers+orders,0.05,3,post_join_filter,1,1,0,0,
10,fz010,aggregate,tickets+customers+orders,0.05,3,view_barrier,1,1,0,0,
10,fz010,aggregate,tickets+customers+orders,0.05,3,predicate_injection,1,1,0,0,
10,fz010,aggregate,tickets+customers+orders,0.05,3,pcqv_forced,1,1,0,0,
10,fz010,aggregate,tickets+customers+orders,0.05,3,pcqv,1,1,0,0,
10,fz010,aggregate,tickets+customers+orders,0.05,3,oracle_order,1,1,0,0,
10,fz010,aggregate,tickets+customers+orders,0.05,3,unsafe_late_aggregate,0,0,42,40,
10,fz010,aggregate,tickets+customers+orders,0.05,3,mut_no_mask,0,1,0,0,
10,fz010,aggregate,tickets+customers+orders,0.05,3,mut_drop_tenant,0,0,12,10,
10,fz010,aggregate,tickets+customers+orders,0.05,3,mut_drop_purpose,0,0,7,5,
10,fz010,aggregate,tickets+customers+orders,0.05,3,mut_drop_clearance,0,1,0,0,
10,fz010,aggregate,tickets+customers+orders,0.05,3,mut_drop_region,0,0,14,14,
10,fz010,aggregate,tickets+customers+orders,0.05,3,mut_drop_cross_guard,0,1,0,0,
10,fz010,aggregate,tickets+customers+orders,0.05,3,mut_drop_acl,0,1,0,0,
10,fz010,aggregate,tickets+customers+orders,0.05,3,mut_no_group_guard,0,1,0,0,
11,fz011,aggregate,products+lineitem+orders,0.5,2,post_join_filter,1,1,0,0,
11,fz011,aggregate,products+lineitem+orders,0.5,2,view_barrier,1,1,0,0,
11,fz011,aggregate,products+lineitem+orders,0.5,2,predicate_injection,1,1,0,0,
11,fz011,aggregate,products+lineitem+orders,0.5,2,pcqv_forced,1,1,0,0,
11,fz011,aggregate,products+lineitem+orders,0.5,2,pcqv,1,1,0,0,
11,fz011,aggregate,products+lineitem+orders,0.5,2,oracle_order,1,1,0,0,
11,fz011,aggregate,products+lineitem+orders,0.5,2,unsafe_late_aggregate,0,0,8,4,
11,fz011,aggregate,products+lineitem+orders,0.5,2,mut_no_mask,0,1,0,0,
11,fz011,aggregate,products+lineitem+orders,0.5,2,mut_drop_tenant,0,0,8,4,
11,fz011,aggregate,products+lineitem+orders,0.5,2,mut_drop_purpose,0,1,0,0,
11,fz011,aggregate,products+lineitem+orders,0.5,2,mut_drop_clearance,0,1,0,0,
11,fz011,aggregate,products+lineitem+orders,0.5,2,mut_drop_region,0,1,0,0,
11,fz011,aggregate,products+lineitem+orders,0.5,2,mut_drop_cross_guard,0,1,0,0,
11,fz011,aggregate,products+lineitem+orders,0.5,2,mut_drop_acl,0,1,0,0,
11,fz011,aggregate,products+lineitem+orders,0.5,2,mut_no_group_guard,0,1,0,0,
12,fz012,rows,orders+customers,0.25,4,post_join_filter,1,1,0,0,
12,fz012,rows,orders+customers,0.25,4,view_barrier,1,1,0,0,
12,fz012,rows,orders+customers,0.25,4,predicate_injection,1,1,0,0,
12,fz012,rows,orders+customers,0.25,4,pcqv_forced,1,1,0,0,
12,fz012,rows,orders+customers,0.25,4,pcqv,1,1,0,0,
12,fz012,rows,orders+customers,0.25,4,oracle_order,1,1,0,0,
12,fz012,rows,orders+customers,0.25,4,unsafe_late_aggregate,0,1,0,0,
12,fz012,rows,orders+customers,0.25,4,mut_no_mask,0,0,56,28,
12,fz012,rows,orders+customers,0.25,4,mut_drop_tenant,0,0,149,139,
12,fz012,rows,orders+customers,0.25,4,mut_drop_purpose,0,0,149,139,
12,fz012,rows,orders+customers,0.25,4,mut_drop_clearance,0,0,1,1,
12,fz012,rows,orders+customers,0.25,4,mut_drop_region,0,1,0,0,
12,fz012,rows,orders+customers,0.25,4,mut_drop_cross_guard,0,1,0,0,
12,fz012,rows,orders+customers,0.25,4,mut_drop_acl,0,1,0,0,
12,fz012,rows,orders+customers,0.25,4,mut_no_group_guard,0,1,0,0,
13,fz013,aggregate,orders+lineitem,0.1,1,post_join_filter,1,1,0,0,
13,fz013,aggregate,orders+lineitem,0.1,1,view_barrier,1,1,0,0,
13,fz013,aggregate,orders+lineitem,0.1,1,predicate_injection,1,1,0,0,
13,fz013,aggregate,orders+lineitem,0.1,1,pcqv_forced,1,1,0,0,
13,fz013,aggregate,orders+lineitem,0.1,1,pcqv,1,1,0,0,
13,fz013,aggregate,orders+lineitem,0.1,1,oracle_order,1,1,0,0,
13,fz013,aggregate,orders+lineitem,0.1,1,unsafe_late_aggregate,0,0,36,36,
13,fz013,aggregate,orders+lineitem,0.1,1,mut_no_mask,0,1,0,0,
13,fz013,aggregate,orders+lineitem,0.1,1,mut_drop_tenant,0,0,36,36,
13,fz013,aggregate,orders+lineitem,0.1,1,mut_drop_purpose,0,1,0,0,
13,fz013,aggregate,orders+lineitem,0.1,1,mut_drop_clearance,0,1,0,0,
13,fz013,aggregate,orders+lineitem,0.1,1,mut_drop_region,0,1,0,0,
13,fz013,aggregate,orders+lineitem,0.1,1,mut_drop_cross_guard,0,1,0,0,
13,fz013,aggregate,orders+lineitem,0.1,1,mut_drop_acl,0,1,0,0,
13,fz013,aggregate,orders+lineitem,0.1,1,mut_no_group_guard,0,1,0,0,
14,fz014,rows,orders,0.5,1,post_join_filter,1,1,0,0,
14,fz014,rows,orders,0.5,1,view_barrier,1,1,0,0,
14,fz014,rows,orders,0.5,1,predicate_injection,1,1,0,0,
14,fz014,rows,orders,0.5,1,pcqv_forced,1,1,0,0,
14,fz014,rows,orders,0.5,1,pcqv,1,1,0,0,
14,fz014,rows,orders,0.5,1,oracle_order,1,1,0,0,
14,fz014,rows,orders,0.5,1,unsafe_late_aggregate,0,1,0,0,
14,fz014,rows,orders,0.5,1,mut_no_mask,0,1,0,0,
14,fz014,rows,orders,0.5,1,mut_drop_tenant,0,0,186,93,
14,fz014,rows,orders,0.5,1,mut_drop_purpose,0,1,0,0,
14,fz014,rows,orders,0.5,1,mut_drop_clearance,0,1,0,0,
14,fz014,rows,orders,0.5,1,mut_drop_region,0,1,0,0,
14,fz014,rows,orders,0.5,1,mut_drop_cross_guard,0,1,0,0,
14,fz014,rows,orders,0.5,1,mut_drop_acl,0,1,0,0,
14,fz014,rows,orders,0.5,1,mut_no_group_guard,0,1,0,0,
15,fz015,rows,products+lineitem,0.025,3,post_join_filter,1,1,0,0,
15,fz015,rows,products+lineitem,0.025,3,view_barrier,1,1,0,0,
15,fz015,rows,products+lineitem,0.025,3,predicate_injection,1,1,0,0,
15,fz015,rows,products+lineitem,0.025,3,pcqv_forced,1,1,0,0,
15,fz015,rows,products+lineitem,0.025,3,pcqv,1,1,0,0,
15,fz015,rows,products+lineitem,0.025,3,oracle_order,1,1,0,0,
15,fz015,rows,products+lineitem,0.025,3,unsafe_late_aggregate,0,1,0,0,
15,fz015,rows,products+lineitem,0.025,3,mut_no_mask,0,1,0,0,
15,fz015,rows,products+lineitem,0.025,3,mut_drop_tenant,0,0,221,200,
15,fz015,rows,products+lineitem,0.025,3,mut_drop_purpose,0,1,0,0,
15,fz015,rows,products+lineitem,0.025,3,mut_drop_clearance,0,0,152,152,
15,fz015,rows,products+lineitem,0.025,3,mut_drop_region,0,1,0,0,
15,fz015,rows,products+lineitem,0.025,3,mut_drop_cross_guard,0,1,0,0,
15,fz015,rows,products+lineitem,0.025,3,mut_drop_acl,0,1,0,0,
15,fz015,rows,products+lineitem,0.025,3,mut_no_group_guard,0,1,0,0,
16,fz016,aggregate,customers+orders+lineitem+products,0.1,4,post_join_filter,1,1,0,0,
16,fz016,aggregate,customers+orders+lineitem+products,0.1,4,view_barrier,1,1,0,0,
16,fz016,aggregate,customers+orders+lineitem+products,0.1,4,predicate_injection,1,1,0,0,
16,fz016,aggregate,customers+orders+lineitem+products,0.1,4,pcqv_forced,1,1,0,0,
16,fz016,aggregate,customers+orders+lineitem+products,0.1,4,pcqv,1,1,0,0,
16,fz016,aggregate,customers+orders+lineitem+products,0.1,4,oracle_order,1,1,0,0,
16,fz016,aggregate,customers+orders+lineitem+products,0.1,4,unsafe_late_aggregate,0,0,55,48,
16,fz016,aggregate,customers+orders+lineitem+products,0.1,4,mut_no_mask,0,1,0,0,
16,fz016,aggregate,customers+orders+lineitem+products,0.1,4,mut_drop_tenant,0,0,31,24,
16,fz016,aggregate,customers+orders+lineitem+products,0.1,4,mut_drop_purpose,0,0,15,9,
16,fz016,aggregate,customers+orders+lineitem+products,0.1,4,mut_drop_clearance,0,0,8,7,
16,fz016,aggregate,customers+orders+lineitem+products,0.1,4,mut_drop_region,0,1,0,0,
16,fz016,aggregate,customers+orders+lineitem+products,0.1,4,mut_drop_cross_guard,0,1,0,0,
16,fz016,aggregate,customers+orders+lineitem+products,0.1,4,mut_drop_acl,0,1,0,0,
16,fz016,aggregate,customers+orders+lineitem+products,0.1,4,mut_no_group_guard,0,1,0,0,
17,fz017,rows,orders+lineitem,0.1,4,post_join_filter,1,1,0,0,
17,fz017,rows,orders+lineitem,0.1,4,view_barrier,1,1,0,0,
17,fz017,rows,orders+lineitem,0.1,4,predicate_injection,1,1,0,0,
17,fz017,rows,orders+lineitem,0.1,4,pcqv_forced,1,1,0,0,
17,fz017,rows,orders+lineitem,0.1,4,pcqv,1,1,0,0,
17,fz017,rows,orders+lineitem,0.1,4,oracle_order,1,1,0,0,
17,fz017,rows,orders+lineitem,0.1,4,unsafe_late_aggregate,0,1,0,0,
17,fz017,rows,orders+lineitem,0.1,4,mut_no_mask,0,1,0,0,
17,fz017,rows,orders+lineitem,0.1,4,mut_drop_tenant,0,0,200,180,
17,fz017,rows,orders+lineitem,0.1,4,mut_drop_purpose,0,0,90,90,
17,fz017,rows,orders+lineitem,0.1,4,mut_drop_clearance,0,1,0,0,
17,fz017,rows,orders+lineitem,0.1,4,mut_drop_region,0,1,0,0,
17,fz017,rows,orders+lineitem,0.1,4,mut_drop_cross_guard,0,0,46,46,
17,fz017,rows,orders+lineitem,0.1,4,mut_drop_acl,0,1,0,0,
17,fz017,rows,orders+lineitem,0.1,4,mut_no_group_guard,0,1,0,0,
18,fz018,aggregate,lineitem+products,0.025,5,post_join_filter,1,1,0,0,
18,fz018,aggregate,lineitem+products,0.025,5,view_barrier,1,1,0,0,
18,fz018,aggregate,lineitem+products,0.025,5,predicate_injection,1,1,0,0,
18,fz018,aggregate,lineitem+products,0.025,5,pcqv_forced,1,1,0,0,
18,fz018,aggregate,lineitem+products,0.025,5,pcqv,1,1,0,0,
18,fz018,aggregate,lineitem+products,0.025,5,oracle_order,1,1,0,0,
18,fz018,aggregate,lineitem+products,0.025,5,unsafe_late_aggregate,0,0,7,6,
18,fz018,aggregate,lineitem+products,0.025,5,mut_no_mask,0,1,0,0,
18,fz018,aggregate,lineitem+products,0.025,5,mut_drop_tenant,0,0,3,2,
18,fz018,aggregate,lineitem+products,0.025,5,mut_drop_purpose,0,1,0,0,
18,fz018,aggregate,lineitem+products,0.025,5,mut_drop_clearance,0,0,4,4,
18,fz018,aggregate,lineitem+products,0.025,5,mut_drop_region,0,1,0,0,
18,fz018,aggregate,lineitem+products,0.025,5,mut_drop_cross_guard,0,0,2,1,
18,fz018,aggregate,lineitem+products,0.025,5,mut_drop_acl,0,1,0,0,
18,fz018,aggregate,lineitem+products,0.025,5,mut_no_group_guard,0,1,0,0,
19,fz019,rows,customers,0.25,4,post_join_filter,1,1,0,0,
19,fz019,rows,customers,0.25,4,view_barrier,1,1,0,0,
19,fz019,rows,customers,0.25,4,predicate_injection,1,1,0,0,
19,fz019,rows,customers,0.25,4,pcqv_forced,1,1,0,0,
19,fz019,rows,customers,0.25,4,pcqv,1,1,0,0,
19,fz019,rows,customers,0.25,4,oracle_order,1,1,0,0,
19,fz019,rows,customers,0.25,4,unsafe_late_aggregate,0,1,0,0,
19,fz019,rows,customers,0.25,4,mut_no_mask,0,0,302,151,
19,fz019,rows,customers,0.25,4,mut_drop_tenant,0,0,253,151,
19,fz019,rows,customers,0.25,4,mut_drop_purpose,0,1,0,0,
19,fz019,rows,customers,0.25,4,mut_drop_clearance,0,0,11,11,
19,fz019,rows,customers,0.25,4,mut_drop_region,0,0,123,86,
19,fz019,rows,customers,0.25,4,mut_drop_cross_guard,0,1,0,0,
19,fz019,rows,customers,0.25,4,mut_drop_acl,0,1,0,0,
19,fz019,rows,customers,0.25,4,mut_no_group_guard,0,1,0,0,
20,fz020,aggregate,customers+tickets,0.25,6,post_join_filter,1,1,0,0,
20,fz020,aggregate,customers+tickets,0.25,6,view_barrier,1,1,0,0,
20,fz020,aggregate,customers+tickets,0.25,6,predicate_injection,1,1,0,0,
20,fz020,aggregate,customers+tickets,0.25,6,pcqv_forced,1,1,0,0,
20,fz020,aggregate,customers+tickets,0.25,6,pcqv,1,1,0,0,
20,fz020,aggregate,customers+tickets,0.25,6,oracle_order,1,1,0,0,
20,fz020,aggregate,customers+tickets,0.25,6,unsafe_late_aggregate,0,0,28,20,
20,fz020,aggregate,customers+tickets,0.25,6,mut_no_mask,0,1,0,0,
20,fz020,aggregate,customers+tickets,0.25,6,mut_drop_tenant,0,0,28,20,
20,fz020,aggregate,customers+tickets,0.25,6,mut_drop_purpose,0,0,19,12,
20,fz020,aggregate,customers+tickets,0.25,6,mut_drop_clearance,0,0,11,6,
20,fz020,aggregate,customers+tickets,0.25,6,mut_drop_region,0,1,0,0,
20,fz020,aggregate,customers+tickets,0.25,6,mut_drop_cross_guard,0,1,0,0,
20,fz020,aggregate,customers+tickets,0.25,6,mut_drop_acl,0,0,27,19,
20,fz020,aggregate,customers+tickets,0.25,6,mut_no_group_guard,0,0,12,12,
21,fz021,aggregate,lineitem+orders+customers,0.25,2,post_join_filter,1,1,0,0,
21,fz021,aggregate,lineitem+orders+customers,0.25,2,view_barrier,1,1,0,0,
21,fz021,aggregate,lineitem+orders+customers,0.25,2,predicate_injection,1,1,0,0,
21,fz021,aggregate,lineitem+orders+customers,0.25,2,pcqv_forced,1,1,0,0,
21,fz021,aggregate,lineitem+orders+customers,0.25,2,pcqv,1,1,0,0,
21,fz021,aggregate,lineitem+orders+customers,0.25,2,oracle_order,1,1,0,0,
21,fz021,aggregate,lineitem+orders+customers,0.25,2,unsafe_late_aggregate,0,0,12,8,
21,fz021,aggregate,lineitem+orders+customers,0.25,2,mut_no_mask,0,1,0,0,
21,fz021,aggregate,lineitem+orders+customers,0.25,2,mut_drop_tenant,0,0,8,4,
21,fz021,aggregate,lineitem+orders+customers,0.25,2,mut_drop_purpose,0,1,0,0,
21,fz021,aggregate,lineitem+orders+customers,0.25,2,mut_drop_clearance,0,0,6,3,
21,fz021,aggregate,lineitem+orders+customers,0.25,2,mut_drop_region,0,0,4,4,
21,fz021,aggregate,lineitem+orders+customers,0.25,2,mut_drop_cross_guard,0,1,0,0,
21,fz021,aggregate,lineitem+orders+customers,0.25,2,mut_drop_acl,0,1,0,0,
21,fz021,aggregate,lineitem+orders+customers,0.25,2,mut_no_group_guard,0,1,0,0,
22,fz022,rows,customers+tickets+orders+lineitem,0.025,5,post_join_filter,1,1,0,0,
22,fz022,rows,customers+tickets+orders+lineitem,0.025,5,view_barrier,1,1,0,0,
22,fz022,rows,customers+tickets+orders+lineitem,0.025,5,predicate_injection,1,1,0,0,
22,fz022,rows,customers+tickets+orders+lineitem,0.025,5,pcqv_forced,1,1,0,0,
22,fz022,rows,customers+tickets+orders+lineitem,0.025,5,pcqv,1,1,0,0,
22,fz022,rows,customers+tickets+orders+lineitem,0.025,5,oracle_order,1,1,0,0,
22,fz022,rows,customers+tickets+orders+lineitem,0.025,5,unsafe_late_aggregate,0,1,0,0,
22,fz022,rows,customers+tickets+orders+lineitem,0.025,5,mut_no_mask,0,1,0,0,
22,fz022,rows,customers+tickets+orders+lineitem,0.025,5,mut_drop_tenant,0,0,200,200,
22,fz022,rows,customers+tickets+orders+lineitem,0.025,5,mut_drop_purpose,0,1,0,0,
22,fz022,rows,customers+tickets+orders+lineitem,0.025,5,mut_drop_clearance,0,1,0,0,
22,fz022,rows,customers+tickets+orders+lineitem,0.025,5,mut_drop_region,0,1,0,0,
22,fz022,rows,customers+tickets+orders+lineitem,0.025,5,mut_drop_cross_guard,0,1,0,0,
22,fz022,rows,customers+tickets+orders+lineitem,0.025,5,mut_drop_acl,0,1,0,0,
22,fz022,rows,customers+tickets+orders+lineitem,0.025,5,mut_no_group_guard,0,1,0,0,
23,fz023,rows,tickets+customers,0.1,2,post_join_filter,1,1,0,0,
23,fz023,rows,tickets+customers,0.1,2,view_barrier,1,1,0,0,
23,fz023,rows,tickets+customers,0.1,2,predicate_injection,1,1,0,0,
23,fz023,rows,tickets+customers,0.1,2,pcqv_forced,1,1,0,0,
23,fz023,rows,tickets+customers,0.1,2,pcqv,1,1,0,0,
23,fz023,rows,tickets+customers,0.1,2,oracle_order,1,1,0,0,
23,fz023,rows,tickets+customers,0.1,2,unsafe_late_aggregate,0,1,0,0,
23,fz023,rows,tickets+customers,0.1,2,mut_no_mask,0,0,108,54,
23,fz023,rows,tickets+customers,0.1,2,mut_drop_tenant,0,0,216,181,
23,fz023,rows,tickets+customers,0.1,2,mut_drop_purpose,0,1,0,0,
23,fz023,rows,tickets+customers,0.1,2,mut_drop_clearance,0,0,5,5,
23,fz023,rows,tickets+customers,0.1,2,mut_drop_region,0,0,86,86,
23,fz023,rows,tickets+customers,0.1,2,mut_drop_cross_guard,0,1,0,0,
23,fz023,rows,tickets+customers,0.1,2,mut_drop_acl,0,1,0,0,
23,fz023,rows,tickets+customers,0.1,2,mut_no_group_guard,0,1,0,0,
24,fz024,aggregate,tickets+customers+orders,0.25,2,post_join_filter,1,1,0,0,
24,fz024,aggregate,tickets+customers+orders,0.25,2,view_barrier,1,1,0,0,
24,fz024,aggregate,tickets+customers+orders,0.25,2,predicate_injection,1,1,0,0,
24,fz024,aggregate,tickets+customers+orders,0.25,2,pcqv_forced,1,1,0,0,
24,fz024,aggregate,tickets+customers+orders,0.25,2,pcqv,1,1,0,0,
24,fz024,aggregate,tickets+customers+orders,0.25,2,oracle_order,1,1,0,0,
24,fz024,aggregate,tickets+customers+orders,0.25,2,unsafe_late_aggregate,0,0,60,40,
24,fz024,aggregate,tickets+customers+orders,0.25,2,mut_no_mask,0,1,0,0,
24,fz024,aggregate,tickets+customers+orders,0.25,2,mut_drop_tenant,0,0,40,20,
24,fz024,aggregate,tickets+customers+orders,0.25,2,mut_drop_purpose,0,1,0,0,
24,fz024,aggregate,tickets+customers+orders,0.25,2,mut_drop_clearance,0,0,8,4,
24,fz024,aggregate,tickets+customers+orders,0.25,2,mut_drop_region,0,0,20,20,
24,fz024,aggregate,tickets+customers+orders,0.25,2,mut_drop_cross_guard,0,1,0,0,
24,fz024,aggregate,tickets+customers+orders,0.25,2,mut_drop_acl,0,1,0,0,
24,fz024,aggregate,tickets+customers+orders,0.25,2,mut_no_group_guard,0,1,0,0,
25,fz025,rows,lineitem+products,0.025,2,post_join_filter,1,1,0,0,
25,fz025,rows,lineitem+products,0.025,2,view_barrier,1,1,0,0,
25,fz025,rows,lineitem+products,0.025,2,predicate_injection,1,1,0,0,
25,fz025,rows,lineitem+products,0.025,2,pcqv_forced,1,1,0,0,
25,fz025,rows,lineitem+products,0.025,2,pcqv,1,1,0,0,
25,fz025,rows,lineitem+products,0.025,2,oracle_order,1,1,0,0,
25,fz025,rows,lineitem+products,0.025,2,unsafe_late_aggregate,0,1,0,0,
25,fz025,rows,lineitem+products,0.025,2,mut_no_mask,0,1,0,0,
25,fz025,rows,lineitem+products,0.025,2,mut_drop_tenant,0,0,390,195,
25,fz025,rows,lineitem+products,0.025,2,mut_drop_purpose,0,1,0,0,
25,fz025,rows,lineitem+products,0.025,2,mut_drop_clearance,0,1,0,0,
25,fz025,rows,lineitem+products,0.025,2,mut_drop_region,0,1,0,0,
25,fz025,rows,lineitem+products,0.025,2,mut_drop_cross_guard,0,1,0,0,
25,fz025,rows,lineitem+products,0.025,2,mut_drop_acl,0,1,0,0,
25,fz025,rows,lineitem+products,0.025,2,mut_no_group_guard,0,1,0,0,
26,fz026,rows,orders+customers,0.05,6,post_join_filter,1,1,0,0,
26,fz026,rows,orders+customers,0.05,6,view_barrier,1,1,0,0,
26,fz026,rows,orders+customers,0.05,6,predicate_injection,1,1,0,0,
26,fz026,rows,orders+customers,0.05,6,pcqv_forced,1,1,0,0,
26,fz026,rows,orders+customers,0.05,6,pcqv,1,1,0,0,
26,fz026,rows,orders+customers,0.05,6,oracle_order,1,1,0,0,
26,fz026,rows,orders+customers,0.05,6,unsafe_late_aggregate,0,1,0,0,
26,fz026,rows,orders+customers,0.05,6,mut_no_mask,0,0,2,1,
26,fz026,rows,orders+customers,0.05,6,mut_drop_tenant,0,0,165,165,
26,fz026,rows,orders+customers,0.05,6,mut_drop_purpose,0,0,10,10,
26,fz026,rows,orders+customers,0.05,6,mut_drop_clearance,0,0,1,1,
26,fz026,rows,orders+customers,0.05,6,mut_drop_region,0,1,0,0,
26,fz026,rows,orders+customers,0.05,6,mut_drop_cross_guard,0,1,0,0,
26,fz026,rows,orders+customers,0.05,6,mut_drop_acl,0,1,0,0,
26,fz026,rows,orders+customers,0.05,6,mut_no_group_guard,0,1,0,0,
27,fz027,aggregate,lineitem+products+orders,0.05,2,post_join_filter,1,1,0,0,
27,fz027,aggregate,lineitem+products+orders,0.05,2,view_barrier,1,1,0,0,
27,fz027,aggregate,lineitem+products+orders,0.05,2,predicate_injection,1,1,0,0,
27,fz027,aggregate,lineitem+products+orders,0.05,2,pcqv_forced,1,1,0,0,
27,fz027,aggregate,lineitem+products+orders,0.05,2,pcqv,1,1,0,0,
27,fz027,aggregate,lineitem+products+orders,0.05,2,oracle_order,1,1,0,0,
27,fz027,aggregate,lineitem+products+orders,0.05,2,unsafe_late_aggregate,0,0,12,6,
27,fz027,aggregate,lineitem+products+orders,0.05,2,mut_no_mask,0,1,0,0,
27,fz027,aggregate,lineitem+products+orders,0.05,2,mut_drop_tenant,0,0,12,6,
27,fz027,aggregate,lineitem+products+orders,0.05,2,mut_drop_purpose,0,1,0,0,
27,fz027,aggregate,lineitem+products+orders,0.05,2,mut_drop_clearance,0,1,0,0,
27,fz027,aggregate,lineitem+products+orders,0.05,2,mut_drop_region,0,1,0,0,
27,fz027,aggregate,lineitem+products+orders,0.05,2,mut_drop_cross_guard,0,1,0,0,
27,fz027,aggregate,lineitem+products+orders,0.05,2,mut_drop_acl,0,1,0,0,
27,fz027,aggregate,lineitem+products+orders,0.05,2,mut_no_group_guard,0,1,0,0,
28,fz028,rows,lineitem+products,0.5,1,post_join_filter,1,1,0,0,
28,fz028,rows,lineitem+products,0.5,1,view_barrier,1,1,0,0,
28,fz028,rows,lineitem+products,0.5,1,predicate_injection,1,1,0,0,
28,fz028,rows,lineitem+products,0.5,1,pcqv_forced,1,1,0,0,
28,fz028,rows,lineitem+products,0.5,1,pcqv,1,1,0,0,
28,fz028,rows,lineitem+products,0.5,1,oracle_order,1,1,0,0,
28,fz028,rows,lineitem+products,0.5,1,unsafe_late_aggregate,0,1,0,0,
28,fz028,rows,lineitem+products,0.5,1,mut_no_mask,0,1,0,0,
28,fz028,rows,lineitem+products,0.5,1,mut_drop_tenant,0,0,204,102,
28,fz028,rows,lineitem+products,0.5,1,mut_drop_purpose,0,1,0,0,
28,fz028,rows,lineitem+products,0.5,1,mut_drop_clearance,0,1,0,0,
28,fz028,rows,lineitem+products,0.5,1,mut_drop_region,0,1,0,0,
28,fz028,rows,lineitem+products,0.5,1,mut_drop_cross_guard,0,1,0,0,
28,fz028,rows,lineitem+products,0.5,1,mut_drop_acl,0,1,0,0,
28,fz028,rows,lineitem+products,0.5,1,mut_no_group_guard,0,1,0,0,
29,fz029,rows,products+lineitem+orders,0.05,2,post_join_filter,1,1,0,0,
29,fz029,rows,products+lineitem+orders,0.05,2,view_barrier,1,1,0,0,
29,fz029,rows,products+lineitem+orders,0.05,2,predicate_injection,1,1,0,0,
29,fz029,rows,products+lineitem+orders,0.05,2,pcqv_forced,1,1,0,0,
29,fz029,rows,products+lineitem+orders,0.05,2,pcqv,1,1,0,0,
29,fz029,rows,products+lineitem+orders,0.05,2,oracle_order,1,1,0,0,
29,fz029,rows,products+lineitem+orders,0.05,2,unsafe_late_aggregate,0,1,0,0,
29,fz029,rows,products+lineitem+orders,0.05,2,mut_no_mask,0,1,0,0,
29,fz029,rows,products+lineitem+orders,0.05,2,mut_drop_tenant,0,0,368,200,
29,fz029,rows,products+lineitem+orders,0.05,2,mut_drop_purpose,0,1,0,0,
29,fz029,rows,products+lineitem+orders,0.05,2,mut_drop_clearance,0,1,0,0,
29,fz029,rows,products+lineitem+orders,0.05,2,mut_drop_region,0,1,0,0,
29,fz029,rows,products+lineitem+orders,0.05,2,mut_drop_cross_guard,0,1,0,0,
29,fz029,rows,products+lineitem+orders,0.05,2,mut_drop_acl,0,1,0,0,
29,fz029,rows,products+lineitem+orders,0.05,2,mut_no_group_guard,0,1,0,0,
30,fz030,rows,orders+lineitem,0.25,1,post_join_filter,1,1,0,0,
30,fz030,rows,orders+lineitem,0.25,1,view_barrier,1,1,0,0,
30,fz030,rows,orders+lineitem,0.25,1,predicate_injection,1,1,0,0,
30,fz030,rows,orders+lineitem,0.25,1,pcqv_forced,1,1,0,0,
30,fz030,rows,orders+lineitem,0.25,1,pcqv,1,1,0,0,
30,fz030,rows,orders+lineitem,0.25,1,oracle_order,1,1,0,0,
30,fz030,rows,orders+lineitem,0.25,1,unsafe_late_aggregate,0,1,0,0,
30,fz030,rows,orders+lineitem,0.25,1,mut_no_mask,0,1,0,0,
30,fz030,rows,orders+lineitem,0.25,1,mut_drop_tenant,0,0,258,129,
30,fz030,rows,orders+lineitem,0.25,1,mut_drop_purpose,0,1,0,0,
30,fz030,rows,orders+lineitem,0.25,1,mut_drop_clearance,0,1,0,0,
30,fz030,rows,orders+lineitem,0.25,1,mut_drop_region,0,1,0,0,
30,fz030,rows,orders+lineitem,0.25,1,mut_drop_cross_guard,0,1,0,0,
30,fz030,rows,orders+lineitem,0.25,1,mut_drop_acl,0,1,0,0,
30,fz030,rows,orders+lineitem,0.25,1,mut_no_group_guard,0,1,0,0,
31,fz031,rows,orders+customers+lineitem+tickets,0.25,4,post_join_filter,1,1,0,0,
31,fz031,rows,orders+customers+lineitem+tickets,0.25,4,view_barrier,1,1,0,0,
31,fz031,rows,orders+customers+lineitem+tickets,0.25,4,predicate_injection,1,1,0,0,
31,fz031,rows,orders+customers+lineitem+tickets,0.25,4,pcqv_forced,1,1,0,0,
31,fz031,rows,orders+customers+lineitem+tickets,0.25,4,pcqv,1,1,0,0,
31,fz031,rows,orders+customers+lineitem+tickets,0.25,4,oracle_order,1,1,0,0,
31,fz031,rows,orders+customers+lineitem+tickets,0.25,4,unsafe_late_aggregate,0,1,0,0,
31,fz031,rows,orders+customers+lineitem+tickets,0.25,4,mut_no_mask,0,0,356,178,
31,fz031,rows,orders+customers+lineitem+tickets,0.25,4,mut_drop_tenant,0,0,270,146,
31,fz031,rows,orders+customers+lineitem+tickets,0.25,4,mut_drop_purpose,0,0,324,173,
31,fz031,rows,orders+customers+lineitem+tickets,0.25,4,mut_drop_clearance,0,0,7,7,
31,fz031,rows,orders+customers+lineitem+tickets,0.25,4,mut_drop_region,0,1,0,0,
31,fz031,rows,orders+customers+lineitem+tickets,0.25,4,mut_drop_cross_guard,0,1,0,0,
31,fz031,rows,orders+customers+lineitem+tickets,0.25,4,mut_drop_acl,0,1,0,0,
31,fz031,rows,orders+customers+lineitem+tickets,0.25,4,mut_no_group_guard,0,1,0,0,
32,fz032,rows,lineitem,0.1,3,post_join_filter,1,1,0,0,
32,fz032,rows,lineitem,0.1,3,view_barrier,1,1,0,0,
32,fz032,rows,lineitem,0.1,3,predicate_injection,1,1,0,0,
32,fz032,rows,lineitem,0.1,3,pcqv_forced,1,1,0,0,
32,fz032,rows,lineitem,0.1,3,pcqv,1,1,0,0,
32,fz032,rows,lineitem,0.1,3,oracle_order,1,1,0,0,
32,fz032,rows,lineitem,0.1,3,unsafe_late_aggregate,0,1,0,0,
32,fz032,rows,lineitem,0.1,3,mut_no_mask,0,1,0,0,
32,fz032,rows,lineitem,0.1,3,mut_drop_tenant,0,0,360,180,
32,fz032,rows,lineitem,0.1,3,mut_drop_purpose,0,1,0,0,
32,fz032,rows,lineitem,0.1,3,mut_drop_clearance,0,1,0,0,
32,fz032,rows,lineitem,0.1,3,mut_drop_region,0,1,0,0,
32,fz032,rows,lineitem,0.1,3,mut_drop_cross_guard,0,1,0,0,
32,fz032,rows,lineitem,0.1,3,mut_drop_acl,0,1,0,0,
32,fz032,rows,lineitem,0.1,3,mut_no_group_guard,0,1,0,0,
33,fz033,aggregate,products+lineitem,0.025,3,post_join_filter,1,1,0,0,
33,fz033,aggregate,products+lineitem,0.025,3,view_barrier,1,1,0,0,
33,fz033,aggregate,products+lineitem,0.025,3,predicate_injection,1,1,0,0,
33,fz033,aggregate,products+lineitem,0.025,3,pcqv_forced,1,1,0,0,
33,fz033,aggregate,products+lineitem,0.025,3,pcqv,1,1,0,0,
33,fz033,aggregate,products+lineitem,0.025,3,oracle_order,1,1,0,0,
33,fz033,aggregate,products+lineitem,0.025,3,unsafe_late_aggregate,0,0,10,9,
33,fz033,aggregate,products+lineitem,0.025,3,mut_no_mask,0,1,0,0,
33,fz033,aggregate,products+lineitem,0.025,3,mut_drop_tenant,0,0,10,9,
33,fz033,aggregate,products+lineitem,0.025,3,mut_drop_purpose,0,1,0,0,
33,fz033,aggregate,products+lineitem,0.025,3,mut_drop_clearance,0,0,6,5,
33,fz033,aggregate,products+lineitem,0.025,3,mut_drop_region,0,1,0,0,
33,fz033,aggregate,products+lineitem,0.025,3,mut_drop_cross_guard,0,1,0,0,
33,fz033,aggregate,products+lineitem,0.025,3,mut_drop_acl,0,1,0,0,
33,fz033,aggregate,products+lineitem,0.025,3,mut_no_group_guard,0,1,0,0,
34,fz034,aggregate,tickets+customers,0.05,6,post_join_filter,1,1,0,0,
34,fz034,aggregate,tickets+customers,0.05,6,view_barrier,1,1,0,0,
34,fz034,aggregate,tickets+customers,0.05,6,predicate_injection,1,1,0,0,
34,fz034,aggregate,tickets+customers,0.05,6,pcqv_forced,1,1,0,0,
34,fz034,aggregate,tickets+customers,0.05,6,pcqv,1,1,0,0,
34,fz034,aggregate,tickets+customers,0.05,6,oracle_order,1,1,0,0,
34,fz034,aggregate,tickets+customers,0.05,6,unsafe_late_aggregate,0,0,24,24,
34,fz034,aggregate,tickets+customers,0.05,6,mut_no_mask,0,1,0,0,
34,fz034,aggregate,tickets+customers,0.05,6,mut_drop_tenant,0,0,6,6,
34,fz034,aggregate,tickets+customers,0.05,6,mut_drop_purpose,0,1,0,0,
34,fz034,aggregate,tickets+customers,0.05,6,mut_drop_clearance,0,1,0,0,
34,fz034,aggregate,tickets+customers,0.05,6,mut_drop_region,0,1,0,0,
34,fz034,aggregate,tickets+customers,0.05,6,mut_drop_cross_guard,0,1,0,0,
34,fz034,aggregate,tickets+customers,0.05,6,mut_drop_acl,0,0,1,1,
34,fz034,aggregate,tickets+customers,0.05,6,mut_no_group_guard,0,0,5,5,
35,fz035,aggregate,customers+tickets,0.25,1,post_join_filter,1,1,0,0,
35,fz035,aggregate,customers+tickets,0.25,1,view_barrier,1,1,0,0,
35,fz035,aggregate,customers+tickets,0.25,1,predicate_injection,1,1,0,0,
35,fz035,aggregate,customers+tickets,0.25,1,pcqv_forced,1,1,0,0,
35,fz035,aggregate,customers+tickets,0.25,1,pcqv,1,1,0,0,
35,fz035,aggregate,customers+tickets,0.25,1,oracle_order,1,1,0,0,
35,fz035,aggregate,customers+tickets,0.25,1,unsafe_late_aggregate,0,0,30,15,
35,fz035,aggregate,customers+tickets,0.25,1,mut_no_mask,0,1,0,0,
35,fz035,aggregate,customers+tickets,0.25,1,mut_drop_tenant,0,0,30,15,
35,fz035,aggregate,customers+tickets,0.25,1,mut_drop_purpose,0,1,0,0,
35,fz035,aggregate,customers+tickets,0.25,1,mut_drop_clearance,0,1,0,0,
35,fz035,aggregate,customers+tickets,0.25,1,mut_drop_region,0,1,0,0,
35,fz035,aggregate,customers+tickets,0.25,1,mut_drop_cross_guard,0,1,0,0,
35,fz035,aggregate,customers+tickets,0.25,1,mut_drop_acl,0,1,0,0,
35,fz035,aggregate,customers+tickets,0.25,1,mut_no_group_guard,0,1,0,0,
36,fz036,rows,tickets+customers,0.25,3,post_join_filter,1,1,0,0,
36,fz036,rows,tickets+customers,0.25,3,view_barrier,1,1,0,0,
36,fz036,rows,tickets+customers,0.25,3,predicate_injection,1,1,0,0,
36,fz036,rows,tickets+customers,0.25,3,pcqv_forced,1,1,0,0,
36,fz036,rows,tickets+customers,0.25,3,pcqv,1,1,0,0,
36,fz036,rows,tickets+customers,0.25,3,oracle_order,1,1,0,0,
36,fz036,rows,tickets+customers,0.25,3,unsafe_late_aggregate,0,1,0,0,
36,fz036,rows,tickets+customers,0.25,3,mut_no_mask,0,0,226,113,
36,fz036,rows,tickets+customers,0.25,3,mut_drop_tenant,0,0,203,145,
36,fz036,rows,tickets+customers,0.25,3,mut_drop_purpose,0,0,41,41,
36,fz036,rows,tickets+customers,0.25,3,mut_drop_clearance,0,0,8,8,
36,fz036,rows,tickets+customers,0.25,3,mut_drop_region,0,0,87,87,
36,fz036,rows,tickets+customers,0.25,3,mut_drop_cross_guard,0,1,0,0,
36,fz036,rows,tickets+customers,0.25,3,mut_drop_acl,0,1,0,0,
36,fz036,rows,tickets+customers,0.25,3,mut_no_group_guard,0,1,0,0,
37,fz037,rows,lineitem+orders+products,0.25,3,post_join_filter,1,1,0,0,
37,fz037,rows,lineitem+orders+products,0.25,3,view_barrier,1,1,0,0,
37,fz037,rows,lineitem+orders+products,0.25,3,predicate_injection,1,1,0,0,
37,fz037,rows,lineitem+orders+products,0.25,3,pcqv_forced,1,1,0,0,
37,fz037,rows,lineitem+orders+products,0.25,3,pcqv,1,1,0,0,
37,fz037,rows,lineitem+orders+products,0.25,3,oracle_order,1,1,0,0,
37,fz037,rows,lineitem+orders+products,0.25,3,unsafe_late_aggregate,0,1,0,0,
37,fz037,rows,lineitem+orders+products,0.25,3,mut_no_mask,0,1,0,0,
37,fz037,rows,lineitem+orders+products,0.25,3,mut_drop_tenant,0,0,306,153,
37,fz037,rows,lineitem+orders+products,0.25,3,mut_drop_purpose,0,0,300,150,
37,fz037,rows,lineitem+orders+products,0.25,3,mut_drop_clearance,0,0,166,83,
37,fz037,rows,lineitem+orders+products,0.25,3,mut_drop_region,0,1,0,0,
37,fz037,rows,lineitem+orders+products,0.25,3,mut_drop_cross_guard,0,1,0,0,
37,fz037,rows,lineitem+orders+products,0.25,3,mut_drop_acl,0,1,0,0,
37,fz037,rows,lineitem+orders+products,0.25,3,mut_no_group_guard,0,1,0,0,
38,fz038,rows,lineitem+orders+products,0.025,5,post_join_filter,1,1,0,0,
38,fz038,rows,lineitem+orders+products,0.025,5,view_barrier,1,1,0,0,
38,fz038,rows,lineitem+orders+products,0.025,5,predicate_injection,1,1,0,0,
38,fz038,rows,lineitem+orders+products,0.025,5,pcqv_forced,1,1,0,0,
38,fz038,rows,lineitem+orders+products,0.025,5,pcqv,1,1,0,0,
38,fz038,rows,lineitem+orders+products,0.025,5,oracle_order,1,1,0,0,
38,fz038,rows,lineitem+orders+products,0.025,5,unsafe_late_aggregate,0,1,0,0,
38,fz038,rows,lineitem+orders+products,0.025,5,mut_no_mask,0,1,0,0,
38,fz038,rows,lineitem+orders+products,0.025,5,mut_drop_tenant,0,0,66,66,
38,fz038,rows,lineitem+orders+products,0.025,5,mut_drop_purpose,0,1,0,0,
38,fz038,rows,lineitem+orders+products,0.025,5,mut_drop_clearance,0,1,0,0,
38,fz038,rows,lineitem+orders+products,0.025,5,mut_drop_region,0,1,0,0,
38,fz038,rows,lineitem+orders+products,0.025,5,mut_drop_cross_guard,0,0,2,2,
38,fz038,rows,lineitem+orders+products,0.025,5,mut_drop_acl,0,1,0,0,
38,fz038,rows,lineitem+orders+products,0.025,5,mut_no_group_guard,0,1,0,0,
39,fz039,aggregate,products+lineitem,0.05,1,post_join_filter,1,1,0,0,
39,fz039,aggregate,products+lineitem,0.05,1,view_barrier,1,1,0,0,
39,fz039,aggregate,products+lineitem,0.05,1,predicate_injection,1,1,0,0,
39,fz039,aggregate,products+lineitem,0.05,1,pcqv_forced,1,1,0,0,
39,fz039,aggregate,products+lineitem,0.05,1,pcqv,1,1,0,0,
39,fz039,aggregate,products+lineitem,0.05,1,oracle_order,1,1,0,0,
39,fz039,aggregate,products+lineitem,0.05,1,unsafe_late_aggregate,0,0,59,48,
39,fz039,aggregate,products+lineitem,0.05,1,mut_no_mask,0,1,0,0,
39,fz039,aggregate,products+lineitem,0.05,1,mut_drop_tenant,0,0,59,48,
39,fz039,aggregate,products+lineitem,0.05,1,mut_drop_purpose,0,1,0,0,
39,fz039,aggregate,products+lineitem,0.05,1,mut_drop_clearance,0,1,0,0,
39,fz039,aggregate,products+lineitem,0.05,1,mut_drop_region,0,1,0,0,
39,fz039,aggregate,products+lineitem,0.05,1,mut_drop_cross_guard,0,1,0,0,
39,fz039,aggregate,products+lineitem,0.05,1,mut_drop_acl,0,1,0,0,
39,fz039,aggregate,products+lineitem,0.05,1,mut_no_group_guard,0,1,0,0,
40,fz040,rows,lineitem,0.05,1,post_join_filter,1,1,0,0,
40,fz040,rows,lineitem,0.05,1,view_barrier,1,1,0,0,
40,fz040,rows,lineitem,0.05,1,predicate_injection,1,1,0,0,
40,fz040,rows,lineitem,0.05,1,pcqv_forced,1,1,0,0,
40,fz040,rows,lineitem,0.05,1,pcqv,1,1,0,0,
40,fz040,rows,lineitem,0.05,1,oracle_order,1,1,0,0,
40,fz040,rows,lineitem,0.05,1,unsafe_late_aggregate,0,1,0,0,
40,fz040,rows,lineitem,0.05,1,mut_no_mask,0,1,0,0,
40,fz040,rows,lineitem,0.05,1,mut_drop_tenant,0,0,378,189,
40,fz040,rows,lineitem,0.05,1,mut_drop_purpose,0,1,0,0,
40,fz040,rows,lineitem,0.05,1,mut_drop_clearance,0,1,0,0,
40,fz040,rows,lineitem,0.05,1,mut_drop_region,0,1,0,0,
40,fz040,rows,lineitem,0.05,1,mut_drop_cross_guard,0,1,0,0,
40,fz040,rows,lineitem,0.05,1,mut_drop_acl,0,1,0,0,
40,fz040,rows,lineitem,0.05,1,mut_no_group_guard,0,1,0,0,
41,fz041,rows,tickets+customers+orders,0.25,3,post_join_filter,1,1,0,0,
41,fz041,rows,tickets+customers+orders,0.25,3,view_barrier,1,1,0,0,
41,fz041,rows,tickets+customers+orders,0.25,3,predicate_injection,1,1,0,0,
41,fz041,rows,tickets+customers+orders,0.25,3,pcqv_forced,1,1,0,0,
41,fz041,rows,tickets+customers+orders,0.25,3,pcqv,1,1,0,0,
41,fz041,rows,tickets+customers+orders,0.25,3,oracle_order,1,1,0,0,
41,fz041,rows,tickets+customers+orders,0.25,3,unsafe_late_aggregate,0,1,0,0,
41,fz041,rows,tickets+customers+orders,0.25,3,mut_no_mask,0,0,152,76,
41,fz041,rows,tickets+customers+orders,0.25,3,mut_drop_tenant,0,0,180,152,
41,fz041,rows,tickets+customers+orders,0.25,3,mut_drop_purpose,0,0,216,170,
41,fz041,rows,tickets+customers+orders,0.25,3,mut_drop_clearance,0,0,8,8,
41,fz041,rows,tickets+customers+orders,0.25,3,mut_drop_region,0,1,0,0,
41,fz041,rows,tickets+customers+orders,0.25,3,mut_drop_cross_guard,0,1,0,0,
41,fz041,rows,tickets+customers+orders,0.25,3,mut_drop_acl,0,1,0,0,
41,fz041,rows,tickets+customers+orders,0.25,3,mut_no_group_guard,0,1,0,0,
42,fz042,rows,orders+customers+lineitem+products,0.1,6,post_join_filter,1,1,0,0,
42,fz042,rows,orders+customers+lineitem+products,0.1,6,view_barrier,1,1,0,0,
42,fz042,rows,orders+customers+lineitem+products,0.1,6,predicate_injection,1,1,0,0,
42,fz042,rows,orders+customers+lineitem+products,0.1,6,pcqv_forced,1,1,0,0,
42,fz042,rows,orders+customers+lineitem+products,0.1,6,pcqv,1,1,0,0,
42,fz042,rows,orders+customers+lineitem+products,0.1,6,oracle_order,1,1,0,0,
42,fz042,rows,orders+customers+lineitem+products,0.1,6,unsafe_late_aggregate,0,1,0,0,
42,fz042,rows,orders+customers+lineitem+products,0.1,6,mut_no_mask,0,0,54,27,
42,fz042,rows,orders+customers+lineitem+products,0.1,6,mut_drop_tenant,0,0,195,184,
42,fz042,rows,orders+customers+lineitem+products,0.1,6,mut_drop_purpose,0,0,73,73,
42,fz042,rows,orders+customers+lineitem+products,0.1,6,mut_drop_clearance,0,0,26,26,
42,fz042,rows,orders+customers+lineitem+products,0.1,6,mut_drop_region,0,1,0,0,
42,fz042,rows,orders+customers+lineitem+products,0.1,6,mut_drop_cross_guard,0,1,0,0,
42,fz042,rows,orders+customers+lineitem+products,0.1,6,mut_drop_acl,0,1,0,0,
42,fz042,rows,orders+customers+lineitem+products,0.1,6,mut_no_group_guard,0,1,0,0,
43,fz043,rows,products,0.025,1,post_join_filter,1,1,0,0,
43,fz043,rows,products,0.025,1,view_barrier,1,1,0,0,
43,fz043,rows,products,0.025,1,predicate_injection,1,1,0,0,
43,fz043,rows,products,0.025,1,pcqv_forced,1,1,0,0,
43,fz043,rows,products,0.025,1,pcqv,1,1,0,0,
43,fz043,rows,products,0.025,1,oracle_order,1,1,0,0,
43,fz043,rows,products,0.025,1,unsafe_late_aggregate,0,1,0,0,
43,fz043,rows,products,0.025,1,mut_no_mask,0,1,0,0,
43,fz043,rows,products,0.025,1,mut_drop_tenant,0,0,202,196,
43,fz043,rows,products,0.025,1,mut_drop_purpose,0,1,0,0,
43,fz043,rows,products,0.025,1,mut_drop_clearance,0,1,0,0,
43,fz043,rows,products,0.025,1,mut_drop_region,0,1,0,0,
43,fz043,rows,products,0.025,1,mut_drop_cross_guard,0,1,0,0,
43,fz043,rows,products,0.025,1,mut_drop_acl,0,1,0,0,
43,fz043,rows,products,0.025,1,mut_no_group_guard,0,1,0,0,
44,fz044,rows,orders,0.05,2,post_join_filter,1,1,0,0,
44,fz044,rows,orders,0.05,2,view_barrier,1,1,0,0,
44,fz044,rows,orders,0.05,2,predicate_injection,1,1,0,0,
44,fz044,rows,orders,0.05,2,pcqv_forced,1,1,0,0,
44,fz044,rows,orders,0.05,2,pcqv,1,1,0,0,
44,fz044,rows,orders,0.05,2,oracle_order,1,1,0,0,
44,fz044,rows,orders,0.05,2,unsafe_late_aggregate,0,1,0,0,
44,fz044,rows,orders,0.05,2,mut_no_mask,0,1,0,0,
44,fz044,rows,orders,0.05,2,mut_drop_tenant,0,0,306,188,
44,fz044,rows,orders,0.05,2,mut_drop_purpose,0,1,0,0,
44,fz044,rows,orders,0.05,2,mut_drop_clearance,0,1,0,0,
44,fz044,rows,orders,0.05,2,mut_drop_region,0,1,0,0,
44,fz044,rows,orders,0.05,2,mut_drop_cross_guard,0,1,0,0,
44,fz044,rows,orders,0.05,2,mut_drop_acl,0,1,0,0,
44,fz044,rows,orders,0.05,2,mut_no_group_guard,0,1,0,0,
45,fz045,aggregate,orders+customers,0.025,6,post_join_filter,1,1,0,0,
45,fz045,aggregate,orders+customers,0.025,6,view_barrier,1,1,0,0,
45,fz045,aggregate,orders+customers,0.025,6,predicate_injection,1,1,0,0,
45,fz045,aggregate,orders+customers,0.025,6,pcqv_forced,1,1,0,0,
45,fz045,aggregate,orders+customers,0.025,6,pcqv,1,1,0,0,
45,fz045,aggregate,orders+customers,0.025,6,oracle_order,1,1,0,0,
45,fz045,aggregate,orders+customers,0.025,6,unsafe_late_aggregate,0,0,40,40,
45,fz045,aggregate,orders+customers,0.025,6,mut_no_mask,0,1,0,0,
45,fz045,aggregate,orders+customers,0.025,6,mut_drop_tenant,0,0,5,5,
45,fz045,aggregate,orders+customers,0.025,6,mut_drop_purpose,0,1,0,0,
45,fz045,aggregate,orders+customers,0.025,6,mut_drop_clearance,0,1,0,0,
45,fz045,aggregate,orders+customers,0.025,6,mut_drop_region,0,1,0,0,
45,fz045,aggregate,orders+customers,0.025,6,mut_drop_cross_guard,0,1,0,0,
45,fz045,aggregate,orders+customers,0.025,6,mut_drop_acl,0,1,0,0,
45,fz045,aggregate,orders+customers,0.025,6,mut_no_group_guard,0,1,0,0,
46,fz046,rows,tickets+customers+orders,0.25,4,post_join_filter,1,1,0,0,
46,fz046,rows,tickets+customers+orders,0.25,4,view_barrier,1,1,0,0,
46,fz046,rows,tickets+customers+orders,0.25,4,predicate_injection,1,1,0,0,
46,fz046,rows,tickets+customers+orders,0.25,4,pcqv_forced,1,1,0,0,
46,fz046,rows,tickets+customers+orders,0.25,4,pcqv,1,1,0,0,
46,fz046,rows,tickets+customers+orders,0.25,4,oracle_order,1,1,0,0,
46,fz046,rows,tickets+customers+orders,0.25,4,unsafe_late_aggregate,0,1,0,0,
46,fz046,rows,tickets+customers+orders,0.25,4,mut_no_mask,0,0,106,53,
46,fz046,rows,tickets+customers+orders,0.25,4,mut_drop_tenant,0,0,215,136,
46,fz046,rows,tickets+customers+orders,0.25,4,mut_drop_purpose,0,0,275,166,
46,fz046,rows,tickets+customers+orders,0.25,4,mut_drop_clearance,0,0,8,8,
46,fz046,rows,tickets+customers+orders,0.25,4,mut_drop_region,0,1,0,0,
46,fz046,rows,tickets+customers+orders,0.25,4,mut_drop_cross_guard,0,1,0,0,
46,fz046,rows,tickets+customers+orders,0.25,4,mut_drop_acl,0,1,0,0,
46,fz046,rows,tickets+customers+orders,0.25,4,mut_no_group_guard,0,1,0,0,
47,fz047,rows,products,0.1,4,post_join_filter,1,1,0,0,
47,fz047,rows,products,0.1,4,view_barrier,1,1,0,0,
47,fz047,rows,products,0.1,4,predicate_injection,1,1,0,0,
47,fz047,rows,products,0.1,4,pcqv_forced,1,1,0,0,
47,fz047,rows,products,0.1,4,pcqv,1,1,0,0,
47,fz047,rows,products,0.1,4,oracle_order,1,1,0,0,
47,fz047,rows,products,0.1,4,unsafe_late_aggregate,0,1,0,0,
47,fz047,rows,products,0.1,4,mut_no_mask,0,1,0,0,
47,fz047,rows,products,0.1,4,mut_drop_tenant,0,0,66,66,
47,fz047,rows,products,0.1,4,mut_drop_purpose,0,1,0,0,
47,fz047,rows,products,0.1,4,mut_drop_clearance,0,0,4,4,
47,fz047,rows,products,0.1,4,mut_drop_region,0,1,0,0,
47,fz047,rows,products,0.1,4,mut_drop_cross_guard,0,1,0,0,
47,fz047,rows,products,0.1,4,mut_drop_acl,0,1,0,0,
47,fz047,rows,products,0.1,4,mut_no_group_guard,0,1,0,0,
48,fz048,rows,customers,0.05,2,post_join_filter,1,1,0,0,
48,fz048,rows,customers,0.05,2,view_barrier,1,1,0,0,
48,fz048,rows,customers,0.05,2,predicate_injection,1,1,0,0,
48,fz048,rows,customers,0.05,2,pcqv_forced,1,1,0,0,
48,fz048,rows,customers,0.05,2,pcqv,1,1,0,0,
48,fz048,rows,customers,0.05,2,oracle_order,1,1,0,0,
48,fz048,rows,customers,0.05,2,unsafe_late_aggregate,0,1,0,0,
48,fz048,rows,customers,0.05,2,mut_no_mask,0,0,14,7,
48,fz048,rows,customers,0.05,2,mut_drop_tenant,0,0,199,196,
48,fz048,rows,customers,0.05,2,mut_drop_purpose,0,1,0,0,
48,fz048,rows,customers,0.05,2,mut_drop_clearance,0,0,1,1,
48,fz048,rows,customers,0.05,2,mut_drop_region,0,0,56,56,
48,fz048,rows,customers,0.05,2,mut_drop_cross_guard,0,1,0,0,
48,fz048,rows,customers,0.05,2,mut_drop_acl,0,1,0,0,
48,fz048,rows,customers,0.05,2,mut_no_group_guard,0,1,0,0,
49,fz049,rows,customers+orders,0.25,6,post_join_filter,1,1,0,0,
49,fz049,rows,customers+orders,0.25,6,view_barrier,1,1,0,0,
49,fz049,rows,customers+orders,0.25,6,predicate_injection,1,1,0,0,
49,fz049,rows,customers+orders,0.25,6,pcqv_forced,1,1,0,0,
49,fz049,rows,customers+orders,0.25,6,pcqv,1,1,0,0,
49,fz049,rows,customers+orders,0.25,6,oracle_order,1,1,0,0,
49,fz049,rows,customers+orders,0.25,6,unsafe_late_aggregate,0,1,0,0,
49,fz049,rows,customers+orders,0.25,6,mut_no_mask,0,0,146,73,
49,fz049,rows,customers+orders,0.25,6,mut_drop_tenant,0,0,169,148,
49,fz049,rows,customers+orders,0.25,6,mut_drop_purpose,0,0,167,147,
49,fz049,rows,customers+orders,0.25,6,mut_drop_clearance,0,0,4,4,
49,fz049,rows,customers+orders,0.25,6,mut_drop_region,0,1,0,0,
49,fz049,rows,customers+orders,0.25,6,mut_drop_cross_guard,0,0,5,5,
49,fz049,rows,customers+orders,0.25,6,mut_drop_acl,0,1,0,0,
49,fz049,rows,customers+orders,0.25,6,mut_no_group_guard,0,1,0,0,
50,fz050,rows,tickets+customers,0.05,6,post_join_filter,1,1,0,0,
50,fz050,rows,tickets+customers,0.05,6,view_barrier,1,1,0,0,
50,fz050,rows,tickets+customers,0.05,6,predicate_injection,1,1,0,0,
50,fz050,rows,tickets+customers,0.05,6,pcqv_forced,1,1,0,0,
50,fz050,rows,tickets+customers,0.05,6,pcqv,1,1,0,0,
50,fz050,rows,tickets+customers,0.05,6,oracle_order,1,1,0,0,
50,fz050,rows,tickets+customers,0.05,6,unsafe_late_aggregate,0,1,0,0,
50,fz050,rows,tickets+customers,0.05,6,mut_no_mask,0,0,28,14,
50,fz050,rows,tickets+customers,0.05,6,mut_drop_tenant,0,0,192,189,
50,fz050,rows,tickets+customers,0.05,6,mut_drop_purpose,0,0,5,5,
50,fz050,rows,tickets+customers,0.05,6,mut_drop_clearance,0,1,0,0,
50,fz050,rows,tickets+customers,0.05,6,mut_drop_region,0,1,0,0,
50,fz050,rows,tickets+customers,0.05,6,mut_drop_cross_guard,0,1,0,0,
50,fz050,rows,tickets+customers,0.05,6,mut_drop_acl,0,0,79,79,
50,fz050,rows,tickets+customers,0.05,6,mut_no_group_guard,0,1,0,0,
51,fz051,rows,lineitem+orders,0.05,1,post_join_filter,1,1,0,0,
51,fz051,rows,lineitem+orders,0.05,1,view_barrier,1,1,0,0,
51,fz051,rows,lineitem+orders,0.05,1,predicate_injection,1,1,0,0,
51,fz051,rows,lineitem+orders,0.05,1,pcqv_forced,1,1,0,0,
51,fz051,rows,lineitem+orders,0.05,1,pcqv,1,1,0,0,
51,fz051,rows,lineitem+orders,0.05,1,oracle_order,1,1,0,0,
51,fz051,rows,lineitem+orders,0.05,1,unsafe_late_aggregate,0,1,0,0,
51,fz051,rows,lineitem+orders,0.05,1,mut_no_mask,0,1,0,0,
51,fz051,rows,lineitem+orders,0.05,1,mut_drop_tenant,0,0,378,189,
51,fz051,rows,lineitem+orders,0.05,1,mut_drop_purpose,0,1,0,0,
51,fz051,rows,lineitem+orders,0.05,1,mut_drop_clearance,0,1,0,0,
51,fz051,rows,lineitem+orders,0.05,1,mut_drop_region,0,1,0,0,
51,fz051,rows,lineitem+orders,0.05,1,mut_drop_cross_guard,0,1,0,0,
51,fz051,rows,lineitem+orders,0.05,1,mut_drop_acl,0,1,0,0,
51,fz051,rows,lineitem+orders,0.05,1,mut_no_group_guard,0,1,0,0,
52,fz052,rows,lineitem,0.05,3,post_join_filter,1,1,0,0,
52,fz052,rows,lineitem,0.05,3,view_barrier,1,1,0,0,
52,fz052,rows,lineitem,0.05,3,predicate_injection,1,1,0,0,
52,fz052,rows,lineitem,0.05,3,pcqv_forced,1,1,0,0,
52,fz052,rows,lineitem,0.05,3,pcqv,1,1,0,0,
52,fz052,rows,lineitem,0.05,3,oracle_order,1,1,0,0,
52,fz052,rows,lineitem,0.05,3,unsafe_late_aggregate,0,1,0,0,
52,fz052,rows,lineitem,0.05,3,mut_no_mask,0,1,0,0,
52,fz052,rows,lineitem,0.05,3,mut_drop_tenant,0,0,378,189,
52,fz052,rows,lineitem,0.05,3,mut_drop_purpose,0,1,0,0,
52,fz052,rows,lineitem,0.05,3,mut_drop_clearance,0,1,0,0,
52,fz052,rows,lineitem,0.05,3,mut_drop_region,0,1,0,0,
52,fz052,rows,lineitem,0.05,3,mut_drop_cross_guard,0,1,0,0,
52,fz052,rows,lineitem,0.05,3,mut_drop_acl,0,1,0,0,
52,fz052,rows,lineitem,0.05,3,mut_no_group_guard,0,1,0,0,
53,fz053,rows,lineitem,0.05,6,post_join_filter,1,1,0,0,
53,fz053,rows,lineitem,0.05,6,view_barrier,1,1,0,0,
53,fz053,rows,lineitem,0.05,6,predicate_injection,1,1,0,0,
53,fz053,rows,lineitem,0.05,6,pcqv_forced,1,1,0,0,
53,fz053,rows,lineitem,0.05,6,pcqv,1,1,0,0,
53,fz053,rows,lineitem,0.05,6,oracle_order,1,1,0,0,
53,fz053,rows,lineitem,0.05,6,unsafe_late_aggregate,0,1,0,0,
53,fz053,rows,lineitem,0.05,6,mut_no_mask,0,1,0,0,
53,fz053,rows,lineitem,0.05,6,mut_drop_tenant,0,0,384,192,
53,fz053,rows,lineitem,0.05,6,mut_drop_purpose,0,1,0,0,
53,fz053,rows,lineitem,0.05,6,mut_drop_clearance,0,1,0,0,
53,fz053,rows,lineitem,0.05,6,mut_drop_region,0,1,0,0,
53,fz053,rows,lineitem,0.05,6,mut_drop_cross_guard,0,0,44,22,
53,fz053,rows,lineitem,0.05,6,mut_drop_acl,0,1,0,0,
53,fz053,rows,lineitem,0.05,6,mut_no_group_guard,0,1,0,0,
54,fz054,aggregate,tickets+customers,0.025,3,post_join_filter,1,1,0,0,
54,fz054,aggregate,tickets+customers,0.025,3,view_barrier,1,1,0,0,
54,fz054,aggregate,tickets+customers,0.025,3,predicate_injection,1,1,0,0,
54,fz054,aggregate,tickets+customers,0.025,3,pcqv_forced,1,1,0,0,
54,fz054,aggregate,tickets+customers,0.025,3,pcqv,1,1,0,0,
54,fz054,aggregate,tickets+customers,0.025,3,oracle_order,1,1,0,0,
54,fz054,aggregate,tickets+customers,0.025,3,unsafe_late_aggregate,0,0,40,40,
54,fz054,aggregate,tickets+customers,0.025,3,mut_no_mask,0,1,0,0,
54,fz054,aggregate,tickets+customers,0.025,3,mut_drop_tenant,0,0,5,5,
54,fz054,aggregate,tickets+customers,0.025,3,mut_drop_purpose,0,1,0,0,
54,fz054,aggregate,tickets+customers,0.025,3,mut_drop_clearance,0,1,0,0,
54,fz054,aggregate,tickets+customers,0.025,3,mut_drop_region,0,0,21,21,
54,fz054,aggregate,tickets+customers,0.025,3,mut_drop_cross_guard,0,1,0,0,
54,fz054,aggregate,tickets+customers,0.025,3,mut_drop_acl,0,1,0,0,
54,fz054,aggregate,tickets+customers,0.025,3,mut_no_group_guard,0,1,0,0,
55,fz055,aggregate,lineitem+orders+customers+products,0.25,1,post_join_filter,1,1,0,0,
55,fz055,aggregate,lineitem+orders+customers+products,0.25,1,view_barrier,1,1,0,0,
55,fz055,aggregate,lineitem+orders+customers+products,0.25,1,predicate_injection,1,1,0,0,
55,fz055,aggregate,lineitem+orders+customers+products,0.25,1,pcqv_forced,1,1,0,0,
55,fz055,aggregate,lineitem+orders+customers+products,0.25,1,pcqv,1,1,0,0,
55,fz055,aggregate,lineitem+orders+customers+products,0.25,1,oracle_order,1,1,0,0,
55,fz055,aggregate,lineitem+orders+customers+products,0.25,1,unsafe_late_aggregate,0,0,80,40,
55,fz055,aggregate,lineitem+orders+customers+products,0.25,1,mut_no_mask,0,1,0,0,
55,fz055,aggregate,lineitem+orders+customers+products,0.25,1,mut_drop_tenant,0,0,80,40,
55,fz055,aggregate,lineitem+orders+customers+products,0.25,1,mut_drop_purpose,0,1,0,0,
55,fz055,aggregate,lineitem+orders+customers+products,0.25,1,mut_drop_clearance,0,1,0,0,
55,fz055,aggregate,lineitem+orders+customers+products,0.25,1,mut_drop_region,0,1,0,0,
55,fz055,aggregate,lineitem+orders+customers+products,0.25,1,mut_drop_cross_guard,0,1,0,0,
55,fz055,aggregate,lineitem+orders+customers+products,0.25,1,mut_drop_acl,0,1,0,0,
55,fz055,aggregate,lineitem+orders+customers+products,0.25,1,mut_no_group_guard,0,1,0,0,
56,fz056,rows,products+lineitem,0.25,6,post_join_filter,1,1,0,0,
56,fz056,rows,products+lineitem,0.25,6,view_barrier,1,1,0,0,
56,fz056,rows,products+lineitem,0.25,6,predicate_injection,1,1,0,0,
56,fz056,rows,products+lineitem,0.25,6,pcqv_forced,1,1,0,0,
56,fz056,rows,products+lineitem,0.25,6,pcqv,1,1,0,0,
56,fz056,rows,products+lineitem,0.25,6,oracle_order,1,1,0,0,
56,fz056,rows,products+lineitem,0.25,6,unsafe_late_aggregate,0,1,0,0,
56,fz056,rows,products+lineitem,0.25,6,mut_no_mask,0,1,0,0,
56,fz056,rows,products+lineitem,0.25,6,mut_drop_tenant,0,0,324,162,
56,fz056,rows,products+lineitem,0.25,6,mut_drop_purpose,0,1,0,0,
56,fz056,rows,products+lineitem,0.25,6,mut_drop_clearance,0,0,144,72,
56,fz056,rows,products+lineitem,0.25,6,mut_drop_region,0,1,0,0,
56,fz056,rows,products+lineitem,0.25,6,mut_drop_cross_guard,0,0,54,27,
56,fz056,rows,products+lineitem,0.25,6,mut_drop_acl,0,1,0,0,
56,fz056,rows,products+lineitem,0.25,6,mut_no_group_guard,0,1,0,0,
57,fz057,rows,orders,0.25,3,post_join_filter,1,1,0,0,
57,fz057,rows,orders,0.25,3,view_barrier,1,1,0,0,
57,fz057,rows,orders,0.25,3,predicate_injection,1,1,0,0,
57,fz057,rows,orders,0.25,3,pcqv_forced,1,1,0,0,
57,fz057,rows,orders,0.25,3,pcqv,1,1,0,0,
57,fz057,rows,orders,0.25,3,oracle_order,1,1,0,0,
57,fz057,rows,orders,0.25,3,unsafe_late_aggregate,0,1,0,0,
57,fz057,rows,orders,0.25,3,mut_no_mask,0,1,0,0,
57,fz057,rows,orders,0.25,3,mut_drop_tenant,0,0,281,154,
57,fz057,rows,orders,0.25,3,mut_drop_purpose,0,0,291,159,
57,fz057,rows,orders,0.25,3,mut_drop_clearance,0,1,0,0,
57,fz057,rows,orders,0.25,3,mut_drop_region,0,1,0,0,
57,fz057,rows,orders,0.25,3,mut_drop_cross_guard,0,1,0,0,
57,fz057,rows,orders,0.25,3,mut_drop_acl,0,1,0,0,
57,fz057,rows,orders,0.25,3,mut_no_group_guard,0,1,0,0,
58,fz058,aggregate,tickets+customers+orders,0.5,1,post_join_filter,1,1,0,0,
58,fz058,aggregate,tickets+customers+orders,0.5,1,view_barrier,1,1,0,0,
58,fz058,aggregate,tickets+customers+orders,0.5,1,predicate_injection,1,1,0,0,
58,fz058,aggregate,tickets+customers+orders,0.5,1,pcqv_forced,1,1,0,0,
58,fz058,aggregate,tickets+customers+orders,0.5,1,pcqv,1,1,0,0,
58,fz058,aggregate,tickets+customers+orders,0.5,1,oracle_order,1,1,0,0,
58,fz058,aggregate,tickets+customers+orders,0.5,1,unsafe_late_aggregate,0,0,64,32,
58,fz058,aggregate,tickets+customers+orders,0.5,1,mut_no_mask,0,1,0,0,
58,fz058,aggregate,tickets+customers+orders,0.5,1,mut_drop_tenant,0,0,64,32,
58,fz058,aggregate,tickets+customers+orders,0.5,1,mut_drop_purpose,0,1,0,0,
58,fz058,aggregate,tickets+customers+orders,0.5,1,mut_drop_clearance,0,1,0,0,
58,fz058,aggregate,tickets+customers+orders,0.5,1,mut_drop_region,0,1,0,0,
58,fz058,aggregate,tickets+customers+orders,0.5,1,mut_drop_cross_guard,0,1,0,0,
58,fz058,aggregate,tickets+customers+orders,0.5,1,mut_drop_acl,0,1,0,0,
58,fz058,aggregate,tickets+customers+orders,0.5,1,mut_no_group_guard,0,1,0,0,
59,fz059,aggregate,products+lineitem+orders,0.5,6,post_join_filter,1,1,0,0,
59,fz059,aggregate,products+lineitem+orders,0.5,6,view_barrier,1,1,0,0,
59,fz059,aggregate,products+lineitem+orders,0.5,6,predicate_injection,1,1,0,0,
59,fz059,aggregate,products+lineitem+orders,0.5,6,pcqv_forced,1,1,0,0,
59,fz059,aggregate,products+lineitem+orders,0.5,6,pcqv,1,1,0,0,
59,fz059,aggregate,products+lineitem+orders,0.5,6,oracle_order,1,1,0,0,
59,fz059,aggregate,products+lineitem+orders,0.5,6,unsafe_late_aggregate,0,0,35,22,
59,fz059,aggregate,products+lineitem+orders,0.5,6,mut_no_mask,0,1,0,0,
59,fz059,aggregate,products+lineitem+orders,0.5,6,mut_drop_tenant,0,0,27,16,
59,fz059,aggregate,products+lineitem+orders,0.5,6,mut_drop_purpose,0,0,32,19,
59,fz059,aggregate,products+lineitem+orders,0.5,6,mut_drop_clearance,0,0,1,1,
59,fz059,aggregate,products+lineitem+orders,0.5,6,mut_drop_region,0,1,0,0,
59,fz059,aggregate,products+lineitem+orders,0.5,6,mut_drop_cross_guard,0,0,27,14,
59,fz059,aggregate,products+lineitem+orders,0.5,6,mut_drop_acl,0,1,0,0,
59,fz059,aggregate,products+lineitem+orders,0.5,6,mut_no_group_guard,0,0,6,6,
60,fz060,rows,orders+lineitem+products,0.25,4,post_join_filter,1,1,0,0,
60,fz060,rows,orders+lineitem+products,0.25,4,view_barrier,1,1,0,0,
60,fz060,rows,orders+lineitem+products,0.25,4,predicate_injection,1,1,0,0,
60,fz060,rows,orders+lineitem+products,0.25,4,pcqv_forced,1,1,0,0,
60,fz060,rows,orders+lineitem+products,0.25,4,pcqv,1,1,0,0,
60,fz060,rows,orders+lineitem+products,0.25,4,oracle_order,1,1,0,0,
60,fz060,rows,orders+lineitem+products,0.25,4,unsafe_late_aggregate,0,1,0,0,
60,fz060,rows,orders+lineitem+products,0.25,4,mut_no_mask,0,1,0,0,
60,fz060,rows,orders+lineitem+products,0.25,4,mut_drop_tenant,0,0,148,146,
60,fz060,rows,orders+lineitem+products,0.25,4,mut_drop_purpose,0,0,148,146,
60,fz060,rows,orders+lineitem+products,0.25,4,mut_drop_clearance,0,0,9,9,
60,fz060,rows,orders+lineitem+products,0.25,4,mut_drop_region,0,1,0,0,
60,fz060,rows,orders+lineitem+products,0.25,4,mut_drop_cross_guard,0,0,62,62,
60,fz060,rows,orders+lineitem+products,0.25,4,mut_drop_acl,0,1,0,0,
60,fz060,rows,orders+lineitem+products,0.25,4,mut_no_group_guard,0,1,0,0,
61,fz061,rows,lineitem+orders,0.025,6,post_join_filter,1,1,0,0,
61,fz061,rows,lineitem+orders,0.025,6,view_barrier,1,1,0,0,
61,fz061,rows,lineitem+orders,0.025,6,predicate_injection,1,1,0,0,
61,fz061,rows,lineitem+orders,0.025,6,pcqv_forced,1,1,0,0,
61,fz061,rows,lineitem+orders,0.025,6,pcqv,1,1,0,0,
61,fz061,rows,lineitem+orders,0.025,6,oracle_order,1,1,0,0,
61,fz061,rows,lineitem+orders,0.025,6,unsafe_late_aggregate,0,1,0,0,
61,fz061,rows,lineitem+orders,0.025,6,mut_no_mask,0,1,0,0,
61,fz061,rows,lineitem+orders,0.025,6,mut_drop_tenant,0,0,200,200,
61,fz061,rows,lineitem+orders,0.025,6,mut_drop_purpose,0,1,0,0,
61,fz061,rows,lineitem+orders,0.025,6,mut_drop_clearance,0,1,0,0,
61,fz061,rows,lineitem+orders,0.025,6,mut_drop_region,0,1,0,0,
61,fz061,rows,lineitem+orders,0.025,6,mut_drop_cross_guard,0,0,56,56,
61,fz061,rows,lineitem+orders,0.025,6,mut_drop_acl,0,1,0,0,
61,fz061,rows,lineitem+orders,0.025,6,mut_no_group_guard,0,1,0,0,
62,fz062,rows,products,0.1,6,post_join_filter,1,1,0,0,
62,fz062,rows,products,0.1,6,view_barrier,1,1,0,0,
62,fz062,rows,products,0.1,6,predicate_injection,1,1,0,0,
62,fz062,rows,products,0.1,6,pcqv_forced,1,1,0,0,
62,fz062,rows,products,0.1,6,pcqv,1,1,0,0,
62,fz062,rows,products,0.1,6,oracle_order,1,1,0,0,
62,fz062,rows,products,0.1,6,unsafe_late_aggregate,0,1,0,0,
62,fz062,rows,products,0.1,6,mut_no_mask,0,1,0,0,
62,fz062,rows,products,0.1,6,mut_drop_tenant,0,0,148,148,
62,fz062,rows,products,0.1,6,mut_drop_purpose,0,1,0,0,
62,fz062,rows,products,0.1,6,mut_drop_clearance,0,0,10,10,
62,fz062,rows,products,0.1,6,mut_drop_region,0,1,0,0,
62,fz062,rows,products,0.1,6,mut_drop_cross_guard,0,1,0,0,
62,fz062,rows,products,0.1,6,mut_drop_acl,0,1,0,0,
62,fz062,rows,products,0.1,6,mut_no_group_guard,0,1,0,0,
63,fz063,rows,products,0.5,4,post_join_filter,1,1,0,0,
63,fz063,rows,products,0.5,4,view_barrier,1,1,0,0,
63,fz063,rows,products,0.5,4,predicate_injection,1,1,0,0,
63,fz063,rows,products,0.5,4,pcqv_forced,1,1,0,0,
63,fz063,rows,products,0.5,4,pcqv,1,1,0,0,
63,fz063,rows,products,0.5,4,oracle_order,1,1,0,0,
63,fz063,rows,products,0.5,4,unsafe_late_aggregate,0,1,0,0,
63,fz063,rows,products,0.5,4,mut_no_mask,0,1,0,0,
63,fz063,rows,products,0.5,4,mut_drop_tenant,0,0,127,103,
63,fz063,rows,products,0.5,4,mut_drop_purpose,0,1,0,0,
63,fz063,rows,products,0.5,4,mut_drop_clearance,0,0,7,7,
63,fz063,rows,products,0.5,4,mut_drop_region,0,1,0,0,
63,fz063,rows,products,0.5,4,mut_drop_cross_guard,0,1,0,0,
63,fz063,rows,products,0.5,4,mut_drop_acl,0,1,0,0,
63,fz063,rows,products,0.5,4,mut_no_group_guard,0,1,0,0,
64,fz064,rows,tickets+customers+orders,0.25,4,post_join_filter,1,1,0,0,
64,fz064,rows,tickets+customers+orders,0.25,4,view_barrier,1,1,0,0,
64,fz064,rows,tickets+customers+orders,0.25,4,predicate_injection,1,1,0,0,
64,fz064,rows,tickets+customers+orders,0.25,4,pcqv_forced,1,1,0,0,
64,fz064,rows,tickets+customers+orders,0.25,4,pcqv,1,1,0,0,
64,fz064,rows,tickets+customers+orders,0.25,4,oracle_order,1,1,0,0,
64,fz064,rows,tickets+customers+orders,0.25,4,unsafe_late_aggregate,0,1,0,0,
64,fz064,rows,tickets+customers+orders,0.25,4,mut_no_mask,0,0,88,44,
64,fz064,rows,tickets+customers+orders,0.25,4,mut_drop_tenant,0,0,140,140,
64,fz064,rows,tickets+customers+orders,0.25,4,mut_drop_purpose,0,0,156,156,
64,fz064,rows,tickets+customers+orders,0.25,4,mut_drop_clearance,0,1,0,0,
64,fz064,rows,tickets+customers+orders,0.25,4,mut_drop_region,0,1,0,0,
64,fz064,rows,tickets+customers+orders,0.25,4,mut_drop_cross_guard,0,1,0,0,
64,fz064,rows,tickets+customers+orders,0.25,4,mut_drop_acl,0,1,0,0,
64,fz064,rows,tickets+customers+orders,0.25,4,mut_no_group_guard,0,1,0,0,
65,fz065,rows,orders+lineitem+customers+products,0.05,4,post_join_filter,1,1,0,0,
65,fz065,rows,orders+lineitem+customers+products,0.05,4,view_barrier,1,1,0,0,
65,fz065,rows,orders+lineitem+customers+products,0.05,4,predicate_injection,1,1,0,0,
65,fz065,rows,orders+lineitem+customers+products,0.05,4,pcqv_forced,1,1,0,0,
65,fz065,rows,orders+lineitem+customers+products,0.05,4,pcqv,1,1,0,0,
65,fz065,rows,orders+lineitem+customers+products,0.05,4,oracle_order,1,1,0,0,
65,fz065,rows,orders+lineitem+customers+products,0.05,4,unsafe_late_aggregate,0,1,0,0,
65,fz065,rows,orders+lineitem+customers+products,0.05,4,mut_no_mask,0,1,0,0,
65,fz065,rows,orders+lineitem+customers+products,0.05,4,mut_drop_tenant,0,0,184,184,
65,fz065,rows,orders+lineitem+customers+products,0.05,4,mut_drop_purpose,0,0,1,1,
65,fz065,rows,orders+lineitem+customers+products,0.05,4,mut_drop_clearance,0,0,18,18,
65,fz065,rows,orders+lineitem+customers+products,0.05,4,mut_drop_region,0,1,0,0,
65,fz065,rows,orders+lineitem+customers+products,0.05,4,mut_drop_cross_guard,0,1,0,0,
65,fz065,rows,orders+lineitem+customers+products,0.05,4,mut_drop_acl,0,1,0,0,
65,fz065,rows,orders+lineitem+customers+products,0.05,4,mut_no_group_guard,0,1,0,0,
66,fz066,rows,tickets,0.1,5,post_join_filter,1,1,0,0,
66,fz066,rows,tickets,0.1,5,view_barrier,1,1,0,0,
66,fz066,rows,tickets,0.1,5,predicate_injection,1,1,0,0,
66,fz066,rows,tickets,0.1,5,pcqv_forced,1,1,0,0,
66,fz066,rows,tickets,0.1,5,pcqv,1,1,0,0,
66,fz066,rows,tickets,0.1,5,oracle_order,1,1,0,0,
66,fz066,rows,tickets,0.1,5,unsafe_late_aggregate,0,1,0,0,
66,fz066,rows,tickets,0.1,5,mut_no_mask,0,1,0,0,
66,fz066,rows,tickets,0.1,5,mut_drop_tenant,0,0,318,177,
66,fz066,rows,tickets,0.1,5,mut_drop_purpose,0,0,52,44,
66,fz066,rows,tickets,0.1,5,mut_drop_clearance,0,1,0,0,
66,fz066,rows,tickets,0.1,5,mut_drop_region,0,1,0,0,
66,fz066,rows,tickets,0.1,5,mut_drop_cross_guard,0,1,0,0,
66,fz066,rows,tickets,0.1,5,mut_drop_acl,0,1,0,0,
66,fz066,rows,tickets,0.1,5,mut_no_group_guard,0,1,0,0,
67,fz067,aggregate,lineitem+products,0.25,2,post_join_filter,1,1,0,0,
67,fz067,aggregate,lineitem+products,0.25,2,view_barrier,1,1,0,0,
67,fz067,aggregate,lineitem+products,0.25,2,predicate_injection,1,1,0,0,
67,fz067,aggregate,lineitem+products,0.25,2,pcqv_forced,1,1,0,0,
67,fz067,aggregate,lineitem+products,0.25,2,pcqv,1,1,0,0,
67,fz067,aggregate,lineitem+products,0.25,2,oracle_order,1,1,0,0,
67,fz067,aggregate,lineitem+products,0.25,2,unsafe_late_aggregate,0,0,83,48,
67,fz067,aggregate,lineitem+products,0.25,2,mut_no_mask,0,1,0,0,
67,fz067,aggregate,lineitem+products,0.25,2,mut_drop_tenant,0,0,81,47,
67,fz067,aggregate,lineitem+products,0.25,2,mut_drop_purpose,0,1,0,0,
67,fz067,aggregate,lineitem+products,0.25,2,mut_drop_clearance,0,1,0,0,
67,fz067,aggregate,lineitem+products,0.25,2,mut_drop_region,0,1,0,0,
67,fz067,aggregate,lineitem+products,0.25,2,mut_drop_cross_guard,0,1,0,0,
67,fz067,aggregate,lineitem+products,0.25,2,mut_drop_acl,0,1,0,0,
67,fz067,aggregate,lineitem+products,0.25,2,mut_no_group_guard,0,1,0,0,
68,fz068,rows,customers+tickets+orders+lineitem,0.025,5,post_join_filter,1,1,0,0,
68,fz068,rows,customers+tickets+orders+lineitem,0.025,5,view_barrier,1,1,0,0,
68,fz068,rows,customers+tickets+orders+lineitem,0.025,5,predicate_injection,1,1,0,0,
68,fz068,rows,customers+tickets+orders+lineitem,0.025,5,pcqv_forced,1,1,0,0,
68,fz068,rows,customers+tickets+orders+lineitem,0.025,5,pcqv,1,1,0,0,
68,fz068,rows,customers+tickets+orders+lineitem,0.025,5,oracle_order,1,1,0,0,
68,fz068,rows,customers+tickets+orders+lineitem,0.025,5,unsafe_late_aggregate,0,1,0,0,
68,fz068,rows,customers+tickets+orders+lineitem,0.025,5,mut_no_mask,0,1,0,0,
68,fz068,rows,customers+tickets+orders+lineitem,0.025,5,mut_drop_tenant,0,0,140,140,
68,fz068,rows,customers+tickets+orders+lineitem,0.025,5,mut_drop_purpose,0,1,0,0,
68,fz068,rows,customers+tickets+orders+lineitem,0.025,5,mut_drop_clearance,0,1,0,0,
68,fz068,rows,customers+tickets+orders+lineitem,0.025,5,mut_drop_region,0,1,0,0,
68,fz068,rows,customers+tickets+orders+lineitem,0.025,5,mut_drop_cross_guard,0,1,0,0,
68,fz068,rows,customers+tickets+orders+lineitem,0.025,5,mut_drop_acl,0,1,0,0,
68,fz068,rows,customers+tickets+orders+lineitem,0.025,5,mut_no_group_guard,0,1,0,0,
69,fz069,rows,products,0.05,6,post_join_filter,1,1,0,0,
69,fz069,rows,products,0.05,6,view_barrier,1,1,0,0,
69,fz069,rows,products,0.05,6,predicate_injection,1,1,0,0,
69,fz069,rows,products,0.05,6,pcqv_forced,1,1,0,0,
69,fz069,rows,products,0.05,6,pcqv,1,1,0,0,
69,fz069,rows,products,0.05,6,oracle_order,1,1,0,0,
69,fz069,rows,products,0.05,6,unsafe_late_aggregate,0,1,0,0,
69,fz069,rows,products,0.05,6,mut_no_mask,0,1,0,0,
69,fz069,rows,products,0.05,6,mut_drop_tenant,0,0,44,44,
69,fz069,rows,products,0.05,6,mut_drop_purpose,0,1,0,0,
69,fz069,rows,products,0.05,6,mut_drop_clearance,0,0,3,3,
69,fz069,rows,products,0.05,6,mut_drop_region,0,1,0,0,
69,fz069,rows,products,0.05,6,mut_drop_cross_guard,0,1,0,0,
69,fz069,rows,products,0.05,6,mut_drop_acl,0,1,0,0,
69,fz069,rows,products,0.05,6,mut_no_group_guard,0,1,0,0,
70,fz070,rows,customers+orders+tickets,0.025,3,post_join_filter,1,1,0,0,
70,fz070,rows,customers+orders+tickets,0.025,3,view_barrier,1,1,0,0,
70,fz070,rows,customers+orders+tickets,0.025,3,predicate_injection,1,1,0,0,
70,fz070,rows,customers+orders+tickets,0.025,3,pcqv_forced,1,1,0,0,
70,fz070,rows,customers+orders+tickets,0.025,3,pcqv,1,1,0,0,
70,fz070,rows,customers+orders+tickets,0.025,3,oracle_order,1,1,0,0,
70,fz070,rows,customers+orders+tickets,0.025,3,unsafe_late_aggregate,0,1,0,0,
70,fz070,rows,customers+orders+tickets,0.025,3,mut_no_mask,0,1,0,0,
70,fz070,rows,customers+orders+tickets,0.025,3,mut_drop_tenant,0,0,100,100,
70,fz070,rows,customers+orders+tickets,0.025,3,mut_drop_purpose,0,1,0,0,
70,fz070,rows,customers+orders+tickets,0.025,3,mut_drop_clearance,0,1,0,0,
70,fz070,rows,customers+orders+tickets,0.025,3,mut_drop_region,0,0,9,9,
70,fz070,rows,customers+orders+tickets,0.025,3,mut_drop_cross_guard,0,1,0,0,
70,fz070,rows,customers+orders+tickets,0.025,3,mut_drop_acl,0,1,0,0,
70,fz070,rows,customers+orders+tickets,0.025,3,mut_no_group_guard,0,1,0,0,
71,fz071,aggregate,orders+lineitem+customers,0.5,2,post_join_filter,1,1,0,0,
71,fz071,aggregate,orders+lineitem+customers,0.5,2,view_barrier,1,1,0,0,
71,fz071,aggregate,orders+lineitem+customers,0.5,2,predicate_injection,1,1,0,0,
71,fz071,aggregate,orders+lineitem+customers,0.5,2,pcqv_forced,1,1,0,0,
71,fz071,aggregate,orders+lineitem+customers,0.5,2,pcqv,1,1,0,0,
71,fz071,aggregate,orders+lineitem+customers,0.5,2,oracle_order,1,1,0,0,
71,fz071,aggregate,orders+lineitem+customers,0.5,2,unsafe_late_aggregate,0,0,10,5,
71,fz071,aggregate,orders+lineitem+customers,0.5,2,mut_no_mask,0,1,0,0,
71,fz071,aggregate,orders+lineitem+customers,0.5,2,mut_drop_tenant,0,0,10,5,
71,fz071,aggregate,orders+lineitem+customers,0.5,2,mut_drop_purpose,0,1,0,0,
71,fz071,aggregate,orders+lineitem+customers,0.5,2,mut_drop_clearance,0,0,4,2,
71,fz071,aggregate,orders+lineitem+customers,0.5,2,mut_drop_region,0,0,10,5,
71,fz071,aggregate,orders+lineitem+customers,0.5,2,mut_drop_cross_guard,0,1,0,0,
71,fz071,aggregate,orders+lineitem+customers,0.5,2,mut_drop_acl,0,1,0,0,
71,fz071,aggregate,orders+lineitem+customers,0.5,2,mut_no_group_guard,0,1,0,0,
72,fz072,aggregate,tickets+customers,0.1,4,post_join_filter,1,1,0,0,
72,fz072,aggregate,tickets+customers,0.1,4,view_barrier,1,1,0,0,
72,fz072,aggregate,tickets+customers,0.1,4,predicate_injection,1,1,0,0,
72,fz072,aggregate,tickets+customers,0.1,4,pcqv_forced,1,1,0,0,
72,fz072,aggregate,tickets+customers,0.1,4,pcqv,1,1,0,0,
72,fz072,aggregate,tickets+customers,0.1,4,oracle_order,1,1,0,0,
72,fz072,aggregate,tickets+customers,0.1,4,unsafe_late_aggregate,0,0,27,15,
72,fz072,aggregate,tickets+customers,0.1,4,mut_no_mask,0,1,0,0,
72,fz072,aggregate,tickets+customers,0.1,4,mut_drop_tenant,0,0,27,15,
72,fz072,aggregate,tickets+customers,0.1,4,mut_drop_purpose,0,0,6,3,
72,fz072,aggregate,tickets+customers,0.1,4,mut_drop_clearance,0,0,4,2,
72,fz072,aggregate,tickets+customers,0.1,4,mut_drop_region,0,1,0,0,
72,fz072,aggregate,tickets+customers,0.1,4,mut_drop_cross_guard,0,1,0,0,
72,fz072,aggregate,tickets+customers,0.1,4,mut_drop_acl,0,1,0,0,
72,fz072,aggregate,tickets+customers,0.1,4,mut_no_group_guard,0,1,0,0,
73,fz073,rows,lineitem+products,0.1,5,post_join_filter,1,1,0,0,
73,fz073,rows,lineitem+products,0.1,5,view_barrier,1,1,0,0,
73,fz073,rows,lineitem+products,0.1,5,predicate_injection,1,1,0,0,
73,fz073,rows,lineitem+products,0.1,5,pcqv_forced,1,1,0,0,
73,fz073,rows,lineitem+products,0.1,5,pcqv,1,1,0,0,
73,fz073,rows,lineitem+products,0.1,5,oracle_order,1,1,0,0,
73,fz073,rows,lineitem+products,0.1,5,unsafe_late_aggregate,0,1,0,0,
73,fz073,rows,lineitem+products,0.1,5,mut_no_mask,0,1,0,0,
73,fz073,rows,lineitem+products,0.1,5,mut_drop_tenant,0,0,332,166,
73,fz073,rows,lineitem+products,0.1,5,mut_drop_purpose,0,1,0,0,
73,fz073,rows,lineitem+products,0.1,5,mut_drop_clearance,0,0,84,42,
73,fz073,rows,lineitem+products,0.1,5,mut_drop_region,0,1,0,0,
73,fz073,rows,lineitem+products,0.1,5,mut_drop_cross_guard,0,0,42,21,
73,fz073,rows,lineitem+products,0.1,5,mut_drop_acl,0,1,0,0,
73,fz073,rows,lineitem+products,0.1,5,mut_no_group_guard,0,1,0,0,
74,fz074,aggregate,orders+customers+lineitem,0.05,3,post_join_filter,1,1,0,0,
74,fz074,aggregate,orders+customers+lineitem,0.05,3,view_barrier,1,1,0,0,
74,fz074,aggregate,orders+customers+lineitem,0.05,3,predicate_injection,1,1,0,0,
74,fz074,aggregate,orders+customers+lineitem,0.05,3,pcqv_forced,1,1,0,0,
74,fz074,aggregate,orders+customers+lineitem,0.05,3,pcqv,1,1,0,0,
74,fz074,aggregate,orders+customers+lineitem,0.05,3,oracle_order,1,1,0,0,
74,fz074,aggregate,orders+customers+lineitem,0.05,3,unsafe_late_aggregate,0,0,9,9,
74,fz074,aggregate,orders+customers+lineitem,0.05,3,mut_no_mask,0,1,0,0,
74,fz074,aggregate,orders+customers+lineitem,0.05,3,mut_drop_tenant,0,0,6,6,
74,fz074,aggregate,orders+customers+lineitem,0.05,3,mut_drop_purpose,0,0,1,1,
74,fz074,aggregate,orders+customers+lineitem,0.05,3,mut_drop_clearance,0,0,1,1,
74,fz074,aggregate,orders+customers+lineitem,0.05,3,mut_drop_region,0,0,2,2,
74,fz074,aggregate,orders+customers+lineitem,0.05,3,mut_drop_cross_guard,0,1,0,0,
74,fz074,aggregate,orders+customers+lineitem,0.05,3,mut_drop_acl,0,1,0,0,
74,fz074,aggregate,orders+customers+lineitem,0.05,3,mut_no_group_guard,0,1,0,0,
75,fz075,rows,tickets,0.05,3,post_join_filter,1,1,0,0,
75,fz075,rows,tickets,0.05,3,view_barrier,1,1,0,0,
75,fz075,rows,tickets,0.05,3,predicate_injection,1,1,0,0,
75,fz075,rows,tickets,0.05,3,pcqv_forced,1,1,0,0,
75,fz075,rows,tickets,0.05,3,pcqv,1,1,0,0,
75,fz075,rows,tickets,0.05,3,oracle_order,1,1,0,0,
75,fz075,rows,tickets,0.05,3,unsafe_late_aggregate,0,1,0,0,
75,fz075,rows,tickets,0.05,3,mut_no_mask,0,1,0,0,
75,fz075,rows,tickets,0.05,3,mut_drop_tenant,0,0,266,191,
75,fz075,rows,tickets,0.05,3,mut_drop_purpose,0,0,22,22,
75,fz075,rows,tickets,0.05,3,mut_drop_clearance,0,1,0,0,
75,fz075,rows,tickets,0.05,3,mut_drop_region,0,1,0,0,
75,fz075,rows,tickets,0.05,3,mut_drop_cross_guard,0,1,0,0,
75,fz075,rows,tickets,0.05,3,mut_drop_acl,0,1,0,0,
75,fz075,rows,tickets,0.05,3,mut_no_group_guard,0,1,0,0,
76,fz076,rows,tickets+customers,0.25,4,post_join_filter,1,1,0,0,
76,fz076,rows,tickets+customers,0.25,4,view_barrier,1,1,0,0,
76,fz076,rows,tickets+customers,0.25,4,predicate_injection,1,1,0,0,
76,fz076,rows,tickets+customers,0.25,4,pcqv_forced,1,1,0,0,
76,fz076,rows,tickets+customers,0.25,4,pcqv,1,1,0,0,
76,fz076,rows,tickets+customers,0.25,4,oracle_order,1,1,0,0,
76,fz076,rows,tickets+customers,0.25,4,unsafe_late_aggregate,0,1,0,0,
76,fz076,rows,tickets+customers,0.25,4,mut_no_mask,0,0,178,89,
76,fz076,rows,tickets+customers,0.25,4,mut_drop_tenant,0,0,191,151,
76,fz076,rows,tickets+customers,0.25,4,mut_drop_purpose,0,0,32,32,
76,fz076,rows,tickets+customers,0.25,4,mut_drop_clearance,0,0,2,2,
76,fz076,rows,tickets+customers,0.25,4,mut_drop_region,0,1,0,0,
76,fz076,rows,tickets+customers,0.25,4,mut_drop_cross_guard,0,1,0,0,
76,fz076,rows,tickets+customers,0.25,4,mut_drop_acl,0,1,0,0,
76,fz076,rows,tickets+customers,0.25,4,mut_no_group_guard,0,1,0,0,
77,fz077,rows,products+lineitem,0.05,6,post_join_filter,1,1,0,0,
77,fz077,rows,products+lineitem,0.05,6,view_barrier,1,1,0,0,
77,fz077,rows,products+lineitem,0.05,6,predicate_injection,1,1,0,0,
77,fz077,rows,products+lineitem,0.05,6,pcqv_forced,1,1,0,0,
77,fz077,rows,products+lineitem,0.05,6,pcqv,1,1,0,0,
77,fz077,rows,products+lineitem,0.05,6,oracle_order,1,1,0,0,
77,fz077,rows,products+lineitem,0.05,6,unsafe_late_aggregate,0,1,0,0,
77,fz077,rows,products+lineitem,0.05,6,mut_no_mask,0,1,0,0,
77,fz077,rows,products+lineitem,0.05,6,mut_drop_tenant,0,0,289,200,
77,fz077,rows,products+lineitem,0.05,6,mut_drop_purpose,0,1,0,0,
77,fz077,rows,products+lineitem,0.05,6,mut_drop_clearance,0,0,111,111,
77,fz077,rows,products+lineitem,0.05,6,mut_drop_region,0,1,0,0,
77,fz077,rows,products+lineitem,0.05,6,mut_drop_cross_guard,0,0,13,13,
77,fz077,rows,products+lineitem,0.05,6,mut_drop_acl,0,1,0,0,
77,fz077,rows,products+lineitem,0.05,6,mut_no_group_guard,0,1,0,0,
78,fz078,rows,customers,0.5,4,post_join_filter,1,1,0,0,
78,fz078,rows,customers,0.5,4,view_barrier,1,1,0,0,
78,fz078,rows,customers,0.5,4,predicate_injection,1,1,0,0,
78,fz078,rows,customers,0.5,4,pcqv_forced,1,1,0,0,
78,fz078,rows,customers,0.5,4,pcqv,1,1,0,0,
78,fz078,rows,customers,0.5,4,oracle_order,1,1,0,0,
78,fz078,rows,customers,0.5,4,unsafe_late_aggregate,0,1,0,0,
78,fz078,rows,customers,0.5,4,mut_no_mask,0,0,124,62,
78,fz078,rows,customers,0.5,4,mut_drop_tenant,0,0,210,105,
78,fz078,rows,customers,0.5,4,mut_drop_purpose,0,1,0,0,
78,fz078,rows,customers,0.5,4,mut_drop_clearance,0,0,18,9,
78,fz078,rows,customers,0.5,4,mut_drop_region,0,0,100,50,
78,fz078,rows,customers,0.5,4,mut_drop_cross_guard,0,1,0,0,
78,fz078,rows,customers,0.5,4,mut_drop_acl,0,1,0,0,
78,fz078,rows,customers,0.5,4,mut_no_group_guard,0,1,0,0,
79,fz079,aggregate,orders+customers,0.25,1,post_join_filter,1,1,0,0,
79,fz079,aggregate,orders+customers,0.25,1,view_barrier,1,1,0,0,
79,fz079,aggregate,orders+customers,0.25,1,predicate_injection,1,1,0,0,
79,fz079,aggregate,orders+customers,0.25,1,pcqv_forced,1,1,0,0,
79,fz079,aggregate,orders+customers,0.25,1,pcqv,1,1,0,0,
79,fz079,aggregate,orders+customers,0.25,1,oracle_order,1,1,0,0,
79,fz079,aggregate,orders+customers,0.25,1,unsafe_late_aggregate,0,0,10,5,
79,fz079,aggregate,orders+customers,0.25,1,mut_no_mask,0,1,0,0,
79,fz079,aggregate,orders+customers,0.25,1,mut_drop_tenant,0,0,10,5,
79,fz079,aggregate,orders+customers,0.25,1,mut_drop_purpose,0,1,0,0,
79,fz079,aggregate,orders+customers,0.25,1,mut_drop_clearance,0,1,0,0,
79,fz079,aggregate,orders+customers,0.25,1,mut_drop_region,0,1,0,0,
79,fz079,aggregate,orders+customers,0.25,1,mut_drop_cross_guard,0,1,0,0,
79,fz079,aggregate,orders+customers,0.25,1,mut_drop_acl,0,1,0,0,
79,fz079,aggregate,orders+customers,0.25,1,mut_no_group_guard,0,1,0,0,
80,fz080,rows,customers,0.05,4,post_join_filter,1,1,0,0,
80,fz080,rows,customers,0.05,4,view_barrier,1,1,0,0,
80,fz080,rows,customers,0.05,4,predicate_injection,1,1,0,0,
80,fz080,rows,customers,0.05,4,pcqv_forced,1,1,0,0,
80,fz080,rows,customers,0.05,4,pcqv,1,1,0,0,
80,fz080,rows,customers,0.05,4,oracle_order,1,1,0,0,
80,fz080,rows,customers,0.05,4,unsafe_late_aggregate,0,1,0,0,
80,fz080,rows,customers,0.05,4,mut_no_mask,0,0,14,7,
80,fz080,rows,customers,0.05,4,mut_drop_tenant,0,0,199,196,
80,fz080,rows,customers,0.05,4,mut_drop_purpose,0,1,0,0,
80,fz080,rows,customers,0.05,4,mut_drop_clearance,0,0,1,1,
80,fz080,rows,customers,0.05,4,mut_drop_region,0,0,56,56,
80,fz080,rows,customers,0.05,4,mut_drop_cross_guard,0,1,0,0,
80,fz080,rows,customers,0.05,4,mut_drop_acl,0,1,0,0,
80,fz080,rows,customers,0.05,4,mut_no_group_guard,0,1,0,0,
81,fz081,rows,orders+customers,0.5,6,post_join_filter,1,1,0,0,
81,fz081,rows,orders+customers,0.5,6,view_barrier,1,1,0,0,
81,fz081,rows,orders+customers,0.5,6,predicate_injection,1,1,0,0,
81,fz081,rows,orders+customers,0.5,6,pcqv_forced,1,1,0,0,
81,fz081,rows,orders+customers,0.5,6,pcqv,1,1,0,0,
81,fz081,rows,orders+customers,0.5,6,oracle_order,1,1,0,0,
81,fz081,rows,orders+customers,0.5,6,unsafe_late_aggregate,0,1,0,0,
81,fz081,rows,orders+customers,0.5,6,mut_no_mask,0,0,314,157,
81,fz081,rows,orders+customers,0.5,6,mut_drop_tenant,0,0,169,106,
81,fz081,rows,orders+customers,0.5,6,mut_drop_purpose,0,0,271,157,
81,fz081,rows,orders+customers,0.5,6,mut_drop_clearance,0,0,12,12,
81,fz081,rows,orders+customers,0.5,6,mut_drop_region,0,1,0,0,
81,fz081,rows,orders+customers,0.5,6,mut_drop_cross_guard,0,1,0,0,
81,fz081,rows,orders+customers,0.5,6,mut_drop_acl,0,1,0,0,
81,fz081,rows,orders+customers,0.5,6,mut_no_group_guard,0,1,0,0,
82,fz082,aggregate,lineitem+products,0.025,1,post_join_filter,1,1,0,0,
82,fz082,aggregate,lineitem+products,0.025,1,view_barrier,1,1,0,0,
82,fz082,aggregate,lineitem+products,0.025,1,predicate_injection,1,1,0,0,
82,fz082,aggregate,lineitem+products,0.025,1,pcqv_forced,1,1,0,0,
82,fz082,aggregate,lineitem+products,0.025,1,pcqv,1,1,0,0,
82,fz082,aggregate,lineitem+products,0.025,1,oracle_order,1,1,0,0,
82,fz082,aggregate,lineitem+products,0.025,1,unsafe_late_aggregate,0,0,26,22,
82,fz082,aggregate,lineitem+products,0.025,1,mut_no_mask,0,1,0,0,
82,fz082,aggregate,lineitem+products,0.025,1,mut_drop_tenant,0,0,26,22,
82,fz082,aggregate,lineitem+products,0.025,1,mut_drop_purpose,0,1,0,0,
82,fz082,aggregate,lineitem+products,0.025,1,mut_drop_clearance,0,1,0,0,
82,fz082,aggregate,lineitem+products,0.025,1,mut_drop_region,0,1,0,0,
82,fz082,aggregate,lineitem+products,0.025,1,mut_drop_cross_guard,0,1,0,0,
82,fz082,aggregate,lineitem+products,0.025,1,mut_drop_acl,0,1,0,0,
82,fz082,aggregate,lineitem+products,0.025,1,mut_no_group_guard,0,1,0,0,
83,fz083,rows,products+lineitem,0.25,6,post_join_filter,1,1,0,0,
83,fz083,rows,products+lineitem,0.25,6,view_barrier,1,1,0,0,
83,fz083,rows,products+lineitem,0.25,6,predicate_injection,1,1,0,0,
83,fz083,rows,products+lineitem,0.25,6,pcqv_forced,1,1,0,0,
83,fz083,rows,products+lineitem,0.25,6,pcqv,1,1,0,0,
83,fz083,rows,products+lineitem,0.25,6,oracle_order,1,1,0,0,
83,fz083,rows,products+lineitem,0.25,6,unsafe_late_aggregate,0,1,0,0,
83,fz083,rows,products+lineitem,0.25,6,mut_no_mask,0,1,0,0,
83,fz083,rows,products+lineitem,0.25,6,mut_drop_tenant,0,0,306,153,
83,fz083,rows,products+lineitem,0.25,6,mut_drop_purpose,0,1,0,0,
83,fz083,rows,products+lineitem,0.25,6,mut_drop_clearance,0,0,214,107,
83,fz083,rows,products+lineitem,0.25,6,mut_drop_region,0,1,0,0,
83,fz083,rows,products+lineitem,0.25,6,mut_drop_cross_guard,0,0,54,27,
83,fz083,rows,products+lineitem,0.25,6,mut_drop_acl,0,1,0,0,
83,fz083,rows,products+lineitem,0.25,6,mut_no_group_guard,0,1,0,0,
84,fz084,aggregate,tickets+customers+orders,0.25,5,post_join_filter,1,1,0,0,
84,fz084,aggregate,tickets+customers+orders,0.25,5,view_barrier,1,1,0,0,
84,fz084,aggregate,tickets+customers+orders,0.25,5,predicate_injection,1,1,0,0,
84,fz084,aggregate,tickets+customers+orders,0.25,5,pcqv_forced,1,1,0,0,
84,fz084,aggregate,tickets+customers+orders,0.25,5,pcqv,1,1,0,0,
84,fz084,aggregate,tickets+customers+orders,0.25,5,oracle_order,1,1,0,0,
84,fz084,aggregate,tickets+customers+orders,0.25,5,unsafe_late_aggregate,0,0,29,15,
84,fz084,aggregate,tickets+customers+orders,0.25,5,mut_no_mask,0,1,0,0,
84,fz084,aggregate,tickets+customers+orders,0.25,5,mut_drop_tenant,0,0,29,15,
84,fz084,aggregate,tickets+customers+orders,0.25,5,mut_drop_purpose,0,0,29,15,
84,fz084,aggregate,tickets+customers+orders,0.25,5,mut_drop_clearance,0,0,6,3,
84,fz084,aggregate,tickets+customers+orders,0.25,5,mut_drop_region,0,1,0,0,
84,fz084,aggregate,tickets+customers+orders,0.25,5,mut_drop_cross_guard,0,1,0,0,
84,fz084,aggregate,tickets+customers+orders,0.25,5,mut_drop_acl,0,1,0,0,
84,fz084,aggregate,tickets+customers+orders,0.25,5,mut_no_group_guard,0,1,0,0,
85,fz085,aggregate,orders+lineitem+customers,0.5,4,post_join_filter,1,1,0,0,
85,fz085,aggregate,orders+lineitem+customers,0.5,4,view_barrier,1,1,0,0,
85,fz085,aggregate,orders+lineitem+customers,0.5,4,predicate_injection,1,1,0,0,
85,fz085,aggregate,orders+lineitem+customers,0.5,4,pcqv_forced,1,1,0,0,
85,fz085,aggregate,orders+lineitem+customers,0.5,4,pcqv,1,1,0,0,
85,fz085,aggregate,orders+lineitem+customers,0.5,4,oracle_order,1,1,0,0,
85,fz085,aggregate,orders+lineitem+customers,0.5,4,unsafe_late_aggregate,0,0,18,9,
85,fz085,aggregate,orders+lineitem+customers,0.5,4,mut_no_mask,0,1,0,0,
85,fz085,aggregate,orders+lineitem+customers,0.5,4,mut_drop_tenant,0,0,18,9,
85,fz085,aggregate,orders+lineitem+customers,0.5,4,mut_drop_purpose,0,0,18,9,
85,fz085,aggregate,orders+lineitem+customers,0.5,4,mut_drop_clearance,0,0,2,1,
85,fz085,aggregate,orders+lineitem+customers,0.5,4,mut_drop_region,0,1,0,0,
85,fz085,aggregate,orders+lineitem+customers,0.5,4,mut_drop_cross_guard,0,1,0,0,
85,fz085,aggregate,orders+lineitem+customers,0.5,4,mut_drop_acl,0,1,0,0,
85,fz085,aggregate,orders+lineitem+customers,0.5,4,mut_no_group_guard,0,1,0,0,
86,fz086,rows,tickets,0.5,5,post_join_filter,1,1,0,0,
86,fz086,rows,tickets,0.5,5,view_barrier,1,1,0,0,
86,fz086,rows,tickets,0.5,5,predicate_injection,1,1,0,0,
86,fz086,rows,tickets,0.5,5,pcqv_forced,1,1,0,0,
86,fz086,rows,tickets,0.5,5,pcqv,1,1,0,0,
86,fz086,rows,tickets,0.5,5,oracle_order,1,1,0,0,
86,fz086,rows,tickets,0.5,5,unsafe_late_aggregate,0,1,0,0,
86,fz086,rows,tickets,0.5,5,mut_no_mask,0,1,0,0,
86,fz086,rows,tickets,0.5,5,mut_drop_tenant,0,0,214,107,
86,fz086,rows,tickets,0.5,5,mut_drop_purpose,0,0,66,33,
86,fz086,rows,tickets,0.5,5,mut_drop_clearance,0,1,0,0,
86,fz086,rows,tickets,0.5,5,mut_drop_region,0,1,0,0,
86,fz086,rows,tickets,0.5,5,mut_drop_cross_guard,0,1,0,0,
86,fz086,rows,tickets,0.5,5,mut_drop_acl,0,1,0,0,
86,fz086,rows,tickets,0.5,5,mut_no_group_guard,0,1,0,0,
87,fz087,aggregate,orders+customers+lineitem,0.5,5,post_join_filter,1,1,0,0,
87,fz087,aggregate,orders+customers+lineitem,0.5,5,view_barrier,1,1,0,0,
87,fz087,aggregate,orders+customers+lineitem,0.5,5,predicate_injection,1,1,0,0,
87,fz087,aggregate,orders+customers+lineitem,0.5,5,pcqv_forced,1,1,0,0,
87,fz087,aggregate,orders+customers+lineitem,0.5,5,pcqv,1,1,0,0,
87,fz087,aggregate,orders+customers+lineitem,0.5,5,oracle_order,1,1,0,0,
87,fz087,aggregate,orders+customers+lineitem,0.5,5,unsafe_late_aggregate,0,0,70,40,
87,fz087,aggregate,orders+customers+lineitem,0.5,5,mut_no_mask,0,1,0,0,
87,fz087,aggregate,orders+customers+lineitem,0.5,5,mut_drop_tenant,0,0,56,28,
87,fz087,aggregate,orders+customers+lineitem,0.5,5,mut_drop_purpose,0,0,60,30,
87,fz087,aggregate,orders+customers+lineitem,0.5,5,mut_drop_clearance,0,0,14,7,
87,fz087,aggregate,orders+customers+lineitem,0.5,5,mut_drop_region,0,1,0,0,
87,fz087,aggregate,orders+customers+lineitem,0.5,5,mut_drop_cross_guard,0,0,1,1,
87,fz087,aggregate,orders+customers+lineitem,0.5,5,mut_drop_acl,0,1,0,0,
87,fz087,aggregate,orders+customers+lineitem,0.5,5,mut_no_group_guard,0,1,0,0,
88,fz088,rows,orders,0.25,1,post_join_filter,1,1,0,0,
88,fz088,rows,orders,0.25,1,view_barrier,1,1,0,0,
88,fz088,rows,orders,0.25,1,predicate_injection,1,1,0,0,
88,fz088,rows,orders,0.25,1,pcqv_forced,1,1,0,0,
88,fz088,rows,orders,0.25,1,pcqv,1,1,0,0,
88,fz088,rows,orders,0.25,1,oracle_order,1,1,0,0,
88,fz088,rows,orders,0.25,1,unsafe_late_aggregate,0,1,0,0,
88,fz088,rows,orders,0.25,1,mut_no_mask,0,1,0,0,
88,fz088,rows,orders,0.25,1,mut_drop_tenant,0,0,272,136,
88,fz088,rows,orders,0.25,1,mut_drop_purpose,0,1,0,0,
88,fz088,rows,orders,0.25,1,mut_drop_clearance,0,1,0,0,
88,fz088,rows,orders,0.25,1,mut_drop_region,0,1,0,0,
88,fz088,rows,orders,0.25,1,mut_drop_cross_guard,0,1,0,0,
88,fz088,rows,orders,0.25,1,mut_drop_acl,0,1,0,0,
88,fz088,rows,orders,0.25,1,mut_no_group_guard,0,1,0,0,
89,fz089,rows,products,0.5,2,post_join_filter,1,1,0,0,
89,fz089,rows,products,0.5,2,view_barrier,1,1,0,0,
89,fz089,rows,products,0.5,2,predicate_injection,1,1,0,0,
89,fz089,rows,products,0.5,2,pcqv_forced,1,1,0,0,
89,fz089,rows,products,0.5,2,pcqv,1,1,0,0,
89,fz089,rows,products,0.5,2,oracle_order,1,1,0,0,
89,fz089,rows,products,0.5,2,unsafe_late_aggregate,0,1,0,0,
89,fz089,rows,products,0.5,2,mut_no_mask,0,1,0,0,
89,fz089,rows,products,0.5,2,mut_drop_tenant,0,0,59,59,
89,fz089,rows,products,0.5,2,mut_drop_purpose,0,1,0,0,
89,fz089,rows,products,0.5,2,mut_drop_clearance,0,1,0,0,
89,fz089,rows,products,0.5,2,mut_drop_region,0,1,0,0,
89,fz089,rows,products,0.5,2,mut_drop_cross_guard,0,1,0,0,
89,fz089,rows,products,0.5,2,mut_drop_acl,0,1,0,0,
89,fz089,rows,products,0.5,2,mut_no_group_guard,0,1,0,0,
90,fz090,aggregate,tickets+customers+orders,0.025,5,post_join_filter,1,1,0,0,
90,fz090,aggregate,tickets+customers+orders,0.025,5,view_barrier,1,1,0,0,
90,fz090,aggregate,tickets+customers+orders,0.025,5,predicate_injection,1,1,0,0,
90,fz090,aggregate,tickets+customers+orders,0.025,5,pcqv_forced,1,1,0,0,
90,fz090,aggregate,tickets+customers+orders,0.025,5,pcqv,1,1,0,0,
90,fz090,aggregate,tickets+customers+orders,0.025,5,oracle_order,1,1,0,0,
90,fz090,aggregate,tickets+customers+orders,0.025,5,unsafe_late_aggregate,0,0,5,5,
90,fz090,aggregate,tickets+customers+orders,0.025,5,mut_no_mask,0,1,0,0,
90,fz090,aggregate,tickets+customers+orders,0.025,5,mut_drop_tenant,0,0,5,5,
90,fz090,aggregate,tickets+customers+orders,0.025,5,mut_drop_purpose,0,1,0,0,
90,fz090,aggregate,tickets+customers+orders,0.025,5,mut_drop_clearance,0,1,0,0,
90,fz090,aggregate,tickets+customers+orders,0.025,5,mut_drop_region,0,1,0,0,
90,fz090,aggregate,tickets+customers+orders,0.025,5,mut_drop_cross_guard,0,1,0,0,
90,fz090,aggregate,tickets+customers+orders,0.025,5,mut_drop_acl,0,1,0,0,
90,fz090,aggregate,tickets+customers+orders,0.025,5,mut_no_group_guard,0,1,0,0,
91,fz091,rows,tickets+customers,0.025,4,post_join_filter,1,1,0,0,
91,fz091,rows,tickets+customers,0.025,4,view_barrier,1,1,0,0,
91,fz091,rows,tickets+customers,0.025,4,predicate_injection,1,1,0,0,
91,fz091,rows,tickets+customers,0.025,4,pcqv_forced,1,1,0,0,
91,fz091,rows,tickets+customers,0.025,4,pcqv,1,1,0,0,
91,fz091,rows,tickets+customers,0.025,4,oracle_order,1,1,0,0,
91,fz091,rows,tickets+customers,0.025,4,unsafe_late_aggregate,0,1,0,0,
91,fz091,rows,tickets+customers,0.025,4,mut_no_mask,0,1,0,0,
91,fz091,rows,tickets+customers,0.025,4,mut_drop_tenant,0,0,92,92,
91,fz091,rows,tickets+customers,0.025,4,mut_drop_purpose,0,1,0,0,
91,fz091,rows,tickets+customers,0.025,4,mut_drop_clearance,0,1,0,0,
91,fz091,rows,tickets+customers,0.025,4,mut_drop_region,0,0,15,15,
91,fz091,rows,tickets+customers,0.025,4,mut_drop_cross_guard,0,1,0,0,
91,fz091,rows,tickets+customers,0.025,4,mut_drop_acl,0,1,0,0,
91,fz091,rows,tickets+customers,0.025,4,mut_no_group_guard,0,1,0,0,
92,fz092,rows,customers+tickets,0.1,5,post_join_filter,1,1,0,0,
92,fz092,rows,customers+tickets,0.1,5,view_barrier,1,1,0,0,
92,fz092,rows,customers+tickets,0.1,5,predicate_injection,1,1,0,0,
92,fz092,rows,customers+tickets,0.1,5,pcqv_forced,1,1,0,0,
92,fz092,rows,customers+tickets,0.1,5,pcqv,1,1,0,0,
92,fz092,rows,customers+tickets,0.1,5,oracle_order,1,1,0,0,
92,fz092,rows,customers+tickets,0.1,5,unsafe_late_aggregate,0,1,0,0,
92,fz092,rows,customers+tickets,0.1,5,mut_no_mask,0,0,100,50,
92,fz092,rows,customers+tickets,0.1,5,mut_drop_tenant,0,0,230,190,
92,fz092,rows,customers+tickets,0.1,5,mut_drop_purpose,0,0,15,15,
92,fz092,rows,customers+tickets,0.1,5,mut_drop_clearance,0,0,2,2,
92,fz092,rows,customers+tickets,0.1,5,mut_drop_region,0,1,0,0,
92,fz092,rows,customers+tickets,0.1,5,mut_drop_cross_guard,0,1,0,0,
92,fz092,rows,customers+tickets,0.1,5,mut_drop_acl,0,1,0,0,
92,fz092,rows,customers+tickets,0.1,5,mut_no_group_guard,0,1,0,0,
93,fz093,aggregate,lineitem+orders+products,0.1,5,post_join_filter,1,1,0,0,
93,fz093,aggregate,lineitem+orders+products,0.1,5,view_barrier,1,1,0,0,
93,fz093,aggregate,lineitem+orders+products,0.1,5,predicate_injection,1,1,0,0,
93,fz093,aggregate,lineitem+orders+products,0.1,5,pcqv_forced,1,1,0,0,
93,fz093,aggregate,lineitem+orders+products,0.1,5,pcqv,1,1,0,0,
93,fz093,aggregate,lineitem+orders+products,0.1,5,oracle_order,1,1,0,0,
93,fz093,aggregate,lineitem+orders+products,0.1,5,unsafe_late_aggregate,0,0,8,4,
93,fz093,aggregate,lineitem+orders+products,0.1,5,mut_no_mask,0,1,0,0,
93,fz093,aggregate,lineitem+orders+products,0.1,5,mut_drop_tenant,0,0,8,4,
93,fz093,aggregate,lineitem+orders+products,0.1,5,mut_drop_purpose,0,0,8,4,
93,fz093,aggregate,lineitem+orders+products,0.1,5,mut_drop_clearance,0,0,4,2,
93,fz093,aggregate,lineitem+orders+products,0.1,5,mut_drop_region,0,1,0,0,
93,fz093,aggregate,lineitem+orders+products,0.1,5,mut_drop_cross_guard,0,0,8,4,
93,fz093,aggregate,lineitem+orders+products,0.1,5,mut_drop_acl,0,1,0,0,
93,fz093,aggregate,lineitem+orders+products,0.1,5,mut_no_group_guard,0,1,0,0,
94,fz094,rows,lineitem+products,0.05,2,post_join_filter,1,1,0,0,
94,fz094,rows,lineitem+products,0.05,2,view_barrier,1,1,0,0,
94,fz094,rows,lineitem+products,0.05,2,predicate_injection,1,1,0,0,
94,fz094,rows,lineitem+products,0.05,2,pcqv_forced,1,1,0,0,
94,fz094,rows,lineitem+products,0.05,2,pcqv,1,1,0,0,
94,fz094,rows,lineitem+products,0.05,2,oracle_order,1,1,0,0,
94,fz094,rows,lineitem+products,0.05,2,unsafe_late_aggregate,0,1,0,0,
94,fz094,rows,lineitem+products,0.05,2,mut_no_mask,0,1,0,0,
94,fz094,rows,lineitem+products,0.05,2,mut_drop_tenant,0,0,386,193,
94,fz094,rows,lineitem+products,0.05,2,mut_drop_purpose,0,1,0,0,
94,fz094,rows,lineitem+products,0.05,2,mut_drop_clearance,0,1,0,0,
94,fz094,rows,lineitem+products,0.05,2,mut_drop_region,0,1,0,0,
94,fz094,rows,lineitem+products,0.05,2,mut_drop_cross_guard,0,1,0,0,
94,fz094,rows,lineitem+products,0.05,2,mut_drop_acl,0,1,0,0,
94,fz094,rows,lineitem+products,0.05,2,mut_no_group_guard,0,1,0,0,
95,fz095,rows,products,0.5,5,post_join_filter,1,1,0,0,
95,fz095,rows,products,0.5,5,view_barrier,1,1,0,0,
95,fz095,rows,products,0.5,5,predicate_injection,1,1,0,0,
95,fz095,rows,products,0.5,5,pcqv_forced,1,1,0,0,
95,fz095,rows,products,0.5,5,pcqv,1,1,0,0,
95,fz095,rows,products,0.5,5,oracle_order,1,1,0,0,
95,fz095,rows,products,0.5,5,unsafe_late_aggregate,0,1,0,0,
95,fz095,rows,products,0.5,5,mut_no_mask,0,1,0,0,
95,fz095,rows,products,0.5,5,mut_drop_tenant,0,0,127,103,
95,fz095,rows,products,0.5,5,mut_drop_purpose,0,1,0,0,
95,fz095,rows,products,0.5,5,mut_drop_clearance,0,0,7,7,
95,fz095,rows,products,0.5,5,mut_drop_region,0,1,0,0,
95,fz095,rows,products,0.5,5,mut_drop_cross_guard,0,1,0,0,
95,fz095,rows,products,0.5,5,mut_drop_acl,0,1,0,0,
95,fz095,rows,products,0.5,5,mut_no_group_guard,0,1,0,0,
96,fz096,rows,tickets+customers,0.25,5,post_join_filter,1,1,0,0,
96,fz096,rows,tickets+customers,0.25,5,view_barrier,1,1,0,0,
96,fz096,rows,tickets+customers,0.25,5,predicate_injection,1,1,0,0,
96,fz096,rows,tickets+customers,0.25,5,pcqv_forced,1,1,0,0,
96,fz096,rows,tickets+customers,0.25,5,pcqv,1,1,0,0,
96,fz096,rows,tickets+customers,0.25,5,oracle_order,1,1,0,0,
96,fz096,rows,tickets+customers,0.25,5,unsafe_late_aggregate,0,1,0,0,
96,fz096,rows,tickets+customers,0.25,5,mut_no_mask,0,0,86,43,
96,fz096,rows,tickets+customers,0.25,5,mut_drop_tenant,0,0,190,150,
96,fz096,rows,tickets+customers,0.25,5,mut_drop_purpose,0,0,12,12,
96,fz096,rows,tickets+customers,0.25,5,mut_drop_clearance,0,0,4,4,
96,fz096,rows,tickets+customers,0.25,5,mut_drop_region,0,1,0,0,
96,fz096,rows,tickets+customers,0.25,5,mut_drop_cross_guard,0,1,0,0,
96,fz096,rows,tickets+customers,0.25,5,mut_drop_acl,0,0,68,68,
96,fz096,rows,tickets+customers,0.25,5,mut_no_group_guard,0,1,0,0,
97,fz097,rows,tickets+customers,0.5,1,post_join_filter,1,1,0,0,
97,fz097,rows,tickets+customers,0.5,1,view_barrier,1,1,0,0,
97,fz097,rows,tickets+customers,0.5,1,predicate_injection,1,1,0,0,
97,fz097,rows,tickets+customers,0.5,1,pcqv_forced,1,1,0,0,
97,fz097,rows,tickets+customers,0.5,1,pcqv,1,1,0,0,
97,fz097,rows,tickets+customers,0.5,1,oracle_order,1,1,0,0,
97,fz097,rows,tickets+customers,0.5,1,unsafe_late_aggregate,0,1,0,0,
97,fz097,rows,tickets+customers,0.5,1,mut_no_mask,0,0,400,200,
97,fz097,rows,tickets+customers,0.5,1,mut_drop_tenant,0,0,212,106,
97,fz097,rows,tickets+customers,0.5,1,mut_drop_purpose,0,1,0,0,
97,fz097,rows,tickets+customers,0.5,1,mut_drop_clearance,0,1,0,0,
97,fz097,rows,tickets+customers,0.5,1,mut_drop_region,0,1,0,0,
97,fz097,rows,tickets+customers,0.5,1,mut_drop_cross_guard,0,1,0,0,
97,fz097,rows,tickets+customers,0.5,1,mut_drop_acl,0,1,0,0,
97,fz097,rows,tickets+customers,0.5,1,mut_no_group_guard,0,1,0,0,
98,fz098,rows,lineitem+orders,0.1,1,post_join_filter,1,1,0,0,
98,fz098,rows,lineitem+orders,0.1,1,view_barrier,1,1,0,0,
98,fz098,rows,lineitem+orders,0.1,1,predicate_injection,1,1,0,0,
98,fz098,rows,lineitem+orders,0.1,1,pcqv_forced,1,1,0,0,
98,fz098,rows,lineitem+orders,0.1,1,pcqv,1,1,0,0,
98,fz098,rows,lineitem+orders,0.1,1,oracle_order,1,1,0,0,
98,fz098,rows,lineitem+orders,0.1,1,unsafe_late_aggregate,0,1,0,0,
98,fz098,rows,lineitem+orders,0.1,1,mut_no_mask,0,1,0,0,
98,fz098,rows,lineitem+orders,0.1,1,mut_drop_tenant,0,0,356,178,
98,fz098,rows,lineitem+orders,0.1,1,mut_drop_purpose,0,1,0,0,
98,fz098,rows,lineitem+orders,0.1,1,mut_drop_clearance,0,1,0,0,
98,fz098,rows,lineitem+orders,0.1,1,mut_drop_region,0,1,0,0,
98,fz098,rows,lineitem+orders,0.1,1,mut_drop_cross_guard,0,1,0,0,
98,fz098,rows,lineitem+orders,0.1,1,mut_drop_acl,0,1,0,0,
98,fz098,rows,lineitem+orders,0.1,1,mut_no_group_guard,0,1,0,0,
99,fz099,rows,orders,0.05,3,post_join_filter,1,1,0,0,
99,fz099,rows,orders,0.05,3,view_barrier,1,1,0,0,
99,fz099,rows,orders,0.05,3,predicate_injection,1,1,0,0,
99,fz099,rows,orders,0.05,3,pcqv_forced,1,1,0,0,
99,fz099,rows,orders,0.05,3,pcqv,1,1,0,0,
99,fz099,rows,orders,0.05,3,oracle_order,1,1,0,0,
99,fz099,rows,orders,0.05,3,unsafe_late_aggregate,0,1,0,0,
99,fz099,rows,orders,0.05,3,mut_no_mask,0,1,0,0,
99,fz099,rows,orders,0.05,3,mut_drop_tenant,0,0,234,191,
99,fz099,rows,orders,0.05,3,mut_drop_purpose,0,0,148,148,
99,fz099,rows,orders,0.05,3,mut_drop_clearance,0,1,0,0,
99,fz099,rows,orders,0.05,3,mut_drop_region,0,1,0,0,
99,fz099,rows,orders,0.05,3,mut_drop_cross_guard,0,1,0,0,
99,fz099,rows,orders,0.05,3,mut_drop_acl,0,1,0,0,
99,fz099,rows,orders,0.05,3,mut_no_group_guard,0,1,0,0,
100,fz100,rows,lineitem+products,0.025,4,post_join_filter,1,1,0,0,
100,fz100,rows,lineitem+products,0.025,4,view_barrier,1,1,0,0,
100,fz100,rows,lineitem+products,0.025,4,predicate_injection,1,1,0,0,
100,fz100,rows,lineitem+products,0.025,4,pcqv_forced,1,1,0,0,
100,fz100,rows,lineitem+products,0.025,4,pcqv,1,1,0,0,
100,fz100,rows,lineitem+products,0.025,4,oracle_order,1,1,0,0,
100,fz100,rows,lineitem+products,0.025,4,unsafe_late_aggregate,0,1,0,0,
100,fz100,rows,lineitem+products,0.025,4,mut_no_mask,0,1,0,0,
100,fz100,rows,lineitem+products,0.025,4,mut_drop_tenant,0,0,217,198,
100,fz100,rows,lineitem+products,0.025,4,mut_drop_purpose,0,1,0,0,
100,fz100,rows,lineitem+products,0.025,4,mut_drop_clearance,0,0,179,179,
100,fz100,rows,lineitem+products,0.025,4,mut_drop_region,0,1,0,0,
100,fz100,rows,lineitem+products,0.025,4,mut_drop_cross_guard,0,0,7,7,
100,fz100,rows,lineitem+products,0.025,4,mut_drop_acl,0,1,0,0,
100,fz100,rows,lineitem+products,0.025,4,mut_no_group_guard,0,1,0,0,
101,fz101,rows,orders,0.05,6,post_join_filter,1,1,0,0,
101,fz101,rows,orders,0.05,6,view_barrier,1,1,0,0,
101,fz101,rows,orders,0.05,6,predicate_injection,1,1,0,0,
101,fz101,rows,orders,0.05,6,pcqv_forced,1,1,0,0,
101,fz101,rows,orders,0.05,6,pcqv,1,1,0,0,
101,fz101,rows,orders,0.05,6,oracle_order,1,1,0,0,
101,fz101,rows,orders,0.05,6,unsafe_late_aggregate,0,1,0,0,
101,fz101,rows,orders,0.05,6,mut_no_mask,0,1,0,0,
101,fz101,rows,orders,0.05,6,mut_drop_tenant,0,0,196,196,
101,fz101,rows,orders,0.05,6,mut_drop_purpose,0,0,18,18,
101,fz101,rows,orders,0.05,6,mut_drop_clearance,0,1,0,0,
101,fz101,rows,orders,0.05,6,mut_drop_region,0,1,0,0,
101,fz101,rows,orders,0.05,6,mut_drop_cross_guard,0,0,40,40,
101,fz101,rows,orders,0.05,6,mut_drop_acl,0,1,0,0,
101,fz101,rows,orders,0.05,6,mut_no_group_guard,0,1,0,0,
102,fz102,aggregate,lineitem+orders+customers,0.1,3,post_join_filter,1,1,0,0,
102,fz102,aggregate,lineitem+orders+customers,0.1,3,view_barrier,1,1,0,0,
102,fz102,aggregate,lineitem+orders+customers,0.1,3,predicate_injection,1,1,0,0,
102,fz102,aggregate,lineitem+orders+customers,0.1,3,pcqv_forced,1,1,0,0,
102,fz102,aggregate,lineitem+orders+customers,0.1,3,pcqv,1,1,0,0,
102,fz102,aggregate,lineitem+orders+customers,0.1,3,oracle_order,1,1,0,0,
102,fz102,aggregate,lineitem+orders+customers,0.1,3,unsafe_late_aggregate,0,0,9,5,
102,fz102,aggregate,lineitem+orders+customers,0.1,3,mut_no_mask,0,1,0,0,
102,fz102,aggregate,lineitem+orders+customers,0.1,3,mut_drop_tenant,0,0,9,5,
102,fz102,aggregate,lineitem+orders+customers,0.1,3,mut_drop_purpose,0,0,9,5,
102,fz102,aggregate,lineitem+orders+customers,0.1,3,mut_drop_clearance,0,0,1,1,
102,fz102,aggregate,lineitem+orders+customers,0.1,3,mut_drop_region,0,0,9,5,
102,fz102,aggregate,lineitem+orders+customers,0.1,3,mut_drop_cross_guard,0,1,0,0,
102,fz102,aggregate,lineitem+orders+customers,0.1,3,mut_drop_acl,0,1,0,0,
102,fz102,aggregate,lineitem+orders+customers,0.1,3,mut_no_group_guard,0,1,0,0,
103,fz103,aggregate,products+lineitem,0.025,3,post_join_filter,1,1,0,0,
103,fz103,aggregate,products+lineitem,0.025,3,view_barrier,1,1,0,0,
103,fz103,aggregate,products+lineitem,0.025,3,predicate_injection,1,1,0,0,
103,fz103,aggregate,products+lineitem,0.025,3,pcqv_forced,1,1,0,0,
103,fz103,aggregate,products+lineitem,0.025,3,pcqv,1,1,0,0,
103,fz103,aggregate,products+lineitem,0.025,3,oracle_order,1,1,0,0,
103,fz103,aggregate,products+lineitem,0.025,3,unsafe_late_aggregate,0,0,49,48,
103,fz103,aggregate,products+lineitem,0.025,3,mut_no_mask,0,1,0,0,
103,fz103,aggregate,products+lineitem,0.025,3,mut_drop_tenant,0,0,18,17,
103,fz103,aggregate,products+lineitem,0.025,3,mut_drop_purpose,0,1,0,0,
103,fz103,aggregate,products+lineitem,0.025,3,mut_drop_clearance,0,0,7,7,
103,fz103,aggregate,products+lineitem,0.025,3,mut_drop_region,0,1,0,0,
103,fz103,aggregate,products+lineitem,0.025,3,mut_drop_cross_guard,0,1,0,0,
103,fz103,aggregate,products+lineitem,0.025,3,mut_drop_acl,0,1,0,0,
103,fz103,aggregate,products+lineitem,0.025,3,mut_no_group_guard,0,1,0,0,
104,fz104,rows,lineitem,0.05,6,post_join_filter,1,1,0,0,
104,fz104,rows,lineitem,0.05,6,view_barrier,1,1,0,0,
104,fz104,rows,lineitem,0.05,6,predicate_injection,1,1,0,0,
104,fz104,rows,lineitem,0.05,6,pcqv_forced,1,1,0,0,
104,fz104,rows,lineitem,0.05,6,pcqv,1,1,0,0,
104,fz104,rows,lineitem,0.05,6,oracle_order,1,1,0,0,
104,fz104,rows,lineitem,0.05,6,unsafe_late_aggregate,0,1,0,0,
104,fz104,rows,lineitem,0.05,6,mut_no_mask,0,1,0,0,
104,fz104,rows,lineitem,0.05,6,mut_drop_tenant,0,0,382,191,
104,fz104,rows,lineitem,0.05,6,mut_drop_purpose,0,1,0,0,
104,fz104,rows,lineitem,0.05,6,mut_drop_clearance,0,1,0,0,
104,fz104,rows,lineitem,0.05,6,mut_drop_region,0,1,0,0,
104,fz104,rows,lineitem,0.05,6,mut_drop_cross_guard,0,0,38,19,
104,fz104,rows,lineitem,0.05,6,mut_drop_acl,0,1,0,0,
104,fz104,rows,lineitem,0.05,6,mut_no_group_guard,0,1,0,0,
105,fz105,rows,products,0.1,1,post_join_filter,1,1,0,0,
105,fz105,rows,products,0.1,1,view_barrier,1,1,0,0,
105,fz105,rows,products,0.1,1,predicate_injection,1,1,0,0,
105,fz105,rows,products,0.1,1,pcqv_forced,1,1,0,0,
105,fz105,rows,products,0.1,1,pcqv,1,1,0,0,
105,fz105,rows,products,0.1,1,oracle_order,1,1,0,0,
105,fz105,rows,products,0.1,1,unsafe_late_aggregate,0,1,0,0,
105,fz105,rows,products,0.1,1,mut_no_mask,0,1,0,0,
105,fz105,rows,products,0.1,1,mut_drop_tenant,0,0,196,183,
105,fz105,rows,products,0.1,1,mut_drop_purpose,0,1,0,0,
105,fz105,rows,products,0.1,1,mut_drop_clearance,0,1,0,0,
105,fz105,rows,products,0.1,1,mut_drop_region,0,1,0,0,
105,fz105,rows,products,0.1,1,mut_drop_cross_guard,0,1,0,0,
105,fz105,rows,products,0.1,1,mut_drop_acl,0,1,0,0,
105,fz105,rows,products,0.1,1,mut_no_group_guard,0,1,0,0,
106,fz106,rows,customers,0.25,2,post_join_filter,1,1,0,0,
106,fz106,rows,customers,0.25,2,view_barrier,1,1,0,0,
106,fz106,rows,customers,0.25,2,predicate_injection,1,1,0,0,
106,fz106,rows,customers,0.25,2,pcqv_forced,1,1,0,0,
106,fz106,rows,customers,0.25,2,pcqv,1,1,0,0,
106,fz106,rows,customers,0.25,2,oracle_order,1,1,0,0,
106,fz106,rows,customers,0.25,2,unsafe_late_aggregate,0,1,0,0,
106,fz106,rows,customers,0.25,2,mut_no_mask,0,0,82,41,
106,fz106,rows,customers,0.25,2,mut_drop_tenant,0,0,224,154,
106,fz106,rows,customers,0.25,2,mut_drop_purpose,0,1,0,0,
106,fz106,rows,customers,0.25,2,mut_drop_clearance,0,0,8,8,
106,fz106,rows,customers,0.25,2,mut_drop_region,0,1,0,0,
106,fz106,rows,customers,0.25,2,mut_drop_cross_guard,0,1,0,0,
106,fz106,rows,customers,0.25,2,mut_drop_acl,0,1,0,0,
106,fz106,rows,customers,0.25,2,mut_no_group_guard,0,1,0,0,
107,fz107,aggregate,lineitem+products+orders,0.5,5,post_join_filter,1,1,0,0,
107,fz107,aggregate,lineitem+products+orders,0.5,5,view_barrier,1,1,0,0,
107,fz107,aggregate,lineitem+products+orders,0.5,5,predicate_injection,1,1,0,0,
107,fz107,aggregate,lineitem+products+orders,0.5,5,pcqv_forced,1,1,0,0,
107,fz107,aggregate,lineitem+products+orders,0.5,5,pcqv,1,1,0,0,
107,fz107,aggregate,lineitem+products+orders,0.5,5,oracle_order,1,1,0,0,
107,fz107,aggregate,lineitem+products+orders,0.5,5,unsafe_late_aggregate,0,0,87,48,
107,fz107,aggregate,lineitem+products+orders,0.5,5,mut_no_mask,0,1,0,0,
107,fz107,aggregate,lineitem+products+orders,0.5,5,mut_drop_tenant,0,0,79,42,
107,fz107,aggregate,lineitem+products+orders,0.5,5,mut_drop_purpose,0,0,78,39,
107,fz107,aggregate,lineitem+products+orders,0.5,5,mut_drop_clearance,0,0,3,3,
107,fz107,aggregate,lineitem+products+orders,0.5,5,mut_drop_region,0,1,0,0,
107,fz107,aggregate,lineitem+products+orders,0.5,5,mut_drop_cross_guard,0,0,66,33,
107,fz107,aggregate,lineitem+products+orders,0.5,5,mut_drop_acl,0,1,0,0,
107,fz107,aggregate,lineitem+products+orders,0.5,5,mut_no_group_guard,0,1,0,0,
108,fz108,rows,products+lineitem+orders,0.05,4,post_join_filter,1,1,0,0,
108,fz108,rows,products+lineitem+orders,0.05,4,view_barrier,1,1,0,0,
108,fz108,rows,products+lineitem+orders,0.05,4,predicate_injection,1,1,0,0,
108,fz108,rows,products+lineitem+orders,0.05,4,pcqv_forced,1,1,0,0,
108,fz108,rows,products+lineitem+orders,0.05,4,pcqv,1,1,0,0,
108,fz108,rows,products+lineitem+orders,0.05,4,oracle_order,1,1,0,0,
108,fz108,rows,products+lineitem+orders,0.05,4,unsafe_late_aggregate,0,1,0,0,
108,fz108,rows,products+lineitem+orders,0.05,4,mut_no_mask,0,1,0,0,
108,fz108,rows,products+lineitem+orders,0.05,4,mut_drop_tenant,0,0,80,80,
108,fz108,rows,products+lineitem+orders,0.05,4,mut_drop_purpose,0,0,2,2,
108,fz108,rows,products+lineitem+orders,0.05,4,mut_drop_clearance,0,0,7,7,
108,fz108,rows,products+lineitem+orders,0.05,4,mut_drop_region,0,1,0,0,
108,fz108,rows,products+lineitem+orders,0.05,4,mut_drop_cross_guard,0,0,11,11,
108,fz108,rows,products+lineitem+orders,0.05,4,mut_drop_acl,0,1,0,0,
108,fz108,rows,products+lineitem+orders,0.05,4,mut_no_group_guard,0,1,0,0,
109,fz109,aggregate,lineitem+products,0.05,5,post_join_filter,1,1,0,0,
109,fz109,aggregate,lineitem+products,0.05,5,view_barrier,1,1,0,0,
109,fz109,aggregate,lineitem+products,0.05,5,predicate_injection,1,1,0,0,
109,fz109,aggregate,lineitem+products,0.05,5,pcqv_forced,1,1,0,0,
109,fz109,aggregate,lineitem+products,0.05,5,pcqv,1,1,0,0,
109,fz109,aggregate,lineitem+products,0.05,5,oracle_order,1,1,0,0,
109,fz109,aggregate,lineitem+products,0.05,5,unsafe_late_aggregate,0,0,21,20,
109,fz109,aggregate,lineitem+products,0.05,5,mut_no_mask,0,1,0,0,
109,fz109,aggregate,lineitem+products,0.05,5,mut_drop_tenant,0,0,9,8,
109,fz109,aggregate,lineitem+products,0.05,5,mut_drop_purpose,0,1,0,0,
109,fz109,aggregate,lineitem+products,0.05,5,mut_drop_clearance,0,0,3,3,
109,fz109,aggregate,lineitem+products,0.05,5,mut_drop_region,0,1,0,0,
109,fz109,aggregate,lineitem+products,0.05,5,mut_drop_cross_guard,0,0,2,1,
109,fz109,aggregate,lineitem+products,0.05,5,mut_drop_acl,0,1,0,0,
109,fz109,aggregate,lineitem+products,0.05,5,mut_no_group_guard,0,1,0,0,
110,fz110,rows,lineitem+orders,0.025,4,post_join_filter,1,1,0,0,
110,fz110,rows,lineitem+orders,0.025,4,view_barrier,1,1,0,0,
110,fz110,rows,lineitem+orders,0.025,4,predicate_injection,1,1,0,0,
110,fz110,rows,lineitem+orders,0.025,4,pcqv_forced,1,1,0,0,
110,fz110,rows,lineitem+orders,0.025,4,pcqv,1,1,0,0,
110,fz110,rows,lineitem+orders,0.025,4,oracle_order,1,1,0,0,
110,fz110,rows,lineitem+orders,0.025,4,unsafe_late_aggregate,0,1,0,0,
110,fz110,rows,lineitem+orders,0.025,4,mut_no_mask,0,1,0,0,
110,fz110,rows,lineitem+orders,0.025,4,mut_drop_tenant,0,0,200,200,
110,fz110,rows,lineitem+orders,0.025,4,mut_drop_purpose,0,1,0,0,
110,fz110,rows,lineitem+orders,0.025,4,mut_drop_clearance,0,1,0,0,
110,fz110,rows,lineitem+orders,0.025,4,mut_drop_region,0,1,0,0,
110,fz110,rows,lineitem+orders,0.025,4,mut_drop_cross_guard,0,0,68,68,
110,fz110,rows,lineitem+orders,0.025,4,mut_drop_acl,0,1,0,0,
110,fz110,rows,lineitem+orders,0.025,4,mut_no_group_guard,0,1,0,0,
111,fz111,rows,tickets+customers+orders,0.5,6,post_join_filter,1,1,0,0,
111,fz111,rows,tickets+customers+orders,0.5,6,view_barrier,1,1,0,0,
111,fz111,rows,tickets+customers+orders,0.5,6,predicate_injection,1,1,0,0,
111,fz111,rows,tickets+customers+orders,0.5,6,pcqv_forced,1,1,0,0,
111,fz111,rows,tickets+customers+orders,0.5,6,pcqv,1,1,0,0,
111,fz111,rows,tickets+customers+orders,0.5,6,oracle_order,1,1,0,0,
111,fz111,rows,tickets+customers+orders,0.5,6,unsafe_late_aggregate,0,1,0,0,
111,fz111,rows,tickets+customers+orders,0.5,6,mut_no_mask,0,0,400,200,
111,fz111,rows,tickets+customers+orders,0.5,6,mut_drop_tenant,0,0,194,97,
111,fz111,rows,tickets+customers+orders,0.5,6,mut_drop_purpose,0,0,342,171,
111,fz111,rows,tickets+customers+orders,0.5,6,mut_drop_clearance,0,0,10,5,
111,fz111,rows,tickets+customers+orders,0.5,6,mut_drop_region,0,1,0,0,
111,fz111,rows,tickets+customers+orders,0.5,6,mut_drop_cross_guard,0,0,4,2,
111,fz111,rows,tickets+customers+orders,0.5,6,mut_drop_acl,0,1,0,0,
111,fz111,rows,tickets+customers+orders,0.5,6,mut_no_group_guard,0,1,0,0,
112,fz112,rows,lineitem+products,0.1,2,post_join_filter,1,1,0,0,
112,fz112,rows,lineitem+products,0.1,2,view_barrier,1,1,0,0,
112,fz112,rows,lineitem+products,0.1,2,predicate_injection,1,1,0,0,
112,fz112,rows,lineitem+products,0.1,2,pcqv_forced,1,1,0,0,
112,fz112,rows,lineitem+products,0.1,2,pcqv,1,1,0,0,
112,fz112,rows,lineitem+products,0.1,2,oracle_order,1,1,0,0,
112,fz112,rows,lineitem+products,0.1,2,unsafe_late_aggregate,0,1,0,0,
112,fz112,rows,lineitem+products,0.1,2,mut_no_mask,0,1,0,0,
112,fz112,rows,lineitem+products,0.1,2,mut_drop_tenant,0,0,358,179,
112,fz112,rows,lineitem+products,0.1,2,mut_drop_purpose,0,1,0,0,
112,fz112,rows,lineitem+products,0.1,2,mut_drop_clearance,0,1,0,0,
112,fz112,rows,lineitem+products,0.1,2,mut_drop_region,0,1,0,0,
112,fz112,rows,lineitem+products,0.1,2,mut_drop_cross_guard,0,1,0,0,
112,fz112,rows,lineitem+products,0.1,2,mut_drop_acl,0,1,0,0,
112,fz112,rows,lineitem+products,0.1,2,mut_no_group_guard,0,1,0,0,
113,fz113,rows,tickets,0.25,4,post_join_filter,1,1,0,0,
113,fz113,rows,tickets,0.25,4,view_barrier,1,1,0,0,
113,fz113,rows,tickets,0.25,4,predicate_injection,1,1,0,0,
113,fz113,rows,tickets,0.25,4,pcqv_forced,1,1,0,0,
113,fz113,rows,tickets,0.25,4,pcqv,1,1,0,0,
113,fz113,rows,tickets,0.25,4,oracle_order,1,1,0,0,
113,fz113,rows,tickets,0.25,4,unsafe_late_aggregate,0,1,0,0,
113,fz113,rows,tickets,0.25,4,mut_no_mask,0,1,0,0,
113,fz113,rows,tickets,0.25,4,mut_drop_tenant,0,0,312,156,
113,fz113,rows,tickets,0.25,4,mut_drop_purpose,0,0,88,44,
113,fz113,rows,tickets,0.25,4,mut_drop_clearance,0,1,0,0,
113,fz113,rows,tickets,0.25,4,mut_drop_region,0,1,0,0,
113,fz113,rows,tickets,0.25,4,mut_drop_cross_guard,0,1,0,0,
113,fz113,rows,tickets,0.25,4,mut_drop_acl,0,1,0,0,
113,fz113,rows,tickets,0.25,4,mut_no_group_guard,0,1,0,0,
114,fz114,rows,products+lineitem,0.05,1,post_join_filter,1,1,0,0,
114,fz114,rows,products+lineitem,0.05,1,view_barrier,1,1,0,0,
114,fz114,rows,products+lineitem,0.05,1,predicate_injection,1,1,0,0,
114,fz114,rows,products+lineitem,0.05,1,pcqv_forced,1,1,0,0,
114,fz114,rows,products+lineitem,0.05,1,pcqv,1,1,0,0,
114,fz114,rows,products+lineitem,0.05,1,oracle_order,1,1,0,0,
114,fz114,rows,products+lineitem,0.05,1,unsafe_late_aggregate,0,1,0,0,
114,fz114,rows,products+lineitem,0.05,1,mut_no_mask,0,1,0,0,
114,fz114,rows,products+lineitem,0.05,1,mut_drop_tenant,0,0,400,200,
114,fz114,rows,products+lineitem,0.05,1,mut_drop_purpose,0,1,0,0,
114,fz114,rows,products+lineitem,0.05,1,mut_drop_clearance,0,1,0,0,
114,fz114,rows,products+lineitem,0.05,1,mut_drop_region,0,1,0,0,
114,fz114,rows,products+lineitem,0.05,1,mut_drop_cross_guard,0,1,0,0,
114,fz114,rows,products+lineitem,0.05,1,mut_drop_acl,0,1,0,0,
114,fz114,rows,products+lineitem,0.05,1,mut_no_group_guard,0,1,0,0,
115,fz115,aggregate,orders+customers,0.5,4,post_join_filter,1,1,0,0,
115,fz115,aggregate,orders+customers,0.5,4,view_barrier,1,1,0,0,
115,fz115,aggregate,orders+customers,0.5,4,predicate_injection,1,1,0,0,
115,fz115,aggregate,orders+customers,0.5,4,pcqv_forced,1,1,0,0,
115,fz115,aggregate,orders+customers,0.5,4,pcqv,1,1,0,0,
115,fz115,aggregate,orders+customers,0.5,4,oracle_order,1,1,0,0,
115,fz115,aggregate,orders+customers,0.5,4,unsafe_late_aggregate,0,0,6,3,
115,fz115,aggregate,orders+customers,0.5,4,mut_no_mask,0,1,0,0,
115,fz115,aggregate,orders+customers,0.5,4,mut_drop_tenant,0,0,6,3,
115,fz115,aggregate,orders+customers,0.5,4,mut_drop_purpose,0,0,6,3,
115,fz115,aggregate,orders+customers,0.5,4,mut_drop_clearance,0,0,2,1,
115,fz115,aggregate,orders+customers,0.5,4,mut_drop_region,0,1,0,0,
115,fz115,aggregate,orders+customers,0.5,4,mut_drop_cross_guard,0,1,0,0,
115,fz115,aggregate,orders+customers,0.5,4,mut_drop_acl,0,1,0,0,
115,fz115,aggregate,orders+customers,0.5,4,mut_no_group_guard,0,1,0,0,
116,fz116,aggregate,customers+orders+lineitem,0.05,1,post_join_filter,1,1,0,0,
116,fz116,aggregate,customers+orders+lineitem,0.05,1,view_barrier,1,1,0,0,
116,fz116,aggregate,customers+orders+lineitem,0.05,1,predicate_injection,1,1,0,0,
116,fz116,aggregate,customers+orders+lineitem,0.05,1,pcqv_forced,1,1,0,0,
116,fz116,aggregate,customers+orders+lineitem,0.05,1,pcqv,1,1,0,0,
116,fz116,aggregate,customers+orders+lineitem,0.05,1,oracle_order,1,1,0,0,
116,fz116,aggregate,customers+orders+lineitem,0.05,1,unsafe_late_aggregate,0,0,6,3,
116,fz116,aggregate,customers+orders+lineitem,0.05,1,mut_no_mask,0,1,0,0,
116,fz116,aggregate,customers+orders+lineitem,0.05,1,mut_drop_tenant,0,0,6,3,
116,fz116,aggregate,customers+orders+lineitem,0.05,1,mut_drop_purpose,0,1,0,0,
116,fz116,aggregate,customers+orders+lineitem,0.05,1,mut_drop_clearance,0,1,0,0,
116,fz116,aggregate,customers+orders+lineitem,0.05,1,mut_drop_region,0,1,0,0,
116,fz116,aggregate,customers+orders+lineitem,0.05,1,mut_drop_cross_guard,0,1,0,0,
116,fz116,aggregate,customers+orders+lineitem,0.05,1,mut_drop_acl,0,1,0,0,
116,fz116,aggregate,customers+orders+lineitem,0.05,1,mut_no_group_guard,0,1,0,0,
117,fz117,rows,orders,0.05,5,post_join_filter,1,1,0,0,
117,fz117,rows,orders,0.05,5,view_barrier,1,1,0,0,
117,fz117,rows,orders,0.05,5,predicate_injection,1,1,0,0,
117,fz117,rows,orders,0.05,5,pcqv_forced,1,1,0,0,
117,fz117,rows,orders,0.05,5,pcqv,1,1,0,0,
117,fz117,rows,orders,0.05,5,oracle_order,1,1,0,0,
117,fz117,rows,orders,0.05,5,unsafe_late_aggregate,0,1,0,0,
117,fz117,rows,orders,0.05,5,mut_no_mask,0,1,0,0,
117,fz117,rows,orders,0.05,5,mut_drop_tenant,0,0,198,197,
117,fz117,rows,orders,0.05,5,mut_drop_purpose,0,0,22,22,
117,fz117,rows,orders,0.05,5,mut_drop_clearance,0,1,0,0,
117,fz117,rows,orders,0.05,5,mut_drop_region,0,1,0,0,
117,fz117,rows,orders,0.05,5,mut_drop_cross_guard,0,0,48,48,
117,fz117,rows,orders,0.05,5,mut_drop_acl,0,1,0,0,
117,fz117,rows,orders,0.05,5,mut_no_group_guard,0,1,0,0,
118,fz118,aggregate,tickets+customers,0.25,3,post_join_filter,1,1,0,0,
118,fz118,aggregate,tickets+customers,0.25,3,view_barrier,1,1,0,0,
118,fz118,aggregate,tickets+customers,0.25,3,predicate_injection,1,1,0,0,
118,fz118,aggregate,tickets+customers,0.25,3,pcqv_forced,1,1,0,0,
118,fz118,aggregate,tickets+customers,0.25,3,pcqv,1,1,0,0,
118,fz118,aggregate,tickets+customers,0.25,3,oracle_order,1,1,0,0,
118,fz118,aggregate,tickets+customers,0.25,3,unsafe_late_aggregate,0,0,10,5,
118,fz118,aggregate,tickets+customers,0.25,3,mut_no_mask,0,1,0,0,
118,fz118,aggregate,tickets+customers,0.25,3,mut_drop_tenant,0,0,10,5,
118,fz118,aggregate,tickets+customers,0.25,3,mut_drop_purpose,0,0,10,5,
118,fz118,aggregate,tickets+customers,0.25,3,mut_drop_clearance,0,0,6,3,
118,fz118,aggregate,tickets+customers,0.25,3,mut_drop_region,0,1,0,0,
118,fz118,aggregate,tickets+customers,0.25,3,mut_drop_cross_guard,0,1,0,0,
118,fz118,aggregate,tickets+customers,0.25,3,mut_drop_acl,0,1,0,0,
118,fz118,aggregate,tickets+customers,0.25,3,mut_no_group_guard,0,1,0,0,
119,fz119,rows,customers,0.025,3,post_join_filter,1,1,0,0,
119,fz119,rows,customers,0.025,3,view_barrier,1,1,0,0,
119,fz119,rows,customers,0.025,3,predicate_injection,1,1,0,0,
119,fz119,rows,customers,0.025,3,pcqv_forced,1,1,0,0,
119,fz119,rows,customers,0.025,3,pcqv,1,1,0,0,
119,fz119,rows,customers,0.025,3,oracle_order,1,1,0,0,
119,fz119,rows,customers,0.025,3,unsafe_late_aggregate,0,1,0,0,
119,fz119,rows,customers,0.025,3,mut_no_mask,0,1,0,0,
119,fz119,rows,customers,0.025,3,mut_drop_tenant,0,0,77,77,
119,fz119,rows,customers,0.025,3,mut_drop_purpose,0,1,0,0,
119,fz119,rows,customers,0.025,3,mut_drop_clearance,0,1,0,0,
119,fz119,rows,customers,0.025,3,mut_drop_region,0,0,18,18,
119,fz119,rows,customers,0.025,3,mut_drop_cross_guard,0,1,0,0,
119,fz119,rows,customers,0.025,3,mut_drop_acl,0,1,0,0,
119,fz119,rows,customers,0.025,3,mut_no_group_guard,0,1,0,0,
120,fz120,aggregate,customers+orders+lineitem,0.25,3,post_join_filter,1,1,0,0,
120,fz120,aggregate,customers+orders+lineitem,0.25,3,view_barrier,1,1,0,0,
120,fz120,aggregate,customers+orders+lineitem,0.25,3,predicate_injection,1,1,0,0,
120,fz120,aggregate,customers+orders+lineitem,0.25,3,pcqv_forced,1,1,0,0,
120,fz120,aggregate,customers+orders+lineitem,0.25,3,pcqv,1,1,0,0,
120,fz120,aggregate,customers+orders+lineitem,0.25,3,oracle_order,1,1,0,0,
120,fz120,aggregate,customers+orders+lineitem,0.25,3,unsafe_late_aggregate,0,0,60,40,
120,fz120,aggregate,customers+orders+lineitem,0.25,3,mut_no_mask,0,1,0,0,
120,fz120,aggregate,customers+orders+lineitem,0.25,3,mut_drop_tenant,0,0,40,20,
120,fz120,aggregate,customers+orders+lineitem,0.25,3,mut_drop_purpose,0,0,40,20,
120,fz120,aggregate,customers+orders+lineitem,0.25,3,mut_drop_clearance,0,0,6,3,
120,fz120,aggregate,customers+orders+lineitem,0.25,3,mut_drop_region,0,0,20,20,
120,fz120,aggregate,customers+orders+lineitem,0.25,3,mut_drop_cross_guard,0,1,0,0,
120,fz120,aggregate,customers+orders+lineitem,0.25,3,mut_drop_acl,0,1,0,0,
120,fz120,aggregate,customers+orders+lineitem,0.25,3,mut_no_group_guard,0,1,0,0,
121,fz121,rows,lineitem,0.025,1,post_join_filter,1,1,0,0,
121,fz121,rows,lineitem,0.025,1,view_barrier,1,1,0,0,
121,fz121,rows,lineitem,0.025,1,predicate_injection,1,1,0,0,
121,fz121,rows,lineitem,0.025,1,pcqv_forced,1,1,0,0,
121,fz121,rows,lineitem,0.025,1,pcqv,1,1,0,0,
121,fz121,rows,lineitem,0.025,1,oracle_order,1,1,0,0,
121,fz121,rows,lineitem,0.025,1,unsafe_late_aggregate,0,1,0,0,
121,fz121,rows,lineitem,0.025,1,mut_no_mask,0,1,0,0,
121,fz121,rows,lineitem,0.025,1,mut_drop_tenant,0,0,390,195,
121,fz121,rows,lineitem,0.025,1,mut_drop_purpose,0,1,0,0,
121,fz121,rows,lineitem,0.025,1,mut_drop_clearance,0,1,0,0,
121,fz121,rows,lineitem,0.025,1,mut_drop_region,0,1,0,0,
121,fz121,rows,lineitem,0.025,1,mut_drop_cross_guard,0,1,0,0,
121,fz121,rows,lineitem,0.025,1,mut_drop_acl,0,1,0,0,
121,fz121,rows,lineitem,0.025,1,mut_no_group_guard,0,1,0,0,
122,fz122,rows,products,0.5,5,post_join_filter,1,1,0,0,
122,fz122,rows,products,0.5,5,view_barrier,1,1,0,0,
122,fz122,rows,products,0.5,5,predicate_injection,1,1,0,0,
122,fz122,rows,products,0.5,5,pcqv_forced,1,1,0,0,
122,fz122,rows,products,0.5,5,pcqv,1,1,0,0,
122,fz122,rows,products,0.5,5,oracle_order,1,1,0,0,
122,fz122,rows,products,0.5,5,unsafe_late_aggregate,0,1,0,0,
122,fz122,rows,products,0.5,5,mut_no_mask,0,1,0,0,
122,fz122,rows,products,0.5,5,mut_drop_tenant,0,0,127,103,
122,fz122,rows,products,0.5,5,mut_drop_purpose,0,1,0,0,
122,fz122,rows,products,0.5,5,mut_drop_clearance,0,1,0,0,
122,fz122,rows,products,0.5,5,mut_drop_region,0,1,0,0,
122,fz122,rows,products,0.5,5,mut_drop_cross_guard,0,1,0,0,
122,fz122,rows,products,0.5,5,mut_drop_acl,0,1,0,0,
122,fz122,rows,products,0.5,5,mut_no_group_guard,0,1,0,0,
123,fz123,aggregate,tickets+customers,0.025,5,post_join_filter,1,1,0,0,
123,fz123,aggregate,tickets+customers,0.025,5,view_barrier,1,1,0,0,
123,fz123,aggregate,tickets+customers,0.025,5,predicate_injection,1,1,0,0,
123,fz123,aggregate,tickets+customers,0.025,5,pcqv_forced,1,1,0,0,
123,fz123,aggregate,tickets+customers,0.025,5,pcqv,1,1,0,0,
123,fz123,aggregate,tickets+customers,0.025,5,oracle_order,1,1,0,0,
123,fz123,aggregate,tickets+customers,0.025,5,unsafe_late_aggregate,0,0,6,5,
123,fz123,aggregate,tickets+customers,0.025,5,mut_no_mask,0,1,0,0,
123,fz123,aggregate,tickets+customers,0.025,5,mut_drop_tenant,0,0,6,5,
123,fz123,aggregate,tickets+customers,0.025,5,mut_drop_purpose,0,1,0,0,
123,fz123,aggregate,tickets+customers,0.025,5,mut_drop_clearance,0,1,0,0,
123,fz123,aggregate,tickets+customers,0.025,5,mut_drop_region,0,1,0,0,
123,fz123,aggregate,tickets+customers,0.025,5,mut_drop_cross_guard,0,1,0,0,
123,fz123,aggregate,tickets+customers,0.025,5,mut_drop_acl,0,0,6,5,
123,fz123,aggregate,tickets+customers,0.025,5,mut_no_group_guard,0,1,0,0,
124,fz124,rows,products,0.25,5,post_join_filter,1,1,0,0,
124,fz124,rows,products,0.25,5,view_barrier,1,1,0,0,
124,fz124,rows,products,0.25,5,predicate_injection,1,1,0,0,
124,fz124,rows,products,0.25,5,pcqv_forced,1,1,0,0,
124,fz124,rows,products,0.25,5,pcqv,1,1,0,0,
124,fz124,rows,products,0.25,5,oracle_order,1,1,0,0,
124,fz124,rows,products,0.25,5,unsafe_late_aggregate,0,1,0,0,
124,fz124,rows,products,0.25,5,mut_no_mask,0,1,0,0,
124,fz124,rows,products,0.25,5,mut_drop_tenant,0,0,57,57,
124,fz124,rows,products,0.25,5,mut_drop_purpose,0,1,0,0,
124,fz124,rows,products,0.25,5,mut_drop_clearance,0,0,11,11,
124,fz124,rows,products,0.25,5,mut_drop_region,0,1,0,0,
124,fz124,rows,products,0.25,5,mut_drop_cross_guard,0,1,0,0,
124,fz124,rows,products,0.25,5,mut_drop_acl,0,1,0,0,
124,fz124,rows,products,0.25,5,mut_no_group_guard,0,1,0,0,
125,fz125,rows,tickets+customers,0.1,2,post_join_filter,1,1,0,0,
125,fz125,rows,tickets+customers,0.1,2,view_barrier,1,1,0,0,
125,fz125,rows,tickets+customers,0.1,2,predicate_injection,1,1,0,0,
125,fz125,rows,tickets+customers,0.1,2,pcqv_forced,1,1,0,0,
125,fz125,rows,tickets+customers,0.1,2,pcqv,1,1,0,0,
125,fz125,rows,tickets+customers,0.1,2,oracle_order,1,1,0,0,
125,fz125,rows,tickets+customers,0.1,2,unsafe_late_aggregate,0,1,0,0,
125,fz125,rows,tickets+customers,0.1,2,mut_no_mask,0,0,78,39,
125,fz125,rows,tickets+customers,0.1,2,mut_drop_tenant,0,0,201,181,
125,fz125,rows,tickets+customers,0.1,2,mut_drop_purpose,0,1,0,0,
125,fz125,rows,tickets+customers,0.1,2,mut_drop_clearance,0,0,2,2,
125,fz125,rows,tickets+customers,0.1,2,mut_drop_region,0,0,72,72,
125,fz125,rows,tickets+customers,0.1,2,mut_drop_cross_guard,0,1,0,0,
125,fz125,rows,tickets+customers,0.1,2,mut_drop_acl,0,1,0,0,
125,fz125,rows,tickets+customers,0.1,2,mut_no_group_guard,0,1,0,0,
126,fz126,rows,products+lineitem,0.1,3,post_join_filter,1,1,0,0,
126,fz126,rows,products+lineitem,0.1,3,view_barrier,1,1,0,0,
126,fz126,rows,products+lineitem,0.1,3,predicate_injection,1,1,0,0,
126,fz126,rows,products+lineitem,0.1,3,pcqv_forced,1,1,0,0,
126,fz126,rows,products+lineitem,0.1,3,pcqv,1,1,0,0,
126,fz126,rows,products+lineitem,0.1,3,oracle_order,1,1,0,0,
126,fz126,rows,products+lineitem,0.1,3,unsafe_late_aggregate,0,1,0,0,
126,fz126,rows,products+lineitem,0.1,3,mut_no_mask,0,1,0,0,
126,fz126,rows,products+lineitem,0.1,3,mut_drop_tenant,0,0,400,200,
126,fz126,rows,products+lineitem,0.1,3,mut_drop_purpose,0,1,0,0,
126,fz126,rows,products+lineitem,0.1,3,mut_drop_clearance,0,0,166,83,
126,fz126,rows,products+lineitem,0.1,3,mut_drop_region,0,1,0,0,
126,fz126,rows,products+lineitem,0.1,3,mut_drop_cross_guard,0,1,0,0,
126,fz126,rows,products+lineitem,0.1,3,mut_drop_acl,0,1,0,0,
126,fz126,rows,products+lineitem,0.1,3,mut_no_group_guard,0,1,0,0,
127,fz127,rows,products,0.25,4,post_join_filter,1,1,0,0,
127,fz127,rows,products,0.25,4,view_barrier,1,1,0,0,
127,fz127,rows,products,0.25,4,predicate_injection,1,1,0,0,
127,fz127,rows,products,0.25,4,pcqv_forced,1,1,0,0,
127,fz127,rows,products,0.25,4,pcqv,1,1,0,0,
127,fz127,rows,products,0.25,4,oracle_order,1,1,0,0,
127,fz127,rows,products,0.25,4,unsafe_late_aggregate,0,1,0,0,
127,fz127,rows,products,0.25,4,mut_no_mask,0,1,0,0,
127,fz127,rows,products,0.25,4,mut_drop_tenant,0,0,127,127,
127,fz127,rows,products,0.25,4,mut_drop_purpose,0,1,0,0,
127,fz127,rows,products,0.25,4,mut_drop_clearance,0,0,25,25,
127,fz127,rows,products,0.25,4,mut_drop_region,0,1,0,0,
127,fz127,rows,products,0.25,4,mut_drop_cross_guard,0,1,0,0,
127,fz127,rows,products,0.25,4,mut_drop_acl,0,1,0,0,
127,fz127,rows,products,0.25,4,mut_no_group_guard,0,1,0,0,
128,fz128,rows,lineitem+orders+customers,0.025,5,post_join_filter,1,1,0,0,
128,fz128,rows,lineitem+orders+customers,0.025,5,view_barrier,1,1,0,0,
128,fz128,rows,lineitem+orders+customers,0.025,5,predicate_injection,1,1,0,0,
128,fz128,rows,lineitem+orders+customers,0.025,5,pcqv_forced,1,1,0,0,
128,fz128,rows,lineitem+orders+customers,0.025,5,pcqv,1,1,0,0,
128,fz128,rows,lineitem+orders+customers,0.025,5,oracle_order,1,1,0,0,
128,fz128,rows,lineitem+orders+customers,0.025,5,unsafe_late_aggregate,0,1,0,0,
128,fz128,rows,lineitem+orders+customers,0.025,5,mut_no_mask,0,1,0,0,
128,fz128,rows,lineitem+orders+customers,0.025,5,mut_drop_tenant,0,0,142,142,
128,fz128,rows,lineitem+orders+customers,0.025,5,mut_drop_purpose,0,1,0,0,
128,fz128,rows,lineitem+orders+customers,0.025,5,mut_drop_clearance,0,1,0,0,
128,fz128,rows,lineitem+orders+customers,0.025,5,mut_drop_region,0,1,0,0,
128,fz128,rows,lineitem+orders+customers,0.025,5,mut_drop_cross_guard,0,1,0,0,
128,fz128,rows,lineitem+orders+customers,0.025,5,mut_drop_acl,0,1,0,0,
128,fz128,rows,lineitem+orders+customers,0.025,5,mut_no_group_guard,0,1,0,0,
129,fz129,aggregate,lineitem+products,0.025,5,post_join_filter,1,1,0,0,
129,fz129,aggregate,lineitem+products,0.025,5,view_barrier,1,1,0,0,
129,fz129,aggregate,lineitem+products,0.025,5,predicate_injection,1,1,0,0,
129,fz129,aggregate,lineitem+products,0.025,5,pcqv_forced,1,1,0,0,
129,fz129,aggregate,lineitem+products,0.025,5,pcqv,1,1,0,0,
129,fz129,aggregate,lineitem+products,0.025,5,oracle_order,1,1,0,0,
129,fz129,aggregate,lineitem+products,0.025,5,unsafe_late_aggregate,0,0,4,4,
129,fz129,aggregate,lineitem+products,0.025,5,mut_no_mask,0,1,0,0,
129,fz129,aggregate,lineitem+products,0.025,5,mut_drop_tenant,0,0,4,4,
129,fz129,aggregate,lineitem+products,0.025,5,mut_drop_purpose,0,1,0,0,
129,fz129,aggregate,lineitem+products,0.025,5,mut_drop_clearance,0,0,3,3,
129,fz129,aggregate,lineitem+products,0.025,5,mut_drop_region,0,1,0,0,
129,fz129,aggregate,lineitem+products,0.025,5,mut_drop_cross_guard,0,1,0,0,
129,fz129,aggregate,lineitem+products,0.025,5,mut_drop_acl,0,1,0,0,
129,fz129,aggregate,lineitem+products,0.025,5,mut_no_group_guard,0,1,0,0,
130,fz130,rows,tickets,0.1,6,post_join_filter,1,1,0,0,
130,fz130,rows,tickets,0.1,6,view_barrier,1,1,0,0,
130,fz130,rows,tickets,0.1,6,predicate_injection,1,1,0,0,
130,fz130,rows,tickets,0.1,6,pcqv_forced,1,1,0,0,
130,fz130,rows,tickets,0.1,6,pcqv,1,1,0,0,
130,fz130,rows,tickets,0.1,6,oracle_order,1,1,0,0,
130,fz130,rows,tickets,0.1,6,unsafe_late_aggregate,0,1,0,0,
130,fz130,rows,tickets,0.1,6,mut_no_mask,0,1,0,0,
130,fz130,rows,tickets,0.1,6,mut_drop_tenant,0,0,306,178,
130,fz130,rows,tickets,0.1,6,mut_drop_purpose,0,0,41,41,
130,fz130,rows,tickets,0.1,6,mut_drop_clearance,0,1,0,0,
130,fz130,rows,tickets,0.1,6,mut_drop_region,0,1,0,0,
130,fz130,rows,tickets,0.1,6,mut_drop_cross_guard,0,1,0,0,
130,fz130,rows,tickets,0.1,6,mut_drop_acl,0,1,0,0,
130,fz130,rows,tickets,0.1,6,mut_no_group_guard,0,1,0,0,
131,fz131,aggregate,customers+orders+lineitem,0.5,4,post_join_filter,1,1,0,0,
131,fz131,aggregate,customers+orders+lineitem,0.5,4,view_barrier,1,1,0,0,
131,fz131,aggregate,customers+orders+lineitem,0.5,4,predicate_injection,1,1,0,0,
131,fz131,aggregate,customers+orders+lineitem,0.5,4,pcqv_forced,1,1,0,0,
131,fz131,aggregate,customers+orders+lineitem,0.5,4,pcqv,1,1,0,0,
131,fz131,aggregate,customers+orders+lineitem,0.5,4,oracle_order,1,1,0,0,
131,fz131,aggregate,customers+orders+lineitem,0.5,4,unsafe_late_aggregate,0,0,42,24,
131,fz131,aggregate,customers+orders+lineitem,0.5,4,mut_no_mask,0,1,0,0,
131,fz131,aggregate,customers+orders+lineitem,0.5,4,mut_drop_tenant,0,0,36,18,
131,fz131,aggregate,customers+orders+lineitem,0.5,4,mut_drop_purpose,0,0,36,18,
131,fz131,aggregate,customers+orders+lineitem,0.5,4,mut_drop_clearance,0,0,12,6,
131,fz131,aggregate,customers+orders+lineitem,0.5,4,mut_drop_region,0,1,0,0,
131,fz131,aggregate,customers+orders+lineitem,0.5,4,mut_drop_cross_guard,0,1,0,0,
131,fz131,aggregate,customers+orders+lineitem,0.5,4,mut_drop_acl,0,1,0,0,
131,fz131,aggregate,customers+orders+lineitem,0.5,4,mut_no_group_guard,0,1,0,0,
132,fz132,aggregate,orders+lineitem,0.25,2,post_join_filter,1,1,0,0,
132,fz132,aggregate,orders+lineitem,0.25,2,view_barrier,1,1,0,0,
132,fz132,aggregate,orders+lineitem,0.25,2,predicate_injection,1,1,0,0,
132,fz132,aggregate,orders+lineitem,0.25,2,pcqv_forced,1,1,0,0,
132,fz132,aggregate,orders+lineitem,0.25,2,pcqv,1,1,0,0,
132,fz132,aggregate,orders+lineitem,0.25,2,oracle_order,1,1,0,0,
132,fz132,aggregate,orders+lineitem,0.25,2,unsafe_late_aggregate,0,0,50,40,
132,fz132,aggregate,orders+lineitem,0.25,2,mut_no_mask,0,1,0,0,
132,fz132,aggregate,orders+lineitem,0.25,2,mut_drop_tenant,0,0,30,30,
132,fz132,aggregate,orders+lineitem,0.25,2,mut_drop_purpose,0,1,0,0,
132,fz132,aggregate,orders+lineitem,0.25,2,mut_drop_clearance,0,1,0,0,
132,fz132,aggregate,orders+lineitem,0.25,2,mut_drop_region,0,1,0,0,
132,fz132,aggregate,orders+lineitem,0.25,2,mut_drop_cross_guard,0,1,0,0,
132,fz132,aggregate,orders+lineitem,0.25,2,mut_drop_acl,0,1,0,0,
132,fz132,aggregate,orders+lineitem,0.25,2,mut_no_group_guard,0,1,0,0,
133,fz133,rows,tickets,0.025,3,post_join_filter,1,1,0,0,
133,fz133,rows,tickets,0.025,3,view_barrier,1,1,0,0,
133,fz133,rows,tickets,0.025,3,predicate_injection,1,1,0,0,
133,fz133,rows,tickets,0.025,3,pcqv_forced,1,1,0,0,
133,fz133,rows,tickets,0.025,3,pcqv,1,1,0,0,
133,fz133,rows,tickets,0.025,3,oracle_order,1,1,0,0,
133,fz133,rows,tickets,0.025,3,unsafe_late_aggregate,0,1,0,0,
133,fz133,rows,tickets,0.025,3,mut_no_mask,0,1,0,0,
133,fz133,rows,tickets,0.025,3,mut_drop_tenant,0,0,243,195,
133,fz133,rows,tickets,0.025,3,mut_drop_purpose,0,0,3,3,
133,fz133,rows,tickets,0.025,3,mut_drop_clearance,0,1,0,0,
133,fz133,rows,tickets,0.025,3,mut_drop_region,0,1,0,0,
133,fz133,rows,tickets,0.025,3,mut_drop_cross_guard,0,1,0,0,
133,fz133,rows,tickets,0.025,3,mut_drop_acl,0,1,0,0,
133,fz133,rows,tickets,0.025,3,mut_no_group_guard,0,1,0,0,
134,fz134,rows,lineitem+orders,0.5,6,post_join_filter,1,1,0,0,
134,fz134,rows,lineitem+orders,0.5,6,view_barrier,1,1,0,0,
134,fz134,rows,lineitem+orders,0.5,6,predicate_injection,1,1,0,0,
134,fz134,rows,lineitem+orders,0.5,6,pcqv_forced,1,1,0,0,
134,fz134,rows,lineitem+orders,0.5,6,pcqv,1,1,0,0,
134,fz134,rows,lineitem+orders,0.5,6,oracle_order,1,1,0,0,
134,fz134,rows,lineitem+orders,0.5,6,unsafe_late_aggregate,0,1,0,0,
134,fz134,rows,lineitem+orders,0.5,6,mut_no_mask,0,1,0,0,
134,fz134,rows,lineitem+orders,0.5,6,mut_drop_tenant,0,0,224,112,
134,fz134,rows,lineitem+orders,0.5,6,mut_drop_purpose,0,0,310,155,
134,fz134,rows,lineitem+orders,0.5,6,mut_drop_clearance,0,1,0,0,
134,fz134,rows,lineitem+orders,0.5,6,mut_drop_region,0,1,0,0,
134,fz134,rows,lineitem+orders,0.5,6,mut_drop_cross_guard,0,0,106,53,
134,fz134,rows,lineitem+orders,0.5,6,mut_drop_acl,0,1,0,0,
134,fz134,rows,lineitem+orders,0.5,6,mut_no_group_guard,0,1,0,0,
135,fz135,rows,tickets+customers,0.05,2,post_join_filter,1,1,0,0,
135,fz135,rows,tickets+customers,0.05,2,view_barrier,1,1,0,0,
135,fz135,rows,tickets+customers,0.05,2,predicate_injection,1,1,0,0,
135,fz135,rows,tickets+customers,0.05,2,pcqv_forced,1,1,0,0,
135,fz135,rows,tickets+customers,0.05,2,pcqv,1,1,0,0,
135,fz135,rows,tickets+customers,0.05,2,oracle_order,1,1,0,0,
135,fz135,rows,tickets+customers,0.05,2,unsafe_late_aggregate,0,1,0,0,
135,fz135,rows,tickets+customers,0.05,2,mut_no_mask,0,0,16,8,
135,fz135,rows,tickets+customers,0.05,2,mut_drop_tenant,0,0,196,194,
135,fz135,rows,tickets+customers,0.05,2,mut_drop_purpose,0,1,0,0,
135,fz135,rows,tickets+customers,0.05,2,mut_drop_clearance,0,0,1,1,
135,fz135,rows,tickets+customers,0.05,2,mut_drop_region,0,0,75,75,
135,fz135,rows,tickets+customers,0.05,2,mut_drop_cross_guard,0,1,0,0,
135,fz135,rows,tickets+customers,0.05,2,mut_drop_acl,0,1,0,0,
135,fz135,rows,tickets+customers,0.05,2,mut_no_group_guard,0,1,0,0,
136,fz136,rows,lineitem,0.5,4,post_join_filter,1,1,0,0,
136,fz136,rows,lineitem,0.5,4,view_barrier,1,1,0,0,
136,fz136,rows,lineitem,0.5,4,predicate_injection,1,1,0,0,
136,fz136,rows,lineitem,0.5,4,pcqv_forced,1,1,0,0,
136,fz136,rows,lineitem,0.5,4,pcqv,1,1,0,0,
136,fz136,rows,lineitem,0.5,4,oracle_order,1,1,0,0,
136,fz136,rows,lineitem,0.5,4,unsafe_late_aggregate,0,1,0,0,
136,fz136,rows,lineitem,0.5,4,mut_no_mask,0,1,0,0,
136,fz136,rows,lineitem,0.5,4,mut_drop_tenant,0,0,202,101,
136,fz136,rows,lineitem,0.5,4,mut_drop_purpose,0,1,0,0,
136,fz136,rows,lineitem,0.5,4,mut_drop_clearance,0,1,0,0,
136,fz136,rows,lineitem,0.5,4,mut_drop_region,0,1,0,0,
136,fz136,rows,lineitem,0.5,4,mut_drop_cross_guard,0,0,36,18,
136,fz136,rows,lineitem,0.5,4,mut_drop_acl,0,1,0,0,
136,fz136,rows,lineitem,0.5,4,mut_no_group_guard,0,1,0,0,
137,fz137,rows,products+lineitem,0.05,4,post_join_filter,1,1,0,0,
137,fz137,rows,products+lineitem,0.05,4,view_barrier,1,1,0,0,
137,fz137,rows,products+lineitem,0.05,4,predicate_injection,1,1,0,0,
137,fz137,rows,products+lineitem,0.05,4,pcqv_forced,1,1,0,0,
137,fz137,rows,products+lineitem,0.05,4,pcqv,1,1,0,0,
137,fz137,rows,products+lineitem,0.05,4,oracle_order,1,1,0,0,
137,fz137,rows,products+lineitem,0.05,4,unsafe_late_aggregate,0,1,0,0,
137,fz137,rows,products+lineitem,0.05,4,mut_no_mask,0,1,0,0,
137,fz137,rows,products+lineitem,0.05,4,mut_drop_tenant,0,0,299,200,
137,fz137,rows,products+lineitem,0.05,4,mut_drop_purpose,0,1,0,0,
137,fz137,rows,products+lineitem,0.05,4,mut_drop_clearance,0,0,101,101,
137,fz137,rows,products+lineitem,0.05,4,mut_drop_region,0,1,0,0,
137,fz137,rows,products+lineitem,0.05,4,mut_drop_cross_guard,0,0,14,14,
137,fz137,rows,products+lineitem,0.05,4,mut_drop_acl,0,1,0,0,
137,fz137,rows,products+lineitem,0.05,4,mut_no_group_guard,0,1,0,0,
138,fz138,rows,products,0.1,4,post_join_filter,1,1,0,0,
138,fz138,rows,products,0.1,4,view_barrier,1,1,0,0,
138,fz138,rows,products,0.1,4,predicate_injection,1,1,0,0,
138,fz138,rows,products,0.1,4,pcqv_forced,1,1,0,0,
138,fz138,rows,products,0.1,4,pcqv,1,1,0,0,
138,fz138,rows,products,0.1,4,oracle_order,1,1,0,0,
138,fz138,rows,products,0.1,4,unsafe_late_aggregate,0,1,0,0,
138,fz138,rows,products,0.1,4,mut_no_mask,0,1,0,0,
138,fz138,rows,products,0.1,4,mut_drop_tenant,0,0,148,148,
138,fz138,rows,products,0.1,4,mut_drop_purpose,0,1,0,0,
138,fz138,rows,products,0.1,4,mut_drop_clearance,0,0,10,10,
138,fz138,rows,products,0.1,4,mut_drop_region,0,1,0,0,
138,fz138,rows,products,0.1,4,mut_drop_cross_guard,0,1,0,0,
138,fz138,rows,products,0.1,4,mut_drop_acl,0,1,0,0,
138,fz138,rows,products,0.1,4,mut_no_group_guard,0,1,0,0,
139,fz139,rows,customers+tickets+orders+lineitem,0.025,6,post_join_filter,1,1,0,0,
139,fz139,rows,customers+tickets+orders+lineitem,0.025,6,view_barrier,1,1,0,0,
139,fz139,rows,customers+tickets+orders+lineitem,0.025,6,predicate_injection,1,1,0,0,
139,fz139,rows,customers+tickets+orders+lineitem,0.025,6,pcqv_forced,1,1,0,0,
139,fz139,rows,customers+tickets+orders+lineitem,0.025,6,pcqv,1,1,0,0,
139,fz139,rows,customers+tickets+orders+lineitem,0.025,6,oracle_order,1,1,0,0,
139,fz139,rows,customers+tickets+orders+lineitem,0.025,6,unsafe_late_aggregate,0,1,0,0,
139,fz139,rows,customers+tickets+orders+lineitem,0.025,6,mut_no_mask,0,1,0,0,
139,fz139,rows,customers+tickets+orders+lineitem,0.025,6,mut_drop_tenant,0,0,200,200,
139,fz139,rows,customers+tickets+orders+lineitem,0.025,6,mut_drop_purpose,0,1,0,0,
139,fz139,rows,customers+tickets+orders+lineitem,0.025,6,mut_drop_clearance,0,1,0,0,
139,fz139,rows,customers+tickets+orders+lineitem,0.025,6,mut_drop_region,0,1,0,0,
139,fz139,rows,customers+tickets+orders+lineitem,0.025,6,mut_drop_cross_guard,0,1,0,0,
139,fz139,rows,customers+tickets+orders+lineitem,0.025,6,mut_drop_acl,0,1,0,0,
139,fz139,rows,customers+tickets+orders+lineitem,0.025,6,mut_no_group_guard,0,1,0,0,
140,fz140,aggregate,products+lineitem+orders,0.05,4,post_join_filter,1,1,0,0,
140,fz140,aggregate,products+lineitem+orders,0.05,4,view_barrier,1,1,0,0,
140,fz140,aggregate,products+lineitem+orders,0.05,4,predicate_injection,1,1,0,0,
140,fz140,aggregate,products+lineitem+orders,0.05,4,pcqv_forced,1,1,0,0,
140,fz140,aggregate,products+lineitem+orders,0.05,4,pcqv,1,1,0,0,
140,fz140,aggregate,products+lineitem+orders,0.05,4,oracle_order,1,1,0,0,
140,fz140,aggregate,products+lineitem+orders,0.05,4,unsafe_late_aggregate,0,0,6,6,
140,fz140,aggregate,products+lineitem+orders,0.05,4,mut_no_mask,0,1,0,0,
140,fz140,aggregate,products+lineitem+orders,0.05,4,mut_drop_tenant,0,0,2,2,
140,fz140,aggregate,products+lineitem+orders,0.05,4,mut_drop_purpose,0,1,0,0,
140,fz140,aggregate,products+lineitem+orders,0.05,4,mut_drop_clearance,0,0,2,2,
140,fz140,aggregate,products+lineitem+orders,0.05,4,mut_drop_region,0,1,0,0,
140,fz140,aggregate,products+lineitem+orders,0.05,4,mut_drop_cross_guard,0,0,1,1,
140,fz140,aggregate,products+lineitem+orders,0.05,4,mut_drop_acl,0,1,0,0,
140,fz140,aggregate,products+lineitem+orders,0.05,4,mut_no_group_guard,0,1,0,0,
141,fz141,rows,products,0.025,4,post_join_filter,1,1,0,0,
141,fz141,rows,products,0.025,4,view_barrier,1,1,0,0,
141,fz141,rows,products,0.025,4,predicate_injection,1,1,0,0,
141,fz141,rows,products,0.025,4,pcqv_forced,1,1,0,0,
141,fz141,rows,products,0.025,4,pcqv,1,1,0,0,
141,fz141,rows,products,0.025,4,oracle_order,1,1,0,0,
141,fz141,rows,products,0.025,4,unsafe_late_aggregate,0,1,0,0,
141,fz141,rows,products,0.025,4,mut_no_mask,0,1,0,0,
141,fz141,rows,products,0.025,4,mut_drop_tenant,0,0,45,45,
141,fz141,rows,products,0.025,4,mut_drop_purpose,0,1,0,0,
141,fz141,rows,products,0.025,4,mut_drop_clearance,0,0,4,4,
141,fz141,rows,products,0.025,4,mut_drop_region,0,1,0,0,
141,fz141,rows,products,0.025,4,mut_drop_cross_guard,0,1,0,0,
141,fz141,rows,products,0.025,4,mut_drop_acl,0,1,0,0,
141,fz141,rows,products,0.025,4,mut_no_group_guard,0,1,0,0,
142,fz142,rows,lineitem,0.025,6,post_join_filter,1,1,0,0,
142,fz142,rows,lineitem,0.025,6,view_barrier,1,1,0,0,
142,fz142,rows,lineitem,0.025,6,predicate_injection,1,1,0,0,
142,fz142,rows,lineitem,0.025,6,pcqv_forced,1,1,0,0,
142,fz142,rows,lineitem,0.025,6,pcqv,1,1,0,0,
142,fz142,rows,lineitem,0.025,6,oracle_order,1,1,0,0,
142,fz142,rows,lineitem,0.025,6,unsafe_late_aggregate,0,1,0,0,
142,fz142,rows,lineitem,0.025,6,mut_no_mask,0,1,0,0,
142,fz142,rows,lineitem,0.025,6,mut_drop_tenant,0,0,374,196,
142,fz142,rows,lineitem,0.025,6,mut_drop_purpose,0,1,0,0,
142,fz142,rows,lineitem,0.025,6,mut_drop_clearance,0,1,0,0,
142,fz142,rows,lineitem,0.025,6,mut_drop_region,0,1,0,0,
142,fz142,rows,lineitem,0.025,6,mut_drop_cross_guard,0,0,50,34,
142,fz142,rows,lineitem,0.025,6,mut_drop_acl,0,1,0,0,
142,fz142,rows,lineitem,0.025,6,mut_no_group_guard,0,1,0,0,
143,fz143,rows,lineitem+orders,0.05,6,post_join_filter,1,1,0,0,
143,fz143,rows,lineitem+orders,0.05,6,view_barrier,1,1,0,0,
143,fz143,rows,lineitem+orders,0.05,6,predicate_injection,1,1,0,0,
143,fz143,rows,lineitem+orders,0.05,6,pcqv_forced,1,1,0,0,
143,fz143,rows,lineitem+orders,0.05,6,pcqv,1,1,0,0,
143,fz143,rows,lineitem+orders,0.05,6,oracle_order,1,1,0,0,
143,fz143,rows,lineitem+orders,0.05,6,unsafe_late_aggregate,0,1,0,0,
143,fz143,rows,lineitem+orders,0.05,6,mut_no_mask,0,1,0,0,
143,fz143,rows,lineitem+orders,0.05,6,mut_drop_tenant,0,0,200,195,
143,fz143,rows,lineitem+orders,0.05,6,mut_drop_purpose,0,0,40,40,
143,fz143,rows,lineitem+orders,0.05,6,mut_drop_clearance,0,1,0,0,
143,fz143,rows,lineitem+orders,0.05,6,mut_drop_region,0,1,0,0,
143,fz143,rows,lineitem+orders,0.05,6,mut_drop_cross_guard,0,0,124,124,
143,fz143,rows,lineitem+orders,0.05,6,mut_drop_acl,0,1,0,0,
143,fz143,rows,lineitem+orders,0.05,6,mut_no_group_guard,0,1,0,0,
144,fz144,rows,tickets,0.05,1,post_join_filter,1,1,0,0,
144,fz144,rows,tickets,0.05,1,view_barrier,1,1,0,0,
144,fz144,rows,tickets,0.05,1,predicate_injection,1,1,0,0,
144,fz144,rows,tickets,0.05,1,pcqv_forced,1,1,0,0,
144,fz144,rows,tickets,0.05,1,pcqv,1,1,0,0,
144,fz144,rows,tickets,0.05,1,oracle_order,1,1,0,0,
144,fz144,rows,tickets,0.05,1,unsafe_late_aggregate,0,1,0,0,
144,fz144,rows,tickets,0.05,1,mut_no_mask,0,1,0,0,
144,fz144,rows,tickets,0.05,1,mut_drop_tenant,0,0,282,188,
144,fz144,rows,tickets,0.05,1,mut_drop_purpose,0,1,0,0,
144,fz144,rows,tickets,0.05,1,mut_drop_clearance,0,1,0,0,
144,fz144,rows,tickets,0.05,1,mut_drop_region,0,1,0,0,
144,fz144,rows,tickets,0.05,1,mut_drop_cross_guard,0,1,0,0,
144,fz144,rows,tickets,0.05,1,mut_drop_acl,0,1,0,0,
144,fz144,rows,tickets,0.05,1,mut_no_group_guard,0,1,0,0,
145,fz145,aggregate,products+lineitem+orders,0.25,2,post_join_filter,1,1,0,0,
145,fz145,aggregate,products+lineitem+orders,0.25,2,view_barrier,1,1,0,0,
145,fz145,aggregate,products+lineitem+orders,0.25,2,predicate_injection,1,1,0,0,
145,fz145,aggregate,products+lineitem+orders,0.25,2,pcqv_forced,1,1,0,0,
145,fz145,aggregate,products+lineitem+orders,0.25,2,pcqv,1,1,0,0,
145,fz145,aggregate,products+lineitem+orders,0.25,2,oracle_order,1,1,0,0,
145,fz145,aggregate,products+lineitem+orders,0.25,2,unsafe_late_aggregate,0,0,76,44,
145,fz145,aggregate,products+lineitem+orders,0.25,2,mut_no_mask,0,1,0,0,
145,fz145,aggregate,products+lineitem+orders,0.25,2,mut_drop_tenant,0,0,74,43,
145,fz145,aggregate,products+lineitem+orders,0.25,2,mut_drop_purpose,0,1,0,0,
145,fz145,aggregate,products+lineitem+orders,0.25,2,mut_drop_clearance,0,1,0,0,
145,fz145,aggregate,products+lineitem+orders,0.25,2,mut_drop_region,0,1,0,0,
145,fz145,aggregate,products+lineitem+orders,0.25,2,mut_drop_cross_guard,0,1,0,0,
145,fz145,aggregate,products+lineitem+orders,0.25,2,mut_drop_acl,0,1,0,0,
145,fz145,aggregate,products+lineitem+orders,0.25,2,mut_no_group_guard,0,1,0,0,
146,fz146,rows,lineitem,0.25,2,post_join_filter,1,1,0,0,
146,fz146,rows,lineitem,0.25,2,view_barrier,1,1,0,0,
146,fz146,rows,lineitem,0.25,2,predicate_injection,1,1,0,0,
146,fz146,rows,lineitem,0.25,2,pcqv_forced,1,1,0,0,
146,fz146,rows,lineitem,0.25,2,pcqv,1,1,0,0,
146,fz146,rows,lineitem,0.25,2,oracle_order,1,1,0,0,
146,fz146,rows,lineitem,0.25,2,unsafe_late_aggregate,0,1,0,0,
146,fz146,rows,lineitem,0.25,2,mut_no_mask,0,1,0,0,
146,fz146,rows,lineitem,0.25,2,mut_drop_tenant,0,0,304,152,
146,fz146,rows,lineitem,0.25,2,mut_drop_purpose,0,1,0,0,
146,fz146,rows,lineitem,0.25,2,mut_drop_clearance,0,1,0,0,
146,fz146,rows,lineitem,0.25,2,mut_drop_region,0,1,0,0,
146,fz146,rows,lineitem,0.25,2,mut_drop_cross_guard,0,1,0,0,
146,fz146,rows,lineitem,0.25,2,mut_drop_acl,0,1,0,0,
146,fz146,rows,lineitem,0.25,2,mut_no_group_guard,0,1,0,0,
147,fz147,aggregate,tickets+customers,0.05,1,post_join_filter,1,1,0,0,
147,fz147,aggregate,tickets+customers,0.05,1,view_barrier,1,1,0,0,
147,fz147,aggregate,tickets+customers,0.05,1,predicate_injection,1,1,0,0,
147,fz147,aggregate,tickets+customers,0.05,1,pcqv_forced,1,1,0,0,
147,fz147,aggregate,tickets+customers,0.05,1,pcqv,1,1,0,0,
147,fz147,aggregate,tickets+customers,0.05,1,oracle_order,1,1,0,0,
147,fz147,aggregate,tickets+customers,0.05,1,unsafe_late_aggregate,0,0,48,25,
147,fz147,aggregate,tickets+customers,0.05,1,mut_no_mask,0,1,0,0,
147,fz147,aggregate,tickets+customers,0.05,1,mut_drop_tenant,0,0,48,25,
147,fz147,aggregate,tickets+customers,0.05,1,mut_drop_purpose,0,1,0,0,
147,fz147,aggregate,tickets+customers,0.05,1,mut_drop_clearance,0,1,0,0,
147,fz147,aggregate,tickets+customers,0.05,1,mut_drop_region,0,1,0,0,
147,fz147,aggregate,tickets+customers,0.05,1,mut_drop_cross_guard,0,1,0,0,
147,fz147,aggregate,tickets+customers,0.05,1,mut_drop_acl,0,1,0,0,
147,fz147,aggregate,tickets+customers,0.05,1,mut_no_group_guard,0,1,0,0,
148,fz148,aggregate,tickets+customers,0.25,4,post_join_filter,1,1,0,0,
148,fz148,aggregate,tickets+customers,0.25,4,view_barrier,1,1,0,0,
148,fz148,aggregate,tickets+customers,0.25,4,predicate_injection,1,1,0,0,
148,fz148,aggregate,tickets+customers,0.25,4,pcqv_forced,1,1,0,0,
148,fz148,aggregate,tickets+customers,0.25,4,pcqv,1,1,0,0,
148,fz148,aggregate,tickets+customers,0.25,4,oracle_order,1,1,0,0,
148,fz148,aggregate,tickets+customers,0.25,4,unsafe_late_aggregate,0,0,50,25,
148,fz148,aggregate,tickets+customers,0.25,4,mut_no_mask,0,1,0,0,
148,fz148,aggregate,tickets+customers,0.25,4,mut_drop_tenant,0,0,50,25,
148,fz148,aggregate,tickets+customers,0.25,4,mut_drop_purpose,0,0,36,18,
148,fz148,aggregate,tickets+customers,0.25,4,mut_drop_clearance,0,0,20,10,
148,fz148,aggregate,tickets+customers,0.25,4,mut_drop_region,0,0,48,24,
148,fz148,aggregate,tickets+customers,0.25,4,mut_drop_cross_guard,0,1,0,0,
148,fz148,aggregate,tickets+customers,0.25,4,mut_drop_acl,0,1,0,0,
148,fz148,aggregate,tickets+customers,0.25,4,mut_no_group_guard,0,1,0,0,
149,fz149,aggregate,customers+tickets,0.1,6,post_join_filter,1,1,0,0,
149,fz149,aggregate,customers+tickets,0.1,6,view_barrier,1,1,0,0,
149,fz149,aggregate,customers+tickets,0.1,6,predicate_injection,1,1,0,0,
149,fz149,aggregate,customers+tickets,0.1,6,pcqv_forced,1,1,0,0,
149,fz149,aggregate,customers+tickets,0.1,6,pcqv,1,1,0,0,
149,fz149,aggregate,customers+tickets,0.1,6,oracle_order,1,1,0,0,
149,fz149,aggregate,customers+tickets,0.1,6,unsafe_late_aggregate,0,0,10,5,
149,fz149,aggregate,customers+tickets,0.1,6,mut_no_mask,0,1,0,0,
149,fz149,aggregate,customers+tickets,0.1,6,mut_drop_tenant,0,0,10,5,
149,fz149,aggregate,customers+tickets,0.1,6,mut_drop_purpose,0,0,8,4,
149,fz149,aggregate,customers+tickets,0.1,6,mut_drop_clearance,0,0,6,3,
149,fz149,aggregate,customers+tickets,0.1,6,mut_drop_region,0,1,0,0,
149,fz149,aggregate,customers+tickets,0.1,6,mut_drop_cross_guard,0,1,0,0,
149,fz149,aggregate,customers+tickets,0.1,6,mut_drop_acl,0,0,10,5,
149,fz149,aggregate,customers+tickets,0.1,6,mut_no_group_guard,0,1,0,0,
150,fz150,rows,lineitem,0.05,5,post_join_filter,1,1,0,0,
150,fz150,rows,lineitem,0.05,5,view_barrier,1,1,0,0,
150,fz150,rows,lineitem,0.05,5,predicate_injection,1,1,0,0,
150,fz150,rows,lineitem,0.05,5,pcqv_forced,1,1,0,0,
150,fz150,rows,lineitem,0.05,5,pcqv,1,1,0,0,
150,fz150,rows,lineitem,0.05,5,oracle_order,1,1,0,0,
150,fz150,rows,lineitem,0.05,5,unsafe_late_aggregate,0,1,0,0,
150,fz150,rows,lineitem,0.05,5,mut_no_mask,0,1,0,0,
150,fz150,rows,lineitem,0.05,5,mut_drop_tenant,0,0,382,191,
150,fz150,rows,lineitem,0.05,5,mut_drop_purpose,0,1,0,0,
150,fz150,rows,lineitem,0.05,5,mut_drop_clearance,0,1,0,0,
150,fz150,rows,lineitem,0.05,5,mut_drop_region,0,1,0,0,
150,fz150,rows,lineitem,0.05,5,mut_drop_cross_guard,0,0,38,19,
150,fz150,rows,lineitem,0.05,5,mut_drop_acl,0,1,0,0,
150,fz150,rows,lineitem,0.05,5,mut_no_group_guard,0,1,0,0,
151,fz151,rows,products+lineitem,0.5,2,post_join_filter,1,1,0,0,
151,fz151,rows,products+lineitem,0.5,2,view_barrier,1,1,0,0,
151,fz151,rows,products+lineitem,0.5,2,predicate_injection,1,1,0,0,
151,fz151,rows,products+lineitem,0.5,2,pcqv_forced,1,1,0,0,
151,fz151,rows,products+lineitem,0.5,2,pcqv,1,1,0,0,
151,fz151,rows,products+lineitem,0.5,2,oracle_order,1,1,0,0,
151,fz151,rows,products+lineitem,0.5,2,unsafe_late_aggregate,0,1,0,0,
151,fz151,rows,products+lineitem,0.5,2,mut_no_mask,0,1,0,0,
151,fz151,rows,products+lineitem,0.5,2,mut_drop_tenant,0,0,242,121,
151,fz151,rows,products+lineitem,0.5,2,mut_drop_purpose,0,1,0,0,
151,fz151,rows,products+lineitem,0.5,2,mut_drop_clearance,0,1,0,0,
151,fz151,rows,products+lineitem,0.5,2,mut_drop_region,0,1,0,0,
151,fz151,rows,products+lineitem,0.5,2,mut_drop_cross_guard,0,1,0,0,
151,fz151,rows,products+lineitem,0.5,2,mut_drop_acl,0,1,0,0,
151,fz151,rows,products+lineitem,0.5,2,mut_no_group_guard,0,1,0,0,
152,fz152,aggregate,tickets+customers,0.25,2,post_join_filter,1,1,0,0,
152,fz152,aggregate,tickets+customers,0.25,2,view_barrier,1,1,0,0,
152,fz152,aggregate,tickets+customers,0.25,2,predicate_injection,1,1,0,0,
152,fz152,aggregate,tickets+customers,0.25,2,pcqv_forced,1,1,0,0,
152,fz152,aggregate,tickets+customers,0.25,2,pcqv,1,1,0,0,
152,fz152,aggregate,tickets+customers,0.25,2,oracle_order,1,1,0,0,
152,fz152,aggregate,tickets+customers,0.25,2,unsafe_late_aggregate,0,0,6,3,
152,fz152,aggregate,tickets+customers,0.25,2,mut_no_mask,0,1,0,0,
152,fz152,aggregate,tickets+customers,0.25,2,mut_drop_tenant,0,0,6,3,
152,fz152,aggregate,tickets+customers,0.25,2,mut_drop_purpose,0,1,0,0,
152,fz152,aggregate,tickets+customers,0.25,2,mut_drop_clearance,0,0,4,2,
152,fz152,aggregate,tickets+customers,0.25,2,mut_drop_region,0,0,6,3,
152,fz152,aggregate,tickets+customers,0.25,2,mut_drop_cross_guard,0,1,0,0,
152,fz152,aggregate,tickets+customers,0.25,2,mut_drop_acl,0,1,0,0,
152,fz152,aggregate,tickets+customers,0.25,2,mut_no_group_guard,0,1,0,0,
153,fz153,rows,products+lineitem,0.05,5,post_join_filter,1,1,0,0,
153,fz153,rows,products+lineitem,0.05,5,view_barrier,1,1,0,0,
153,fz153,rows,products+lineitem,0.05,5,predicate_injection,1,1,0,0,
153,fz153,rows,products+lineitem,0.05,5,pcqv_forced,1,1,0,0,
153,fz153,rows,products+lineitem,0.05,5,pcqv,1,1,0,0,
153,fz153,rows,products+lineitem,0.05,5,oracle_order,1,1,0,0,
153,fz153,rows,products+lineitem,0.05,5,unsafe_late_aggregate,0,1,0,0,
153,fz153,rows,products+lineitem,0.05,5,mut_no_mask,0,1,0,0,
153,fz153,rows,products+lineitem,0.05,5,mut_drop_tenant,0,0,324,200,
153,fz153,rows,products+lineitem,0.05,5,mut_drop_purpose,0,1,0,0,
153,fz153,rows,products+lineitem,0.05,5,mut_drop_clearance,0,0,76,76,
153,fz153,rows,products+lineitem,0.05,5,mut_drop_region,0,1,0,0,
153,fz153,rows,products+lineitem,0.05,5,mut_drop_cross_guard,0,0,18,18,
153,fz153,rows,products+lineitem,0.05,5,mut_drop_acl,0,1,0,0,
153,fz153,rows,products+lineitem,0.05,5,mut_no_group_guard,0,1,0,0,
154,fz154,aggregate,customers+tickets+orders,0.5,5,post_join_filter,1,1,0,0,
154,fz154,aggregate,customers+tickets+orders,0.5,5,view_barrier,1,1,0,0,
154,fz154,aggregate,customers+tickets+orders,0.5,5,predicate_injection,1,1,0,0,
154,fz154,aggregate,customers+tickets+orders,0.5,5,pcqv_forced,1,1,0,0,
154,fz154,aggregate,customers+tickets+orders,0.5,5,pcqv,1,1,0,0,
154,fz154,aggregate,customers+tickets+orders,0.5,5,oracle_order,1,1,0,0,
154,fz154,aggregate,customers+tickets+orders,0.5,5,unsafe_late_aggregate,0,0,14,8,
154,fz154,aggregate,customers+tickets+orders,0.5,5,mut_no_mask,0,1,0,0,
154,fz154,aggregate,customers+tickets+orders,0.5,5,mut_drop_tenant,0,0,12,6,
154,fz154,aggregate,customers+tickets+orders,0.5,5,mut_drop_purpose,0,0,12,6,
154,fz154,aggregate,customers+tickets+orders,0.5,5,mut_drop_clearance,0,0,8,4,
154,fz154,aggregate,customers+tickets+orders,0.5,5,mut_drop_region,0,1,0,0,
154,fz154,aggregate,customers+tickets+orders,0.5,5,mut_drop_cross_guard,0,0,1,1,
154,fz154,aggregate,customers+tickets+orders,0.5,5,mut_drop_acl,0,1,0,0,
154,fz154,aggregate,customers+tickets+orders,0.5,5,mut_no_group_guard,0,1,0,0,
155,fz155,rows,lineitem+products,0.05,1,post_join_filter,1,1,0,0,
155,fz155,rows,lineitem+products,0.05,1,view_barrier,1,1,0,0,
155,fz155,rows,lineitem+products,0.05,1,predicate_injection,1,1,0,0,
155,fz155,rows,lineitem+products,0.05,1,pcqv_forced,1,1,0,0,
155,fz155,rows,lineitem+products,0.05,1,pcqv,1,1,0,0,
155,fz155,rows,lineitem+products,0.05,1,oracle_order,1,1,0,0,
155,fz155,rows,lineitem+products,0.05,1,unsafe_late_aggregate,0,1,0,0,
155,fz155,rows,lineitem+products,0.05,1,mut_no_mask,0,1,0,0,
155,fz155,rows,lineitem+products,0.05,1,mut_drop_tenant,0,0,392,196,
155,fz155,rows,lineitem+products,0.05,1,mut_drop_purpose,0,1,0,0,
155,fz155,rows,lineitem+products,0.05,1,mut_drop_clearance,0,1,0,0,
155,fz155,rows,lineitem+products,0.05,1,mut_drop_region,0,1,0,0,
155,fz155,rows,lineitem+products,0.05,1,mut_drop_cross_guard,0,1,0,0,
155,fz155,rows,lineitem+products,0.05,1,mut_drop_acl,0,1,0,0,
155,fz155,rows,lineitem+products,0.05,1,mut_no_group_guard,0,1,0,0,
156,fz156,rows,orders,0.5,1,post_join_filter,1,1,0,0,
156,fz156,rows,orders,0.5,1,view_barrier,1,1,0,0,
156,fz156,rows,orders,0.5,1,predicate_injection,1,1,0,0,
156,fz156,rows,orders,0.5,1,pcqv_forced,1,1,0,0,
156,fz156,rows,orders,0.5,1,pcqv,1,1,0,0,
156,fz156,rows,orders,0.5,1,oracle_order,1,1,0,0,
156,fz156,rows,orders,0.5,1,unsafe_late_aggregate,0,1,0,0,
156,fz156,rows,orders,0.5,1,mut_no_mask,0,1,0,0,
156,fz156,rows,orders,0.5,1,mut_drop_tenant,0,0,184,92,
156,fz156,rows,orders,0.5,1,mut_drop_purpose,0,1,0,0,
156,fz156,rows,orders,0.5,1,mut_drop_clearance,0,1,0,0,
156,fz156,rows,orders,0.5,1,mut_drop_region,0,1,0,0,
156,fz156,rows,orders,0.5,1,mut_drop_cross_guard,0,1,0,0,
156,fz156,rows,orders,0.5,1,mut_drop_acl,0,1,0,0,
156,fz156,rows,orders,0.5,1,mut_no_group_guard,0,1,0,0,
157,fz157,rows,customers,0.05,6,post_join_filter,1,1,0,0,
157,fz157,rows,customers,0.05,6,view_barrier,1,1,0,0,
157,fz157,rows,customers,0.05,6,predicate_injection,1,1,0,0,
157,fz157,rows,customers,0.05,6,pcqv_forced,1,1,0,0,
157,fz157,rows,customers,0.05,6,pcqv,1,1,0,0,
157,fz157,rows,customers,0.05,6,oracle_order,1,1,0,0,
157,fz157,rows,customers,0.05,6,unsafe_late_aggregate,0,1,0,0,
157,fz157,rows,customers,0.05,6,mut_no_mask,0,0,28,14,
157,fz157,rows,customers,0.05,6,mut_drop_tenant,0,0,202,194,
157,fz157,rows,customers,0.05,6,mut_drop_purpose,0,1,0,0,
157,fz157,rows,customers,0.05,6,mut_drop_clearance,0,0,1,1,
157,fz157,rows,customers,0.05,6,mut_drop_region,0,1,0,0,
157,fz157,rows,customers,0.05,6,mut_drop_cross_guard,0,1,0,0,
157,fz157,rows,customers,0.05,6,mut_drop_acl,0,0,49,49,
157,fz157,rows,customers,0.05,6,mut_no_group_guard,0,1,0,0,
158,fz158,rows,lineitem+orders,0.25,5,post_join_filter,1,1,0,0,
158,fz158,rows,lineitem+orders,0.25,5,view_barrier,1,1,0,0,
158,fz158,rows,lineitem+orders,0.25,5,predicate_injection,1,1,0,0,
158,fz158,rows,lineitem+orders,0.25,5,pcqv_forced,1,1,0,0,
158,fz158,rows,lineitem+orders,0.25,5,pcqv,1,1,0,0,
158,fz158,rows,lineitem+orders,0.25,5,oracle_order,1,1,0,0,
158,fz158,rows,lineitem+orders,0.25,5,unsafe_late_aggregate,0,1,0,0,
158,fz158,rows,lineitem+orders,0.25,5,mut_no_mask,0,1,0,0,
158,fz158,rows,lineitem+orders,0.25,5,mut_drop_tenant,0,0,306,153,
158,fz158,rows,lineitem+orders,0.25,5,mut_drop_purpose,0,0,290,145,
158,fz158,rows,lineitem+orders,0.25,5,mut_drop_clearance,0,1,0,0,
158,fz158,rows,lineitem+orders,0.25,5,mut_drop_region,0,1,0,0,
158,fz158,rows,lineitem+orders,0.25,5,mut_drop_cross_guard,0,0,186,93,
158,fz158,rows,lineitem+orders,0.25,5,mut_drop_acl,0,1,0,0,
158,fz158,rows,lineitem+orders,0.25,5,mut_no_group_guard,0,1,0,0,
159,fz159,rows,orders+lineitem,0.1,5,post_join_filter,1,1,0,0,
159,fz159,rows,orders+lineitem,0.1,5,view_barrier,1,1,0,0,
159,fz159,rows,orders+lineitem,0.1,5,predicate_injection,1,1,0,0,
159,fz159,rows,orders+lineitem,0.1,5,pcqv_forced,1,1,0,0,
159,fz159,rows,orders+lineitem,0.1,5,pcqv,1,1,0,0,
159,fz159,rows,orders+lineitem,0.1,5,oracle_order,1,1,0,0,
159,fz159,rows,orders+lineitem,0.1,5,unsafe_late_aggregate,0,1,0,0,
159,fz159,rows,orders+lineitem,0.1,5,mut_no_mask,0,1,0,0,
159,fz159,rows,orders+lineitem,0.1,5,mut_drop_tenant,0,0,212,182,
159,fz159,rows,orders+lineitem,0.1,5,mut_drop_purpose,0,0,125,125,
159,fz159,rows,orders+lineitem,0.1,5,mut_drop_clearance,0,1,0,0,
159,fz159,rows,orders+lineitem,0.1,5,mut_drop_region,0,1,0,0,
159,fz159,rows,orders+lineitem,0.1,5,mut_drop_cross_guard,0,0,75,75,
159,fz159,rows,orders+lineitem,0.1,5,mut_drop_acl,0,1,0,0,
159,fz159,rows,orders+lineitem,0.1,5,mut_no_group_guard,0,1,0,0,
160,fz160,rows,tickets+customers,0.05,4,post_join_filter,1,1,0,0,
160,fz160,rows,tickets+customers,0.05,4,view_barrier,1,1,0,0,
160,fz160,rows,tickets+customers,0.05,4,predicate_injection,1,1,0,0,
160,fz160,rows,tickets+customers,0.05,4,pcqv_forced,1,1,0,0,
160,fz160,rows,tickets+customers,0.05,4,pcqv,1,1,0,0,
160,fz160,rows,tickets+customers,0.05,4,oracle_order,1,1,0,0,
160,fz160,rows,tickets+customers,0.05,4,unsafe_late_aggregate,0,1,0,0,
160,fz160,rows,tickets+customers,0.05,4,mut_no_mask,0,0,10,5,
160,fz160,rows,tickets+customers,0.05,4,mut_drop_tenant,0,0,195,195,
160,fz160,rows,tickets+customers,0.05,4,mut_drop_purpose,0,0,1,1,
160,fz160,rows,tickets+customers,0.05,4,mut_drop_clearance,0,1,0,0,
160,fz160,rows,tickets+customers,0.05,4,mut_drop_region,0,0,47,47,
160,fz160,rows,tickets+customers,0.05,4,mut_drop_cross_guard,0,1,0,0,
160,fz160,rows,tickets+customers,0.05,4,mut_drop_acl,0,1,0,0,
160,fz160,rows,tickets+customers,0.05,4,mut_no_group_guard,0,1,0,0,
161,fz161,rows,products+lineitem,0.25,6,post_join_filter,1,1,0,0,
161,fz161,rows,products+lineitem,0.25,6,view_barrier,1,1,0,0,
161,fz161,rows,products+lineitem,0.25,6,predicate_injection,1,1,0,0,
161,fz161,rows,products+lineitem,0.25,6,pcqv_forced,1,1,0,0,
161,fz161,rows,products+lineitem,0.25,6,pcqv,1,1,0,0,
161,fz161,rows,products+lineitem,0.25,6,oracle_order,1,1,0,0,
161,fz161,rows,products+lineitem,0.25,6,unsafe_late_aggregate,0,1,0,0,
161,fz161,rows,products+lineitem,0.25,6,mut_no_mask,0,1,0,0,
161,fz161,rows,products+lineitem,0.25,6,mut_drop_tenant,0,0,320,160,
161,fz161,rows,products+lineitem,0.25,6,mut_drop_purpose,0,1,0,0,
161,fz161,rows,products+lineitem,0.25,6,mut_drop_clearance,0,0,158,79,
161,fz161,rows,products+lineitem,0.25,6,mut_drop_region,0,1,0,0,
161,fz161,rows,products+lineitem,0.25,6,mut_drop_cross_guard,0,0,56,28,
161,fz161,rows,products+lineitem,0.25,6,mut_drop_acl,0,1,0,0,
161,fz161,rows,products+lineitem,0.25,6,mut_no_group_guard,0,1,0,0,
162,fz162,rows,orders+customers,0.1,1,post_join_filter,1,1,0,0,
162,fz162,rows,orders+customers,0.1,1,view_barrier,1,1,0,0,
162,fz162,rows,orders+customers,0.1,1,predicate_injection,1,1,0,0,
162,fz162,rows,orders+customers,0.1,1,pcqv_forced,1,1,0,0,
162,fz162,rows,orders+customers,0.1,1,pcqv,1,1,0,0,
162,fz162,rows,orders+customers,0.1,1,oracle_order,1,1,0,0,
162,fz162,rows,orders+customers,0.1,1,unsafe_late_aggregate,0,1,0,0,
162,fz162,rows,orders+customers,0.1,1,mut_no_mask,0,0,104,52,
162,fz162,rows,orders+customers,0.1,1,mut_drop_tenant,0,0,315,179,
162,fz162,rows,orders+customers,0.1,1,mut_drop_purpose,0,1,0,0,
162,fz162,rows,orders+customers,0.1,1,mut_drop_clearance,0,1,0,0,
162,fz162,rows,orders+customers,0.1,1,mut_drop_region,0,1,0,0,
162,fz162,rows,orders+customers,0.1,1,mut_drop_cross_guard,0,1,0,0,
162,fz162,rows,orders+customers,0.1,1,mut_drop_acl,0,1,0,0,
162,fz162,rows,orders+customers,0.1,1,mut_no_group_guard,0,1,0,0,
163,fz163,rows,products+lineitem+orders,0.1,2,post_join_filter,1,1,0,0,
163,fz163,rows,products+lineitem+orders,0.1,2,view_barrier,1,1,0,0,
163,fz163,rows,products+lineitem+orders,0.1,2,predicate_injection,1,1,0,0,
163,fz163,rows,products+lineitem+orders,0.1,2,pcqv_forced,1,1,0,0,
163,fz163,rows,products+lineitem+orders,0.1,2,pcqv,1,1,0,0,
163,fz163,rows,products+lineitem+orders,0.1,2,oracle_order,1,1,0,0,
163,fz163,rows,products+lineitem+orders,0.1,2,unsafe_late_aggregate,0,1,0,0,
163,fz163,rows,products+lineitem+orders,0.1,2,mut_no_mask,0,1,0,0,
163,fz163,rows,products+lineitem+orders,0.1,2,mut_drop_tenant,0,0,344,172,
163,fz163,rows,products+lineitem+orders,0.1,2,mut_drop_purpose,0,1,0,0,
163,fz163,rows,products+lineitem+orders,0.1,2,mut_drop_clearance,0,1,0,0,
163,fz163,rows,products+lineitem+orders,0.1,2,mut_drop_region,0,1,0,0,
163,fz163,rows,products+lineitem+orders,0.1,2,mut_drop_cross_guard,0,1,0,0,
163,fz163,rows,products+lineitem+orders,0.1,2,mut_drop_acl,0,1,0,0,
163,fz163,rows,products+lineitem+orders,0.1,2,mut_no_group_guard,0,1,0,0,
164,fz164,rows,tickets,0.5,5,post_join_filter,1,1,0,0,
164,fz164,rows,tickets,0.5,5,view_barrier,1,1,0,0,
164,fz164,rows,tickets,0.5,5,predicate_injection,1,1,0,0,
164,fz164,rows,tickets,0.5,5,pcqv_forced,1,1,0,0,
164,fz164,rows,tickets,0.5,5,pcqv,1,1,0,0,
164,fz164,rows,tickets,0.5,5,oracle_order,1,1,0,0,
164,fz164,rows,tickets,0.5,5,unsafe_late_aggregate,0,1,0,0,
164,fz164,rows,tickets,0.5,5,mut_no_mask,0,1,0,0,
164,fz164,rows,tickets,0.5,5,mut_drop_tenant,0,0,202,101,
164,fz164,rows,tickets,0.5,5,mut_drop_purpose,0,0,112,56,
164,fz164,rows,tickets,0.5,5,mut_drop_clearance,0,1,0,0,
164,fz164,rows,tickets,0.5,5,mut_drop_region,0,1,0,0,
164,fz164,rows,tickets,0.5,5,mut_drop_cross_guard,0,1,0,0,
164,fz164,rows,tickets,0.5,5,mut_drop_acl,0,1,0,0,
164,fz164,rows,tickets,0.5,5,mut_no_group_guard,0,1,0,0,
165,fz165,rows,tickets+customers+orders,0.5,1,post_join_filter,1,1,0,0,
165,fz165,rows,tickets+customers+orders,0.5,1,view_barrier,1,1,0,0,
165,fz165,rows,tickets+customers+orders,0.5,1,predicate_injection,1,1,0,0,
165,fz165,rows,tickets+customers+orders,0.5,1,pcqv_forced,1,1,0,0,
165,fz165,rows,tickets+customers+orders,0.5,1,pcqv,1,1,0,0,
165,fz165,rows,tickets+customers+orders,0.5,1,oracle_order,1,1,0,0,
165,fz165,rows,tickets+customers+orders,0.5,1,unsafe_late_aggregate,0,1,0,0,
165,fz165,rows,tickets+customers+orders,0.5,1,mut_no_mask,0,0,400,200,
165,fz165,rows,tickets+customers+orders,0.5,1,mut_drop_tenant,0,0,212,106,
165,fz165,rows,tickets+customers+orders,0.5,1,mut_drop_purpose,0,1,0,0,
165,fz165,rows,tickets+customers+orders,0.5,1,mut_drop_clearance,0,1,0,0,
165,fz165,rows,tickets+customers+orders,0.5,1,mut_drop_region,0,1,0,0,
165,fz165,rows,tickets+customers+orders,0.5,1,mut_drop_cross_guard,0,1,0,0,
165,fz165,rows,tickets+customers+orders,0.5,1,mut_drop_acl,0,1,0,0,
165,fz165,rows,tickets+customers+orders,0.5,1,mut_no_group_guard,0,1,0,0,
166,fz166,rows,customers+tickets,0.025,1,post_join_filter,1,1,0,0,
166,fz166,rows,customers+tickets,0.025,1,view_barrier,1,1,0,0,
166,fz166,rows,customers+tickets,0.025,1,predicate_injection,1,1,0,0,
166,fz166,rows,customers+tickets,0.025,1,pcqv_forced,1,1,0,0,
166,fz166,rows,customers+tickets,0.025,1,pcqv,1,1,0,0,
166,fz166,rows,customers+tickets,0.025,1,oracle_order,1,1,0,0,
166,fz166,rows,customers+tickets,0.025,1,unsafe_late_aggregate,0,1,0,0,
166,fz166,rows,customers+tickets,0.025,1,mut_no_mask,0,0,44,22,
166,fz166,rows,customers+tickets,0.025,1,mut_drop_tenant,0,0,253,193,
166,fz166,rows,customers+tickets,0.025,1,mut_drop_purpose,0,1,0,0,
166,fz166,rows,customers+tickets,0.025,1,mut_drop_clearance,0,1,0,0,
166,fz166,rows,customers+tickets,0.025,1,mut_drop_region,0,1,0,0,
166,fz166,rows,customers+tickets,0.025,1,mut_drop_cross_guard,0,1,0,0,
166,fz166,rows,customers+tickets,0.025,1,mut_drop_acl,0,1,0,0,
166,fz166,rows,customers+tickets,0.025,1,mut_no_group_guard,0,1,0,0,
167,fz167,aggregate,orders+lineitem,0.25,4,post_join_filter,1,1,0,0,
167,fz167,aggregate,orders+lineitem,0.25,4,view_barrier,1,1,0,0,
167,fz167,aggregate,orders+lineitem,0.25,4,predicate_injection,1,1,0,0,
167,fz167,aggregate,orders+lineitem,0.25,4,pcqv_forced,1,1,0,0,
167,fz167,aggregate,orders+lineitem,0.25,4,pcqv,1,1,0,0,
167,fz167,aggregate,orders+lineitem,0.25,4,oracle_order,1,1,0,0,
167,fz167,aggregate,orders+lineitem,0.25,4,unsafe_late_aggregate,0,0,50,40,
167,fz167,aggregate,orders+lineitem,0.25,4,mut_no_mask,0,1,0,0,
167,fz167,aggregate,orders+lineitem,0.25,4,mut_drop_tenant,0,0,30,30,
167,fz167,aggregate,orders+lineitem,0.25,4,mut_drop_purpose,0,0,20,10,
167,fz167,aggregate,orders+lineitem,0.25,4,mut_drop_clearance,0,1,0,0,
167,fz167,aggregate,orders+lineitem,0.25,4,mut_drop_region,0,1,0,0,
167,fz167,aggregate,orders+lineitem,0.25,4,mut_drop_cross_guard,0,0,20,10,
167,fz167,aggregate,orders+lineitem,0.25,4,mut_drop_acl,0,1,0,0,
167,fz167,aggregate,orders+lineitem,0.25,4,mut_no_group_guard,0,1,0,0,
168,fz168,rows,products+lineitem,0.1,4,post_join_filter,1,1,0,0,
168,fz168,rows,products+lineitem,0.1,4,view_barrier,1,1,0,0,
168,fz168,rows,products+lineitem,0.1,4,predicate_injection,1,1,0,0,
168,fz168,rows,products+lineitem,0.1,4,pcqv_forced,1,1,0,0,
168,fz168,rows,products+lineitem,0.1,4,pcqv,1,1,0,0,
168,fz168,rows,products+lineitem,0.1,4,oracle_order,1,1,0,0,
168,fz168,rows,products+lineitem,0.1,4,unsafe_late_aggregate,0,1,0,0,
168,fz168,rows,products+lineitem,0.1,4,mut_no_mask,0,1,0,0,
168,fz168,rows,products+lineitem,0.1,4,mut_drop_tenant,0,0,400,200,
168,fz168,rows,products+lineitem,0.1,4,mut_drop_purpose,0,1,0,0,
168,fz168,rows,products+lineitem,0.1,4,mut_drop_clearance,0,0,148,74,
168,fz168,rows,products+lineitem,0.1,4,mut_drop_region,0,1,0,0,
168,fz168,rows,products+lineitem,0.1,4,mut_drop_cross_guard,0,0,52,26,
168,fz168,rows,products+lineitem,0.1,4,mut_drop_acl,0,1,0,0,
168,fz168,rows,products+lineitem,0.1,4,mut_no_group_guard,0,1,0,0,
169,fz169,rows,customers+orders+tickets+lineitem,0.1,6,post_join_filter,1,1,0,0,
169,fz169,rows,customers+orders+tickets+lineitem,0.1,6,view_barrier,1,1,0,0,
169,fz169,rows,customers+orders+tickets+lineitem,0.1,6,predicate_injection,1,1,0,0,
169,fz169,rows,customers+orders+tickets+lineitem,0.1,6,pcqv_forced,1,1,0,0,
169,fz169,rows,customers+orders+tickets+lineitem,0.1,6,pcqv,1,1,0,0,
169,fz169,rows,customers+orders+tickets+lineitem,0.1,6,oracle_order,1,1,0,0,
169,fz169,rows,customers+orders+tickets+lineitem,0.1,6,unsafe_late_aggregate,0,1,0,0,
169,fz169,rows,customers+orders+tickets+lineitem,0.1,6,mut_no_mask,0,0,150,75,
169,fz169,rows,customers+orders+tickets+lineitem,0.1,6,mut_drop_tenant,0,0,263,194,
169,fz169,rows,customers+orders+tickets+lineitem,0.1,6,mut_drop_purpose,0,0,201,163,
169,fz169,rows,customers+orders+tickets+lineitem,0.1,6,mut_drop_clearance,0,1,0,0,
169,fz169,rows,customers+orders+tickets+lineitem,0.1,6,mut_drop_region,0,1,0,0,
169,fz169,rows,customers+orders+tickets+lineitem,0.1,6,mut_drop_cross_guard,0,0,4,4,
169,fz169,rows,customers+orders+tickets+lineitem,0.1,6,mut_drop_acl,0,1,0,0,
169,fz169,rows,customers+orders+tickets+lineitem,0.1,6,mut_no_group_guard,0,1,0,0,
170,fz170,rows,products,0.5,4,post_join_filter,1,1,0,0,
170,fz170,rows,products,0.5,4,view_barrier,1,1,0,0,
170,fz170,rows,products,0.5,4,predicate_injection,1,1,0,0,
170,fz170,rows,products,0.5,4,pcqv_forced,1,1,0,0,
170,fz170,rows,products,0.5,4,pcqv,1,1,0,0,
170,fz170,rows,products,0.5,4,oracle_order,1,1,0,0,
170,fz170,rows,products,0.5,4,unsafe_late_aggregate,0,1,0,0,
170,fz170,rows,products,0.5,4,mut_no_mask,0,1,0,0,
170,fz170,rows,products,0.5,4,mut_drop_tenant,0,0,59,59,
170,fz170,rows,products,0.5,4,mut_drop_purpose,0,1,0,0,
170,fz170,rows,products,0.5,4,mut_drop_clearance,0,0,6,6,
170,fz170,rows,products,0.5,4,mut_drop_region,0,1,0,0,
170,fz170,rows,products,0.5,4,mut_drop_cross_guard,0,1,0,0,
170,fz170,rows,products,0.5,4,mut_drop_acl,0,1,0,0,
170,fz170,rows,products,0.5,4,mut_no_group_guard,0,1,0,0,
171,fz171,rows,lineitem+products,0.05,1,post_join_filter,1,1,0,0,
171,fz171,rows,lineitem+products,0.05,1,view_barrier,1,1,0,0,
171,fz171,rows,lineitem+products,0.05,1,predicate_injection,1,1,0,0,
171,fz171,rows,lineitem+products,0.05,1,pcqv_forced,1,1,0,0,
171,fz171,rows,lineitem+products,0.05,1,pcqv,1,1,0,0,
171,fz171,rows,lineitem+products,0.05,1,oracle_order,1,1,0,0,
171,fz171,rows,lineitem+products,0.05,1,unsafe_late_aggregate,0,1,0,0,
171,fz171,rows,lineitem+products,0.05,1,mut_no_mask,0,1,0,0,
171,fz171,rows,lineitem+products,0.05,1,mut_drop_tenant,0,0,380,190,
171,fz171,rows,lineitem+products,0.05,1,mut_drop_purpose,0,1,0,0,
171,fz171,rows,lineitem+products,0.05,1,mut_drop_clearance,0,1,0,0,
171,fz171,rows,lineitem+products,0.05,1,mut_drop_region,0,1,0,0,
171,fz171,rows,lineitem+products,0.05,1,mut_drop_cross_guard,0,1,0,0,
171,fz171,rows,lineitem+products,0.05,1,mut_drop_acl,0,1,0,0,
171,fz171,rows,lineitem+products,0.05,1,mut_no_group_guard,0,1,0,0,
172,fz172,rows,tickets,0.25,6,post_join_filter,1,1,0,0,
172,fz172,rows,tickets,0.25,6,view_barrier,1,1,0,0,
172,fz172,rows,tickets,0.25,6,predicate_injection,1,1,0,0,
172,fz172,rows,tickets,0.25,6,pcqv_forced,1,1,0,0,
172,fz172,rows,tickets,0.25,6,pcqv,1,1,0,0,
172,fz172,rows,tickets,0.25,6,oracle_order,1,1,0,0,
172,fz172,rows,tickets,0.25,6,unsafe_late_aggregate,0,1,0,0,
172,fz172,rows,tickets,0.25,6,mut_no_mask,0,1,0,0,
172,fz172,rows,tickets,0.25,6,mut_drop_tenant,0,0,296,148,
172,fz172,rows,tickets,0.25,6,mut_drop_purpose,0,0,102,51,
172,fz172,rows,tickets,0.25,6,mut_drop_clearance,0,1,0,0,
172,fz172,rows,tickets,0.25,6,mut_drop_region,0,1,0,0,
172,fz172,rows,tickets,0.25,6,mut_drop_cross_guard,0,1,0,0,
172,fz172,rows,tickets,0.25,6,mut_drop_acl,0,1,0,0,
172,fz172,rows,tickets,0.25,6,mut_no_group_guard,0,1,0,0,
173,fz173,aggregate,products+lineitem,0.025,2,post_join_filter,1,1,0,0,
173,fz173,aggregate,products+lineitem,0.025,2,view_barrier,1,1,0,0,
173,fz173,aggregate,products+lineitem,0.025,2,predicate_injection,1,1,0,0,
173,fz173,aggregate,products+lineitem,0.025,2,pcqv_forced,1,1,0,0,
173,fz173,aggregate,products+lineitem,0.025,2,pcqv,1,1,0,0,
173,fz173,aggregate,products+lineitem,0.025,2,oracle_order,1,1,0,0,
173,fz173,aggregate,products+lineitem,0.025,2,unsafe_late_aggregate,0,0,23,20,
173,fz173,aggregate,products+lineitem,0.025,2,mut_no_mask,0,1,0,0,
173,fz173,aggregate,products+lineitem,0.025,2,mut_drop_tenant,0,0,23,20,
173,fz173,aggregate,products+lineitem,0.025,2,mut_drop_purpose,0,1,0,0,
173,fz173,aggregate,products+lineitem,0.025,2,mut_drop_clearance,0,1,0,0,
173,fz173,aggregate,products+lineitem,0.025,2,mut_drop_region,0,1,0,0,
173,fz173,aggregate,products+lineitem,0.025,2,mut_drop_cross_guard,0,1,0,0,
173,fz173,aggregate,products+lineitem,0.025,2,mut_drop_acl,0,1,0,0,
173,fz173,aggregate,products+lineitem,0.025,2,mut_no_group_guard,0,1,0,0,
174,fz174,aggregate,tickets+customers,0.5,4,post_join_filter,1,1,0,0,
174,fz174,aggregate,tickets+customers,0.5,4,view_barrier,1,1,0,0,
174,fz174,aggregate,tickets+customers,0.5,4,predicate_injection,1,1,0,0,
174,fz174,aggregate,tickets+customers,0.5,4,pcqv_forced,1,1,0,0,
174,fz174,aggregate,tickets+customers,0.5,4,pcqv,1,1,0,0,
174,fz174,aggregate,tickets+customers,0.5,4,oracle_order,1,1,0,0,
174,fz174,aggregate,tickets+customers,0.5,4,unsafe_late_aggregate,0,0,50,25,
174,fz174,aggregate,tickets+customers,0.5,4,mut_no_mask,0,1,0,0,
174,fz174,aggregate,tickets+customers,0.5,4,mut_drop_tenant,0,0,50,25,
174,fz174,aggregate,tickets+customers,0.5,4,mut_drop_purpose,0,0,50,25,
174,fz174,aggregate,tickets+customers,0.5,4,mut_drop_clearance,0,0,16,8,
174,fz174,aggregate,tickets+customers,0.5,4,mut_drop_region,0,0,50,25,
174,fz174,aggregate,tickets+customers,0.5,4,mut_drop_cross_guard,0,1,0,0,
174,fz174,aggregate,tickets+customers,0.5,4,mut_drop_acl,0,1,0,0,
174,fz174,aggregate,tickets+customers,0.5,4,mut_no_group_guard,0,1,0,0,
175,fz175,aggregate,customers+orders,0.025,3,post_join_filter,1,1,0,0,
175,fz175,aggregate,customers+orders,0.025,3,view_barrier,1,1,0,0,
175,fz175,aggregate,customers+orders,0.025,3,predicate_injection,1,1,0,0,
175,fz175,aggregate,customers+orders,0.025,3,pcqv_forced,1,1,0,0,
175,fz175,aggregate,customers+orders,0.025,3,pcqv,1,1,0,0,
175,fz175,aggregate,customers+orders,0.025,3,oracle_order,1,1,0,0,
175,fz175,aggregate,customers+orders,0.025,3,unsafe_late_aggregate,0,0,5,5,
175,fz175,aggregate,customers+orders,0.025,3,mut_no_mask,0,1,0,0,
175,fz175,aggregate,customers+orders,0.025,3,mut_drop_tenant,0,0,5,5,
175,fz175,aggregate,customers+orders,0.025,3,mut_drop_purpose,0,1,0,0,
175,fz175,aggregate,customers+orders,0.025,3,mut_drop_clearance,0,1,0,0,
175,fz175,aggregate,customers+orders,0.025,3,mut_drop_region,0,0,4,4,
175,fz175,aggregate,customers+orders,0.025,3,mut_drop_cross_guard,0,1,0,0,
175,fz175,aggregate,customers+orders,0.025,3,mut_drop_acl,0,1,0,0,
175,fz175,aggregate,customers+orders,0.025,3,mut_no_group_guard,0,1,0,0,
176,fz176,aggregate,customers+tickets+orders+lineitem,0.025,4,post_join_filter,1,1,0,0,
176,fz176,aggregate,customers+tickets+orders+lineitem,0.025,4,view_barrier,1,1,0,0,
176,fz176,aggregate,customers+tickets+orders+lineitem,0.025,4,predicate_injection,1,1,0,0,
176,fz176,aggregate,customers+tickets+orders+lineitem,0.025,4,pcqv_forced,1,1,0,0,
176,fz176,aggregate,customers+tickets+orders+lineitem,0.025,4,pcqv,1,1,0,0,
176,fz176,aggregate,customers+tickets+orders+lineitem,0.025,4,oracle_order,1,1,0,0,
176,fz176,aggregate,customers+tickets+orders+lineitem,0.025,4,unsafe_late_aggregate,0,0,5,5,
176,fz176,aggregate,customers+tickets+orders+lineitem,0.025,4,mut_no_mask,0,1,0,0,
176,fz176,aggregate,customers+tickets+orders+lineitem,0.025,4,mut_drop_tenant,0,0,5,5,
176,fz176,aggregate,customers+tickets+orders+lineitem,0.025,4,mut_drop_purpose,0,1,0,0,
176,fz176,aggregate,customers+tickets+orders+lineitem,0.025,4,mut_drop_clearance,0,1,0,0,
176,fz176,aggregate,customers+tickets+orders+lineitem,0.025,4,mut_drop_region,0,1,0,0,
176,fz176,aggregate,customers+tickets+orders+lineitem,0.025,4,mut_drop_cross_guard,0,1,0,0,
176,fz176,aggregate,customers+tickets+orders+lineitem,0.025,4,mut_drop_acl,0,1,0,0,
176,fz176,aggregate,customers+tickets+orders+lineitem,0.025,4,mut_no_group_guard,0,1,0,0,
177,fz177,aggregate,products+lineitem,0.05,6,post_join_filter,1,1,0,0,
177,fz177,aggregate,products+lineitem,0.05,6,view_barrier,1,1,0,0,
177,fz177,aggregate,products+lineitem,0.05,6,predicate_injection,1,1,0,0,
177,fz177,aggregate,products+lineitem,0.05,6,pcqv_forced,1,1,0,0,
177,fz177,aggregate,products+lineitem,0.05,6,pcqv,1,1,0,0,
177,fz177,aggregate,products+lineitem,0.05,6,oracle_order,1,1,0,0,
177,fz177,aggregate,products+lineitem,0.05,6,unsafe_late_aggregate,0,0,46,44,
177,fz177,aggregate,products+lineitem,0.05,6,mut_no_mask,0,1,0,0,
177,fz177,aggregate,products+lineitem,0.05,6,mut_drop_tenant,0,0,19,17,
177,fz177,aggregate,products+lineitem,0.05,6,mut_drop_purpose,0,1,0,0,
177,fz177,aggregate,products+lineitem,0.05,6,mut_drop_clearance,0,0,6,6,
177,fz177,aggregate,products+lineitem,0.05,6,mut_drop_region,0,1,0,0,
177,fz177,aggregate,products+lineitem,0.05,6,mut_drop_cross_guard,0,0,4,2,
177,fz177,aggregate,products+lineitem,0.05,6,mut_drop_acl,0,1,0,0,
177,fz177,aggregate,products+lineitem,0.05,6,mut_no_group_guard,0,1,0,0,
178,fz178,aggregate,customers+tickets+orders,0.5,6,post_join_filter,1,1,0,0,
178,fz178,aggregate,customers+tickets+orders,0.5,6,view_barrier,1,1,0,0,
178,fz178,aggregate,customers+tickets+orders,0.5,6,predicate_injection,1,1,0,0,
178,fz178,aggregate,customers+tickets+orders,0.5,6,pcqv_forced,1,1,0,0,
178,fz178,aggregate,customers+tickets+orders,0.5,6,pcqv,1,1,0,0,
178,fz178,aggregate,customers+tickets+orders,0.5,6,oracle_order,1,1,0,0,
178,fz178,aggregate,customers+tickets+orders,0.5,6,unsafe_late_aggregate,0,0,10,5,
178,fz178,aggregate,customers+tickets+orders,0.5,6,mut_no_mask,0,1,0,0,
178,fz178,aggregate,customers+tickets+orders,0.5,6,mut_drop_tenant,0,0,10,5,
178,fz178,aggregate,customers+tickets+orders,0.5,6,mut_drop_purpose,0,0,10,5,
178,fz178,aggregate,customers+tickets+orders,0.5,6,mut_drop_clearance,0,0,10,5,
178,fz178,aggregate,customers+tickets+orders,0.5,6,mut_drop_region,0,1,0,0,
178,fz178,aggregate,customers+tickets+orders,0.5,6,mut_drop_cross_guard,0,0,4,2,
178,fz178,aggregate,customers+tickets+orders,0.5,6,mut_drop_acl,0,1,0,0,
178,fz178,aggregate,customers+tickets+orders,0.5,6,mut_no_group_guard,0,1,0,0,
179,fz179,aggregate,tickets+customers,0.05,5,post_join_filter,1,1,0,0,
179,fz179,aggregate,tickets+customers,0.05,5,view_barrier,1,1,0,0,
179,fz179,aggregate,tickets+customers,0.05,5,predicate_injection,1,1,0,0,
179,fz179,aggregate,tickets+customers,0.05,5,pcqv_forced,1,1,0,0,
179,fz179,aggregate,tickets+customers,0.05,5,pcqv,1,1,0,0,
179,fz179,aggregate,tickets+customers,0.05,5,oracle_order,1,1,0,0,
179,fz179,aggregate,tickets+customers,0.05,5,unsafe_late_aggregate,0,0,11,8,
179,fz179,aggregate,tickets+customers,0.05,5,mut_no_mask,0,1,0,0,
179,fz179,aggregate,tickets+customers,0.05,5,mut_drop_tenant,0,0,11,8,
179,fz179,aggregate,tickets+customers,0.05,5,mut_drop_purpose,0,0,3,2,
179,fz179,aggregate,tickets+customers,0.05,5,mut_drop_clearance,0,1,0,0,
179,fz179,aggregate,tickets+customers,0.05,5,mut_drop_region,0,1,0,0,
179,fz179,aggregate,tickets+customers,0.05,5,mut_drop_cross_guard,0,1,0,0,
179,fz179,aggregate,tickets+customers,0.05,5,mut_drop_acl,0,0,8,6,
179,fz179,aggregate,tickets+customers,0.05,5,mut_no_group_guard,0,1,0,0,
180,fz180,rows,customers+orders,0.5,2,post_join_filter,1,1,0,0,
180,fz180,rows,customers+orders,0.5,2,view_barrier,1,1,0,0,
180,fz180,rows,customers+orders,0.5,2,predicate_injection,1,1,0,0,
180,fz180,rows,customers+orders,0.5,2,pcqv_forced,1,1,0,0,
180,fz180,rows,customers+orders,0.5,2,pcqv,1,1,0,0,
180,fz180,rows,customers+orders,0.5,2,oracle_order,1,1,0,0,
180,fz180,rows,customers+orders,0.5,2,unsafe_late_aggregate,0,1,0,0,
180,fz180,rows,customers+orders,0.5,2,mut_no_mask,0,0,110,55,
180,fz180,rows,customers+orders,0.5,2,mut_drop_tenant,0,0,190,95,
180,fz180,rows,customers+orders,0.5,2,mut_drop_purpose,0,1,0,0,
180,fz180,rows,customers+orders,0.5,2,mut_drop_clearance,0,0,18,9,
180,fz180,rows,customers+orders,0.5,2,mut_drop_region,0,0,82,41,
180,fz180,rows,customers+orders,0.5,2,mut_drop_cross_guard,0,1,0,0,
180,fz180,rows,customers+orders,0.5,2,mut_drop_acl,0,1,0,0,
180,fz180,rows,customers+orders,0.5,2,mut_no_group_guard,0,1,0,0,
181,fz181,rows,tickets+customers,0.5,4,post_join_filter,1,1,0,0,
181,fz181,rows,tickets+customers,0.5,4,view_barrier,1,1,0,0,
181,fz181,rows,tickets+customers,0.5,4,predicate_injection,1,1,0,0,
181,fz181,rows,tickets+customers,0.5,4,pcqv_forced,1,1,0,0,
181,fz181,rows,tickets+customers,0.5,4,pcqv,1,1,0,0,
181,fz181,rows,tickets+customers,0.5,4,oracle_order,1,1,0,0,
181,fz181,rows,tickets+customers,0.5,4,unsafe_late_aggregate,0,1,0,0,
181,fz181,rows,tickets+customers,0.5,4,mut_no_mask,0,0,400,200,
181,fz181,rows,tickets+customers,0.5,4,mut_drop_tenant,0,0,194,97,
181,fz181,rows,tickets+customers,0.5,4,mut_drop_purpose,0,0,108,54,
181,fz181,rows,tickets+customers,0.5,4,mut_drop_clearance,0,0,2,1,
181,fz181,rows,tickets+customers,0.5,4,mut_drop_region,0,0,88,44,
181,fz181,rows,tickets+customers,0.5,4,mut_drop_cross_guard,0,1,0,0,
181,fz181,rows,tickets+customers,0.5,4,mut_drop_acl,0,1,0,0,
181,fz181,rows,tickets+customers,0.5,4,mut_no_group_guard,0,1,0,0,
182,fz182,rows,customers+orders+tickets,0.05,2,post_join_filter,1,1,0,0,
182,fz182,rows,customers+orders+tickets,0.05,2,view_barrier,1,1,0,0,
182,fz182,rows,customers+orders+tickets,0.05,2,predicate_injection,1,1,0,0,
182,fz182,rows,customers+orders+tickets,0.05,2,pcqv_forced,1,1,0,0,
182,fz182,rows,customers+orders+tickets,0.05,2,pcqv,1,1,0,0,
182,fz182,rows,customers+orders+tickets,0.05,2,oracle_order,1,1,0,0,
182,fz182,rows,customers+orders+tickets,0.05,2,unsafe_late_aggregate,0,1,0,0,
182,fz182,rows,customers+orders+tickets,0.05,2,mut_no_mask,0,1,0,0,
182,fz182,rows,customers+orders+tickets,0.05,2,mut_drop_tenant,0,0,206,197,
182,fz182,rows,customers+orders+tickets,0.05,2,mut_drop_purpose,0,1,0,0,
182,fz182,rows,customers+orders+tickets,0.05,2,mut_drop_clearance,0,0,4,4,
182,fz182,rows,customers+orders+tickets,0.05,2,mut_drop_region,0,0,113,113,
182,fz182,rows,customers+orders+tickets,0.05,2,mut_drop_cross_guard,0,1,0,0,
182,fz182,rows,customers+orders+tickets,0.05,2,mut_drop_acl,0,1,0,0,
182,fz182,rows,customers+orders+tickets,0.05,2,mut_no_group_guard,0,1,0,0,
183,fz183,rows,lineitem+orders+products,0.5,2,post_join_filter,1,1,0,0,
183,fz183,rows,lineitem+orders+products,0.5,2,view_barrier,1,1,0,0,
183,fz183,rows,lineitem+orders+products,0.5,2,predicate_injection,1,1,0,0,
183,fz183,rows,lineitem+orders+products,0.5,2,pcqv_forced,1,1,0,0,
183,fz183,rows,lineitem+orders+products,0.5,2,pcqv,1,1,0,0,
183,fz183,rows,lineitem+orders+products,0.5,2,oracle_order,1,1,0,0,
183,fz183,rows,lineitem+orders+products,0.5,2,unsafe_late_aggregate,0,1,0,0,
183,fz183,rows,lineitem+orders+products,0.5,2,mut_no_mask,0,1,0,0,
183,fz183,rows,lineitem+orders+products,0.5,2,mut_drop_tenant,0,0,188,94,
183,fz183,rows,lineitem+orders+products,0.5,2,mut_drop_purpose,0,1,0,0,
183,fz183,rows,lineitem+orders+products,0.5,2,mut_drop_clearance,0,1,0,0,
183,fz183,rows,lineitem+orders+products,0.5,2,mut_drop_region,0,1,0,0,
183,fz183,rows,lineitem+orders+products,0.5,2,mut_drop_cross_guard,0,1,0,0,
183,fz183,rows,lineitem+orders+products,0.5,2,mut_drop_acl,0,1,0,0,
183,fz183,rows,lineitem+orders+products,0.5,2,mut_no_group_guard,0,1,0,0,
184,fz184,rows,products+lineitem+orders,0.5,2,post_join_filter,1,1,0,0,
184,fz184,rows,products+lineitem+orders,0.5,2,view_barrier,1,1,0,0,
184,fz184,rows,products+lineitem+orders,0.5,2,predicate_injection,1,1,0,0,
184,fz184,rows,products+lineitem+orders,0.5,2,pcqv_forced,1,1,0,0,
184,fz184,rows,products+lineitem+orders,0.5,2,pcqv,1,1,0,0,
184,fz184,rows,products+lineitem+orders,0.5,2,oracle_order,1,1,0,0,
184,fz184,rows,products+lineitem+orders,0.5,2,unsafe_late_aggregate,0,1,0,0,
184,fz184,rows,products+lineitem+orders,0.5,2,mut_no_mask,0,1,0,0,
184,fz184,rows,products+lineitem+orders,0.5,2,mut_drop_tenant,0,0,188,94,
184,fz184,rows,products+lineitem+orders,0.5,2,mut_drop_purpose,0,1,0,0,
184,fz184,rows,products+lineitem+orders,0.5,2,mut_drop_clearance,0,1,0,0,
184,fz184,rows,products+lineitem+orders,0.5,2,mut_drop_region,0,1,0,0,
184,fz184,rows,products+lineitem+orders,0.5,2,mut_drop_cross_guard,0,1,0,0,
184,fz184,rows,products+lineitem+orders,0.5,2,mut_drop_acl,0,1,0,0,
184,fz184,rows,products+lineitem+orders,0.5,2,mut_no_group_guard,0,1,0,0,
185,fz185,rows,tickets,0.5,4,post_join_filter,1,1,0,0,
185,fz185,rows,tickets,0.5,4,view_barrier,1,1,0,0,
185,fz185,rows,tickets,0.5,4,predicate_injection,1,1,0,0,
185,fz185,rows,tickets,0.5,4,pcqv_forced,1,1,0,0,
185,fz185,rows,tickets,0.5,4,pcqv,1,1,0,0,
185,fz185,rows,tickets,0.5,4,oracle_order,1,1,0,0,
185,fz185,rows,tickets,0.5,4,unsafe_late_aggregate,0,1,0,0,
185,fz185,rows,tickets,0.5,4,mut_no_mask,0,1,0,0,
185,fz185,rows,tickets,0.5,4,mut_drop_tenant,0,0,212,106,
185,fz185,rows,tickets,0.5,4,mut_drop_purpose,0,0,70,35,
185,fz185,rows,tickets,0.5,4,mut_drop_clearance,0,1,0,0,
185,fz185,rows,tickets,0.5,4,mut_drop_region,0,1,0,0,
185,fz185,rows,tickets,0.5,4,mut_drop_cross_guard,0,1,0,0,
185,fz185,rows,tickets,0.5,4,mut_drop_acl,0,1,0,0,
185,fz185,rows,tickets,0.5,4,mut_no_group_guard,0,1,0,0,
186,fz186,aggregate,products+lineitem,0.05,5,post_join_filter,1,1,0,0,
186,fz186,aggregate,products+lineitem,0.05,5,view_barrier,1,1,0,0,
186,fz186,aggregate,products+lineitem,0.05,5,predicate_injection,1,1,0,0,
186,fz186,aggregate,products+lineitem,0.05,5,pcqv_forced,1,1,0,0,
186,fz186,aggregate,products+lineitem,0.05,5,pcqv,1,1,0,0,
186,fz186,aggregate,products+lineitem,0.05,5,oracle_order,1,1,0,0,
186,fz186,aggregate,products+lineitem,0.05,5,unsafe_late_aggregate,0,0,23,22,
186,fz186,aggregate,products+lineitem,0.05,5,mut_no_mask,0,1,0,0,
186,fz186,aggregate,products+lineitem,0.05,5,mut_drop_tenant,0,0,9,8,
186,fz186,aggregate,products+lineitem,0.05,5,mut_drop_purpose,0,1,0,0,
186,fz186,aggregate,products+lineitem,0.05,5,mut_drop_clearance,0,0,4,4,
186,fz186,aggregate,products+lineitem,0.05,5,mut_drop_region,0,1,0,0,
186,fz186,aggregate,products+lineitem,0.05,5,mut_drop_cross_guard,0,0,2,1,
186,fz186,aggregate,products+lineitem,0.05,5,mut_drop_acl,0,1,0,0,
186,fz186,aggregate,products+lineitem,0.05,5,mut_no_group_guard,0,1,0,0,
187,fz187,aggregate,products+lineitem,0.5,1,post_join_filter,1,1,0,0,
187,fz187,aggregate,products+lineitem,0.5,1,view_barrier,1,1,0,0,
187,fz187,aggregate,products+lineitem,0.5,1,predicate_injection,1,1,0,0,
187,fz187,aggregate,products+lineitem,0.5,1,pcqv_forced,1,1,0,0,
187,fz187,aggregate,products+lineitem,0.5,1,pcqv,1,1,0,0,
187,fz187,aggregate,products+lineitem,0.5,1,oracle_order,1,1,0,0,
187,fz187,aggregate,products+lineitem,0.5,1,unsafe_late_aggregate,0,0,88,46,
187,fz187,aggregate,products+lineitem,0.5,1,mut_no_mask,0,1,0,0,
187,fz187,aggregate,products+lineitem,0.5,1,mut_drop_tenant,0,0,88,46,
187,fz187,aggregate,products+lineitem,0.5,1,mut_drop_purpose,0,1,0,0,
187,fz187,aggregate,products+lineitem,0.5,1,mut_drop_clearance,0,1,0,0,
187,fz187,aggregate,products+lineitem,0.5,1,mut_drop_region,0,1,0,0,
187,fz187,aggregate,products+lineitem,0.5,1,mut_drop_cross_guard,0,1,0,0,
187,fz187,aggregate,products+lineitem,0.5,1,mut_drop_acl,0,1,0,0,
187,fz187,aggregate,products+lineitem,0.5,1,mut_no_group_guard,0,1,0,0,
188,fz188,aggregate,orders+lineitem+customers,0.5,2,post_join_filter,1,1,0,0,
188,fz188,aggregate,orders+lineitem+customers,0.5,2,view_barrier,1,1,0,0,
188,fz188,aggregate,orders+lineitem+customers,0.5,2,predicate_injection,1,1,0,0,
188,fz188,aggregate,orders+lineitem+customers,0.5,2,pcqv_forced,1,1,0,0,
188,fz188,aggregate,orders+lineitem+customers,0.5,2,pcqv,1,1,0,0,
188,fz188,aggregate,orders+lineitem+customers,0.5,2,oracle_order,1,1,0,0,
188,fz188,aggregate,orders+lineitem+customers,0.5,2,unsafe_late_aggregate,0,0,70,40,
188,fz188,aggregate,orders+lineitem+customers,0.5,2,mut_no_mask,0,1,0,0,
188,fz188,aggregate,orders+lineitem+customers,0.5,2,mut_drop_tenant,0,0,60,30,
188,fz188,aggregate,orders+lineitem+customers,0.5,2,mut_drop_purpose,0,1,0,0,
188,fz188,aggregate,orders+lineitem+customers,0.5,2,mut_drop_clearance,0,0,12,6,
188,fz188,aggregate,orders+lineitem+customers,0.5,2,mut_drop_region,0,0,10,10,
188,fz188,aggregate,orders+lineitem+customers,0.5,2,mut_drop_cross_guard,0,1,0,0,
188,fz188,aggregate,orders+lineitem+customers,0.5,2,mut_drop_acl,0,1,0,0,
188,fz188,aggregate,orders+lineitem+customers,0.5,2,mut_no_group_guard,0,1,0,0,
189,fz189,rows,tickets+customers+orders,0.05,3,post_join_filter,1,1,0,0,
189,fz189,rows,tickets+customers+orders,0.05,3,view_barrier,1,1,0,0,
189,fz189,rows,tickets+customers+orders,0.05,3,predicate_injection,1,1,0,0,
189,fz189,rows,tickets+customers+orders,0.05,3,pcqv_forced,1,1,0,0,
189,fz189,rows,tickets+customers+orders,0.05,3,pcqv,1,1,0,0,
189,fz189,rows,tickets+customers+orders,0.05,3,oracle_order,1,1,0,0,
189,fz189,rows,tickets+customers+orders,0.05,3,unsafe_late_aggregate,0,1,0,0,
189,fz189,rows,tickets+customers+orders,0.05,3,mut_no_mask,0,0,4,2,
189,fz189,rows,tickets+customers+orders,0.05,3,mut_drop_tenant,0,0,186,186,
189,fz189,rows,tickets+customers+orders,0.05,3,mut_drop_purpose,0,0,17,17,
189,fz189,rows,tickets+customers+orders,0.05,3,mut_drop_clearance,0,1,0,0,
189,fz189,rows,tickets+customers+orders,0.05,3,mut_drop_region,0,0,36,36,
189,fz189,rows,tickets+customers+orders,0.05,3,mut_drop_cross_guard,0,1,0,0,
189,fz189,rows,tickets+customers+orders,0.05,3,mut_drop_acl,0,1,0,0,
189,fz189,rows,tickets+customers+orders,0.05,3,mut_no_group_guard,0,1,0,0,
190,fz190,aggregate,orders+customers+lineitem+tickets,0.5,4,post_join_filter,1,1,0,0,
190,fz190,aggregate,orders+customers+lineitem+tickets,0.5,4,view_barrier,1,1,0,0,
190,fz190,aggregate,orders+customers+lineitem+tickets,0.5,4,predicate_injection,1,1,0,0,
190,fz190,aggregate,orders+customers+lineitem+tickets,0.5,4,pcqv_forced,1,1,0,0,
190,fz190,aggregate,orders+customers+lineitem+tickets,0.5,4,pcqv,1,1,0,0,
190,fz190,aggregate,orders+customers+lineitem+tickets,0.5,4,oracle_order,1,1,0,0,
190,fz190,aggregate,orders+customers+lineitem+tickets,0.5,4,unsafe_late_aggregate,0,0,10,5,
190,fz190,aggregate,orders+customers+lineitem+tickets,0.5,4,mut_no_mask,0,1,0,0,
190,fz190,aggregate,orders+customers+lineitem+tickets,0.5,4,mut_drop_tenant,0,0,10,5,
190,fz190,aggregate,orders+customers+lineitem+tickets,0.5,4,mut_drop_purpose,0,0,10,5,
190,fz190,aggregate,orders+customers+lineitem+tickets,0.5,4,mut_drop_clearance,0,0,6,3,
190,fz190,aggregate,orders+customers+lineitem+tickets,0.5,4,mut_drop_region,0,1,0,0,
190,fz190,aggregate,orders+customers+lineitem+tickets,0.5,4,mut_drop_cross_guard,0,1,0,0,
190,fz190,aggregate,orders+customers+lineitem+tickets,0.5,4,mut_drop_acl,0,1,0,0,
190,fz190,aggregate,orders+customers+lineitem+tickets,0.5,4,mut_no_group_guard,0,1,0,0,
191,fz191,rows,tickets,0.025,1,post_join_filter,1,1,0,0,
191,fz191,rows,tickets,0.025,1,view_barrier,1,1,0,0,
191,fz191,rows,tickets,0.025,1,predicate_injection,1,1,0,0,
191,fz191,rows,tickets,0.025,1,pcqv_forced,1,1,0,0,
191,fz191,rows,tickets,0.025,1,pcqv,1,1,0,0,
191,fz191,rows,tickets,0.025,1,oracle_order,1,1,0,0,
191,fz191,rows,tickets,0.025,1,unsafe_late_aggregate,0,1,0,0,
191,fz191,rows,tickets,0.025,1,mut_no_mask,0,1,0,0,
191,fz191,rows,tickets,0.025,1,mut_drop_tenant,0,0,259,195,
191,fz191,rows,tickets,0.025,1,mut_drop_purpose,0,1,0,0,
191,fz191,rows,tickets,0.025,1,mut_drop_clearance,0,1,0,0,
191,fz191,rows,tickets,0.025,1,mut_drop_region,0,1,0,0,
191,fz191,rows,tickets,0.025,1,mut_drop_cross_guard,0,1,0,0,
191,fz191,rows,tickets,0.025,1,mut_drop_acl,0,1,0,0,
191,fz191,rows,tickets,0.025,1,mut_no_group_guard,0,1,0,0,
192,fz192,aggregate,tickets+customers+orders,0.05,4,post_join_filter,1,1,0,0,
192,fz192,aggregate,tickets+customers+orders,0.05,4,view_barrier,1,1,0,0,
192,fz192,aggregate,tickets+customers+orders,0.05,4,predicate_injection,1,1,0,0,
192,fz192,aggregate,tickets+customers+orders,0.05,4,pcqv_forced,1,1,0,0,
192,fz192,aggregate,tickets+customers+orders,0.05,4,pcqv,1,1,0,0,
192,fz192,aggregate,tickets+customers+orders,0.05,4,oracle_order,1,1,0,0,
192,fz192,aggregate,tickets+customers+orders,0.05,4,unsafe_late_aggregate,0,0,41,40,
192,fz192,aggregate,tickets+customers+orders,0.05,4,mut_no_mask,0,1,0,0,
192,fz192,aggregate,tickets+customers+orders,0.05,4,mut_drop_tenant,0,0,11,10,
192,fz192,aggregate,tickets+customers+orders,0.05,4,mut_drop_purpose,0,0,5,4,
192,fz192,aggregate,tickets+customers+orders,0.05,4,mut_drop_clearance,0,1,0,0,
192,fz192,aggregate,tickets+customers+orders,0.05,4,mut_drop_region,0,1,0,0,
192,fz192,aggregate,tickets+customers+orders,0.05,4,mut_drop_cross_guard,0,1,0,0,
192,fz192,aggregate,tickets+customers+orders,0.05,4,mut_drop_acl,0,1,0,0,
192,fz192,aggregate,tickets+customers+orders,0.05,4,mut_no_group_guard,0,1,0,0,
193,fz193,rows,lineitem+orders+customers+products,0.25,2,post_join_filter,1,1,0,0,
193,fz193,rows,lineitem+orders+customers+products,0.25,2,view_barrier,1,1,0,0,
193,fz193,rows,lineitem+orders+customers+products,0.25,2,predicate_injection,1,1,0,0,
193,fz193,rows,lineitem+orders+customers+products,0.25,2,pcqv_forced,1,1,0,0,
193,fz193,rows,lineitem+orders+customers+products,0.25,2,pcqv,1,1,0,0,
193,fz193,rows,lineitem+orders+customers+products,0.25,2,oracle_order,1,1,0,0,
193,fz193,rows,lineitem+orders+customers+products,0.25,2,unsafe_late_aggregate,0,1,0,0,
193,fz193,rows,lineitem+orders+customers+products,0.25,2,mut_no_mask,0,0,140,70,
193,fz193,rows,lineitem+orders+customers+products,0.25,2,mut_drop_tenant,0,0,312,156,
193,fz193,rows,lineitem+orders+customers+products,0.25,2,mut_drop_purpose,0,1,0,0,
193,fz193,rows,lineitem+orders+customers+products,0.25,2,mut_drop_clearance,0,0,34,17,
193,fz193,rows,lineitem+orders+customers+products,0.25,2,mut_drop_region,0,0,186,93,
193,fz193,rows,lineitem+orders+customers+products,0.25,2,mut_drop_cross_guard,0,1,0,0,
193,fz193,rows,lineitem+orders+customers+products,0.25,2,mut_drop_acl,0,1,0,0,
193,fz193,rows,lineitem+orders+customers+products,0.25,2,mut_no_group_guard,0,1,0,0,
194,fz194,aggregate,orders+customers,0.05,4,post_join_filter,1,1,0,0,
194,fz194,aggregate,orders+customers,0.05,4,view_barrier,1,1,0,0,
194,fz194,aggregate,orders+customers,0.05,4,predicate_injection,1,1,0,0,
194,fz194,aggregate,orders+customers,0.05,4,pcqv_forced,1,1,0,0,
194,fz194,aggregate,orders+customers,0.05,4,pcqv,1,1,0,0,
194,fz194,aggregate,orders+customers,0.05,4,oracle_order,1,1,0,0,
194,fz194,aggregate,orders+customers,0.05,4,unsafe_late_aggregate,0,0,4,3,
194,fz194,aggregate,orders+customers,0.05,4,mut_no_mask,0,1,0,0,
194,fz194,aggregate,orders+customers,0.05,4,mut_drop_tenant,0,0,3,2,
194,fz194,aggregate,orders+customers,0.05,4,mut_drop_purpose,0,0,2,1,
194,fz194,aggregate,orders+customers,0.05,4,mut_drop_clearance,0,0,2,1,
194,fz194,aggregate,orders+customers,0.05,4,mut_drop_region,0,1,0,0,
194,fz194,aggregate,orders+customers,0.05,4,mut_drop_cross_guard,0,1,0,0,
194,fz194,aggregate,orders+customers,0.05,4,mut_drop_acl,0,1,0,0,
194,fz194,aggregate,orders+customers,0.05,4,mut_no_group_guard,0,1,0,0,
195,fz195,rows,customers,0.1,2,post_join_filter,1,1,0,0,
195,fz195,rows,customers,0.1,2,view_barrier,1,1,0,0,
195,fz195,rows,customers,0.1,2,predicate_injection,1,1,0,0,
195,fz195,rows,customers,0.1,2,pcqv_forced,1,1,0,0,
195,fz195,rows,customers,0.1,2,pcqv,1,1,0,0,
195,fz195,rows,customers,0.1,2,oracle_order,1,1,0,0,
195,fz195,rows,customers,0.1,2,unsafe_late_aggregate,0,1,0,0,
195,fz195,rows,customers,0.1,2,mut_no_mask,0,0,46,23,
195,fz195,rows,customers,0.1,2,mut_drop_tenant,0,0,193,185,
195,fz195,rows,customers,0.1,2,mut_drop_purpose,0,1,0,0,
195,fz195,rows,customers,0.1,2,mut_drop_clearance,0,0,3,3,
195,fz195,rows,customers,0.1,2,mut_drop_region,0,0,41,41,
195,fz195,rows,customers,0.1,2,mut_drop_cross_guard,0,1,0,0,
195,fz195,rows,customers,0.1,2,mut_drop_acl,0,1,0,0,
195,fz195,rows,customers,0.1,2,mut_no_group_guard,0,1,0,0,
196,fz196,rows,customers,0.1,6,post_join_filter,1,1,0,0,
196,fz196,rows,customers,0.1,6,view_barrier,1,1,0,0,
196,fz196,rows,customers,0.1,6,predicate_injection,1,1,0,0,
196,fz196,rows,customers,0.1,6,pcqv_forced,1,1,0,0,
196,fz196,rows,customers,0.1,6,pcqv,1,1,0,0,
196,fz196,rows,customers,0.1,6,oracle_order,1,1,0,0,
196,fz196,rows,customers,0.1,6,unsafe_late_aggregate,0,1,0,0,
196,fz196,rows,customers,0.1,6,mut_no_mask,0,0,86,43,
196,fz196,rows,customers,0.1,6,mut_drop_tenant,0,0,221,189,
196,fz196,rows,customers,0.1,6,mut_drop_purpose,0,1,0,0,
196,fz196,rows,customers,0.1,6,mut_drop_clearance,0,0,4,4,
196,fz196,rows,customers,0.1,6,mut_drop_region,0,1,0,0,
196,fz196,rows,customers,0.1,6,mut_drop_cross_guard,0,1,0,0,
196,fz196,rows,customers,0.1,6,mut_drop_acl,0,0,70,70,
196,fz196,rows,customers,0.1,6,mut_no_group_guard,0,1,0,0,
197,fz197,aggregate,products+lineitem,0.1,4,post_join_filter,1,1,0,0,
197,fz197,aggregate,products+lineitem,0.1,4,view_barrier,1,1,0,0,
197,fz197,aggregate,products+lineitem,0.1,4,predicate_injection,1,1,0,0,
197,fz197,aggregate,products+lineitem,0.1,4,pcqv_forced,1,1,0,0,
197,fz197,aggregate,products+lineitem,0.1,4,pcqv,1,1,0,0,
197,fz197,aggregate,products+lineitem,0.1,4,oracle_order,1,1,0,0,
197,fz197,aggregate,products+lineitem,0.1,4,unsafe_late_aggregate,0,0,15,9,
197,fz197,aggregate,products+lineitem,0.1,4,mut_no_mask,0,1,0,0,
197,fz197,aggregate,products+lineitem,0.1,4,mut_drop_tenant,0,0,15,9,
197,fz197,aggregate,products+lineitem,0.1,4,mut_drop_purpose,0,1,0,0,
197,fz197,aggregate,products+lineitem,0.1,4,mut_drop_clearance,0,0,10,6,
197,fz197,aggregate,products+lineitem,0.1,4,mut_drop_region,0,1,0,0,
197,fz197,aggregate,products+lineitem,0.1,4,mut_drop_cross_guard,0,0,12,6,
197,fz197,aggregate,products+lineitem,0.1,4,mut_drop_acl,0,1,0,0,
197,fz197,aggregate,products+lineitem,0.1,4,mut_no_group_guard,0,1,0,0,
198,fz198,aggregate,products+lineitem+orders,0.1,1,post_join_filter,1,1,0,0,
198,fz198,aggregate,products+lineitem+orders,0.1,1,view_barrier,1,1,0,0,
198,fz198,aggregate,products+lineitem+orders,0.1,1,predicate_injection,1,1,0,0,
198,fz198,aggregate,products+lineitem+orders,0.1,1,pcqv_forced,1,1,0,0,
198,fz198,aggregate,products+lineitem+orders,0.1,1,pcqv,1,1,0,0,
198,fz198,aggregate,products+lineitem+orders,0.1,1,oracle_order,1,1,0,0,
198,fz198,aggregate,products+lineitem+orders,0.1,1,unsafe_late_aggregate,0,0,35,22,
198,fz198,aggregate,products+lineitem+orders,0.1,1,mut_no_mask,0,1,0,0,
198,fz198,aggregate,products+lineitem+orders,0.1,1,mut_drop_tenant,0,0,35,22,
198,fz198,aggregate,products+lineitem+orders,0.1,1,mut_drop_purpose,0,1,0,0,
198,fz198,aggregate,products+lineitem+orders,0.1,1,mut_drop_clearance,0,1,0,0,
198,fz198,aggregate,products+lineitem+orders,0.1,1,mut_drop_region,0,1,0,0,
198,fz198,aggregate,products+lineitem+orders,0.1,1,mut_drop_cross_guard,0,1,0,0,
198,fz198,aggregate,products+lineitem+orders,0.1,1,mut_drop_acl,0,1,0,0,
198,fz198,aggregate,products+lineitem+orders,0.1,1,mut_no_group_guard,0,1,0,0,
199,fz199,rows,orders+customers,0.025,2,post_join_filter,1,1,0,0,
199,fz199,rows,orders+customers,0.025,2,view_barrier,1,1,0,0,
199,fz199,rows,orders+customers,0.025,2,predicate_injection,1,1,0,0,
199,fz199,rows,orders+customers,0.025,2,pcqv_forced,1,1,0,0,
199,fz199,rows,orders+customers,0.025,2,pcqv,1,1,0,0,
199,fz199,rows,orders+customers,0.025,2,oracle_order,1,1,0,0,
199,fz199,rows,orders+customers,0.025,2,unsafe_late_aggregate,0,1,0,0,
199,fz199,rows,orders+customers,0.025,2,mut_no_mask,0,1,0,0,
199,fz199,rows,orders+customers,0.025,2,mut_drop_tenant,0,0,200,200,
199,fz199,rows,orders+customers,0.025,2,mut_drop_purpose,0,1,0,0,
199,fz199,rows,orders+customers,0.025,2,mut_drop_clearance,0,1,0,0,
199,fz199,rows,orders+customers,0.025,2,mut_drop_region,0,0,89,89,
199,fz199,rows,orders+customers,0.025,2,mut_drop_cross_guard,0,1,0,0,
199,fz199,rows,orders+customers,0.025,2,mut_drop_acl,0,1,0,0,
199,fz199,rows,orders+customers,0.025,2,mut_no_group_guard,0,1,0,0,
200,fz200,rows,tickets,0.05,1,post_join_filter,1,1,0,0,
200,fz200,rows,tickets,0.05,1,view_barrier,1,1,0,0,
200,fz200,rows,tickets,0.05,1,predicate_injection,1,1,0,0,
200,fz200,rows,tickets,0.05,1,pcqv_forced,1,1,0,0,
200,fz200,rows,tickets,0.05,1,pcqv,1,1,0,0,
200,fz200,rows,tickets,0.05,1,oracle_order,1,1,0,0,
200,fz200,rows,tickets,0.05,1,unsafe_late_aggregate,0,1,0,0,
200,fz200,rows,tickets,0.05,1,mut_no_mask,0,1,0,0,
200,fz200,rows,tickets,0.05,1,mut_drop_tenant,0,0,316,189,
200,fz200,rows,tickets,0.05,1,mut_drop_purpose,0,1,0,0,
200,fz200,rows,tickets,0.05,1,mut_drop_clearance,0,1,0,0,
200,fz200,rows,tickets,0.05,1,mut_drop_region,0,1,0,0,
200,fz200,rows,tickets,0.05,1,mut_drop_cross_guard,0,1,0,0,
200,fz200,rows,tickets,0.05,1,mut_drop_acl,0,1,0,0,
200,fz200,rows,tickets,0.05,1,mut_no_group_guard,0,1,0,0,
201,fz201,aggregate,orders+customers+tickets,0.1,1,post_join_filter,1,1,0,0,
201,fz201,aggregate,orders+customers+tickets,0.1,1,view_barrier,1,1,0,0,
201,fz201,aggregate,orders+customers+tickets,0.1,1,predicate_injection,1,1,0,0,
201,fz201,aggregate,orders+customers+tickets,0.1,1,pcqv_forced,1,1,0,0,
201,fz201,aggregate,orders+customers+tickets,0.1,1,pcqv,1,1,0,0,
201,fz201,aggregate,orders+customers+tickets,0.1,1,oracle_order,1,1,0,0,
201,fz201,aggregate,orders+customers+tickets,0.1,1,unsafe_late_aggregate,0,0,16,8,
201,fz201,aggregate,orders+customers+tickets,0.1,1,mut_no_mask,0,1,0,0,
201,fz201,aggregate,orders+customers+tickets,0.1,1,mut_drop_tenant,0,0,16,8,
201,fz201,aggregate,orders+customers+tickets,0.1,1,mut_drop_purpose,0,1,0,0,
201,fz201,aggregate,orders+customers+tickets,0.1,1,mut_drop_clearance,0,1,0,0,
201,fz201,aggregate,orders+customers+tickets,0.1,1,mut_drop_region,0,1,0,0,
201,fz201,aggregate,orders+customers+tickets,0.1,1,mut_drop_cross_guard,0,1,0,0,
201,fz201,aggregate,orders+customers+tickets,0.1,1,mut_drop_acl,0,1,0,0,
201,fz201,aggregate,orders+customers+tickets,0.1,1,mut_no_group_guard,0,1,0,0,
202,fz202,rows,customers,0.5,2,post_join_filter,1,1,0,0,
202,fz202,rows,customers,0.5,2,view_barrier,1,1,0,0,
202,fz202,rows,customers,0.5,2,predicate_injection,1,1,0,0,
202,fz202,rows,customers,0.5,2,pcqv_forced,1,1,0,0,
202,fz202,rows,customers,0.5,2,pcqv,1,1,0,0,
202,fz202,rows,customers,0.5,2,oracle_order,1,1,0,0,
202,fz202,rows,customers,0.5,2,unsafe_late_aggregate,0,1,0,0,
202,fz202,rows,customers,0.5,2,mut_no_mask,0,0,400,200,
202,fz202,rows,customers,0.5,2,mut_drop_tenant,0,0,210,105,
202,fz202,rows,customers,0.5,2,mut_drop_purpose,0,1,0,0,
202,fz202,rows,customers,0.5,2,mut_drop_clearance,0,0,8,4,
202,fz202,rows,customers,0.5,2,mut_drop_region,0,0,100,50,
202,fz202,rows,customers,0.5,2,mut_drop_cross_guard,0,1,0,0,
202,fz202,rows,customers,0.5,2,mut_drop_acl,0,1,0,0,
202,fz202,rows,customers,0.5,2,mut_no_group_guard,0,1,0,0,
203,fz203,rows,orders,0.1,2,post_join_filter,1,1,0,0,
203,fz203,rows,orders,0.1,2,view_barrier,1,1,0,0,
203,fz203,rows,orders,0.1,2,predicate_injection,1,1,0,0,
203,fz203,rows,orders,0.1,2,pcqv_forced,1,1,0,0,
203,fz203,rows,orders,0.1,2,pcqv,1,1,0,0,
203,fz203,rows,orders,0.1,2,oracle_order,1,1,0,0,
203,fz203,rows,orders,0.1,2,unsafe_late_aggregate,0,1,0,0,
203,fz203,rows,orders,0.1,2,mut_no_mask,0,1,0,0,
203,fz203,rows,orders,0.1,2,mut_drop_tenant,0,0,358,179,
203,fz203,rows,orders,0.1,2,mut_drop_purpose,0,1,0,0,
203,fz203,rows,orders,0.1,2,mut_drop_clearance,0,1,0,0,
203,fz203,rows,orders,0.1,2,mut_drop_region,0,1,0,0,
203,fz203,rows,orders,0.1,2,mut_drop_cross_guard,0,1,0,0,
203,fz203,rows,orders,0.1,2,mut_drop_acl,0,1,0,0,
203,fz203,rows,orders,0.1,2,mut_no_group_guard,0,1,0,0,
204,fz204,rows,lineitem,0.5,5,post_join_filter,1,1,0,0,
204,fz204,rows,lineitem,0.5,5,view_barrier,1,1,0,0,
204,fz204,rows,lineitem,0.5,5,predicate_injection,1,1,0,0,
204,fz204,rows,lineitem,0.5,5,pcqv_forced,1,1,0,0,
204,fz204,rows,lineitem,0.5,5,pcqv,1,1,0,0,
204,fz204,rows,lineitem,0.5,5,oracle_order,1,1,0,0,
204,fz204,rows,lineitem,0.5,5,unsafe_late_aggregate,0,1,0,0,
204,fz204,rows,lineitem,0.5,5,mut_no_mask,0,1,0,0,
204,fz204,rows,lineitem,0.5,5,mut_drop_tenant,0,0,202,101,
204,fz204,rows,lineitem,0.5,5,mut_drop_purpose,0,1,0,0,
204,fz204,rows,lineitem,0.5,5,mut_drop_clearance,0,1,0,0,
204,fz204,rows,lineitem,0.5,5,mut_drop_region,0,1,0,0,
204,fz204,rows,lineitem,0.5,5,mut_drop_cross_guard,0,0,36,18,
204,fz204,rows,lineitem,0.5,5,mut_drop_acl,0,1,0,0,
204,fz204,rows,lineitem,0.5,5,mut_no_group_guard,0,1,0,0,
205,fz205,aggregate,orders+lineitem,0.05,3,post_join_filter,1,1,0,0,
205,fz205,aggregate,orders+lineitem,0.05,3,view_barrier,1,1,0,0,
205,fz205,aggregate,orders+lineitem,0.05,3,predicate_injection,1,1,0,0,
205,fz205,aggregate,orders+lineitem,0.05,3,pcqv_forced,1,1,0,0,
205,fz205,aggregate,orders+lineitem,0.05,3,pcqv,1,1,0,0,
205,fz205,aggregate,orders+lineitem,0.05,3,oracle_order,1,1,0,0,
205,fz205,aggregate,orders+lineitem,0.05,3,unsafe_late_aggregate,0,0,42,40,
205,fz205,aggregate,orders+lineitem,0.05,3,mut_no_mask,0,1,0,0,
205,fz205,aggregate,orders+lineitem,0.05,3,mut_drop_tenant,0,0,38,38,
205,fz205,aggregate,orders+lineitem,0.05,3,mut_drop_purpose,0,0,4,2,
205,fz205,aggregate,orders+lineitem,0.05,3,mut_drop_clearance,0,1,0,0,
205,fz205,aggregate,orders+lineitem,0.05,3,mut_drop_region,0,1,0,0,
205,fz205,aggregate,orders+lineitem,0.05,3,mut_drop_cross_guard,0,1,0,0,
205,fz205,aggregate,orders+lineitem,0.05,3,mut_drop_acl,0,1,0,0,
205,fz205,aggregate,orders+lineitem,0.05,3,mut_no_group_guard,0,1,0,0,
206,fz206,aggregate,lineitem+products,0.05,3,post_join_filter,1,1,0,0,
206,fz206,aggregate,lineitem+products,0.05,3,view_barrier,1,1,0,0,
206,fz206,aggregate,lineitem+products,0.05,3,predicate_injection,1,1,0,0,
206,fz206,aggregate,lineitem+products,0.05,3,pcqv_forced,1,1,0,0,
206,fz206,aggregate,lineitem+products,0.05,3,pcqv,1,1,0,0,
206,fz206,aggregate,lineitem+products,0.05,3,oracle_order,1,1,0,0,
206,fz206,aggregate,lineitem+products,0.05,3,unsafe_late_aggregate,0,0,11,9,
206,fz206,aggregate,lineitem+products,0.05,3,mut_no_mask,0,1,0,0,
206,fz206,aggregate,lineitem+products,0.05,3,mut_drop_tenant,0,0,11,9,
206,fz206,aggregate,lineitem+products,0.05,3,mut_drop_purpose,0,1,0,0,
206,fz206,aggregate,lineitem+products,0.05,3,mut_drop_clearance,0,0,7,5,
206,fz206,aggregate,lineitem+products,0.05,3,mut_drop_region,0,1,0,0,
206,fz206,aggregate,lineitem+products,0.05,3,mut_drop_cross_guard,0,1,0,0,
206,fz206,aggregate,lineitem+products,0.05,3,mut_drop_acl,0,1,0,0,
206,fz206,aggregate,lineitem+products,0.05,3,mut_no_group_guard,0,1,0,0,
207,fz207,rows,products+lineitem+orders,0.025,5,post_join_filter,1,1,0,0,
207,fz207,rows,products+lineitem+orders,0.025,5,view_barrier,1,1,0,0,
207,fz207,rows,products+lineitem+orders,0.025,5,predicate_injection,1,1,0,0,
207,fz207,rows,products+lineitem+orders,0.025,5,pcqv_forced,1,1,0,0,
207,fz207,rows,products+lineitem+orders,0.025,5,pcqv,1,1,0,0,
207,fz207,rows,products+lineitem+orders,0.025,5,oracle_order,1,1,0,0,
207,fz207,rows,products+lineitem+orders,0.025,5,unsafe_late_aggregate,0,1,0,0,
207,fz207,rows,products+lineitem+orders,0.025,5,mut_no_mask,0,1,0,0,
207,fz207,rows,products+lineitem+orders,0.025,5,mut_drop_tenant,0,0,32,32,
207,fz207,rows,products+lineitem+orders,0.025,5,mut_drop_purpose,0,1,0,0,
207,fz207,rows,products+lineitem+orders,0.025,5,mut_drop_clearance,0,1,0,0,
207,fz207,rows,products+lineitem+orders,0.025,5,mut_drop_region,0,1,0,0,
207,fz207,rows,products+lineitem+orders,0.025,5,mut_drop_cross_guard,0,1,0,0,
207,fz207,rows,products+lineitem+orders,0.025,5,mut_drop_acl,0,1,0,0,
207,fz207,rows,products+lineitem+orders,0.025,5,mut_no_group_guard,0,1,0,0,
208,fz208,aggregate,customers+orders+lineitem,0.25,5,post_join_filter,1,1,0,0,
208,fz208,aggregate,customers+orders+lineitem,0.25,5,view_barrier,1,1,0,0,
208,fz208,aggregate,customers+orders+lineitem,0.25,5,predicate_injection,1,1,0,0,
208,fz208,aggregate,customers+orders+lineitem,0.25,5,pcqv_forced,1,1,0,0,
208,fz208,aggregate,customers+orders+lineitem,0.25,5,pcqv,1,1,0,0,
208,fz208,aggregate,customers+orders+lineitem,0.25,5,oracle_order,1,1,0,0,
208,fz208,aggregate,customers+orders+lineitem,0.25,5,unsafe_late_aggregate,0,0,60,40,
208,fz208,aggregate,customers+orders+lineitem,0.25,5,mut_no_mask,0,1,0,0,
208,fz208,aggregate,customers+orders+lineitem,0.25,5,mut_drop_tenant,0,0,40,20,
208,fz208,aggregate,customers+orders+lineitem,0.25,5,mut_drop_purpose,0,0,40,20,
208,fz208,aggregate,customers+orders+lineitem,0.25,5,mut_drop_clearance,0,0,6,3,
208,fz208,aggregate,customers+orders+lineitem,0.25,5,mut_drop_region,0,1,0,0,
208,fz208,aggregate,customers+orders+lineitem,0.25,5,mut_drop_cross_guard,0,0,3,3,
208,fz208,aggregate,customers+orders+lineitem,0.25,5,mut_drop_acl,0,1,0,0,
208,fz208,aggregate,customers+orders+lineitem,0.25,5,mut_no_group_guard,0,1,0,0,
209,fz209,rows,customers+orders+tickets+lineitem,0.025,4,post_join_filter,1,1,0,0,
209,fz209,rows,customers+orders+tickets+lineitem,0.025,4,view_barrier,1,1,0,0,
209,fz209,rows,customers+orders+tickets+lineitem,0.025,4,predicate_injection,1,1,0,0,
209,fz209,rows,customers+orders+tickets+lineitem,0.025,4,pcqv_forced,1,1,0,0,
209,fz209,rows,customers+orders+tickets+lineitem,0.025,4,pcqv,1,1,0,0,
209,fz209,rows,customers+orders+tickets+lineitem,0.025,4,oracle_order,1,1,0,0,
209,fz209,rows,customers+orders+tickets+lineitem,0.025,4,unsafe_late_aggregate,0,1,0,0,
209,fz209,rows,customers+orders+tickets+lineitem,0.025,4,mut_no_mask,0,1,0,0,
209,fz209,rows,customers+orders+tickets+lineitem,0.025,4,mut_drop_tenant,0,0,47,47,
209,fz209,rows,customers+orders+tickets+lineitem,0.025,4,mut_drop_purpose,0,1,0,0,
209,fz209,rows,customers+orders+tickets+lineitem,0.025,4,mut_drop_clearance,0,1,0,0,
209,fz209,rows,customers+orders+tickets+lineitem,0.025,4,mut_drop_region,0,1,0,0,
209,fz209,rows,customers+orders+tickets+lineitem,0.025,4,mut_drop_cross_guard,0,1,0,0,
209,fz209,rows,customers+orders+tickets+lineitem,0.025,4,mut_drop_acl,0,1,0,0,
209,fz209,rows,customers+orders+tickets+lineitem,0.025,4,mut_no_group_guard,0,1,0,0,
210,fz210,aggregate,products+lineitem+orders,0.05,1,post_join_filter,1,1,0,0,
210,fz210,aggregate,products+lineitem+orders,0.05,1,view_barrier,1,1,0,0,
210,fz210,aggregate,products+lineitem+orders,0.05,1,predicate_injection,1,1,0,0,
210,fz210,aggregate,products+lineitem+orders,0.05,1,pcqv_forced,1,1,0,0,
210,fz210,aggregate,products+lineitem+orders,0.05,1,pcqv,1,1,0,0,
210,fz210,aggregate,products+lineitem+orders,0.05,1,oracle_order,1,1,0,0,
210,fz210,aggregate,products+lineitem+orders,0.05,1,unsafe_late_aggregate,0,0,53,44,
210,fz210,aggregate,products+lineitem+orders,0.05,1,mut_no_mask,0,1,0,0,
210,fz210,aggregate,products+lineitem+orders,0.05,1,mut_drop_tenant,0,0,53,44,
210,fz210,aggregate,products+lineitem+orders,0.05,1,mut_drop_purpose,0,1,0,0,
210,fz210,aggregate,products+lineitem+orders,0.05,1,mut_drop_clearance,0,1,0,0,
210,fz210,aggregate,products+lineitem+orders,0.05,1,mut_drop_region,0,1,0,0,
210,fz210,aggregate,products+lineitem+orders,0.05,1,mut_drop_cross_guard,0,1,0,0,
210,fz210,aggregate,products+lineitem+orders,0.05,1,mut_drop_acl,0,1,0,0,
210,fz210,aggregate,products+lineitem+orders,0.05,1,mut_no_group_guard,0,1,0,0,
211,fz211,aggregate,customers+tickets,0.25,6,post_join_filter,1,1,0,0,
211,fz211,aggregate,customers+tickets,0.25,6,view_barrier,1,1,0,0,
211,fz211,aggregate,customers+tickets,0.25,6,predicate_injection,1,1,0,0,
211,fz211,aggregate,customers+tickets,0.25,6,pcqv_forced,1,1,0,0,
211,fz211,aggregate,customers+tickets,0.25,6,pcqv,1,1,0,0,
211,fz211,aggregate,customers+tickets,0.25,6,oracle_order,1,1,0,0,
211,fz211,aggregate,customers+tickets,0.25,6,unsafe_late_aggregate,0,0,10,5,
211,fz211,aggregate,customers+tickets,0.25,6,mut_no_mask,0,1,0,0,
211,fz211,aggregate,customers+tickets,0.25,6,mut_drop_tenant,0,0,10,5,
211,fz211,aggregate,customers+tickets,0.25,6,mut_drop_purpose,0,0,10,5,
211,fz211,aggregate,customers+tickets,0.25,6,mut_drop_clearance,0,0,8,4,
211,fz211,aggregate,customers+tickets,0.25,6,mut_drop_region,0,1,0,0,
211,fz211,aggregate,customers+tickets,0.25,6,mut_drop_cross_guard,0,1,0,0,
211,fz211,aggregate,customers+tickets,0.25,6,mut_drop_acl,0,0,10,5,
211,fz211,aggregate,customers+tickets,0.25,6,mut_no_group_guard,0,1,0,0,
212,fz212,rows,tickets+customers,0.025,3,post_join_filter,1,1,0,0,
212,fz212,rows,tickets+customers,0.025,3,view_barrier,1,1,0,0,
212,fz212,rows,tickets+customers,0.025,3,predicate_injection,1,1,0,0,
212,fz212,rows,tickets+customers,0.025,3,pcqv_forced,1,1,0,0,
212,fz212,rows,tickets+customers,0.025,3,pcqv,1,1,0,0,
212,fz212,rows,tickets+customers,0.025,3,oracle_order,1,1,0,0,
212,fz212,rows,tickets+customers,0.025,3,unsafe_late_aggregate,0,1,0,0,
212,fz212,rows,tickets+customers,0.025,3,mut_no_mask,0,1,0,0,
212,fz212,rows,tickets+customers,0.025,3,mut_drop_tenant,0,0,117,117,
212,fz212,rows,tickets+customers,0.025,3,mut_drop_purpose,0,1,0,0,
212,fz212,rows,tickets+customers,0.025,3,mut_drop_clearance,0,1,0,0,
212,fz212,rows,tickets+customers,0.025,3,mut_drop_region,0,0,29,29,
212,fz212,rows,tickets+customers,0.025,3,mut_drop_cross_guard,0,1,0,0,
212,fz212,rows,tickets+customers,0.025,3,mut_drop_acl,0,1,0,0,
212,fz212,rows,tickets+customers,0.025,3,mut_no_group_guard,0,1,0,0,
213,fz213,aggregate,lineitem+products+orders,0.1,4,post_join_filter,1,1,0,0,
213,fz213,aggregate,lineitem+products+orders,0.1,4,view_barrier,1,1,0,0,
213,fz213,aggregate,lineitem+products+orders,0.1,4,predicate_injection,1,1,0,0,
213,fz213,aggregate,lineitem+products+orders,0.1,4,pcqv_forced,1,1,0,0,
213,fz213,aggregate,lineitem+products+orders,0.1,4,pcqv,1,1,0,0,
213,fz213,aggregate,lineitem+products+orders,0.1,4,oracle_order,1,1,0,0,
213,fz213,aggregate,lineitem+products+orders,0.1,4,unsafe_late_aggregate,0,0,58,48,
213,fz213,aggregate,lineitem+products+orders,0.1,4,mut_no_mask,0,1,0,0,
213,fz213,aggregate,lineitem+products+orders,0.1,4,mut_drop_tenant,0,0,35,25,
213,fz213,aggregate,lineitem+products+orders,0.1,4,mut_drop_purpose,0,0,21,11,
213,fz213,aggregate,lineitem+products+orders,0.1,4,mut_drop_clearance,0,0,8,8,
213,fz213,aggregate,lineitem+products+orders,0.1,4,mut_drop_region,0,1,0,0,
213,fz213,aggregate,lineitem+products+orders,0.1,4,mut_drop_cross_guard,0,0,19,10,
213,fz213,aggregate,lineitem+products+orders,0.1,4,mut_drop_acl,0,1,0,0,
213,fz213,aggregate,lineitem+products+orders,0.1,4,mut_no_group_guard,0,1,0,0,
214,fz214,rows,orders,0.5,2,post_join_filter,1,1,0,0,
214,fz214,rows,orders,0.5,2,view_barrier,1,1,0,0,
214,fz214,rows,orders,0.5,2,predicate_injection,1,1,0,0,
214,fz214,rows,orders,0.5,2,pcqv_forced,1,1,0,0,
214,fz214,rows,orders,0.5,2,pcqv,1,1,0,0,
214,fz214,rows,orders,0.5,2,oracle_order,1,1,0,0,
214,fz214,rows,orders,0.5,2,unsafe_late_aggregate,0,1,0,0,
214,fz214,rows,orders,0.5,2,mut_no_mask,0,1,0,0,
214,fz214,rows,orders,0.5,2,mut_drop_tenant,0,0,186,93,
214,fz214,rows,orders,0.5,2,mut_drop_purpose,0,1,0,0,
214,fz214,rows,orders,0.5,2,mut_drop_clearance,0,1,0,0,
214,fz214,rows,orders,0.5,2,mut_drop_region,0,1,0,0,
214,fz214,rows,orders,0.5,2,mut_drop_cross_guard,0,1,0,0,
214,fz214,rows,orders,0.5,2,mut_drop_acl,0,1,0,0,
214,fz214,rows,orders,0.5,2,mut_no_group_guard,0,1,0,0,
215,fz215,rows,customers,0.5,6,post_join_filter,1,1,0,0,
215,fz215,rows,customers,0.5,6,view_barrier,1,1,0,0,
215,fz215,rows,customers,0.5,6,predicate_injection,1,1,0,0,
215,fz215,rows,customers,0.5,6,pcqv_forced,1,1,0,0,
215,fz215,rows,customers,0.5,6,pcqv,1,1,0,0,
215,fz215,rows,customers,0.5,6,oracle_order,1,1,0,0,
215,fz215,rows,customers,0.5,6,unsafe_late_aggregate,0,1,0,0,
215,fz215,rows,customers,0.5,6,mut_no_mask,0,0,120,60,
215,fz215,rows,customers,0.5,6,mut_drop_tenant,0,0,210,105,
215,fz215,rows,customers,0.5,6,mut_drop_purpose,0,1,0,0,
215,fz215,rows,customers,0.5,6,mut_drop_clearance,0,0,8,4,
215,fz215,rows,customers,0.5,6,mut_drop_region,0,1,0,0,
215,fz215,rows,customers,0.5,6,mut_drop_cross_guard,0,1,0,0,
215,fz215,rows,customers,0.5,6,mut_drop_acl,0,1,0,0,
215,fz215,rows,customers,0.5,6,mut_no_group_guard,0,1,0,0,
216,fz216,rows,products+lineitem+orders+customers,0.5,5,post_join_filter,1,1,0,0,
216,fz216,rows,products+lineitem+orders+customers,0.5,5,view_barrier,1,1,0,0,
216,fz216,rows,products+lineitem+orders+customers,0.5,5,predicate_injection,1,1,0,0,
216,fz216,rows,products+lineitem+orders+customers,0.5,5,pcqv_forced,1,1,0,0,
216,fz216,rows,products+lineitem+orders+customers,0.5,5,pcqv,1,1,0,0,
216,fz216,rows,products+lineitem+orders+customers,0.5,5,oracle_order,1,1,0,0,
216,fz216,rows,products+lineitem+orders+customers,0.5,5,unsafe_late_aggregate,0,1,0,0,
216,fz216,rows,products+lineitem+orders+customers,0.5,5,mut_no_mask,0,0,400,200,
216,fz216,rows,products+lineitem+orders+customers,0.5,5,mut_drop_tenant,0,0,194,97,
216,fz216,rows,products+lineitem+orders+customers,0.5,5,mut_drop_purpose,0,0,308,154,
216,fz216,rows,products+lineitem+orders+customers,0.5,5,mut_drop_clearance,0,0,34,17,
216,fz216,rows,products+lineitem+orders+customers,0.5,5,mut_drop_region,0,1,0,0,
216,fz216,rows,products+lineitem+orders+customers,0.5,5,mut_drop_cross_guard,0,0,6,3,
216,fz216,rows,products+lineitem+orders+customers,0.5,5,mut_drop_acl,0,1,0,0,
216,fz216,rows,products+lineitem+orders+customers,0.5,5,mut_no_group_guard,0,1,0,0,
217,fz217,rows,customers+orders+lineitem,0.5,6,post_join_filter,1,1,0,0,
217,fz217,rows,customers+orders+lineitem,0.5,6,view_barrier,1,1,0,0,
217,fz217,rows,customers+orders+lineitem,0.5,6,predicate_injection,1,1,0,0,
217,fz217,rows,customers+orders+lineitem,0.5,6,pcqv_forced,1,1,0,0,
217,fz217,rows,customers+orders+lineitem,0.5,6,pcqv,1,1,0,0,
217,fz217,rows,customers+orders+lineitem,0.5,6,oracle_order,1,1,0,0,
217,fz217,rows,customers+orders+lineitem,0.5,6,unsafe_late_aggregate,0,1,0,0,
217,fz217,rows,customers+orders+lineitem,0.5,6,mut_no_mask,0,0,400,200,
217,fz217,rows,customers+orders+lineitem,0.5,6,mut_drop_tenant,0,0,202,101,
217,fz217,rows,customers+orders+lineitem,0.5,6,mut_drop_purpose,0,0,274,137,
217,fz217,rows,customers+orders+lineitem,0.5,6,mut_drop_clearance,0,0,18,9,
217,fz217,rows,customers+orders+lineitem,0.5,6,mut_drop_region,0,1,0,0,
217,fz217,rows,customers+orders+lineitem,0.5,6,mut_drop_cross_guard,0,1,0,0,
217,fz217,rows,customers+orders+lineitem,0.5,6,mut_drop_acl,0,1,0,0,
217,fz217,rows,customers+orders+lineitem,0.5,6,mut_no_group_guard,0,1,0,0,
218,fz218,aggregate,orders+customers,0.5,3,post_join_filter,1,1,0,0,
218,fz218,aggregate,orders+customers,0.5,3,view_barrier,1,1,0,0,
218,fz218,aggregate,orders+customers,0.5,3,predicate_injection,1,1,0,0,
218,fz218,aggregate,orders+customers,0.5,3,pcqv_forced,1,1,0,0,
218,fz218,aggregate,orders+customers,0.5,3,pcqv,1,1,0,0,
218,fz218,aggregate,orders+customers,0.5,3,oracle_order,1,1,0,0,
218,fz218,aggregate,orders+customers,0.5,3,unsafe_late_aggregate,0,0,6,3,
218,fz218,aggregate,orders+customers,0.5,3,mut_no_mask,0,1,0,0,
218,fz218,aggregate,orders+customers,0.5,3,mut_drop_tenant,0,0,6,3,
218,fz218,aggregate,orders+customers,0.5,3,mut_drop_purpose,0,0,6,3,
218,fz218,aggregate,orders+customers,0.5,3,mut_drop_clearance,0,0,6,3,
218,fz218,aggregate,orders+customers,0.5,3,mut_drop_region,0,0,6,3,
218,fz218,aggregate,orders+customers,0.5,3,mut_drop_cross_guard,0,1,0,0,
218,fz218,aggregate,orders+customers,0.5,3,mut_drop_acl,0,1,0,0,
218,fz218,aggregate,orders+customers,0.5,3,mut_no_group_guard,0,1,0,0,
219,fz219,rows,orders,0.025,1,post_join_filter,1,1,0,0,
219,fz219,rows,orders,0.025,1,view_barrier,1,1,0,0,
219,fz219,rows,orders,0.025,1,predicate_injection,1,1,0,0,
219,fz219,rows,orders,0.025,1,pcqv_forced,1,1,0,0,
219,fz219,rows,orders,0.025,1,pcqv,1,1,0,0,
219,fz219,rows,orders,0.025,1,oracle_order,1,1,0,0,
219,fz219,rows,orders,0.025,1,unsafe_late_aggregate,0,1,0,0,
219,fz219,rows,orders,0.025,1,mut_no_mask,0,1,0,0,
219,fz219,rows,orders,0.025,1,mut_drop_tenant,0,0,248,193,
219,fz219,rows,orders,0.025,1,mut_drop_purpose,0,1,0,0,
219,fz219,rows,orders,0.025,1,mut_drop_clearance,0,1,0,0,
219,fz219,rows,orders,0.025,1,mut_drop_region,0,1,0,0,
219,fz219,rows,orders,0.025,1,mut_drop_cross_guard,0,1,0,0,
219,fz219,rows,orders,0.025,1,mut_drop_acl,0,1,0,0,
219,fz219,rows,orders,0.025,1,mut_no_group_guard,0,1,0,0,
220,fz220,rows,orders,0.25,1,post_join_filter,1,1,0,0,
220,fz220,rows,orders,0.25,1,view_barrier,1,1,0,0,
220,fz220,rows,orders,0.25,1,predicate_injection,1,1,0,0,
220,fz220,rows,orders,0.25,1,pcqv_forced,1,1,0,0,
220,fz220,rows,orders,0.25,1,pcqv,1,1,0,0,
220,fz220,rows,orders,0.25,1,oracle_order,1,1,0,0,
220,fz220,rows,orders,0.25,1,unsafe_late_aggregate,0,1,0,0,
220,fz220,rows,orders,0.25,1,mut_no_mask,0,1,0,0,
220,fz220,rows,orders,0.25,1,mut_drop_tenant,0,0,286,143,
220,fz220,rows,orders,0.25,1,mut_drop_purpose,0,1,0,0,
220,fz220,rows,orders,0.25,1,mut_drop_clearance,0,1,0,0,
220,fz220,rows,orders,0.25,1,mut_drop_region,0,1,0,0,
220,fz220,rows,orders,0.25,1,mut_drop_cross_guard,0,1,0,0,
220,fz220,rows,orders,0.25,1,mut_drop_acl,0,1,0,0,
220,fz220,rows,orders,0.25,1,mut_no_group_guard,0,1,0,0,
221,fz221,rows,lineitem+products+orders+customers,0.25,5,post_join_filter,1,1,0,0,
221,fz221,rows,lineitem+products+orders+customers,0.25,5,view_barrier,1,1,0,0,
221,fz221,rows,lineitem+products+orders+customers,0.25,5,predicate_injection,1,1,0,0,
221,fz221,rows,lineitem+products+orders+customers,0.25,5,pcqv_forced,1,1,0,0,
221,fz221,rows,lineitem+products+orders+customers,0.25,5,pcqv,1,1,0,0,
221,fz221,rows,lineitem+products+orders+customers,0.25,5,oracle_order,1,1,0,0,
221,fz221,rows,lineitem+products+orders+customers,0.25,5,unsafe_late_aggregate,0,1,0,0,
221,fz221,rows,lineitem+products+orders+customers,0.25,5,mut_no_mask,0,0,186,93,
221,fz221,rows,lineitem+products+orders+customers,0.25,5,mut_drop_tenant,0,0,187,147,
221,fz221,rows,lineitem+products+orders+customers,0.25,5,mut_drop_purpose,0,0,189,148,
221,fz221,rows,lineitem+products+orders+customers,0.25,5,mut_drop_clearance,0,0,48,48,
221,fz221,rows,lineitem+products+orders+customers,0.25,5,mut_drop_region,0,1,0,0,
221,fz221,rows,lineitem+products+orders+customers,0.25,5,mut_drop_cross_guard,0,0,7,7,
221,fz221,rows,lineitem+products+orders+customers,0.25,5,mut_drop_acl,0,1,0,0,
221,fz221,rows,lineitem+products+orders+customers,0.25,5,mut_no_group_guard,0,1,0,0,
222,fz222,aggregate,lineitem+orders+customers,0.025,1,post_join_filter,1,1,0,0,
222,fz222,aggregate,lineitem+orders+customers,0.025,1,view_barrier,1,1,0,0,
222,fz222,aggregate,lineitem+orders+customers,0.025,1,predicate_injection,1,1,0,0,
222,fz222,aggregate,lineitem+orders+customers,0.025,1,pcqv_forced,1,1,0,0,
222,fz222,aggregate,lineitem+orders+customers,0.025,1,pcqv,1,1,0,0,
222,fz222,aggregate,lineitem+orders+customers,0.025,1,oracle_order,1,1,0,0,
222,fz222,aggregate,lineitem+orders+customers,0.025,1,unsafe_late_aggregate,0,0,6,3,
222,fz222,aggregate,lineitem+orders+customers,0.025,1,mut_no_mask,0,1,0,0,
222,fz222,aggregate,lineitem+orders+customers,0.025,1,mut_drop_tenant,0,0,6,3,
222,fz222,aggregate,lineitem+orders+customers,0.025,1,mut_drop_purpose,0,1,0,0,
222,fz222,aggregate,lineitem+orders+customers,0.025,1,mut_drop_clearance,0,1,0,0,
222,fz222,aggregate,lineitem+orders+customers,0.025,1,mut_drop_region,0,1,0,0,
222,fz222,aggregate,lineitem+orders+customers,0.025,1,mut_drop_cross_guard,0,1,0,0,
222,fz222,aggregate,lineitem+orders+customers,0.025,1,mut_drop_acl,0,1,0,0,
222,fz222,aggregate,lineitem+orders+customers,0.025,1,mut_no_group_guard,0,1,0,0,
223,fz223,aggregate,customers+orders,0.025,3,post_join_filter,1,1,0,0,
223,fz223,aggregate,customers+orders,0.025,3,view_barrier,1,1,0,0,
223,fz223,aggregate,customers+orders,0.025,3,predicate_injection,1,1,0,0,
223,fz223,aggregate,customers+orders,0.025,3,pcqv_forced,1,1,0,0,
223,fz223,aggregate,customers+orders,0.025,3,pcqv,1,1,0,0,
223,fz223,aggregate,customers+orders,0.025,3,oracle_order,1,1,0,0,
223,fz223,aggregate,customers+orders,0.025,3,unsafe_late_aggregate,0,0,5,5,
223,fz223,aggregate,customers+orders,0.025,3,mut_no_mask,0,1,0,0,
223,fz223,aggregate,customers+orders,0.025,3,mut_drop_tenant,0,0,5,5,
223,fz223,aggregate,customers+orders,0.025,3,mut_drop_purpose,0,1,0,0,
223,fz223,aggregate,customers+orders,0.025,3,mut_drop_clearance,0,1,0,0,
223,fz223,aggregate,customers+orders,0.025,3,mut_drop_region,0,0,5,5,
223,fz223,aggregate,customers+orders,0.025,3,mut_drop_cross_guard,0,1,0,0,
223,fz223,aggregate,customers+orders,0.025,3,mut_drop_acl,0,1,0,0,
223,fz223,aggregate,customers+orders,0.025,3,mut_no_group_guard,0,1,0,0,
224,fz224,aggregate,customers+tickets,0.25,5,post_join_filter,1,1,0,0,
224,fz224,aggregate,customers+tickets,0.25,5,view_barrier,1,1,0,0,
224,fz224,aggregate,customers+tickets,0.25,5,predicate_injection,1,1,0,0,
224,fz224,aggregate,customers+tickets,0.25,5,pcqv_forced,1,1,0,0,
224,fz224,aggregate,customers+tickets,0.25,5,pcqv,1,1,0,0,
224,fz224,aggregate,customers+tickets,0.25,5,oracle_order,1,1,0,0,
224,fz224,aggregate,customers+tickets,0.25,5,unsafe_late_aggregate,0,0,67,40,
224,fz224,aggregate,customers+tickets,0.25,5,mut_no_mask,0,1,0,0,
224,fz224,aggregate,customers+tickets,0.25,5,mut_drop_tenant,0,0,60,35,
224,fz224,aggregate,customers+tickets,0.25,5,mut_drop_purpose,0,0,42,21,
224,fz224,aggregate,customers+tickets,0.25,5,mut_drop_clearance,0,0,20,10,
224,fz224,aggregate,customers+tickets,0.25,5,mut_drop_region,0,1,0,0,
224,fz224,aggregate,customers+tickets,0.25,5,mut_drop_cross_guard,0,1,0,0,
224,fz224,aggregate,customers+tickets,0.25,5,mut_drop_acl,0,0,27,20,
224,fz224,aggregate,customers+tickets,0.25,5,mut_no_group_guard,0,1,0,0,
225,fz225,rows,tickets,0.05,4,post_join_filter,1,1,0,0,
225,fz225,rows,tickets,0.05,4,view_barrier,1,1,0,0,
225,fz225,rows,tickets,0.05,4,predicate_injection,1,1,0,0,
225,fz225,rows,tickets,0.05,4,pcqv_forced,1,1,0,0,
225,fz225,rows,tickets,0.05,4,pcqv,1,1,0,0,
225,fz225,rows,tickets,0.05,4,oracle_order,1,1,0,0,
225,fz225,rows,tickets,0.05,4,unsafe_late_aggregate,0,1,0,0,
225,fz225,rows,tickets,0.05,4,mut_no_mask,0,1,0,0,
225,fz225,rows,tickets,0.05,4,mut_drop_tenant,0,0,266,191,
225,fz225,rows,tickets,0.05,4,mut_drop_purpose,0,0,22,22,
225,fz225,rows,tickets,0.05,4,mut_drop_clearance,0,1,0,0,
225,fz225,rows,tickets,0.05,4,mut_drop_region,0,1,0,0,
225,fz225,rows,tickets,0.05,4,mut_drop_cross_guard,0,1,0,0,
225,fz225,rows,tickets,0.05,4,mut_drop_acl,0,1,0,0,
225,fz225,rows,tickets,0.05,4,mut_no_group_guard,0,1,0,0,
226,fz226,rows,tickets,0.5,3,post_join_filter,1,1,0,0,
226,fz226,rows,tickets,0.5,3,view_barrier,1,1,0,0,
226,fz226,rows,tickets,0.5,3,predicate_injection,1,1,0,0,
226,fz226,rows,tickets,0.5,3,pcqv_forced,1,1,0,0,
226,fz226,rows,tickets,0.5,3,pcqv,1,1,0,0,
226,fz226,rows,tickets,0.5,3,oracle_order,1,1,0,0,
226,fz226,rows,tickets,0.5,3,unsafe_late_aggregate,0,1,0,0,
226,fz226,rows,tickets,0.5,3,mut_no_mask,0,1,0,0,
226,fz226,rows,tickets,0.5,3,mut_drop_tenant,0,0,208,104,
226,fz226,rows,tickets,0.5,3,mut_drop_purpose,0,0,114,57,
226,fz226,rows,tickets,0.5,3,mut_drop_clearance,0,1,0,0,
226,fz226,rows,tickets,0.5,3,mut_drop_region,0,1,0,0,
226,fz226,rows,tickets,0.5,3,mut_drop_cross_guard,0,1,0,0,
226,fz226,rows,tickets,0.5,3,mut_drop_acl,0,1,0,0,
226,fz226,rows,tickets,0.5,3,mut_no_group_guard,0,1,0,0,
227,fz227,aggregate,orders+customers,0.25,3,post_join_filter,1,1,0,0,
227,fz227,aggregate,orders+customers,0.25,3,view_barrier,1,1,0,0,
227,fz227,aggregate,orders+customers,0.25,3,predicate_injection,1,1,0,0,
227,fz227,aggregate,orders+customers,0.25,3,pcqv_forced,1,1,0,0,
227,fz227,aggregate,orders+customers,0.25,3,pcqv,1,1,0,0,
227,fz227,aggregate,orders+customers,0.25,3,oracle_order,1,1,0,0,
227,fz227,aggregate,orders+customers,0.25,3,unsafe_late_aggregate,0,0,12,8,
227,fz227,aggregate,orders+customers,0.25,3,mut_no_mask,0,1,0,0,
227,fz227,aggregate,orders+customers,0.25,3,mut_drop_tenant,0,0,8,4,
227,fz227,aggregate,orders+customers,0.25,3,mut_drop_purpose,0,0,8,4,
227,fz227,aggregate,orders+customers,0.25,3,mut_drop_clearance,0,0,2,1,
227,fz227,aggregate,orders+customers,0.25,3,mut_drop_region,0,0,4,4,
227,fz227,aggregate,orders+customers,0.25,3,mut_drop_cross_guard,0,1,0,0,
227,fz227,aggregate,orders+customers,0.25,3,mut_drop_acl,0,1,0,0,
227,fz227,aggregate,orders+customers,0.25,3,mut_no_group_guard,0,1,0,0,
228,fz228,aggregate,products+lineitem,0.05,3,post_join_filter,1,1,0,0,
228,fz228,aggregate,products+lineitem,0.05,3,view_barrier,1,1,0,0,
228,fz228,aggregate,products+lineitem,0.05,3,predicate_injection,1,1,0,0,
228,fz228,aggregate,products+lineitem,0.05,3,pcqv_forced,1,1,0,0,
228,fz228,aggregate,products+lineitem,0.05,3,pcqv,1,1,0,0,
228,fz228,aggregate,products+lineitem,0.05,3,oracle_order,1,1,0,0,
228,fz228,aggregate,products+lineitem,0.05,3,unsafe_late_aggregate,0,0,11,9,
228,fz228,aggregate,products+lineitem,0.05,3,mut_no_mask,0,1,0,0,
228,fz228,aggregate,products+lineitem,0.05,3,mut_drop_tenant,0,0,11,9,
228,fz228,aggregate,products+lineitem,0.05,3,mut_drop_purpose,0,1,0,0,
228,fz228,aggregate,products+lineitem,0.05,3,mut_drop_clearance,0,0,7,5,
228,fz228,aggregate,products+lineitem,0.05,3,mut_drop_region,0,1,0,0,
228,fz228,aggregate,products+lineitem,0.05,3,mut_drop_cross_guard,0,1,0,0,
228,fz228,aggregate,products+lineitem,0.05,3,mut_drop_acl,0,1,0,0,
228,fz228,aggregate,products+lineitem,0.05,3,mut_no_group_guard,0,1,0,0,
229,fz229,aggregate,customers+tickets,0.05,4,post_join_filter,1,1,0,0,
229,fz229,aggregate,customers+tickets,0.05,4,view_barrier,1,1,0,0,
229,fz229,aggregate,customers+tickets,0.05,4,predicate_injection,1,1,0,0,
229,fz229,aggregate,customers+tickets,0.05,4,pcqv_forced,1,1,0,0,
229,fz229,aggregate,customers+tickets,0.05,4,pcqv,1,1,0,0,
229,fz229,aggregate,customers+tickets,0.05,4,oracle_order,1,1,0,0,
229,fz229,aggregate,customers+tickets,0.05,4,unsafe_late_aggregate,0,0,8,4,
229,fz229,aggregate,customers+tickets,0.05,4,mut_no_mask,0,1,0,0,
229,fz229,aggregate,customers+tickets,0.05,4,mut_drop_tenant,0,0,8,4,
229,fz229,aggregate,customers+tickets,0.05,4,mut_drop_purpose,0,1,0,0,
229,fz229,aggregate,customers+tickets,0.05,4,mut_drop_clearance,0,0,2,1,
229,fz229,aggregate,customers+tickets,0.05,4,mut_drop_region,0,0,8,4,
229,fz229,aggregate,customers+tickets,0.05,4,mut_drop_cross_guard,0,1,0,0,
229,fz229,aggregate,customers+tickets,0.05,4,mut_drop_acl,0,1,0,0,
229,fz229,aggregate,customers+tickets,0.05,4,mut_no_group_guard,0,1,0,0,
230,fz230,aggregate,orders+customers,0.5,1,post_join_filter,1,1,0,0,
230,fz230,aggregate,orders+customers,0.5,1,view_barrier,1,1,0,0,
230,fz230,aggregate,orders+customers,0.5,1,predicate_injection,1,1,0,0,
230,fz230,aggregate,orders+customers,0.5,1,pcqv_forced,1,1,0,0,
230,fz230,aggregate,orders+customers,0.5,1,pcqv,1,1,0,0,
230,fz230,aggregate,orders+customers,0.5,1,oracle_order,1,1,0,0,
230,fz230,aggregate,orders+customers,0.5,1,unsafe_late_aggregate,0,0,10,5,
230,fz230,aggregate,orders+customers,0.5,1,mut_no_mask,0,1,0,0,
230,fz230,aggregate,orders+customers,0.5,1,mut_drop_tenant,0,0,10,5,
230,fz230,aggregate,orders+customers,0.5,1,mut_drop_purpose,0,1,0,0,
230,fz230,aggregate,orders+customers,0.5,1,mut_drop_clearance,0,1,0,0,
230,fz230,aggregate,orders+customers,0.5,1,mut_drop_region,0,1,0,0,
230,fz230,aggregate,orders+customers,0.5,1,mut_drop_cross_guard,0,1,0,0,
230,fz230,aggregate,orders+customers,0.5,1,mut_drop_acl,0,1,0,0,
230,fz230,aggregate,orders+customers,0.5,1,mut_no_group_guard,0,1,0,0,
231,fz231,rows,lineitem+orders+customers+tickets,0.05,6,post_join_filter,1,1,0,0,
231,fz231,rows,lineitem+orders+customers+tickets,0.05,6,view_barrier,1,1,0,0,
231,fz231,rows,lineitem+orders+customers+tickets,0.05,6,predicate_injection,1,1,0,0,
231,fz231,rows,lineitem+orders+customers+tickets,0.05,6,pcqv_forced,1,1,0,0,
231,fz231,rows,lineitem+orders+customers+tickets,0.05,6,pcqv,1,1,0,0,
231,fz231,rows,lineitem+orders+customers+tickets,0.05,6,oracle_order,1,1,0,0,
231,fz231,rows,lineitem+orders+customers+tickets,0.05,6,unsafe_late_aggregate,0,1,0,0,
231,fz231,rows,lineitem+orders+customers+tickets,0.05,6,mut_no_mask,0,0,16,8,
231,fz231,rows,lineitem+orders+customers+tickets,0.05,6,mut_drop_tenant,0,0,204,198,
231,fz231,rows,lineitem+orders+customers+tickets,0.05,6,mut_drop_purpose,0,0,30,30,
231,fz231,rows,lineitem+orders+customers+tickets,0.05,6,mut_drop_clearance,0,1,0,0,
231,fz231,rows,lineitem+orders+customers+tickets,0.05,6,mut_drop_region,0,1,0,0,
231,fz231,rows,lineitem+orders+customers+tickets,0.05,6,mut_drop_cross_guard,0,0,6,6,
231,fz231,rows,lineitem+orders+customers+tickets,0.05,6,mut_drop_acl,0,1,0,0,
231,fz231,rows,lineitem+orders+customers+tickets,0.05,6,mut_no_group_guard,0,1,0,0,
232,fz232,aggregate,products+lineitem,0.1,4,post_join_filter,1,1,0,0,
232,fz232,aggregate,products+lineitem,0.1,4,view_barrier,1,1,0,0,
232,fz232,aggregate,products+lineitem,0.1,4,predicate_injection,1,1,0,0,
232,fz232,aggregate,products+lineitem,0.1,4,pcqv_forced,1,1,0,0,
232,fz232,aggregate,products+lineitem,0.1,4,pcqv,1,1,0,0,
232,fz232,aggregate,products+lineitem,0.1,4,oracle_order,1,1,0,0,
232,fz232,aggregate,products+lineitem,0.1,4,unsafe_late_aggregate,0,0,9,6,
232,fz232,aggregate,products+lineitem,0.1,4,mut_no_mask,0,1,0,0,
232,fz232,aggregate,products+lineitem,0.1,4,mut_drop_tenant,0,0,6,3,
232,fz232,aggregate,products+lineitem,0.1,4,mut_drop_purpose,0,1,0,0,
232,fz232,aggregate,products+lineitem,0.1,4,mut_drop_clearance,0,0,3,3,
232,fz232,aggregate,products+lineitem,0.1,4,mut_drop_region,0,1,0,0,
232,fz232,aggregate,products+lineitem,0.1,4,mut_drop_cross_guard,0,0,6,3,
232,fz232,aggregate,products+lineitem,0.1,4,mut_drop_acl,0,1,0,0,
232,fz232,aggregate,products+lineitem,0.1,4,mut_no_group_guard,0,1,0,0,
233,fz233,rows,tickets+customers,0.05,1,post_join_filter,1,1,0,0,
233,fz233,rows,tickets+customers,0.05,1,view_barrier,1,1,0,0,
233,fz233,rows,tickets+customers,0.05,1,predicate_injection,1,1,0,0,
233,fz233,rows,tickets+customers,0.05,1,pcqv_forced,1,1,0,0,
233,fz233,rows,tickets+customers,0.05,1,pcqv,1,1,0,0,
233,fz233,rows,tickets+customers,0.05,1,oracle_order,1,1,0,0,
233,fz233,rows,tickets+customers,0.05,1,unsafe_late_aggregate,0,1,0,0,
233,fz233,rows,tickets+customers,0.05,1,mut_no_mask,0,0,22,11,
233,fz233,rows,tickets+customers,0.05,1,mut_drop_tenant,0,0,222,187,
233,fz233,rows,tickets+customers,0.05,1,mut_drop_purpose,0,1,0,0,
233,fz233,rows,tickets+customers,0.05,1,mut_drop_clearance,0,1,0,0,
233,fz233,rows,tickets+customers,0.05,1,mut_drop_region,0,1,0,0,
233,fz233,rows,tickets+customers,0.05,1,mut_drop_cross_guard,0,1,0,0,
233,fz233,rows,tickets+customers,0.05,1,mut_drop_acl,0,1,0,0,
233,fz233,rows,tickets+customers,0.05,1,mut_no_group_guard,0,1,0,0,
234,fz234,rows,tickets,0.05,4,post_join_filter,1,1,0,0,
234,fz234,rows,tickets,0.05,4,view_barrier,1,1,0,0,
234,fz234,rows,tickets,0.05,4,predicate_injection,1,1,0,0,
234,fz234,rows,tickets,0.05,4,pcqv_forced,1,1,0,0,
234,fz234,rows,tickets,0.05,4,pcqv,1,1,0,0,
234,fz234,rows,tickets,0.05,4,oracle_order,1,1,0,0,
234,fz234,rows,tickets,0.05,4,unsafe_late_aggregate,0,1,0,0,
234,fz234,rows,tickets,0.05,4,mut_no_mask,0,1,0,0,
234,fz234,rows,tickets,0.05,4,mut_drop_tenant,0,0,249,191,
234,fz234,rows,tickets,0.05,4,mut_drop_purpose,0,0,17,17,
234,fz234,rows,tickets,0.05,4,mut_drop_clearance,0,1,0,0,
234,fz234,rows,tickets,0.05,4,mut_drop_region,0,1,0,0,
234,fz234,rows,tickets,0.05,4,mut_drop_cross_guard,0,1,0,0,
234,fz234,rows,tickets,0.05,4,mut_drop_acl,0,1,0,0,
234,fz234,rows,tickets,0.05,4,mut_no_group_guard,0,1,0,0,
235,fz235,aggregate,products+lineitem+orders,0.25,6,post_join_filter,1,1,0,0,
235,fz235,aggregate,products+lineitem+orders,0.25,6,view_barrier,1,1,0,0,
235,fz235,aggregate,products+lineitem+orders,0.25,6,predicate_injection,1,1,0,0,
235,fz235,aggregate,products+lineitem+orders,0.25,6,pcqv_forced,1,1,0,0,
235,fz235,aggregate,products+lineitem+orders,0.25,6,pcqv,1,1,0,0,
235,fz235,aggregate,products+lineitem+orders,0.25,6,oracle_order,1,1,0,0,
235,fz235,aggregate,products+lineitem+orders,0.25,6,unsafe_late_aggregate,0,0,18,9,
235,fz235,aggregate,products+lineitem+orders,0.25,6,mut_no_mask,0,1,0,0,
235,fz235,aggregate,products+lineitem+orders,0.25,6,mut_drop_tenant,0,0,18,9,
235,fz235,aggregate,products+lineitem+orders,0.25,6,mut_drop_purpose,0,0,18,9,
235,fz235,aggregate,products+lineitem+orders,0.25,6,mut_drop_clearance,0,0,18,9,
235,fz235,aggregate,products+lineitem+orders,0.25,6,mut_drop_region,0,1,0,0,
235,fz235,aggregate,products+lineitem+orders,0.25,6,mut_drop_cross_guard,0,0,18,9,
235,fz235,aggregate,products+lineitem+orders,0.25,6,mut_drop_acl,0,1,0,0,
235,fz235,aggregate,products+lineitem+orders,0.25,6,mut_no_group_guard,0,1,0,0,
236,fz236,rows,customers,0.05,5,post_join_filter,1,1,0,0,
236,fz236,rows,customers,0.05,5,view_barrier,1,1,0,0,
236,fz236,rows,customers,0.05,5,predicate_injection,1,1,0,0,
236,fz236,rows,customers,0.05,5,pcqv_forced,1,1,0,0,
236,fz236,rows,customers,0.05,5,pcqv,1,1,0,0,
236,fz236,rows,customers,0.05,5,oracle_order,1,1,0,0,
236,fz236,rows,customers,0.05,5,unsafe_late_aggregate,0,1,0,0,
236,fz236,rows,customers,0.05,5,mut_no_mask,0,0,28,14,
236,fz236,rows,customers,0.05,5,mut_drop_tenant,0,0,202,194,
236,fz236,rows,customers,0.05,5,mut_drop_purpose,0,1,0,0,
236,fz236,rows,customers,0.05,5,mut_drop_clearance,0,0,1,1,
236,fz236,rows,customers,0.05,5,mut_drop_region,0,1,0,0,
236,fz236,rows,customers,0.05,5,mut_drop_cross_guard,0,1,0,0,
236,fz236,rows,customers,0.05,5,mut_drop_acl,0,0,49,49,
236,fz236,rows,customers,0.05,5,mut_no_group_guard,0,1,0,0,
237,fz237,rows,lineitem+products+orders,0.1,6,post_join_filter,1,1,0,0,
237,fz237,rows,lineitem+products+orders,0.1,6,view_barrier,1,1,0,0,
237,fz237,rows,lineitem+products+orders,0.1,6,predicate_injection,1,1,0,0,
237,fz237,rows,lineitem+products+orders,0.1,6,pcqv_forced,1,1,0,0,
237,fz237,rows,lineitem+products+orders,0.1,6,pcqv,1,1,0,0,
237,fz237,rows,lineitem+products+orders,0.1,6,oracle_order,1,1,0,0,
237,fz237,rows,lineitem+products+orders,0.1,6,unsafe_late_aggregate,0,1,0,0,
237,fz237,rows,lineitem+products+orders,0.1,6,mut_no_mask,0,1,0,0,
237,fz237,rows,lineitem+products+orders,0.1,6,mut_drop_tenant,0,0,183,176,
237,fz237,rows,lineitem+products+orders,0.1,6,mut_drop_purpose,0,0,94,94,
237,fz237,rows,lineitem+products+orders,0.1,6,mut_drop_clearance,0,0,13,13,
237,fz237,rows,lineitem+products+orders,0.1,6,mut_drop_region,0,1,0,0,
237,fz237,rows,lineitem+products+orders,0.1,6,mut_drop_cross_guard,0,0,69,69,
237,fz237,rows,lineitem+products+orders,0.1,6,mut_drop_acl,0,1,0,0,
237,fz237,rows,lineitem+products+orders,0.1,6,mut_no_group_guard,0,1,0,0,
238,fz238,rows,customers+tickets,0.1,1,post_join_filter,1,1,0,0,
238,fz238,rows,customers+tickets,0.1,1,view_barrier,1,1,0,0,
238,fz238,rows,customers+tickets,0.1,1,predicate_injection,1,1,0,0,
238,fz238,rows,customers+tickets,0.1,1,pcqv_forced,1,1,0,0,
238,fz238,rows,customers+tickets,0.1,1,pcqv,1,1,0,0,
238,fz238,rows,customers+tickets,0.1,1,oracle_order,1,1,0,0,
238,fz238,rows,customers+tickets,0.1,1,unsafe_late_aggregate,0,1,0,0,
238,fz238,rows,customers+tickets,0.1,1,mut_no_mask,0,0,114,57,
238,fz238,rows,customers+tickets,0.1,1,mut_drop_tenant,0,0,351,177,
238,fz238,rows,customers+tickets,0.1,1,mut_drop_purpose,0,1,0,0,
238,fz238,rows,customers+tickets,0.1,1,mut_drop_clearance,0,1,0,0,
238,fz238,rows,customers+tickets,0.1,1,mut_drop_region,0,1,0,0,
238,fz238,rows,customers+tickets,0.1,1,mut_drop_cross_guard,0,1,0,0,
238,fz238,rows,customers+tickets,0.1,1,mut_drop_acl,0,1,0,0,
238,fz238,rows,customers+tickets,0.1,1,mut_no_group_guard,0,1,0,0,
239,fz239,rows,tickets,0.05,4,post_join_filter,1,1,0,0,
239,fz239,rows,tickets,0.05,4,view_barrier,1,1,0,0,
239,fz239,rows,tickets,0.05,4,predicate_injection,1,1,0,0,
239,fz239,rows,tickets,0.05,4,pcqv_forced,1,1,0,0,
239,fz239,rows,tickets,0.05,4,pcqv,1,1,0,0,
239,fz239,rows,tickets,0.05,4,oracle_order,1,1,0,0,
239,fz239,rows,tickets,0.05,4,unsafe_late_aggregate,0,1,0,0,
239,fz239,rows,tickets,0.05,4,mut_no_mask,0,1,0,0,
239,fz239,rows,tickets,0.05,4,mut_drop_tenant,0,0,253,190,
239,fz239,rows,tickets,0.05,4,mut_drop_purpose,0,0,11,11,
239,fz239,rows,tickets,0.05,4,mut_drop_clearance,0,1,0,0,
239,fz239,rows,tickets,0.05,4,mut_drop_region,0,1,0,0,
239,fz239,rows,tickets,0.05,4,mut_drop_cross_guard,0,1,0,0,
239,fz239,rows,tickets,0.05,4,mut_drop_acl,0,1,0,0,
239,fz239,rows,tickets,0.05,4,mut_no_group_guard,0,1,0,0,
240,fz240,aggregate,tickets+customers,0.05,2,post_join_filter,1,1,0,0,
240,fz240,aggregate,tickets+customers,0.05,2,view_barrier,1,1,0,0,
240,fz240,aggregate,tickets+customers,0.05,2,predicate_injection,1,1,0,0,
240,fz240,aggregate,tickets+customers,0.05,2,pcqv_forced,1,1,0,0,
240,fz240,aggregate,tickets+customers,0.05,2,pcqv,1,1,0,0,
240,fz240,aggregate,tickets+customers,0.05,2,oracle_order,1,1,0,0,
240,fz240,aggregate,tickets+customers,0.05,2,unsafe_late_aggregate,0,0,33,25,
240,fz240,aggregate,tickets+customers,0.05,2,mut_no_mask,0,1,0,0,
240,fz240,aggregate,tickets+customers,0.05,2,mut_drop_tenant,0,0,33,25,
240,fz240,aggregate,tickets+customers,0.05,2,mut_drop_purpose,0,1,0,0,
240,fz240,aggregate,tickets+customers,0.05,2,mut_drop_clearance,0,0,1,1,
240,fz240,aggregate,tickets+customers,0.05,2,mut_drop_region,0,0,28,22,
240,fz240,aggregate,tickets+customers,0.05,2,mut_drop_cross_guard,0,1,0,0,
240,fz240,aggregate,tickets+customers,0.05,2,mut_drop_acl,0,1,0,0,
240,fz240,aggregate,tickets+customers,0.05,2,mut_no_group_guard,0,1,0,0,
